{"type": "FeatureCollection", "features": [{"type": "Feature", "properties": {}, "geometry": {"type": "LineString", "coordinates": [[11.0256648, 50.9849482], [11.0257013, 50.9849663]]}}, {"type": "Feature", "properties": {}, "geometry": {"type": "LineString", "coordinates": [[11.0256648, 50.9849482], [11.0253279, 50.984891]]}}, {"type": "Feature", "properties": {}, "geometry": {"type": "LineString", "coordinates": [[11.0256648, 50.9849482], [11.0258204, 50.9851168]]}}, {"type": "Feature", "properties": {}, "geometry": {"type": "LineString", "coordinates": [[11.0235793, 50.9898359], [11.0235781, 50.9898362]]}}, {"type": "Feature", "properties": {}, "geometry": {"type": "LineString", "coordinates": [[11.0235793, 50.9898359], [11.0236406, 50.9899203]]}}, {"type": "Feature", "properties": {}, "geometry": {"type": "LineString", "coordinates": [[11.0264447, 50.9881786], [11.026556, 50.9881995]]}}, {"type": "Feature", "properties": {}, "geometry": {"type": "LineString", "coordinates": [[11.0264447, 50.9881786], [11.0265476, 50.9881287]]}}, {"type": "Feature", "properties": {}, "geometry": {"type": "LineString", "coordinates": [[11.025181, 50.9916398], [11.0252487, 50.9915301]]}}, {"type": "Feature", "properties": {}, "geometry": {"type": "LineString", "coordinates": [[11.025181, 50.9916398], [11.0253415, 50.9915517]]}}, {"type": "Feature", "properties": {}, "geometry": {"type": "LineString", "coordinates": [[11.034657, 51.0014887], [11.0346013, 51.0015425]]}}, {"type": "Feature", "properties": {}, "geometry": {"type": "LineString", "coordinates": [[11.034657, 51.0014887], [11.0346531, 51.0014747]]}}, {"type": "Feature", "properties": {}, "geometry": {"type": "LineString", "coordinates": [[11.0257607, 50.9966462], [11.0256489, 50.9966069]]}}, {"type": "Feature", "properties": {}, "geometry": {"type": "LineString", "coordinates": [[11.0257607, 50.9966462], [11.0259365, 50.9966327]]}}, {"type": "Feature", "properties": {}, "geometry": {"type": "LineString", "coordinates": [[11.0257607, 50.9966462], [11.0257591, 50.9966449]]}}, {"type": "Feature", "properties": {}, "geometry": {"type": "LineString", "coordinates": [[11.0260813, 50.9986056], [11.0260813, 50.9986056]]}}, {"type": "Feature", "properties": {}, "geometry": {"type": "LineString", "coordinates": [[11.0260813, 50.9986056], [11.0262504, 50.9986076]]}}, {"type": "Feature", "properties": {}, "geometry": {"type": "LineString", "coordinates": [[11.0260813, 50.9986056], [11.0260933, 50.9986502]]}}, {"type": "Feature", "properties": {}, "geometry": {"type": "LineString", "coordinates": [[11.025896, 50.9987437], [11.025899, 50.9987454]]}}, {"type": "Feature", "properties": {}, "geometry": {"type": "LineString", "coordinates": [[11.025896, 50.9987437], [11.0259461, 50.9987141]]}}, {"type": "Feature", "properties": {}, "geometry": {"type": "LineString", "coordinates": [[11.025896, 50.9987437], [11.0257359, 50.9988004]]}}, {"type": "Feature", "properties": {}, "geometry": {"type": "LineString", "coordinates": [[11.0399192, 50.9864903], [11.0395662, 50.9866099]]}}, {"type": "Feature", "properties": {}, "geometry": {"type": "LineString", "coordinates": [[11.0200578, 50.9965193], [11.0201394, 50.9965306]]}}, {"type": "Feature", "properties": {}, "geometry": {"type": "LineString", "coordinates": [[11.0200578, 50.9965193], [11.0201095, 50.9965906]]}}, {"type": "Feature", "properties": {}, "geometry": {"type": "LineString", "coordinates": [[11.0200578, 50.9965193], [11.0201709, 50.9964676]]}}, {"type": "Feature", "properties": {}, "geometry": {"type": "LineString", "coordinates": [[11.0244878, 50.9934025], [11.0244892, 50.9934067]]}}, {"type": "Feature", "properties": {}, "geometry": {"type": "LineString", "coordinates": [[11.0300514, 50.9984322], [11.0300546, 50.9984357]]}}, {"type": "Feature", "properties": {}, "geometry": {"type": "LineString", "coordinates": [[11.0300514, 50.9984322], [11.0300771, 50.9986423]]}}, {"type": "Feature", "properties": {}, "geometry": {"type": "LineString", "coordinates": [[11.0300514, 50.9984322], [11.0301903, 50.9984393]]}}, {"type": "Feature", "properties": {}, "geometry": {"type": "LineString", "coordinates": [[11.0293555, 50.9999673], [11.0292791, 50.9998866]]}}, {"type": "Feature", "properties": {}, "geometry": {"type": "LineString", "coordinates": [[11.0293555, 50.9999673], [11.0293517, 50.9998958]]}}, {"type": "Feature", "properties": {}, "geometry": {"type": "LineString", "coordinates": [[11.0293555, 50.9999673], [11.0293484, 50.9999607]]}}, {"type": "Feature", "properties": {}, "geometry": {"type": "LineString", "coordinates": [[11.0289385, 51.0008323], [11.0290794, 51.0007532]]}}, {"type": "Feature", "properties": {}, "geometry": {"type": "LineString", "coordinates": [[11.0289385, 51.0008323], [11.0289361, 51.0008261]]}}, {"type": "Feature", "properties": {}, "geometry": {"type": "LineString", "coordinates": [[11.0289385, 51.0008323], [11.0290553, 51.0008431]]}}, {"type": "Feature", "properties": {}, "geometry": {"type": "LineString", "coordinates": [[11.0354018, 51.0011064], [11.035403, 51.0011054]]}}, {"type": "Feature", "properties": {}, "geometry": {"type": "LineString", "coordinates": [[11.0209686, 50.9881346], [11.020687, 50.9880548]]}}, {"type": "Feature", "properties": {}, "geometry": {"type": "LineString", "coordinates": [[11.0209686, 50.9881346], [11.0209763, 50.9881329]]}}, {"type": "Feature", "properties": {}, "geometry": {"type": "LineString", "coordinates": [[11.0201332, 50.9887658], [11.0203981, 50.9886034]]}}, {"type": "Feature", "properties": {}, "geometry": {"type": "LineString", "coordinates": [[11.0201332, 50.9887658], [11.0201366, 50.9887676]]}}, {"type": "Feature", "properties": {}, "geometry": {"type": "LineString", "coordinates": [[11.0201332, 50.9887658], [11.0201937, 50.9889891]]}}, {"type": "Feature", "properties": {}, "geometry": {"type": "LineString", "coordinates": [[11.0202007, 50.9889975], [11.0201937, 50.9889891]]}}, {"type": "Feature", "properties": {}, "geometry": {"type": "LineString", "coordinates": [[11.0202007, 50.9889975], [11.0204292, 50.9890197]]}}, {"type": "Feature", "properties": {}, "geometry": {"type": "LineString", "coordinates": [[11.0202007, 50.9889975], [11.0201366, 50.9887676]]}}, {"type": "Feature", "properties": {}, "geometry": {"type": "LineString", "coordinates": [[11.0207029, 51.0010643], [11.0206336, 51.0011369]]}}, {"type": "Feature", "properties": {}, "geometry": {"type": "LineString", "coordinates": [[11.0442045, 50.9940042], [11.0442061, 50.994004]]}}, {"type": "Feature", "properties": {}, "geometry": {"type": "LineString", "coordinates": [[11.0442045, 50.9940042], [11.0441931, 50.9940352]]}}, {"type": "Feature", "properties": {}, "geometry": {"type": "LineString", "coordinates": [[11.0442045, 50.9940042], [11.0442539, 50.9940728]]}}, {"type": "Feature", "properties": {}, "geometry": {"type": "LineString", "coordinates": [[11.0387659, 50.9963877], [11.038517, 50.9963975]]}}, {"type": "Feature", "properties": {}, "geometry": {"type": "LineString", "coordinates": [[11.0489656, 50.9999965], [11.0489631, 51.0000046]]}}, {"type": "Feature", "properties": {}, "geometry": {"type": "LineString", "coordinates": [[11.0443473, 51.0012766], [11.0443497, 51.0012716]]}}, {"type": "Feature", "properties": {}, "geometry": {"type": "LineString", "coordinates": [[11.0478755, 51.0025497], [11.0478667, 51.0025502]]}}, {"type": "Feature", "properties": {}, "geometry": {"type": "LineString", "coordinates": [[11.0248386, 50.9925435], [11.0248966, 50.9924859]]}}, {"type": "Feature", "properties": {}, "geometry": {"type": "LineString", "coordinates": [[11.0248386, 50.9925435], [11.024863, 50.9925442]]}}, {"type": "Feature", "properties": {}, "geometry": {"type": "LineString", "coordinates": [[11.0248386, 50.9925435], [11.0246467, 50.9925489]]}}, {"type": "Feature", "properties": {}, "geometry": {"type": "LineString", "coordinates": [[11.043412, 50.9890418], [11.0434098, 50.9888915]]}}, {"type": "Feature", "properties": {}, "geometry": {"type": "LineString", "coordinates": [[11.0226234, 50.9992496], [11.0227118, 50.9992321]]}}, {"type": "Feature", "properties": {}, "geometry": {"type": "LineString", "coordinates": [[11.0222806, 50.9993148], [11.0222771, 50.9993284]]}}, {"type": "Feature", "properties": {}, "geometry": {"type": "LineString", "coordinates": [[11.0222769, 50.9993601], [11.0222771, 50.9993284]]}}, {"type": "Feature", "properties": {}, "geometry": {"type": "LineString", "coordinates": [[11.022279, 50.9994513], [11.0222776, 50.999452]]}}, {"type": "Feature", "properties": {}, "geometry": {"type": "LineString", "coordinates": [[11.0231084, 50.9994619], [11.0231907, 50.9994513]]}}, {"type": "Feature", "properties": {}, "geometry": {"type": "LineString", "coordinates": [[11.0226196, 50.9986545], [11.0226224, 50.9986527]]}}, {"type": "Feature", "properties": {}, "geometry": {"type": "LineString", "coordinates": [[11.0226196, 50.9986545], [11.0227211, 50.9985735]]}}, {"type": "Feature", "properties": {}, "geometry": {"type": "LineString", "coordinates": [[11.0226196, 50.9986545], [11.0227986, 50.9986882]]}}, {"type": "Feature", "properties": {}, "geometry": {"type": "LineString", "coordinates": [[11.0223097, 50.9989493], [11.0223119, 50.9989555]]}}, {"type": "Feature", "properties": {}, "geometry": {"type": "LineString", "coordinates": [[11.0326979, 50.9905912], [11.0327003, 50.9905917]]}}, {"type": "Feature", "properties": {}, "geometry": {"type": "LineString", "coordinates": [[11.0325954, 50.990856], [11.0326031, 50.9908534]]}}, {"type": "Feature", "properties": {}, "geometry": {"type": "LineString", "coordinates": [[11.0325954, 50.990856], [11.0327665, 50.9908809]]}}, {"type": "Feature", "properties": {}, "geometry": {"type": "LineString", "coordinates": [[11.0327573, 50.9908819], [11.0326031, 50.9908534]]}}, {"type": "Feature", "properties": {}, "geometry": {"type": "LineString", "coordinates": [[11.0327573, 50.9908819], [11.0327665, 50.9908809]]}}, {"type": "Feature", "properties": {}, "geometry": {"type": "LineString", "coordinates": [[11.0269071, 50.9913664], [11.0270565, 50.9913339]]}}, {"type": "Feature", "properties": {}, "geometry": {"type": "LineString", "coordinates": [[11.0269071, 50.9913664], [11.0267484, 50.9914075]]}}, {"type": "Feature", "properties": {}, "geometry": {"type": "LineString", "coordinates": [[11.0302489, 50.9849827], [11.0302529, 50.9849821]]}}, {"type": "Feature", "properties": {}, "geometry": {"type": "LineString", "coordinates": [[11.0297487, 50.9854034], [11.0297567, 50.9854058]]}}, {"type": "Feature", "properties": {}, "geometry": {"type": "LineString", "coordinates": [[11.0297487, 50.9854034], [11.0297073, 50.9854528]]}}, {"type": "Feature", "properties": {}, "geometry": {"type": "LineString", "coordinates": [[11.0281974, 50.9888028], [11.0282033, 50.988802]]}}, {"type": "Feature", "properties": {}, "geometry": {"type": "LineString", "coordinates": [[11.0281974, 50.9888028], [11.0282984, 50.9885994]]}}, {"type": "Feature", "properties": {}, "geometry": {"type": "LineString", "coordinates": [[11.0289801, 50.997701], [11.0289409, 50.9976979]]}}, {"type": "Feature", "properties": {}, "geometry": {"type": "LineString", "coordinates": [[11.024347, 50.9985594], [11.0243484, 50.9985594]]}}, {"type": "Feature", "properties": {}, "geometry": {"type": "LineString", "coordinates": [[11.024347, 50.9985594], [11.0244342, 50.9985741]]}}, {"type": "Feature", "properties": {}, "geometry": {"type": "LineString", "coordinates": [[11.024347, 50.9985594], [11.0243539, 50.9986134]]}}, {"type": "Feature", "properties": {}, "geometry": {"type": "LineString", "coordinates": [[11.025421, 50.9994688], [11.0254226, 50.99947]]}}, {"type": "Feature", "properties": {}, "geometry": {"type": "LineString", "coordinates": [[11.0305232, 50.9998507], [11.0305264, 50.9997673]]}}, {"type": "Feature", "properties": {}, "geometry": {"type": "LineString", "coordinates": [[11.0240913, 51.0007786], [11.0240949, 51.000779]]}}, {"type": "Feature", "properties": {}, "geometry": {"type": "LineString", "coordinates": [[11.0425696, 50.984917], [11.04242, 50.9847321]]}}, {"type": "Feature", "properties": {}, "geometry": {"type": "LineString", "coordinates": [[11.0425696, 50.984917], [11.04335, 50.9851688]]}}, {"type": "Feature", "properties": {}, "geometry": {"type": "LineString", "coordinates": [[11.0431608, 50.9946128], [11.043163, 50.99462]]}}, {"type": "Feature", "properties": {}, "geometry": {"type": "LineString", "coordinates": [[11.026626, 50.9882344], [11.026659, 50.9882383]]}}, {"type": "Feature", "properties": {}, "geometry": {"type": "LineString", "coordinates": [[11.026626, 50.9882344], [11.026556, 50.9881995]]}}, {"type": "Feature", "properties": {}, "geometry": {"type": "LineString", "coordinates": [[11.0425142, 50.9880231], [11.0429119, 50.98828]]}}, {"type": "Feature", "properties": {}, "geometry": {"type": "LineString", "coordinates": [[11.0425142, 50.9880231], [11.0423579, 50.9878746]]}}, {"type": "Feature", "properties": {}, "geometry": {"type": "LineString", "coordinates": [[11.0425142, 50.9880231], [11.0423471, 50.9880963]]}}, {"type": "Feature", "properties": {}, "geometry": {"type": "LineString", "coordinates": [[11.0285162, 51.0026953], [11.0285226, 51.0026974]]}}, {"type": "Feature", "properties": {}, "geometry": {"type": "LineString", "coordinates": [[11.0285162, 51.0026953], [11.0282796, 51.0027147]]}}, {"type": "Feature", "properties": {}, "geometry": {"type": "LineString", "coordinates": [[11.0285162, 51.0026953], [11.0283729, 51.00281]]}}, {"type": "Feature", "properties": {}, "geometry": {"type": "LineString", "coordinates": [[11.0278645, 51.0000377], [11.0278559, 51.0000178]]}}, {"type": "Feature", "properties": {}, "geometry": {"type": "LineString", "coordinates": [[11.0218374, 50.9917503], [11.0221987, 50.9916083]]}}, {"type": "Feature", "properties": {}, "geometry": {"type": "LineString", "coordinates": [[11.0480375, 50.9941104], [11.0478935, 50.9940854]]}}, {"type": "Feature", "properties": {}, "geometry": {"type": "LineString", "coordinates": [[11.0480375, 50.9941104], [11.0480414, 50.9941164]]}}, {"type": "Feature", "properties": {}, "geometry": {"type": "LineString", "coordinates": [[11.0481979, 50.9941613], [11.0481986, 50.9941608]]}}, {"type": "Feature", "properties": {}, "geometry": {"type": "LineString", "coordinates": [[11.0488946, 50.9929284], [11.0488897, 50.9929371]]}}, {"type": "Feature", "properties": {}, "geometry": {"type": "LineString", "coordinates": [[11.0473895, 50.9963383], [11.0474108, 50.9963373]]}}, {"type": "Feature", "properties": {}, "geometry": {"type": "LineString", "coordinates": [[11.0477145, 50.9960136], [11.0477363, 50.9959657]]}}, {"type": "Feature", "properties": {}, "geometry": {"type": "LineString", "coordinates": [[11.0477145, 50.9960136], [11.0477097, 50.9960221]]}}, {"type": "Feature", "properties": {}, "geometry": {"type": "LineString", "coordinates": [[11.0484606, 50.9941772], [11.04846, 50.9941801]]}}, {"type": "Feature", "properties": {}, "geometry": {"type": "LineString", "coordinates": [[11.0477804, 50.9957697], [11.0477834, 50.9957699]]}}, {"type": "Feature", "properties": {}, "geometry": {"type": "LineString", "coordinates": [[11.0362696, 50.9870659], [11.0363515, 50.9869486]]}}, {"type": "Feature", "properties": {}, "geometry": {"type": "LineString", "coordinates": [[11.0362696, 50.9870659], [11.0362764, 50.987084]]}}, {"type": "Feature", "properties": {}, "geometry": {"type": "LineString", "coordinates": [[11.0362696, 50.9870659], [11.0361979, 50.9872022]]}}, {"type": "Feature", "properties": {}, "geometry": {"type": "LineString", "coordinates": [[11.0362871, 50.9875215], [11.0360485, 50.9874659]]}}, {"type": "Feature", "properties": {}, "geometry": {"type": "LineString", "coordinates": [[11.0362871, 50.9875215], [11.0362971, 50.9875384]]}}, {"type": "Feature", "properties": {}, "geometry": {"type": "LineString", "coordinates": [[11.0362871, 50.9875215], [11.0365097, 50.9875912]]}}, {"type": "Feature", "properties": {}, "geometry": {"type": "LineString", "coordinates": [[11.0396179, 50.9871909], [11.039979, 50.9871029]]}}, {"type": "Feature", "properties": {}, "geometry": {"type": "LineString", "coordinates": [[11.0396179, 50.9871909], [11.0396234, 50.9871913]]}}, {"type": "Feature", "properties": {}, "geometry": {"type": "LineString", "coordinates": [[11.0360216, 50.9891681], [11.0360218, 50.9891712]]}}, {"type": "Feature", "properties": {}, "geometry": {"type": "LineString", "coordinates": [[11.0363789, 50.988063], [11.0362448, 50.9882158]]}}, {"type": "Feature", "properties": {}, "geometry": {"type": "LineString", "coordinates": [[11.0361913, 50.987185], [11.0362764, 50.987084]]}}, {"type": "Feature", "properties": {}, "geometry": {"type": "LineString", "coordinates": [[11.0361913, 50.987185], [11.0361979, 50.9872022]]}}, {"type": "Feature", "properties": {}, "geometry": {"type": "LineString", "coordinates": [[11.0361913, 50.987185], [11.0361231, 50.9873203]]}}, {"type": "Feature", "properties": {}, "geometry": {"type": "LineString", "coordinates": [[11.0364997, 50.9875726], [11.0362971, 50.9875384]]}}, {"type": "Feature", "properties": {}, "geometry": {"type": "LineString", "coordinates": [[11.0364997, 50.9875726], [11.0365097, 50.9875912]]}}, {"type": "Feature", "properties": {}, "geometry": {"type": "LineString", "coordinates": [[11.0364997, 50.9875726], [11.036726, 50.9876449]]}}, {"type": "Feature", "properties": {}, "geometry": {"type": "LineString", "coordinates": [[11.0367113, 50.9876239], [11.0365097, 50.9875912]]}}, {"type": "Feature", "properties": {}, "geometry": {"type": "LineString", "coordinates": [[11.0367113, 50.9876239], [11.036726, 50.9876449]]}}, {"type": "Feature", "properties": {}, "geometry": {"type": "LineString", "coordinates": [[11.0367113, 50.9876239], [11.0369642, 50.9877046]]}}, {"type": "Feature", "properties": {}, "geometry": {"type": "LineString", "coordinates": [[11.0369488, 50.9885101], [11.0376018, 50.9883082]]}}, {"type": "Feature", "properties": {}, "geometry": {"type": "LineString", "coordinates": [[11.0369488, 50.9885101], [11.0372586, 50.9884116]]}}, {"type": "Feature", "properties": {}, "geometry": {"type": "LineString", "coordinates": [[11.0369488, 50.9885101], [11.0366951, 50.9885891]]}}, {"type": "Feature", "properties": {}, "geometry": {"type": "LineString", "coordinates": [[11.0404722, 50.9855258], [11.0404753, 50.985515]]}}, {"type": "Feature", "properties": {}, "geometry": {"type": "LineString", "coordinates": [[11.0404722, 50.9855258], [11.0403433, 50.9856333]]}}, {"type": "Feature", "properties": {}, "geometry": {"type": "LineString", "coordinates": [[11.0404722, 50.9855258], [11.0405994, 50.9854002]]}}, {"type": "Feature", "properties": {}, "geometry": {"type": "LineString", "coordinates": [[11.0422341, 50.9883804], [11.0425493, 50.9883641]]}}, {"type": "Feature", "properties": {}, "geometry": {"type": "LineString", "coordinates": [[11.0422341, 50.9883804], [11.0422345, 50.9883791]]}}, {"type": "Feature", "properties": {}, "geometry": {"type": "LineString", "coordinates": [[11.0422341, 50.9883804], [11.0423451, 50.988596]]}}, {"type": "Feature", "properties": {}, "geometry": {"type": "LineString", "coordinates": [[11.042473, 50.9871508], [11.0422547, 50.9871272]]}}, {"type": "Feature", "properties": {}, "geometry": {"type": "LineString", "coordinates": [[11.042473, 50.9871508], [11.0423978, 50.9872593]]}}, {"type": "Feature", "properties": {}, "geometry": {"type": "LineString", "coordinates": [[11.042473, 50.9871508], [11.0427401, 50.9869064]]}}, {"type": "Feature", "properties": {}, "geometry": {"type": "LineString", "coordinates": [[11.0390125, 50.9869486], [11.0390054, 50.9869525]]}}, {"type": "Feature", "properties": {}, "geometry": {"type": "LineString", "coordinates": [[11.0426046, 50.9870273], [11.0427401, 50.9869064]]}}, {"type": "Feature", "properties": {}, "geometry": {"type": "LineString", "coordinates": [[11.0426046, 50.9870273], [11.0422547, 50.9871272]]}}, {"type": "Feature", "properties": {}, "geometry": {"type": "LineString", "coordinates": [[11.0448355, 50.9850768], [11.0449793, 50.984954]]}}, {"type": "Feature", "properties": {}, "geometry": {"type": "LineString", "coordinates": [[11.0431838, 50.9879918], [11.0431827, 50.9879924]]}}, {"type": "Feature", "properties": {}, "geometry": {"type": "LineString", "coordinates": [[11.0431838, 50.9879918], [11.0433895, 50.9879939]]}}, {"type": "Feature", "properties": {}, "geometry": {"type": "LineString", "coordinates": [[11.0427629, 50.9882899], [11.0429119, 50.98828]]}}, {"type": "Feature", "properties": {}, "geometry": {"type": "LineString", "coordinates": [[11.0427629, 50.9882899], [11.0425493, 50.9883641]]}}, {"type": "Feature", "properties": {}, "geometry": {"type": "LineString", "coordinates": [[11.0427629, 50.9882899], [11.0422345, 50.9883791]]}}, {"type": "Feature", "properties": {}, "geometry": {"type": "LineString", "coordinates": [[11.0422296, 50.9856918], [11.0420117, 50.9855816]]}}, {"type": "Feature", "properties": {}, "geometry": {"type": "LineString", "coordinates": [[11.0422296, 50.9856918], [11.042663, 50.9858617]]}}, {"type": "Feature", "properties": {}, "geometry": {"type": "LineString", "coordinates": [[11.0422296, 50.9856918], [11.0413213, 50.9852555]]}}, {"type": "Feature", "properties": {}, "geometry": {"type": "LineString", "coordinates": [[11.0431229, 50.9856238], [11.0431816, 50.9855824]]}}, {"type": "Feature", "properties": {}, "geometry": {"type": "LineString", "coordinates": [[11.0431229, 50.9856238], [11.042663, 50.9858617]]}}, {"type": "Feature", "properties": {}, "geometry": {"type": "LineString", "coordinates": [[11.0431229, 50.9856238], [11.04335, 50.9851688]]}}, {"type": "Feature", "properties": {}, "geometry": {"type": "LineString", "coordinates": [[11.041405, 50.9850424], [11.0414995, 50.9848027]]}}, {"type": "Feature", "properties": {}, "geometry": {"type": "LineString", "coordinates": [[11.041405, 50.9850424], [11.0413213, 50.9852555]]}}, {"type": "Feature", "properties": {}, "geometry": {"type": "LineString", "coordinates": [[11.041405, 50.9850424], [11.0420117, 50.9855816]]}}, {"type": "Feature", "properties": {}, "geometry": {"type": "LineString", "coordinates": [[11.0422374, 50.9878743], [11.0423293, 50.9876644]]}}, {"type": "Feature", "properties": {}, "geometry": {"type": "LineString", "coordinates": [[11.0422374, 50.9878743], [11.0423579, 50.9878746]]}}, {"type": "Feature", "properties": {}, "geometry": {"type": "LineString", "coordinates": [[11.0422374, 50.9878743], [11.0419835, 50.9879738]]}}, {"type": "Feature", "properties": {}, "geometry": {"type": "LineString", "coordinates": [[11.0397136, 50.9869256], [11.0397243, 50.9869055]]}}, {"type": "Feature", "properties": {}, "geometry": {"type": "LineString", "coordinates": [[11.0442671, 50.9855546], [11.0442716, 50.9855546]]}}, {"type": "Feature", "properties": {}, "geometry": {"type": "LineString", "coordinates": [[11.0395862, 50.9865465], [11.0395662, 50.9866099]]}}, {"type": "Feature", "properties": {}, "geometry": {"type": "LineString", "coordinates": [[11.0412239, 50.9874217], [11.0412253, 50.9874247]]}}, {"type": "Feature", "properties": {}, "geometry": {"type": "LineString", "coordinates": [[11.0412239, 50.9874217], [11.0409283, 50.9877101]]}}, {"type": "Feature", "properties": {}, "geometry": {"type": "LineString", "coordinates": [[11.0414625, 50.9858023], [11.0413083, 50.9857302]]}}, {"type": "Feature", "properties": {}, "geometry": {"type": "LineString", "coordinates": [[11.0414625, 50.9858023], [11.0414645, 50.9858033]]}}, {"type": "Feature", "properties": {}, "geometry": {"type": "LineString", "coordinates": [[11.0414625, 50.9858023], [11.0416348, 50.9858825]]}}, {"type": "Feature", "properties": {}, "geometry": {"type": "LineString", "coordinates": [[11.040098, 50.9860337], [11.0407963, 50.9862185]]}}, {"type": "Feature", "properties": {}, "geometry": {"type": "LineString", "coordinates": [[11.0450871, 50.9934815], [11.0451834, 50.9934137]]}}, {"type": "Feature", "properties": {}, "geometry": {"type": "LineString", "coordinates": [[11.0450871, 50.9934815], [11.0449668, 50.9935623]]}}, {"type": "Feature", "properties": {}, "geometry": {"type": "LineString", "coordinates": [[11.0450871, 50.9934815], [11.0447215, 50.9937711]]}}, {"type": "Feature", "properties": {}, "geometry": {"type": "LineString", "coordinates": [[11.0425631, 50.9884551], [11.0429119, 50.98828]]}}, {"type": "Feature", "properties": {}, "geometry": {"type": "LineString", "coordinates": [[11.0425631, 50.9884551], [11.0425493, 50.9883641]]}}, {"type": "Feature", "properties": {}, "geometry": {"type": "LineString", "coordinates": [[11.0425631, 50.9884551], [11.0422345, 50.9883791]]}}, {"type": "Feature", "properties": {}, "geometry": {"type": "LineString", "coordinates": [[11.0433574, 50.9941678], [11.0433563, 50.9941689]]}}, {"type": "Feature", "properties": {}, "geometry": {"type": "LineString", "coordinates": [[11.0452569, 50.9933669], [11.0451834, 50.9934137]]}}, {"type": "Feature", "properties": {}, "geometry": {"type": "LineString", "coordinates": [[11.0444154, 50.9980525], [11.0444079, 50.9980631]]}}, {"type": "Feature", "properties": {}, "geometry": {"type": "LineString", "coordinates": [[11.0455086, 50.992816], [11.0456389, 50.9928846]]}}, {"type": "Feature", "properties": {}, "geometry": {"type": "LineString", "coordinates": [[11.0454978, 50.9929913], [11.0454596, 50.9929579]]}}, {"type": "Feature", "properties": {}, "geometry": {"type": "LineString", "coordinates": [[11.0434418, 50.9945671], [11.0433827, 50.9945488]]}}, {"type": "Feature", "properties": {}, "geometry": {"type": "LineString", "coordinates": [[11.0453867, 50.992926], [11.0454596, 50.9929579]]}}, {"type": "Feature", "properties": {}, "geometry": {"type": "LineString", "coordinates": [[11.045815, 50.9930557], [11.0458206, 50.9930521]]}}, {"type": "Feature", "properties": {}, "geometry": {"type": "LineString", "coordinates": [[11.045815, 50.9930557], [11.0456389, 50.9928846]]}}, {"type": "Feature", "properties": {}, "geometry": {"type": "LineString", "coordinates": [[11.0446727, 50.9934959], [11.0446645, 50.9935009]]}}, {"type": "Feature", "properties": {}, "geometry": {"type": "LineString", "coordinates": [[11.0457887, 50.9936317], [11.0457586, 50.9936412]]}}, {"type": "Feature", "properties": {}, "geometry": {"type": "LineString", "coordinates": [[11.0426987, 50.9873881], [11.0432155, 50.9875681]]}}, {"type": "Feature", "properties": {}, "geometry": {"type": "LineString", "coordinates": [[11.0426987, 50.9873881], [11.0426924, 50.9873938]]}}, {"type": "Feature", "properties": {}, "geometry": {"type": "LineString", "coordinates": [[11.045329, 50.9874939], [11.045399, 50.9875257]]}}, {"type": "Feature", "properties": {}, "geometry": {"type": "LineString", "coordinates": [[11.045205, 50.9883764], [11.0451987, 50.9883834]]}}, {"type": "Feature", "properties": {}, "geometry": {"type": "LineString", "coordinates": [[11.045205, 50.9883764], [11.0454674, 50.9884162]]}}, {"type": "Feature", "properties": {}, "geometry": {"type": "LineString", "coordinates": [[11.045205, 50.9883764], [11.04565, 50.9881588]]}}, {"type": "Feature", "properties": {}, "geometry": {"type": "LineString", "coordinates": [[11.0446226, 50.9875933], [11.0444956, 50.9877322]]}}, {"type": "Feature", "properties": {}, "geometry": {"type": "LineString", "coordinates": [[11.0428456, 50.9873169], [11.0432155, 50.9875681]]}}, {"type": "Feature", "properties": {}, "geometry": {"type": "LineString", "coordinates": [[11.0428456, 50.9873169], [11.0431231, 50.9870813]]}}, {"type": "Feature", "properties": {}, "geometry": {"type": "LineString", "coordinates": [[11.0428456, 50.9873169], [11.0426924, 50.9873938]]}}, {"type": "Feature", "properties": {}, "geometry": {"type": "LineString", "coordinates": [[11.0436449, 50.9882895], [11.0436548, 50.9882966]]}}, {"type": "Feature", "properties": {}, "geometry": {"type": "LineString", "coordinates": [[11.0444781, 50.9871452], [11.044477, 50.9871428]]}}, {"type": "Feature", "properties": {}, "geometry": {"type": "LineString", "coordinates": [[11.0444781, 50.9871452], [11.0443888, 50.9872361]]}}, {"type": "Feature", "properties": {}, "geometry": {"type": "LineString", "coordinates": [[11.0444781, 50.9871452], [11.0445647, 50.9870508]]}}, {"type": "Feature", "properties": {}, "geometry": {"type": "LineString", "coordinates": [[11.0453439, 50.9878587], [11.0452267, 50.9880008]]}}, {"type": "Feature", "properties": {}, "geometry": {"type": "LineString", "coordinates": [[11.0450517, 50.9883248], [11.0451987, 50.9883834]]}}, {"type": "Feature", "properties": {}, "geometry": {"type": "LineString", "coordinates": [[11.0450959, 50.9861718], [11.0448809, 50.9860829]]}}, {"type": "Feature", "properties": {}, "geometry": {"type": "LineString", "coordinates": [[11.0432932, 50.9893445], [11.0432018, 50.9894429]]}}, {"type": "Feature", "properties": {}, "geometry": {"type": "LineString", "coordinates": [[11.046098, 50.9869286], [11.0460859, 50.9869379]]}}, {"type": "Feature", "properties": {}, "geometry": {"type": "LineString", "coordinates": [[11.046098, 50.9869286], [11.045797, 50.9868469]]}}, {"type": "Feature", "properties": {}, "geometry": {"type": "LineString", "coordinates": [[11.0458262, 50.9858619], [11.0458193, 50.985865]]}}, {"type": "Feature", "properties": {}, "geometry": {"type": "LineString", "coordinates": [[11.044108, 50.9867521], [11.0441072, 50.9867524]]}}, {"type": "Feature", "properties": {}, "geometry": {"type": "LineString", "coordinates": [[11.0457532, 50.9880121], [11.04565, 50.9881588]]}}, {"type": "Feature", "properties": {}, "geometry": {"type": "LineString", "coordinates": [[11.04574, 50.9868109], [11.045797, 50.9868469]]}}, {"type": "Feature", "properties": {}, "geometry": {"type": "LineString", "coordinates": [[11.0430649, 50.9894184], [11.0432018, 50.9894429]]}}, {"type": "Feature", "properties": {}, "geometry": {"type": "LineString", "coordinates": [[11.0454498, 50.9883625], [11.0454674, 50.9884162]]}}, {"type": "Feature", "properties": {}, "geometry": {"type": "LineString", "coordinates": [[11.0451112, 50.9896788], [11.0451086, 50.9896759]]}}, {"type": "Feature", "properties": {}, "geometry": {"type": "LineString", "coordinates": [[11.0451112, 50.9896788], [11.0448173, 50.9898045]]}}, {"type": "Feature", "properties": {}, "geometry": {"type": "LineString", "coordinates": [[11.0477959, 50.9877002], [11.0473685, 50.9875155]]}}, {"type": "Feature", "properties": {}, "geometry": {"type": "LineString", "coordinates": [[11.0477959, 50.9877002], [11.0479064, 50.9875561]]}}, {"type": "Feature", "properties": {}, "geometry": {"type": "LineString", "coordinates": [[11.0477959, 50.9877002], [11.0477947, 50.9877115]]}}, {"type": "Feature", "properties": {}, "geometry": {"type": "LineString", "coordinates": [[11.0422353, 50.9903304], [11.042237, 50.9903449]]}}, {"type": "Feature", "properties": {}, "geometry": {"type": "LineString", "coordinates": [[11.0407141, 50.9910107], [11.0407193, 50.9910096]]}}, {"type": "Feature", "properties": {}, "geometry": {"type": "LineString", "coordinates": [[11.0407141, 50.9910107], [11.0414116, 50.9907963]]}}, {"type": "Feature", "properties": {}, "geometry": {"type": "LineString", "coordinates": [[11.0407141, 50.9910107], [11.041394, 50.9910434]]}}, {"type": "Feature", "properties": {}, "geometry": {"type": "LineString", "coordinates": [[11.0435753, 50.9913182], [11.0435279, 50.9913011]]}}, {"type": "Feature", "properties": {}, "geometry": {"type": "LineString", "coordinates": [[11.0445726, 50.9903463], [11.0445697, 50.9903533]]}}, {"type": "Feature", "properties": {}, "geometry": {"type": "LineString", "coordinates": [[11.0445726, 50.9903463], [11.0449117, 50.9902239]]}}, {"type": "Feature", "properties": {}, "geometry": {"type": "LineString", "coordinates": [[11.0376601, 50.9890961], [11.0376666, 50.9890958]]}}, {"type": "Feature", "properties": {}, "geometry": {"type": "LineString", "coordinates": [[11.0376601, 50.9890961], [11.0381984, 50.9890291]]}}, {"type": "Feature", "properties": {}, "geometry": {"type": "LineString", "coordinates": [[11.0431426, 50.9926343], [11.0431401, 50.9926372]]}}, {"type": "Feature", "properties": {}, "geometry": {"type": "LineString", "coordinates": [[11.0431426, 50.9926343], [11.0431438, 50.9929686]]}}, {"type": "Feature", "properties": {}, "geometry": {"type": "LineString", "coordinates": [[11.0431426, 50.9926343], [11.0430314, 50.9930524]]}}, {"type": "Feature", "properties": {}, "geometry": {"type": "LineString", "coordinates": [[11.0377932, 50.9893872], [11.0377929, 50.9893834]]}}, {"type": "Feature", "properties": {}, "geometry": {"type": "LineString", "coordinates": [[11.0416318, 50.9917367], [11.0412298, 50.9916522]]}}, {"type": "Feature", "properties": {}, "geometry": {"type": "LineString", "coordinates": [[11.0416318, 50.9917367], [11.0415314, 50.9917275]]}}, {"type": "Feature", "properties": {}, "geometry": {"type": "LineString", "coordinates": [[11.0416318, 50.9917367], [11.0415165, 50.9918024]]}}, {"type": "Feature", "properties": {}, "geometry": {"type": "LineString", "coordinates": [[11.0447929, 50.9903156], [11.0449117, 50.9902239]]}}, {"type": "Feature", "properties": {}, "geometry": {"type": "LineString", "coordinates": [[11.0447929, 50.9903156], [11.0445697, 50.9903533]]}}, {"type": "Feature", "properties": {}, "geometry": {"type": "LineString", "coordinates": [[11.0393638, 50.9960712], [11.039363, 50.9960695]]}}, {"type": "Feature", "properties": {}, "geometry": {"type": "LineString", "coordinates": [[11.0400126, 50.9955736], [11.0400352, 50.9955471]]}}, {"type": "Feature", "properties": {}, "geometry": {"type": "LineString", "coordinates": [[11.0401073, 50.9954889], [11.0400352, 50.9955471]]}}, {"type": "Feature", "properties": {}, "geometry": {"type": "LineString", "coordinates": [[11.0415851, 50.9882338], [11.0415904, 50.9882238]]}}, {"type": "Feature", "properties": {}, "geometry": {"type": "LineString", "coordinates": [[11.0415851, 50.9882338], [11.041619, 50.9882721]]}}, {"type": "Feature", "properties": {}, "geometry": {"type": "LineString", "coordinates": [[11.0416683, 50.9922711], [11.0412897, 50.9921933]]}}, {"type": "Feature", "properties": {}, "geometry": {"type": "LineString", "coordinates": [[11.0416683, 50.9922711], [11.0418456, 50.9922826]]}}, {"type": "Feature", "properties": {}, "geometry": {"type": "LineString", "coordinates": [[11.0416683, 50.9922711], [11.0417491, 50.9925059]]}}, {"type": "Feature", "properties": {}, "geometry": {"type": "LineString", "coordinates": [[11.0384425, 50.9960378], [11.0384468, 50.9960496]]}}, {"type": "Feature", "properties": {}, "geometry": {"type": "LineString", "coordinates": [[11.0358685, 50.9916538], [11.0358607, 50.9916475]]}}, {"type": "Feature", "properties": {}, "geometry": {"type": "LineString", "coordinates": [[11.0359953, 50.9915444], [11.0358607, 50.9916475]]}}, {"type": "Feature", "properties": {}, "geometry": {"type": "LineString", "coordinates": [[11.0362309, 50.9950168], [11.0362419, 50.9950055]]}}, {"type": "Feature", "properties": {}, "geometry": {"type": "LineString", "coordinates": [[11.033849, 50.9923225], [11.0338491, 50.9923199]]}}, {"type": "Feature", "properties": {}, "geometry": {"type": "LineString", "coordinates": [[11.0347084, 50.9927185], [11.0347037, 50.9927165]]}}, {"type": "Feature", "properties": {}, "geometry": {"type": "LineString", "coordinates": [[11.0413584, 50.9863319], [11.0407963, 50.9862185]]}}, {"type": "Feature", "properties": {}, "geometry": {"type": "LineString", "coordinates": [[11.0401285, 50.9868323], [11.0401354, 50.9868286]]}}, {"type": "Feature", "properties": {}, "geometry": {"type": "LineString", "coordinates": [[11.0401285, 50.9868323], [11.0399791, 50.9869446]]}}, {"type": "Feature", "properties": {}, "geometry": {"type": "LineString", "coordinates": [[11.0423278, 50.9876646], [11.0423293, 50.9876644]]}}, {"type": "Feature", "properties": {}, "geometry": {"type": "LineString", "coordinates": [[11.0423278, 50.9876646], [11.0423579, 50.9878746]]}}, {"type": "Feature", "properties": {}, "geometry": {"type": "LineString", "coordinates": [[11.0451158, 50.9933729], [11.0451834, 50.9934137]]}}, {"type": "Feature", "properties": {}, "geometry": {"type": "LineString", "coordinates": [[11.0459317, 50.9893256], [11.0459766, 50.989402]]}}, {"type": "Feature", "properties": {}, "geometry": {"type": "LineString", "coordinates": [[11.0469764, 50.9861892], [11.047169, 50.9860695]]}}, {"type": "Feature", "properties": {}, "geometry": {"type": "LineString", "coordinates": [[11.0435889, 50.9912265], [11.0435279, 50.9913011]]}}, {"type": "Feature", "properties": {}, "geometry": {"type": "LineString", "coordinates": [[11.0402407, 50.995037], [11.0402419, 50.9950419]]}}, {"type": "Feature", "properties": {}, "geometry": {"type": "LineString", "coordinates": [[11.0402407, 50.995037], [11.0403773, 50.9952432]]}}, {"type": "Feature", "properties": {}, "geometry": {"type": "LineString", "coordinates": [[11.0474225, 50.9851226], [11.0475547, 50.9851838]]}}, {"type": "Feature", "properties": {}, "geometry": {"type": "LineString", "coordinates": [[11.0474225, 50.9851226], [11.0474236, 50.985125]]}}, {"type": "Feature", "properties": {}, "geometry": {"type": "LineString", "coordinates": [[11.0483171, 50.985492], [11.0484462, 50.9855899]]}}, {"type": "Feature", "properties": {}, "geometry": {"type": "LineString", "coordinates": [[11.0483171, 50.985492], [11.0483551, 50.9853487]]}}, {"type": "Feature", "properties": {}, "geometry": {"type": "LineString", "coordinates": [[11.0483171, 50.985492], [11.0483159, 50.985489]]}}, {"type": "Feature", "properties": {}, "geometry": {"type": "LineString", "coordinates": [[11.0483908, 50.9852415], [11.0483905, 50.9852408]]}}, {"type": "Feature", "properties": {}, "geometry": {"type": "LineString", "coordinates": [[11.0483908, 50.9852415], [11.0483551, 50.9853487]]}}, {"type": "Feature", "properties": {}, "geometry": {"type": "LineString", "coordinates": [[11.0478097, 50.9852993], [11.0478091, 50.9852997]]}}, {"type": "Feature", "properties": {}, "geometry": {"type": "LineString", "coordinates": [[11.0478097, 50.9852993], [11.0479821, 50.985325]]}}, {"type": "Feature", "properties": {}, "geometry": {"type": "LineString", "coordinates": [[11.0478097, 50.9852993], [11.0476829, 50.9852422]]}}, {"type": "Feature", "properties": {}, "geometry": {"type": "LineString", "coordinates": [[11.0488321, 50.9857659], [11.0488302, 50.9857656]]}}, {"type": "Feature", "properties": {}, "geometry": {"type": "LineString", "coordinates": [[11.0488321, 50.9857659], [11.0487026, 50.985707]]}}, {"type": "Feature", "properties": {}, "geometry": {"type": "LineString", "coordinates": [[11.0487075, 50.9857094], [11.0487026, 50.985707]]}}, {"type": "Feature", "properties": {}, "geometry": {"type": "LineString", "coordinates": [[11.0487075, 50.9857094], [11.0488302, 50.9857656]]}}, {"type": "Feature", "properties": {}, "geometry": {"type": "LineString", "coordinates": [[11.0487075, 50.9857094], [11.0485759, 50.985649]]}}, {"type": "Feature", "properties": {}, "geometry": {"type": "LineString", "coordinates": [[11.0490785, 50.9858882], [11.0490865, 50.9858855]]}}, {"type": "Feature", "properties": {}, "geometry": {"type": "LineString", "coordinates": [[11.0385752, 50.9854174], [11.0386128, 50.9853682]]}}, {"type": "Feature", "properties": {}, "geometry": {"type": "LineString", "coordinates": [[11.0385752, 50.9854174], [11.0384295, 50.9854162]]}}, {"type": "Feature", "properties": {}, "geometry": {"type": "LineString", "coordinates": [[11.0382389, 50.9850608], [11.038151, 50.9851352]]}}, {"type": "Feature", "properties": {}, "geometry": {"type": "LineString", "coordinates": [[11.0382448, 50.9853877], [11.0382635, 50.9853654]]}}, {"type": "Feature", "properties": {}, "geometry": {"type": "LineString", "coordinates": [[11.0382448, 50.9853877], [11.038531, 50.9856877]]}}, {"type": "Feature", "properties": {}, "geometry": {"type": "LineString", "coordinates": [[11.0382448, 50.9853877], [11.0384295, 50.9854162]]}}, {"type": "Feature", "properties": {}, "geometry": {"type": "LineString", "coordinates": [[11.0383509, 50.9854599], [11.0382635, 50.9853654]]}}, {"type": "Feature", "properties": {}, "geometry": {"type": "LineString", "coordinates": [[11.0383509, 50.9854599], [11.0384295, 50.9854162]]}}, {"type": "Feature", "properties": {}, "geometry": {"type": "LineString", "coordinates": [[11.0383509, 50.9854599], [11.038358, 50.9854566]]}}, {"type": "Feature", "properties": {}, "geometry": {"type": "LineString", "coordinates": [[11.0376396, 50.9869552], [11.0377849, 50.9868549]]}}, {"type": "Feature", "properties": {}, "geometry": {"type": "LineString", "coordinates": [[11.0376396, 50.9869552], [11.0374213, 50.986821]]}}, {"type": "Feature", "properties": {}, "geometry": {"type": "LineString", "coordinates": [[11.0346815, 50.9849752], [11.034672, 50.9849801]]}}, {"type": "Feature", "properties": {}, "geometry": {"type": "LineString", "coordinates": [[11.0346815, 50.9849752], [11.0347762, 50.9849855]]}}, {"type": "Feature", "properties": {}, "geometry": {"type": "LineString", "coordinates": [[11.0379971, 50.9868423], [11.0380583, 50.9867291]]}}, {"type": "Feature", "properties": {}, "geometry": {"type": "LineString", "coordinates": [[11.0379971, 50.9868423], [11.0377849, 50.9868549]]}}, {"type": "Feature", "properties": {}, "geometry": {"type": "LineString", "coordinates": [[11.0352497, 50.985228], [11.0354566, 50.9851793]]}}, {"type": "Feature", "properties": {}, "geometry": {"type": "LineString", "coordinates": [[11.0352497, 50.985228], [11.0352512, 50.9852277]]}}, {"type": "Feature", "properties": {}, "geometry": {"type": "LineString", "coordinates": [[11.0352497, 50.985228], [11.0350408, 50.9852812]]}}, {"type": "Feature", "properties": {}, "geometry": {"type": "LineString", "coordinates": [[11.0354535, 50.9851787], [11.0357936, 50.9851241]]}}, {"type": "Feature", "properties": {}, "geometry": {"type": "LineString", "coordinates": [[11.0354535, 50.9851787], [11.0354566, 50.9851793]]}}, {"type": "Feature", "properties": {}, "geometry": {"type": "LineString", "coordinates": [[11.0354535, 50.9851787], [11.0352512, 50.9852277]]}}, {"type": "Feature", "properties": {}, "geometry": {"type": "LineString", "coordinates": [[11.0377846, 50.9868537], [11.0380583, 50.9867291]]}}, {"type": "Feature", "properties": {}, "geometry": {"type": "LineString", "coordinates": [[11.0377846, 50.9868537], [11.0377849, 50.9868549]]}}, {"type": "Feature", "properties": {}, "geometry": {"type": "LineString", "coordinates": [[11.0377846, 50.9868537], [11.0374213, 50.986821]]}}, {"type": "Feature", "properties": {}, "geometry": {"type": "LineString", "coordinates": [[11.0400151, 50.9852658], [11.0393798, 50.9848666]]}}, {"type": "Feature", "properties": {}, "geometry": {"type": "LineString", "coordinates": [[11.0384001, 50.9866708], [11.0383996, 50.9866702]]}}, {"type": "Feature", "properties": {}, "geometry": {"type": "LineString", "coordinates": [[11.0384001, 50.9866708], [11.0386134, 50.9866688]]}}, {"type": "Feature", "properties": {}, "geometry": {"type": "LineString", "coordinates": [[11.0384001, 50.9866708], [11.038233, 50.9867175]]}}, {"type": "Feature", "properties": {}, "geometry": {"type": "LineString", "coordinates": [[11.0376705, 50.98546], [11.037407, 50.9853762]]}}, {"type": "Feature", "properties": {}, "geometry": {"type": "LineString", "coordinates": [[11.0376705, 50.98546], [11.0376681, 50.9854574]]}}, {"type": "Feature", "properties": {}, "geometry": {"type": "LineString", "coordinates": [[11.0376705, 50.98546], [11.0377866, 50.985291]]}}, {"type": "Feature", "properties": {}, "geometry": {"type": "LineString", "coordinates": [[11.0351319, 50.9860704], [11.0349552, 50.9860472]]}}, {"type": "Feature", "properties": {}, "geometry": {"type": "LineString", "coordinates": [[11.0351319, 50.9860704], [11.0351307, 50.986078]]}}, {"type": "Feature", "properties": {}, "geometry": {"type": "LineString", "coordinates": [[11.0351319, 50.9860704], [11.0353119, 50.986103]]}}, {"type": "Feature", "properties": {}, "geometry": {"type": "LineString", "coordinates": [[11.0353132, 50.9860969], [11.0351307, 50.986078]]}}, {"type": "Feature", "properties": {}, "geometry": {"type": "LineString", "coordinates": [[11.0353132, 50.9860969], [11.0353119, 50.986103]]}}, {"type": "Feature", "properties": {}, "geometry": {"type": "LineString", "coordinates": [[11.0353132, 50.9860969], [11.035494, 50.9861342]]}}, {"type": "Feature", "properties": {}, "geometry": {"type": "LineString", "coordinates": [[11.0356688, 50.9861569], [11.035494, 50.9861342]]}}, {"type": "Feature", "properties": {}, "geometry": {"type": "LineString", "coordinates": [[11.0356688, 50.9861569], [11.0356739, 50.9861635]]}}, {"type": "Feature", "properties": {}, "geometry": {"type": "LineString", "coordinates": [[11.0356688, 50.9861569], [11.0358561, 50.9861922]]}}, {"type": "Feature", "properties": {}, "geometry": {"type": "LineString", "coordinates": [[11.0360862, 50.985888], [11.0360825, 50.9857591]]}}, {"type": "Feature", "properties": {}, "geometry": {"type": "LineString", "coordinates": [[11.0360862, 50.985888], [11.0360954, 50.9858936]]}}, {"type": "Feature", "properties": {}, "geometry": {"type": "LineString", "coordinates": [[11.0360862, 50.985888], [11.0360954, 50.9860296]]}}, {"type": "Feature", "properties": {}, "geometry": {"type": "LineString", "coordinates": [[11.0355279, 50.9855475], [11.0357303, 50.9854947]]}}, {"type": "Feature", "properties": {}, "geometry": {"type": "LineString", "coordinates": [[11.0355279, 50.9855475], [11.0355339, 50.9855503]]}}, {"type": "Feature", "properties": {}, "geometry": {"type": "LineString", "coordinates": [[11.0355279, 50.9855475], [11.0353329, 50.9856003]]}}, {"type": "Feature", "properties": {}, "geometry": {"type": "LineString", "coordinates": [[11.0372467, 50.9849314], [11.03724, 50.9849302]]}}, {"type": "Feature", "properties": {}, "geometry": {"type": "LineString", "coordinates": [[11.0372467, 50.9849314], [11.0369708, 50.985073]]}}, {"type": "Feature", "properties": {}, "geometry": {"type": "LineString", "coordinates": [[11.0358487, 50.9861833], [11.0356739, 50.9861635]]}}, {"type": "Feature", "properties": {}, "geometry": {"type": "LineString", "coordinates": [[11.0358487, 50.9861833], [11.0358561, 50.9861922]]}}, {"type": "Feature", "properties": {}, "geometry": {"type": "LineString", "coordinates": [[11.0358487, 50.9861833], [11.036102, 50.986211]]}}, {"type": "Feature", "properties": {}, "geometry": {"type": "LineString", "coordinates": [[11.0351023, 50.9858619], [11.035105, 50.985861]]}}, {"type": "Feature", "properties": {}, "geometry": {"type": "LineString", "coordinates": [[11.0351023, 50.9858619], [11.0353048, 50.9858578]]}}, {"type": "Feature", "properties": {}, "geometry": {"type": "LineString", "coordinates": [[11.0351023, 50.9858619], [11.0353841, 50.9859608]]}}, {"type": "Feature", "properties": {}, "geometry": {"type": "LineString", "coordinates": [[11.0357005, 50.9858205], [11.0357063, 50.9858171]]}}, {"type": "Feature", "properties": {}, "geometry": {"type": "LineString", "coordinates": [[11.0357005, 50.9858205], [11.0355041, 50.9858824]]}}, {"type": "Feature", "properties": {}, "geometry": {"type": "LineString", "coordinates": [[11.0357005, 50.9858205], [11.0357117, 50.9859221]]}}, {"type": "Feature", "properties": {}, "geometry": {"type": "LineString", "coordinates": [[11.0360875, 50.9860233], [11.0360954, 50.9860296]]}}, {"type": "Feature", "properties": {}, "geometry": {"type": "LineString", "coordinates": [[11.0360875, 50.9860233], [11.036102, 50.986211]]}}, {"type": "Feature", "properties": {}, "geometry": {"type": "LineString", "coordinates": [[11.0360875, 50.9860233], [11.0360954, 50.9858936]]}}, {"type": "Feature", "properties": {}, "geometry": {"type": "LineString", "coordinates": [[11.0354463, 50.9856584], [11.0353329, 50.9856003]]}}, {"type": "Feature", "properties": {}, "geometry": {"type": "LineString", "coordinates": [[11.0354463, 50.9856584], [11.0355339, 50.9855503]]}}, {"type": "Feature", "properties": {}, "geometry": {"type": "LineString", "coordinates": [[11.0358201, 50.9857632], [11.0357063, 50.9858171]]}}, {"type": "Feature", "properties": {}, "geometry": {"type": "LineString", "coordinates": [[11.0358095, 50.9859911], [11.0358156, 50.9859889]]}}, {"type": "Feature", "properties": {}, "geometry": {"type": "LineString", "coordinates": [[11.0358095, 50.9859911], [11.0358744, 50.9859377]]}}, {"type": "Feature", "properties": {}, "geometry": {"type": "LineString", "coordinates": [[11.0358095, 50.9859911], [11.0357117, 50.9859221]]}}, {"type": "Feature", "properties": {}, "geometry": {"type": "LineString", "coordinates": [[11.0359527, 50.9859866], [11.0358156, 50.9859889]]}}, {"type": "Feature", "properties": {}, "geometry": {"type": "LineString", "coordinates": [[11.0359527, 50.9859866], [11.0360954, 50.9860296]]}}, {"type": "Feature", "properties": {}, "geometry": {"type": "LineString", "coordinates": [[11.0359527, 50.9859866], [11.0358744, 50.9859377]]}}, {"type": "Feature", "properties": {}, "geometry": {"type": "LineString", "coordinates": [[11.030963, 50.9877194], [11.0308359, 50.9877112]]}}, {"type": "Feature", "properties": {}, "geometry": {"type": "LineString", "coordinates": [[11.030963, 50.9877194], [11.0309891, 50.9877358]]}}, {"type": "Feature", "properties": {}, "geometry": {"type": "LineString", "coordinates": [[11.030963, 50.9877194], [11.0311391, 50.9877599]]}}, {"type": "Feature", "properties": {}, "geometry": {"type": "LineString", "coordinates": [[11.0311145, 50.9877435], [11.0309891, 50.9877358]]}}, {"type": "Feature", "properties": {}, "geometry": {"type": "LineString", "coordinates": [[11.0311145, 50.9877435], [11.0311391, 50.9877599]]}}, {"type": "Feature", "properties": {}, "geometry": {"type": "LineString", "coordinates": [[11.0311145, 50.9877435], [11.031287, 50.9877851]]}}, {"type": "Feature", "properties": {}, "geometry": {"type": "LineString", "coordinates": [[11.0314081, 50.9877788], [11.0314721, 50.9876511]]}}, {"type": "Feature", "properties": {}, "geometry": {"type": "LineString", "coordinates": [[11.0314081, 50.9877788], [11.031287, 50.9877851]]}}, {"type": "Feature", "properties": {}, "geometry": {"type": "LineString", "coordinates": [[11.0314081, 50.9877788], [11.0314202, 50.9877962]]}}, {"type": "Feature", "properties": {}, "geometry": {"type": "LineString", "coordinates": [[11.0337879, 50.9863158], [11.0338332, 50.9861733]]}}, {"type": "Feature", "properties": {}, "geometry": {"type": "LineString", "coordinates": [[11.0337879, 50.9863158], [11.0337647, 50.9863277]]}}, {"type": "Feature", "properties": {}, "geometry": {"type": "LineString", "coordinates": [[11.0337879, 50.9863158], [11.0340479, 50.9864624]]}}, {"type": "Feature", "properties": {}, "geometry": {"type": "LineString", "coordinates": [[11.0330536, 50.9867985], [11.0330803, 50.9866877]]}}, {"type": "Feature", "properties": {}, "geometry": {"type": "LineString", "coordinates": [[11.0330536, 50.9867985], [11.0330334, 50.9868116]]}}, {"type": "Feature", "properties": {}, "geometry": {"type": "LineString", "coordinates": [[11.0330536, 50.9867985], [11.0329514, 50.9869338]]}}, {"type": "Feature", "properties": {}, "geometry": {"type": "LineString", "coordinates": [[11.0341206, 50.9861937], [11.0340967, 50.9862042]]}}, {"type": "Feature", "properties": {}, "geometry": {"type": "LineString", "coordinates": [[11.0341206, 50.9861937], [11.0342997, 50.9862358]]}}, {"type": "Feature", "properties": {}, "geometry": {"type": "LineString", "coordinates": [[11.0341206, 50.9861937], [11.0338332, 50.9861733]]}}, {"type": "Feature", "properties": {}, "geometry": {"type": "LineString", "coordinates": [[11.0334793, 50.9881216], [11.0332428, 50.9880864]]}}, {"type": "Feature", "properties": {}, "geometry": {"type": "LineString", "coordinates": [[11.0334793, 50.9881216], [11.033478, 50.9881215]]}}, {"type": "Feature", "properties": {}, "geometry": {"type": "LineString", "coordinates": [[11.0334793, 50.9881216], [11.0336974, 50.9881574]]}}, {"type": "Feature", "properties": {}, "geometry": {"type": "LineString", "coordinates": [[11.0347235, 50.9883183], [11.0345761, 50.9882976]]}}, {"type": "Feature", "properties": {}, "geometry": {"type": "LineString", "coordinates": [[11.0347235, 50.9883183], [11.0347223, 50.9883209]]}}, {"type": "Feature", "properties": {}, "geometry": {"type": "LineString", "coordinates": [[11.0347235, 50.9883183], [11.0349017, 50.9883488]]}}, {"type": "Feature", "properties": {}, "geometry": {"type": "LineString", "coordinates": [[11.0336716, 50.9879523], [11.0335593, 50.9879262]]}}, {"type": "Feature", "properties": {}, "geometry": {"type": "LineString", "coordinates": [[11.0336716, 50.9879523], [11.0335384, 50.9879839]]}}, {"type": "Feature", "properties": {}, "geometry": {"type": "LineString", "coordinates": [[11.0336716, 50.9879523], [11.0335141, 50.9880427]]}}, {"type": "Feature", "properties": {}, "geometry": {"type": "LineString", "coordinates": [[11.0319491, 50.9874339], [11.0320279, 50.9873236]]}}, {"type": "Feature", "properties": {}, "geometry": {"type": "LineString", "coordinates": [[11.0319491, 50.9874339], [11.0319799, 50.9874537]]}}, {"type": "Feature", "properties": {}, "geometry": {"type": "LineString", "coordinates": [[11.0319491, 50.9874339], [11.0319297, 50.987581]]}}, {"type": "Feature", "properties": {}, "geometry": {"type": "LineString", "coordinates": [[11.0374182, 50.9870083], [11.0374213, 50.986821]]}}, {"type": "Feature", "properties": {}, "geometry": {"type": "LineString", "coordinates": [[11.0332414, 50.9880884], [11.0332428, 50.9880864]]}}, {"type": "Feature", "properties": {}, "geometry": {"type": "LineString", "coordinates": [[11.0332414, 50.9880884], [11.033478, 50.9881215]]}}, {"type": "Feature", "properties": {}, "geometry": {"type": "LineString", "coordinates": [[11.0334858, 50.9879643], [11.0335593, 50.9879262]]}}, {"type": "Feature", "properties": {}, "geometry": {"type": "LineString", "coordinates": [[11.0334858, 50.9879643], [11.0335384, 50.9879839]]}}, {"type": "Feature", "properties": {}, "geometry": {"type": "LineString", "coordinates": [[11.0334858, 50.9879643], [11.033414, 50.9879964]]}}, {"type": "Feature", "properties": {}, "geometry": {"type": "LineString", "coordinates": [[11.0339966, 50.9882029], [11.0339904, 50.9882026]]}}, {"type": "Feature", "properties": {}, "geometry": {"type": "LineString", "coordinates": [[11.0339966, 50.9882029], [11.0341336, 50.9882255]]}}, {"type": "Feature", "properties": {}, "geometry": {"type": "LineString", "coordinates": [[11.0339966, 50.9882029], [11.0338411, 50.9881784]]}}, {"type": "Feature", "properties": {}, "geometry": {"type": "LineString", "coordinates": [[11.0345762, 50.9882952], [11.0344283, 50.9882736]]}}, {"type": "Feature", "properties": {}, "geometry": {"type": "LineString", "coordinates": [[11.0345762, 50.9882952], [11.0345761, 50.9882976]]}}, {"type": "Feature", "properties": {}, "geometry": {"type": "LineString", "coordinates": [[11.0345762, 50.9882952], [11.0347223, 50.9883209]]}}, {"type": "Feature", "properties": {}, "geometry": {"type": "LineString", "coordinates": [[11.0358029, 50.9864546], [11.0357936, 50.986465]]}}, {"type": "Feature", "properties": {}, "geometry": {"type": "LineString", "coordinates": [[11.0358029, 50.9864546], [11.0360325, 50.9865152]]}}, {"type": "Feature", "properties": {}, "geometry": {"type": "LineString", "coordinates": [[11.0358029, 50.9864546], [11.0355907, 50.986445]]}}, {"type": "Feature", "properties": {}, "geometry": {"type": "LineString", "coordinates": [[11.0326551, 50.9878142], [11.0326872, 50.9878362]]}}, {"type": "Feature", "properties": {}, "geometry": {"type": "LineString", "coordinates": [[11.0326551, 50.9878142], [11.0327342, 50.9877248]]}}, {"type": "Feature", "properties": {}, "geometry": {"type": "LineString", "coordinates": [[11.0326551, 50.9878142], [11.0326607, 50.9879874]]}}, {"type": "Feature", "properties": {}, "geometry": {"type": "LineString", "coordinates": [[11.0321086, 50.9870512], [11.0321436, 50.9870655]]}}, {"type": "Feature", "properties": {}, "geometry": {"type": "LineString", "coordinates": [[11.0321086, 50.9870512], [11.0320734, 50.9872106]]}}, {"type": "Feature", "properties": {}, "geometry": {"type": "LineString", "coordinates": [[11.0321086, 50.9870512], [11.0323831, 50.9870832]]}}, {"type": "Feature", "properties": {}, "geometry": {"type": "LineString", "coordinates": [[11.0347749, 50.9877972], [11.0347845, 50.9877897]]}}, {"type": "Feature", "properties": {}, "geometry": {"type": "LineString", "coordinates": [[11.0347749, 50.9877972], [11.0345713, 50.9877977]]}}, {"type": "Feature", "properties": {}, "geometry": {"type": "LineString", "coordinates": [[11.0347749, 50.9877972], [11.0347651, 50.9878545]]}}, {"type": "Feature", "properties": {}, "geometry": {"type": "LineString", "coordinates": [[11.0351957, 50.9872381], [11.0352564, 50.9871831]]}}, {"type": "Feature", "properties": {}, "geometry": {"type": "LineString", "coordinates": [[11.0351957, 50.9872381], [11.0349847, 50.987249]]}}, {"type": "Feature", "properties": {}, "geometry": {"type": "LineString", "coordinates": [[11.0351957, 50.9872381], [11.0351704, 50.9872827]]}}, {"type": "Feature", "properties": {}, "geometry": {"type": "LineString", "coordinates": [[11.0349918, 50.988212], [11.0349964, 50.9882164]]}}, {"type": "Feature", "properties": {}, "geometry": {"type": "LineString", "coordinates": [[11.0349918, 50.988212], [11.0351159, 50.988022]]}}, {"type": "Feature", "properties": {}, "geometry": {"type": "LineString", "coordinates": [[11.0349512, 50.986901], [11.0350241, 50.9867891]]}}, {"type": "Feature", "properties": {}, "geometry": {"type": "LineString", "coordinates": [[11.0349512, 50.986901], [11.0349462, 50.9869167]]}}, {"type": "Feature", "properties": {}, "geometry": {"type": "LineString", "coordinates": [[11.0349512, 50.986901], [11.0348879, 50.9870365]]}}, {"type": "Feature", "properties": {}, "geometry": {"type": "LineString", "coordinates": [[11.0320305, 50.9864403], [11.0321983, 50.9863996]]}}, {"type": "Feature", "properties": {}, "geometry": {"type": "LineString", "coordinates": [[11.0320305, 50.9864403], [11.0319989, 50.986451]]}}, {"type": "Feature", "properties": {}, "geometry": {"type": "LineString", "coordinates": [[11.0320305, 50.9864403], [11.0317927, 50.9865065]]}}, {"type": "Feature", "properties": {}, "geometry": {"type": "LineString", "coordinates": [[11.0315036, 50.9874954], [11.0315139, 50.9875051]]}}, {"type": "Feature", "properties": {}, "geometry": {"type": "LineString", "coordinates": [[11.0315036, 50.9874954], [11.0314721, 50.9876511]]}}, {"type": "Feature", "properties": {}, "geometry": {"type": "LineString", "coordinates": [[11.0315036, 50.9874954], [11.0315683, 50.9873768]]}}, {"type": "Feature", "properties": {}, "geometry": {"type": "LineString", "coordinates": [[11.0340758, 50.9870894], [11.0340683, 50.9871039]]}}, {"type": "Feature", "properties": {}, "geometry": {"type": "LineString", "coordinates": [[11.0340758, 50.9870894], [11.03388, 50.9870741]]}}, {"type": "Feature", "properties": {}, "geometry": {"type": "LineString", "coordinates": [[11.0340758, 50.9870894], [11.034252, 50.9871352]]}}, {"type": "Feature", "properties": {}, "geometry": {"type": "LineString", "coordinates": [[11.0327177, 50.9871257], [11.032565, 50.9871252]]}}, {"type": "Feature", "properties": {}, "geometry": {"type": "LineString", "coordinates": [[11.0327177, 50.9871257], [11.0327576, 50.9871469]]}}, {"type": "Feature", "properties": {}, "geometry": {"type": "LineString", "coordinates": [[11.0327177, 50.9871257], [11.0329491, 50.9872015]]}}, {"type": "Feature", "properties": {}, "geometry": {"type": "LineString", "coordinates": [[11.0356371, 50.9871464], [11.0357138, 50.9870404]]}}, {"type": "Feature", "properties": {}, "geometry": {"type": "LineString", "coordinates": [[11.0356371, 50.9871464], [11.0356327, 50.9871632]]}}, {"type": "Feature", "properties": {}, "geometry": {"type": "LineString", "coordinates": [[11.0356371, 50.9871464], [11.0355569, 50.9873204]]}}, {"type": "Feature", "properties": {}, "geometry": {"type": "LineString", "coordinates": [[11.0322848, 50.9868001], [11.032258, 50.9868143]]}}, {"type": "Feature", "properties": {}, "geometry": {"type": "LineString", "coordinates": [[11.0322848, 50.9868001], [11.0324808, 50.9868526]]}}, {"type": "Feature", "properties": {}, "geometry": {"type": "LineString", "coordinates": [[11.0322848, 50.9868001], [11.0320345, 50.9867787]]}}, {"type": "Feature", "properties": {}, "geometry": {"type": "LineString", "coordinates": [[11.0350462, 50.9866589], [11.035115, 50.9865408]]}}, {"type": "Feature", "properties": {}, "geometry": {"type": "LineString", "coordinates": [[11.0350462, 50.9866589], [11.0350477, 50.9866716]]}}, {"type": "Feature", "properties": {}, "geometry": {"type": "LineString", "coordinates": [[11.0350462, 50.9866589], [11.0350241, 50.9867891]]}}, {"type": "Feature", "properties": {}, "geometry": {"type": "LineString", "coordinates": [[11.0338494, 50.9861638], [11.0338332, 50.9861733]]}}, {"type": "Feature", "properties": {}, "geometry": {"type": "LineString", "coordinates": [[11.0338494, 50.9861638], [11.0340967, 50.9862042]]}}, {"type": "Feature", "properties": {}, "geometry": {"type": "LineString", "coordinates": [[11.0338494, 50.9861638], [11.0337647, 50.9863277]]}}, {"type": "Feature", "properties": {}, "geometry": {"type": "LineString", "coordinates": [[11.0315554, 50.9873676], [11.0315683, 50.9873768]]}}, {"type": "Feature", "properties": {}, "geometry": {"type": "LineString", "coordinates": [[11.0315554, 50.9873676], [11.0316105, 50.9872498]]}}, {"type": "Feature", "properties": {}, "geometry": {"type": "LineString", "coordinates": [[11.0315554, 50.9873676], [11.0315139, 50.9875051]]}}, {"type": "Feature", "properties": {}, "geometry": {"type": "LineString", "coordinates": [[11.0352366, 50.987805], [11.0352366, 50.9878267]]}}, {"type": "Feature", "properties": {}, "geometry": {"type": "LineString", "coordinates": [[11.0314229, 50.9869207], [11.0312814, 50.9869072]]}}, {"type": "Feature", "properties": {}, "geometry": {"type": "LineString", "coordinates": [[11.0314229, 50.9869207], [11.0314483, 50.9869356]]}}, {"type": "Feature", "properties": {}, "geometry": {"type": "LineString", "coordinates": [[11.0329048, 50.9871816], [11.0327576, 50.9871469]]}}, {"type": "Feature", "properties": {}, "geometry": {"type": "LineString", "coordinates": [[11.0329048, 50.9871816], [11.0329491, 50.9872015]]}}, {"type": "Feature", "properties": {}, "geometry": {"type": "LineString", "coordinates": [[11.0329048, 50.9871816], [11.0328817, 50.9873555]]}}, {"type": "Feature", "properties": {}, "geometry": {"type": "LineString", "coordinates": [[11.0315743, 50.9865451], [11.0317927, 50.9865065]]}}, {"type": "Feature", "properties": {}, "geometry": {"type": "LineString", "coordinates": [[11.0315743, 50.9865451], [11.0315327, 50.9865559]]}}, {"type": "Feature", "properties": {}, "geometry": {"type": "LineString", "coordinates": [[11.0315743, 50.9865451], [11.0315202, 50.9867108]]}}, {"type": "Feature", "properties": {}, "geometry": {"type": "LineString", "coordinates": [[11.0319975, 50.9873069], [11.0320279, 50.9873236]]}}, {"type": "Feature", "properties": {}, "geometry": {"type": "LineString", "coordinates": [[11.0319975, 50.9873069], [11.0320734, 50.9872106]]}}, {"type": "Feature", "properties": {}, "geometry": {"type": "LineString", "coordinates": [[11.0319975, 50.9873069], [11.0319799, 50.9874537]]}}, {"type": "Feature", "properties": {}, "geometry": {"type": "LineString", "coordinates": [[11.0342057, 50.9854957], [11.0344071, 50.9854417]]}}, {"type": "Feature", "properties": {}, "geometry": {"type": "LineString", "coordinates": [[11.0342057, 50.9854957], [11.0341819, 50.9854985]]}}, {"type": "Feature", "properties": {}, "geometry": {"type": "LineString", "coordinates": [[11.0358573, 50.9851132], [11.0357662, 50.9850397]]}}, {"type": "Feature", "properties": {}, "geometry": {"type": "LineString", "coordinates": [[11.0358573, 50.9851132], [11.0357936, 50.9851241]]}}, {"type": "Feature", "properties": {}, "geometry": {"type": "LineString", "coordinates": [[11.0358573, 50.9851132], [11.0356667, 50.9849792]]}}, {"type": "Feature", "properties": {}, "geometry": {"type": "LineString", "coordinates": [[11.0337715, 50.9879769], [11.0335593, 50.9879262]]}}, {"type": "Feature", "properties": {}, "geometry": {"type": "LineString", "coordinates": [[11.0337715, 50.9879769], [11.0335384, 50.9879839]]}}, {"type": "Feature", "properties": {}, "geometry": {"type": "LineString", "coordinates": [[11.0337715, 50.9879769], [11.0335141, 50.9880427]]}}, {"type": "Feature", "properties": {}, "geometry": {"type": "LineString", "coordinates": [[11.0357726, 50.9850386], [11.0356667, 50.9849792]]}}, {"type": "Feature", "properties": {}, "geometry": {"type": "LineString", "coordinates": [[11.0357726, 50.9850386], [11.0357662, 50.9850397]]}}, {"type": "Feature", "properties": {}, "geometry": {"type": "LineString", "coordinates": [[11.0357726, 50.9850386], [11.0357936, 50.9851241]]}}, {"type": "Feature", "properties": {}, "geometry": {"type": "LineString", "coordinates": [[11.0356826, 50.9851466], [11.0357662, 50.9850397]]}}, {"type": "Feature", "properties": {}, "geometry": {"type": "LineString", "coordinates": [[11.0356826, 50.9851466], [11.0357936, 50.9851241]]}}, {"type": "Feature", "properties": {}, "geometry": {"type": "LineString", "coordinates": [[11.0356826, 50.9851466], [11.0354566, 50.9851793]]}}, {"type": "Feature", "properties": {}, "geometry": {"type": "LineString", "coordinates": [[11.0277369, 50.9853819], [11.0277482, 50.9853809]]}}, {"type": "Feature", "properties": {}, "geometry": {"type": "LineString", "coordinates": [[11.0277369, 50.9853819], [11.0276125, 50.9853935]]}}, {"type": "Feature", "properties": {}, "geometry": {"type": "LineString", "coordinates": [[11.0277369, 50.9853819], [11.0277304, 50.9854588]]}}, {"type": "Feature", "properties": {}, "geometry": {"type": "LineString", "coordinates": [[11.0274298, 50.9859174], [11.0274103, 50.9859038]]}}, {"type": "Feature", "properties": {}, "geometry": {"type": "LineString", "coordinates": [[11.0274298, 50.9859174], [11.0276721, 50.9859429]]}}, {"type": "Feature", "properties": {}, "geometry": {"type": "LineString", "coordinates": [[11.0274298, 50.9859174], [11.027203, 50.985874]]}}, {"type": "Feature", "properties": {}, "geometry": {"type": "LineString", "coordinates": [[11.0279057, 50.9857171], [11.0277848, 50.9856854]]}}, {"type": "Feature", "properties": {}, "geometry": {"type": "LineString", "coordinates": [[11.0279057, 50.9857171], [11.0279696, 50.9857196]]}}, {"type": "Feature", "properties": {}, "geometry": {"type": "LineString", "coordinates": [[11.0279057, 50.9857171], [11.027967, 50.9858213]]}}, {"type": "Feature", "properties": {}, "geometry": {"type": "LineString", "coordinates": [[11.0285638, 50.9855121], [11.0286924, 50.9855088]]}}, {"type": "Feature", "properties": {}, "geometry": {"type": "LineString", "coordinates": [[11.0268808, 50.9852089], [11.0270762, 50.9851941]]}}, {"type": "Feature", "properties": {}, "geometry": {"type": "LineString", "coordinates": [[11.0268808, 50.9852089], [11.0268799, 50.9852117]]}}, {"type": "Feature", "properties": {}, "geometry": {"type": "LineString", "coordinates": [[11.0268808, 50.9852089], [11.026663, 50.9852312]]}}, {"type": "Feature", "properties": {}, "geometry": {"type": "LineString", "coordinates": [[11.0279699, 50.9851979], [11.027947, 50.9850936]]}}, {"type": "Feature", "properties": {}, "geometry": {"type": "LineString", "coordinates": [[11.0279699, 50.9851979], [11.0279744, 50.9852013]]}}, {"type": "Feature", "properties": {}, "geometry": {"type": "LineString", "coordinates": [[11.0279699, 50.9851979], [11.0279512, 50.9852925]]}}, {"type": "Feature", "properties": {}, "geometry": {"type": "LineString", "coordinates": [[11.0277811, 50.9854258], [11.0277482, 50.9853809]]}}, {"type": "Feature", "properties": {}, "geometry": {"type": "LineString", "coordinates": [[11.0277811, 50.9854258], [11.0277304, 50.9854588]]}}, {"type": "Feature", "properties": {}, "geometry": {"type": "LineString", "coordinates": [[11.0277811, 50.9854258], [11.0276125, 50.9853935]]}}, {"type": "Feature", "properties": {}, "geometry": {"type": "LineString", "coordinates": [[11.0279509, 50.9850875], [11.027947, 50.9850936]]}}, {"type": "Feature", "properties": {}, "geometry": {"type": "LineString", "coordinates": [[11.0279509, 50.9850875], [11.0276244, 50.9851073]]}}, {"type": "Feature", "properties": {}, "geometry": {"type": "LineString", "coordinates": [[11.0279509, 50.9850875], [11.0279744, 50.9852013]]}}, {"type": "Feature", "properties": {}, "geometry": {"type": "LineString", "coordinates": [[11.0279537, 50.9852939], [11.0279512, 50.9852925]]}}, {"type": "Feature", "properties": {}, "geometry": {"type": "LineString", "coordinates": [[11.0279537, 50.9852939], [11.0279489, 50.9854458]]}}, {"type": "Feature", "properties": {}, "geometry": {"type": "LineString", "coordinates": [[11.0279537, 50.9852939], [11.0279744, 50.9852013]]}}, {"type": "Feature", "properties": {}, "geometry": {"type": "LineString", "coordinates": [[11.0295581, 50.9850806], [11.0295666, 50.985035]]}}, {"type": "Feature", "properties": {}, "geometry": {"type": "LineString", "coordinates": [[11.0295581, 50.9850806], [11.0295524, 50.9851201]]}}, {"type": "Feature", "properties": {}, "geometry": {"type": "LineString", "coordinates": [[11.0295581, 50.9850806], [11.0295098, 50.9852052]]}}, {"type": "Feature", "properties": {}, "geometry": {"type": "LineString", "coordinates": [[11.025976, 50.9849925], [11.0259572, 50.9849887]]}}, {"type": "Feature", "properties": {}, "geometry": {"type": "LineString", "coordinates": [[11.0271511, 50.9854307], [11.0271365, 50.9853609]]}}, {"type": "Feature", "properties": {}, "geometry": {"type": "LineString", "coordinates": [[11.0271511, 50.9854307], [11.0271181, 50.9854465]]}}, {"type": "Feature", "properties": {}, "geometry": {"type": "LineString", "coordinates": [[11.029501, 50.9852033], [11.0295098, 50.9852052]]}}, {"type": "Feature", "properties": {}, "geometry": {"type": "LineString", "coordinates": [[11.029501, 50.9852033], [11.0295524, 50.9851201]]}}, {"type": "Feature", "properties": {}, "geometry": {"type": "LineString", "coordinates": [[11.029501, 50.9852033], [11.0295666, 50.985035]]}}, {"type": "Feature", "properties": {}, "geometry": {"type": "LineString", "coordinates": [[11.0294219, 50.9853712], [11.0294159, 50.9854316]]}}, {"type": "Feature", "properties": {}, "geometry": {"type": "LineString", "coordinates": [[11.0285552, 50.985711], [11.0285936, 50.9856924]]}}, {"type": "Feature", "properties": {}, "geometry": {"type": "LineString", "coordinates": [[11.0285552, 50.985711], [11.0286135, 50.9857602]]}}, {"type": "Feature", "properties": {}, "geometry": {"type": "LineString", "coordinates": [[11.0285552, 50.985711], [11.0284338, 50.9857843]]}}, {"type": "Feature", "properties": {}, "geometry": {"type": "LineString", "coordinates": [[11.0290767, 50.9852387], [11.0290774, 50.9852398]]}}, {"type": "Feature", "properties": {}, "geometry": {"type": "LineString", "coordinates": [[11.0290767, 50.9852387], [11.0291076, 50.985115]]}}, {"type": "Feature", "properties": {}, "geometry": {"type": "LineString", "coordinates": [[11.0284292, 50.9856196], [11.0285673, 50.9856141]]}}, {"type": "Feature", "properties": {}, "geometry": {"type": "LineString", "coordinates": [[11.0284292, 50.9856196], [11.0284298, 50.9856202]]}}, {"type": "Feature", "properties": {}, "geometry": {"type": "LineString", "coordinates": [[11.0284292, 50.9856196], [11.0285417, 50.9856416]]}}, {"type": "Feature", "properties": {}, "geometry": {"type": "LineString", "coordinates": [[11.0288605, 50.9856622], [11.0288933, 50.9856106]]}}, {"type": "Feature", "properties": {}, "geometry": {"type": "LineString", "coordinates": [[11.0288605, 50.9856622], [11.0288304, 50.9857066]]}}, {"type": "Feature", "properties": {}, "geometry": {"type": "LineString", "coordinates": [[11.0288605, 50.9856622], [11.0287639, 50.9858117]]}}, {"type": "Feature", "properties": {}, "geometry": {"type": "LineString", "coordinates": [[11.0284489, 50.9857948], [11.0286135, 50.9857602]]}}, {"type": "Feature", "properties": {}, "geometry": {"type": "LineString", "coordinates": [[11.0284489, 50.9857948], [11.0284338, 50.9857843]]}}, {"type": "Feature", "properties": {}, "geometry": {"type": "LineString", "coordinates": [[11.0284489, 50.9857948], [11.0285618, 50.9858423]]}}, {"type": "Feature", "properties": {}, "geometry": {"type": "LineString", "coordinates": [[11.0286184, 50.9857616], [11.0286135, 50.9857602]]}}, {"type": "Feature", "properties": {}, "geometry": {"type": "LineString", "coordinates": [[11.0286184, 50.9857616], [11.0287639, 50.9858117]]}}, {"type": "Feature", "properties": {}, "geometry": {"type": "LineString", "coordinates": [[11.0286184, 50.9857616], [11.0288304, 50.9857066]]}}, {"type": "Feature", "properties": {}, "geometry": {"type": "LineString", "coordinates": [[11.0295682, 50.9856182], [11.0295271, 50.9856365]]}}, {"type": "Feature", "properties": {}, "geometry": {"type": "LineString", "coordinates": [[11.0290174, 50.9851492], [11.0290774, 50.9852398]]}}, {"type": "Feature", "properties": {}, "geometry": {"type": "LineString", "coordinates": [[11.0290174, 50.9851492], [11.0291076, 50.985115]]}}, {"type": "Feature", "properties": {}, "geometry": {"type": "LineString", "coordinates": [[11.0267479, 50.9858347], [11.026728, 50.9858359]]}}, {"type": "Feature", "properties": {}, "geometry": {"type": "LineString", "coordinates": [[11.0267479, 50.9858347], [11.0269418, 50.9858543]]}}, {"type": "Feature", "properties": {}, "geometry": {"type": "LineString", "coordinates": [[11.0267479, 50.9858347], [11.0264614, 50.9858018]]}}, {"type": "Feature", "properties": {}, "geometry": {"type": "LineString", "coordinates": [[11.0286626, 50.9850107], [11.0286643, 50.9850034]]}}, {"type": "Feature", "properties": {}, "geometry": {"type": "LineString", "coordinates": [[11.0286626, 50.9850107], [11.028478, 50.9849757]]}}, {"type": "Feature", "properties": {}, "geometry": {"type": "LineString", "coordinates": [[11.0286626, 50.9850107], [11.0284546, 50.9851664]]}}, {"type": "Feature", "properties": {}, "geometry": {"type": "LineString", "coordinates": [[11.0285083, 50.9859428], [11.0284133, 50.9859447]]}}, {"type": "Feature", "properties": {}, "geometry": {"type": "LineString", "coordinates": [[11.0276, 50.9853982], [11.0277482, 50.9853809]]}}, {"type": "Feature", "properties": {}, "geometry": {"type": "LineString", "coordinates": [[11.0276, 50.9853982], [11.0276125, 50.9853935]]}}, {"type": "Feature", "properties": {}, "geometry": {"type": "LineString", "coordinates": [[11.0276, 50.9853982], [11.0277304, 50.9854588]]}}, {"type": "Feature", "properties": {}, "geometry": {"type": "LineString", "coordinates": [[11.0297072, 50.9850539], [11.0297086, 50.9850969]]}}, {"type": "Feature", "properties": {}, "geometry": {"type": "LineString", "coordinates": [[11.0297072, 50.9850539], [11.0297199, 50.9849746]]}}, {"type": "Feature", "properties": {}, "geometry": {"type": "LineString", "coordinates": [[11.0297072, 50.9850539], [11.0298384, 50.9850179]]}}, {"type": "Feature", "properties": {}, "geometry": {"type": "LineString", "coordinates": [[11.0264457, 50.9849621], [11.0264473, 50.98496]]}}, {"type": "Feature", "properties": {}, "geometry": {"type": "LineString", "coordinates": [[11.0271825, 50.9852538], [11.0270762, 50.9851941]]}}, {"type": "Feature", "properties": {}, "geometry": {"type": "LineString", "coordinates": [[11.0271825, 50.9852538], [11.027222, 50.9852193]]}}, {"type": "Feature", "properties": {}, "geometry": {"type": "LineString", "coordinates": [[11.0271825, 50.9852538], [11.0271365, 50.9853609]]}}, {"type": "Feature", "properties": {}, "geometry": {"type": "LineString", "coordinates": [[11.0301243, 50.9851876], [11.0300833, 50.9851084]]}}, {"type": "Feature", "properties": {}, "geometry": {"type": "LineString", "coordinates": [[11.0290936, 50.9851153], [11.0291076, 50.985115]]}}, {"type": "Feature", "properties": {}, "geometry": {"type": "LineString", "coordinates": [[11.0290936, 50.9851153], [11.0290774, 50.9852398]]}}, {"type": "Feature", "properties": {}, "geometry": {"type": "LineString", "coordinates": [[11.029698, 50.9850984], [11.0297086, 50.9850969]]}}, {"type": "Feature", "properties": {}, "geometry": {"type": "LineString", "coordinates": [[11.029698, 50.9850984], [11.0298303, 50.9851438]]}}, {"type": "Feature", "properties": {}, "geometry": {"type": "LineString", "coordinates": [[11.0276135, 50.9854991], [11.0277304, 50.9854588]]}}, {"type": "Feature", "properties": {}, "geometry": {"type": "LineString", "coordinates": [[11.0276135, 50.9854991], [11.027621, 50.9854918]]}}, {"type": "Feature", "properties": {}, "geometry": {"type": "LineString", "coordinates": [[11.0276135, 50.9854991], [11.0275959, 50.9856139]]}}, {"type": "Feature", "properties": {}, "geometry": {"type": "LineString", "coordinates": [[11.0386835, 50.9865273], [11.0387935, 50.9865683]]}}, {"type": "Feature", "properties": {}, "geometry": {"type": "LineString", "coordinates": [[11.0386835, 50.9865273], [11.0386134, 50.9866688]]}}, {"type": "Feature", "properties": {}, "geometry": {"type": "LineString", "coordinates": [[11.0228752, 50.9863795], [11.0228822, 50.9863809]]}}, {"type": "Feature", "properties": {}, "geometry": {"type": "LineString", "coordinates": [[11.0228752, 50.9863795], [11.0227395, 50.986477]]}}, {"type": "Feature", "properties": {}, "geometry": {"type": "LineString", "coordinates": [[11.0228752, 50.9863795], [11.023041, 50.98627]]}}, {"type": "Feature", "properties": {}, "geometry": {"type": "LineString", "coordinates": [[11.0198863, 50.9878088], [11.0200425, 50.9879278]]}}, {"type": "Feature", "properties": {}, "geometry": {"type": "LineString", "coordinates": [[11.0199828, 50.988069], [11.0199762, 50.9880772]]}}, {"type": "Feature", "properties": {}, "geometry": {"type": "LineString", "coordinates": [[11.0199828, 50.988069], [11.0199269, 50.9881727]]}}, {"type": "Feature", "properties": {}, "geometry": {"type": "LineString", "coordinates": [[11.0199828, 50.988069], [11.0200425, 50.9879278]]}}, {"type": "Feature", "properties": {}, "geometry": {"type": "LineString", "coordinates": [[11.0200392, 50.9879129], [11.0200425, 50.9879278]]}}, {"type": "Feature", "properties": {}, "geometry": {"type": "LineString", "coordinates": [[11.0200392, 50.9879129], [11.0199762, 50.9880772]]}}, {"type": "Feature", "properties": {}, "geometry": {"type": "LineString", "coordinates": [[11.0207528, 50.9874594], [11.0207695, 50.9874135]]}}, {"type": "Feature", "properties": {}, "geometry": {"type": "LineString", "coordinates": [[11.0199901, 50.9875511], [11.0199911, 50.9875814]]}}, {"type": "Feature", "properties": {}, "geometry": {"type": "LineString", "coordinates": [[11.0204984, 50.9870621], [11.0204882, 50.9870748]]}}, {"type": "Feature", "properties": {}, "geometry": {"type": "LineString", "coordinates": [[11.0204984, 50.9870621], [11.0204335, 50.9871855]]}}, {"type": "Feature", "properties": {}, "geometry": {"type": "LineString", "coordinates": [[11.0204984, 50.9870621], [11.0205329, 50.9869636]]}}, {"type": "Feature", "properties": {}, "geometry": {"type": "LineString", "coordinates": [[11.0209973, 50.987863], [11.0208826, 50.987848]]}}, {"type": "Feature", "properties": {}, "geometry": {"type": "LineString", "coordinates": [[11.021259, 50.9864734], [11.0212596, 50.9864673]]}}, {"type": "Feature", "properties": {}, "geometry": {"type": "LineString", "coordinates": [[11.021259, 50.9864734], [11.0211977, 50.9865888]]}}, {"type": "Feature", "properties": {}, "geometry": {"type": "LineString", "coordinates": [[11.0207809, 50.9865176], [11.0208343, 50.9864104]]}}, {"type": "Feature", "properties": {}, "geometry": {"type": "LineString", "coordinates": [[11.0207809, 50.9865176], [11.0207666, 50.9865263]]}}, {"type": "Feature", "properties": {}, "geometry": {"type": "LineString", "coordinates": [[11.0207809, 50.9865176], [11.0207103, 50.9866368]]}}, {"type": "Feature", "properties": {}, "geometry": {"type": "LineString", "coordinates": [[11.0203878, 50.9864188], [11.0204658, 50.9863234]]}}, {"type": "Feature", "properties": {}, "geometry": {"type": "LineString", "coordinates": [[11.0203878, 50.9864188], [11.0203654, 50.9864303]]}}, {"type": "Feature", "properties": {}, "geometry": {"type": "LineString", "coordinates": [[11.0203878, 50.9864188], [11.0202652, 50.9865333]]}}, {"type": "Feature", "properties": {}, "geometry": {"type": "LineString", "coordinates": [[11.0211212, 50.9870522], [11.0211063, 50.987062]]}}, {"type": "Feature", "properties": {}, "geometry": {"type": "LineString", "coordinates": [[11.0212975, 50.9870877], [11.0211063, 50.987062]]}}, {"type": "Feature", "properties": {}, "geometry": {"type": "LineString", "coordinates": [[11.0198947, 50.9862175], [11.0199964, 50.9861339]]}}, {"type": "Feature", "properties": {}, "geometry": {"type": "LineString", "coordinates": [[11.0198947, 50.9862175], [11.0198688, 50.9862286]]}}, {"type": "Feature", "properties": {}, "geometry": {"type": "LineString", "coordinates": [[11.0199279, 50.9855333], [11.0199066, 50.9855374]]}}, {"type": "Feature", "properties": {}, "geometry": {"type": "LineString", "coordinates": [[11.0199279, 50.9855333], [11.0200145, 50.9856163]]}}, {"type": "Feature", "properties": {}, "geometry": {"type": "LineString", "coordinates": [[11.0200377, 50.9856104], [11.0200145, 50.9856163]]}}, {"type": "Feature", "properties": {}, "geometry": {"type": "LineString", "coordinates": [[11.0200377, 50.9856104], [11.0201405, 50.9856941]]}}, {"type": "Feature", "properties": {}, "geometry": {"type": "LineString", "coordinates": [[11.0200377, 50.9856104], [11.0199066, 50.9855374]]}}, {"type": "Feature", "properties": {}, "geometry": {"type": "LineString", "coordinates": [[11.0206945, 50.9875717], [11.0207695, 50.9874135]]}}, {"type": "Feature", "properties": {}, "geometry": {"type": "LineString", "coordinates": [[11.0208302, 50.986138], [11.0206786, 50.9860992]]}}, {"type": "Feature", "properties": {}, "geometry": {"type": "LineString", "coordinates": [[11.0208302, 50.986138], [11.0208153, 50.9861424]]}}, {"type": "Feature", "properties": {}, "geometry": {"type": "LineString", "coordinates": [[11.0208302, 50.986138], [11.0209208, 50.9862571]]}}, {"type": "Feature", "properties": {}, "geometry": {"type": "LineString", "coordinates": [[11.0205217, 50.9861829], [11.0205729, 50.986219]]}}, {"type": "Feature", "properties": {}, "geometry": {"type": "LineString", "coordinates": [[11.0212466, 50.9855648], [11.0212387, 50.9855662]]}}, {"type": "Feature", "properties": {}, "geometry": {"type": "LineString", "coordinates": [[11.0212466, 50.9855648], [11.0211392, 50.9856588]]}}, {"type": "Feature", "properties": {}, "geometry": {"type": "LineString", "coordinates": [[11.0212466, 50.9855648], [11.0213292, 50.9854698]]}}, {"type": "Feature", "properties": {}, "geometry": {"type": "LineString", "coordinates": [[11.0214764, 50.9853372], [11.0214657, 50.9853355]]}}, {"type": "Feature", "properties": {}, "geometry": {"type": "LineString", "coordinates": [[11.0214764, 50.9853372], [11.021641, 50.9853728]]}}, {"type": "Feature", "properties": {}, "geometry": {"type": "LineString", "coordinates": [[11.0214764, 50.9853372], [11.0213292, 50.9854698]]}}, {"type": "Feature", "properties": {}, "geometry": {"type": "LineString", "coordinates": [[11.0203923, 50.9851918], [11.0203856, 50.9851902]]}}, {"type": "Feature", "properties": {}, "geometry": {"type": "LineString", "coordinates": [[11.0203923, 50.9851918], [11.0204542, 50.9853045]]}}, {"type": "Feature", "properties": {}, "geometry": {"type": "LineString", "coordinates": [[11.0203923, 50.9851918], [11.0203315, 50.985085]]}}, {"type": "Feature", "properties": {}, "geometry": {"type": "LineString", "coordinates": [[11.0205293, 50.9854111], [11.0205001, 50.9854109]]}}, {"type": "Feature", "properties": {}, "geometry": {"type": "LineString", "coordinates": [[11.0205293, 50.9854111], [11.0205517, 50.9855773]]}}, {"type": "Feature", "properties": {}, "geometry": {"type": "LineString", "coordinates": [[11.0205293, 50.9854111], [11.0204542, 50.9853045]]}}, {"type": "Feature", "properties": {}, "geometry": {"type": "LineString", "coordinates": [[11.0211454, 50.9856627], [11.0211392, 50.9856588]]}}, {"type": "Feature", "properties": {}, "geometry": {"type": "LineString", "coordinates": [[11.0211454, 50.9856627], [11.0212494, 50.9857615]]}}, {"type": "Feature", "properties": {}, "geometry": {"type": "LineString", "coordinates": [[11.0212562, 50.9858881], [11.0212518, 50.9858787]]}}, {"type": "Feature", "properties": {}, "geometry": {"type": "LineString", "coordinates": [[11.0212562, 50.9858881], [11.0213031, 50.9859659]]}}, {"type": "Feature", "properties": {}, "geometry": {"type": "LineString", "coordinates": [[11.0212562, 50.9858881], [11.0212494, 50.9857615]]}}, {"type": "Feature", "properties": {}, "geometry": {"type": "LineString", "coordinates": [[11.0199629, 50.9851799], [11.0199356, 50.9851777]]}}, {"type": "Feature", "properties": {}, "geometry": {"type": "LineString", "coordinates": [[11.0199629, 50.9851799], [11.0200438, 50.9852474]]}}, {"type": "Feature", "properties": {}, "geometry": {"type": "LineString", "coordinates": [[11.0200662, 50.9852502], [11.0200438, 50.9852474]]}}, {"type": "Feature", "properties": {}, "geometry": {"type": "LineString", "coordinates": [[11.0200662, 50.9852502], [11.02015, 50.9853184]]}}, {"type": "Feature", "properties": {}, "geometry": {"type": "LineString", "coordinates": [[11.0200662, 50.9852502], [11.0199356, 50.9851777]]}}, {"type": "Feature", "properties": {}, "geometry": {"type": "LineString", "coordinates": [[11.0224857, 50.9849939], [11.0224785, 50.9849916]]}}, {"type": "Feature", "properties": {}, "geometry": {"type": "LineString", "coordinates": [[11.0201712, 50.9853224], [11.02015, 50.9853184]]}}, {"type": "Feature", "properties": {}, "geometry": {"type": "LineString", "coordinates": [[11.0201712, 50.9853224], [11.0202498, 50.9853924]]}}, {"type": "Feature", "properties": {}, "geometry": {"type": "LineString", "coordinates": [[11.0201712, 50.9853224], [11.0200438, 50.9852474]]}}, {"type": "Feature", "properties": {}, "geometry": {"type": "LineString", "coordinates": [[11.022274, 50.9870093], [11.0222718, 50.9870299]]}}, {"type": "Feature", "properties": {}, "geometry": {"type": "LineString", "coordinates": [[11.0225174, 50.9865698], [11.0222371, 50.986463]]}}, {"type": "Feature", "properties": {}, "geometry": {"type": "LineString", "coordinates": [[11.0225174, 50.9865698], [11.0225294, 50.986569]]}}, {"type": "Feature", "properties": {}, "geometry": {"type": "LineString", "coordinates": [[11.0225174, 50.9865698], [11.0227395, 50.986477]]}}, {"type": "Feature", "properties": {}, "geometry": {"type": "LineString", "coordinates": [[11.0234112, 50.9853962], [11.0233218, 50.9852827]]}}, {"type": "Feature", "properties": {}, "geometry": {"type": "LineString", "coordinates": [[11.0234112, 50.9853962], [11.0234139, 50.9853976]]}}, {"type": "Feature", "properties": {}, "geometry": {"type": "LineString", "coordinates": [[11.0234112, 50.9853962], [11.0234692, 50.9855225]]}}, {"type": "Feature", "properties": {}, "geometry": {"type": "LineString", "coordinates": [[11.0233366, 50.9852726], [11.0233218, 50.9852827]]}}, {"type": "Feature", "properties": {}, "geometry": {"type": "LineString", "coordinates": [[11.0231559, 50.9859156], [11.0231622, 50.985919]]}}, {"type": "Feature", "properties": {}, "geometry": {"type": "LineString", "coordinates": [[11.0231559, 50.9859156], [11.0233216, 50.9860385]]}}, {"type": "Feature", "properties": {}, "geometry": {"type": "LineString", "coordinates": [[11.0231559, 50.9859156], [11.0230556, 50.9858197]]}}, {"type": "Feature", "properties": {}, "geometry": {"type": "LineString", "coordinates": [[11.0258215, 50.9851076], [11.0258204, 50.9851168]]}}, {"type": "Feature", "properties": {}, "geometry": {"type": "LineString", "coordinates": [[11.0258215, 50.9851076], [11.0256323, 50.9851563]]}}, {"type": "Feature", "properties": {}, "geometry": {"type": "LineString", "coordinates": [[11.0252943, 50.985275], [11.0254942, 50.9852012]]}}, {"type": "Feature", "properties": {}, "geometry": {"type": "LineString", "coordinates": [[11.0252943, 50.985275], [11.0252969, 50.9852708]]}}, {"type": "Feature", "properties": {}, "geometry": {"type": "LineString", "coordinates": [[11.0252943, 50.985275], [11.0250886, 50.9851656]]}}, {"type": "Feature", "properties": {}, "geometry": {"type": "LineString", "coordinates": [[11.0248979, 50.985092], [11.0249016, 50.9850762]]}}, {"type": "Feature", "properties": {}, "geometry": {"type": "LineString", "coordinates": [[11.0248979, 50.985092], [11.0250886, 50.9851656]]}}, {"type": "Feature", "properties": {}, "geometry": {"type": "LineString", "coordinates": [[11.0248979, 50.985092], [11.0247113, 50.9849937]]}}, {"type": "Feature", "properties": {}, "geometry": {"type": "LineString", "coordinates": [[11.0233253, 50.9860276], [11.0231622, 50.985919]]}}, {"type": "Feature", "properties": {}, "geometry": {"type": "LineString", "coordinates": [[11.0233253, 50.9860276], [11.0235133, 50.9859732]]}}, {"type": "Feature", "properties": {}, "geometry": {"type": "LineString", "coordinates": [[11.0233253, 50.9860276], [11.0233216, 50.9860385]]}}, {"type": "Feature", "properties": {}, "geometry": {"type": "LineString", "coordinates": [[11.0244753, 50.9854756], [11.0244603, 50.9854482]]}}, {"type": "Feature", "properties": {}, "geometry": {"type": "LineString", "coordinates": [[11.0466246, 51.0025987], [11.0466125, 51.002601]]}}, {"type": "Feature", "properties": {}, "geometry": {"type": "LineString", "coordinates": [[11.0446953, 51.0026399], [11.0447017, 51.0026371]]}}, {"type": "Feature", "properties": {}, "geometry": {"type": "LineString", "coordinates": [[11.0419237, 51.0018368], [11.0419569, 51.0018297]]}}, {"type": "Feature", "properties": {}, "geometry": {"type": "LineString", "coordinates": [[11.048392, 51.0016797], [11.0483933, 51.0016792]]}}, {"type": "Feature", "properties": {}, "geometry": {"type": "LineString", "coordinates": [[11.0479367, 51.0024081], [11.0479378, 51.0024278]]}}, {"type": "Feature", "properties": {}, "geometry": {"type": "LineString", "coordinates": [[11.0477754, 51.0028551], [11.0477707, 51.0028558]]}}, {"type": "Feature", "properties": {}, "geometry": {"type": "LineString", "coordinates": [[11.0470682, 51.0021526], [11.0470654, 51.0021516]]}}, {"type": "Feature", "properties": {}, "geometry": {"type": "LineString", "coordinates": [[11.0444035, 51.0018508], [11.0443874, 51.0018555]]}}, {"type": "Feature", "properties": {}, "geometry": {"type": "LineString", "coordinates": [[11.0444035, 51.0018508], [11.0444248, 51.0019003]]}}, {"type": "Feature", "properties": {}, "geometry": {"type": "LineString", "coordinates": [[11.0470045, 51.0001546], [11.0470184, 51.000093]]}}, {"type": "Feature", "properties": {}, "geometry": {"type": "LineString", "coordinates": [[11.0478522, 51.0022311], [11.047852, 51.0022282]]}}, {"type": "Feature", "properties": {}, "geometry": {"type": "LineString", "coordinates": [[11.0483396, 51.0028747], [11.0483354, 51.0028789]]}}, {"type": "Feature", "properties": {}, "geometry": {"type": "LineString", "coordinates": [[11.0464766, 51.0021912], [11.046499, 51.0021874]]}}, {"type": "Feature", "properties": {}, "geometry": {"type": "LineString", "coordinates": [[11.0464766, 51.0021912], [11.0464706, 51.0022264]]}}, {"type": "Feature", "properties": {}, "geometry": {"type": "LineString", "coordinates": [[11.0464766, 51.0021912], [11.0465766, 51.0022098]]}}, {"type": "Feature", "properties": {}, "geometry": {"type": "LineString", "coordinates": [[11.0466345, 51.0020525], [11.0466393, 51.0020457]]}}, {"type": "Feature", "properties": {}, "geometry": {"type": "LineString", "coordinates": [[11.0476594, 51.0025143], [11.0476341, 51.0025126]]}}, {"type": "Feature", "properties": {}, "geometry": {"type": "LineString", "coordinates": [[11.0443051, 51.0021665], [11.0442976, 51.0021709]]}}, {"type": "Feature", "properties": {}, "geometry": {"type": "LineString", "coordinates": [[11.0483239, 51.0029591], [11.048269, 51.0029536]]}}, {"type": "Feature", "properties": {}, "geometry": {"type": "LineString", "coordinates": [[11.0453381, 51.0014697], [11.045349, 51.0014657]]}}, {"type": "Feature", "properties": {}, "geometry": {"type": "LineString", "coordinates": [[11.0466475, 51.0017225], [11.0466557, 51.001724]]}}, {"type": "Feature", "properties": {}, "geometry": {"type": "LineString", "coordinates": [[11.0462924, 51.0021562], [11.0462968, 51.0021593]]}}, {"type": "Feature", "properties": {}, "geometry": {"type": "LineString", "coordinates": [[11.0462924, 51.0021562], [11.0461654, 51.0021984]]}}, {"type": "Feature", "properties": {}, "geometry": {"type": "LineString", "coordinates": [[11.0480573, 51.002525], [11.0479378, 51.0024278]]}}, {"type": "Feature", "properties": {}, "geometry": {"type": "LineString", "coordinates": [[11.0479233, 51.0024656], [11.0479378, 51.0024278]]}}, {"type": "Feature", "properties": {}, "geometry": {"type": "LineString", "coordinates": [[11.046644, 51.0022577], [11.0465766, 51.0022098]]}}, {"type": "Feature", "properties": {}, "geometry": {"type": "LineString", "coordinates": [[11.046644, 51.0022577], [11.0464706, 51.0022264]]}}, {"type": "Feature", "properties": {}, "geometry": {"type": "LineString", "coordinates": [[11.0466272, 51.0021602], [11.046499, 51.0021874]]}}, {"type": "Feature", "properties": {}, "geometry": {"type": "LineString", "coordinates": [[11.0466272, 51.0021602], [11.0465766, 51.0022098]]}}, {"type": "Feature", "properties": {}, "geometry": {"type": "LineString", "coordinates": [[11.0461673, 51.002058], [11.0462212, 51.0019924]]}}, {"type": "Feature", "properties": {}, "geometry": {"type": "LineString", "coordinates": [[11.0488773, 51.0020185], [11.0488813, 51.0020172]]}}, {"type": "Feature", "properties": {}, "geometry": {"type": "LineString", "coordinates": [[11.0461635, 51.0004062], [11.0461743, 51.000393]]}}, {"type": "Feature", "properties": {}, "geometry": {"type": "LineString", "coordinates": [[11.0456123, 51.0003009], [11.0454949, 51.0002728]]}}, {"type": "Feature", "properties": {}, "geometry": {"type": "LineString", "coordinates": [[11.0456123, 51.0003009], [11.0456179, 51.0002942]]}}, {"type": "Feature", "properties": {}, "geometry": {"type": "LineString", "coordinates": [[11.0456123, 51.0003009], [11.0455365, 51.0002057]]}}, {"type": "Feature", "properties": {}, "geometry": {"type": "LineString", "coordinates": [[11.0455424, 51.0002144], [11.0455365, 51.0002057]]}}, {"type": "Feature", "properties": {}, "geometry": {"type": "LineString", "coordinates": [[11.0455424, 51.0002144], [11.0456179, 51.0002942]]}}, {"type": "Feature", "properties": {}, "geometry": {"type": "LineString", "coordinates": [[11.0455424, 51.0002144], [11.0454949, 51.0002728]]}}, {"type": "Feature", "properties": {}, "geometry": {"type": "LineString", "coordinates": [[11.0469172, 51.0001017], [11.0470184, 51.000093]]}}, {"type": "Feature", "properties": {}, "geometry": {"type": "LineString", "coordinates": [[11.0412954, 50.9998594], [11.0412936, 50.9998575]]}}, {"type": "Feature", "properties": {}, "geometry": {"type": "LineString", "coordinates": [[11.0412954, 50.9998594], [11.0417547, 50.999891]]}}, {"type": "Feature", "properties": {}, "geometry": {"type": "LineString", "coordinates": [[11.0412954, 50.9998594], [11.0417232, 50.9997789]]}}, {"type": "Feature", "properties": {}, "geometry": {"type": "LineString", "coordinates": [[11.0459735, 51.00153], [11.0458879, 51.0015742]]}}, {"type": "Feature", "properties": {}, "geometry": {"type": "LineString", "coordinates": [[11.0459735, 51.00153], [11.045719, 51.0015446]]}}, {"type": "Feature", "properties": {}, "geometry": {"type": "LineString", "coordinates": [[11.0454166, 51.0014013], [11.045349, 51.0014657]]}}, {"type": "Feature", "properties": {}, "geometry": {"type": "LineString", "coordinates": [[11.0444669, 51.0012231], [11.0444344, 51.0012185]]}}, {"type": "Feature", "properties": {}, "geometry": {"type": "LineString", "coordinates": [[11.045816, 51.0008665], [11.0457209, 51.0008416]]}}, {"type": "Feature", "properties": {}, "geometry": {"type": "LineString", "coordinates": [[11.045816, 51.0008665], [11.0457028, 51.0008965]]}}, {"type": "Feature", "properties": {}, "geometry": {"type": "LineString", "coordinates": [[11.045816, 51.0008665], [11.0458792, 51.0008745]]}}, {"type": "Feature", "properties": {}, "geometry": {"type": "LineString", "coordinates": [[11.0407458, 50.9969671], [11.040753, 50.9969679]]}}, {"type": "Feature", "properties": {}, "geometry": {"type": "LineString", "coordinates": [[11.0407458, 50.9969671], [11.0407524, 50.9970105]]}}, {"type": "Feature", "properties": {}, "geometry": {"type": "LineString", "coordinates": [[11.0407458, 50.9969671], [11.0409982, 50.9970315]]}}, {"type": "Feature", "properties": {}, "geometry": {"type": "LineString", "coordinates": [[11.0412751, 50.9964931], [11.0412744, 50.9964914]]}}, {"type": "Feature", "properties": {}, "geometry": {"type": "LineString", "coordinates": [[11.0412751, 50.9964931], [11.0413106, 50.9963265]]}}, {"type": "Feature", "properties": {}, "geometry": {"type": "LineString", "coordinates": [[11.0484799, 51.0026699], [11.0484829, 51.0026776]]}}, {"type": "Feature", "properties": {}, "geometry": {"type": "LineString", "coordinates": [[11.0459295, 51.0024934], [11.0459299, 51.0025043]]}}, {"type": "Feature", "properties": {}, "geometry": {"type": "LineString", "coordinates": [[11.0448412, 51.0022681], [11.0448394, 51.0022706]]}}, {"type": "Feature", "properties": {}, "geometry": {"type": "LineString", "coordinates": [[11.0426367, 51.0017566], [11.0426378, 51.0017555]]}}, {"type": "Feature", "properties": {}, "geometry": {"type": "LineString", "coordinates": [[11.0469012, 51.0017811], [11.0469061, 51.0017831]]}}, {"type": "Feature", "properties": {}, "geometry": {"type": "LineString", "coordinates": [[11.0484633, 51.0016369], [11.0483933, 51.0016792]]}}, {"type": "Feature", "properties": {}, "geometry": {"type": "LineString", "coordinates": [[11.0459827, 51.002093], [11.0459733, 51.0021103]]}}, {"type": "Feature", "properties": {}, "geometry": {"type": "LineString", "coordinates": [[11.0451706, 51.0023536], [11.0451704, 51.002362]]}}, {"type": "Feature", "properties": {}, "geometry": {"type": "LineString", "coordinates": [[11.0474762, 51.0018556], [11.0475107, 51.001804]]}}, {"type": "Feature", "properties": {}, "geometry": {"type": "LineString", "coordinates": [[11.0474762, 51.0018556], [11.0474657, 51.0018676]]}}, {"type": "Feature", "properties": {}, "geometry": {"type": "LineString", "coordinates": [[11.0454808, 51.0013689], [11.045349, 51.0014657]]}}, {"type": "Feature", "properties": {}, "geometry": {"type": "LineString", "coordinates": [[11.0448633, 51.0004523], [11.044868, 51.0004525]]}}, {"type": "Feature", "properties": {}, "geometry": {"type": "LineString", "coordinates": [[11.0448633, 51.0004523], [11.0450453, 51.0004661]]}}, {"type": "Feature", "properties": {}, "geometry": {"type": "LineString", "coordinates": [[11.0462108, 51.0003504], [11.0461743, 51.000393]]}}, {"type": "Feature", "properties": {}, "geometry": {"type": "LineString", "coordinates": [[11.0417459, 50.9998725], [11.0417232, 50.9997789]]}}, {"type": "Feature", "properties": {}, "geometry": {"type": "LineString", "coordinates": [[11.0417459, 50.9998725], [11.0417547, 50.999891]]}}, {"type": "Feature", "properties": {}, "geometry": {"type": "LineString", "coordinates": [[11.0417459, 50.9998725], [11.0412936, 50.9998575]]}}, {"type": "Feature", "properties": {}, "geometry": {"type": "LineString", "coordinates": [[11.0467877, 51.0011002], [11.046767, 51.0010914]]}}, {"type": "Feature", "properties": {}, "geometry": {"type": "LineString", "coordinates": [[11.0465713, 51.001066], [11.0465752, 51.0010501]]}}, {"type": "Feature", "properties": {}, "geometry": {"type": "LineString", "coordinates": [[11.0465713, 51.001066], [11.0464256, 51.0010387]]}}, {"type": "Feature", "properties": {}, "geometry": {"type": "LineString", "coordinates": [[11.0467935, 51.001043], [11.0467818, 51.0010382]]}}, {"type": "Feature", "properties": {}, "geometry": {"type": "LineString", "coordinates": [[11.0462497, 51.0010105], [11.0462566, 51.0010051]]}}, {"type": "Feature", "properties": {}, "geometry": {"type": "LineString", "coordinates": [[11.0462497, 51.0010105], [11.0462661, 51.0009471]]}}, {"type": "Feature", "properties": {}, "geometry": {"type": "LineString", "coordinates": [[11.0466289, 51.0010197], [11.0466269, 51.0010226]]}}, {"type": "Feature", "properties": {}, "geometry": {"type": "LineString", "coordinates": [[11.0466289, 51.0010197], [11.0465752, 51.0010501]]}}, {"type": "Feature", "properties": {}, "geometry": {"type": "LineString", "coordinates": [[11.0448115, 51.0009584], [11.0448224, 51.0009597]]}}, {"type": "Feature", "properties": {}, "geometry": {"type": "LineString", "coordinates": [[11.0458865, 51.0008785], [11.0458792, 51.0008745]]}}, {"type": "Feature", "properties": {}, "geometry": {"type": "LineString", "coordinates": [[11.0458865, 51.0008785], [11.0458658, 51.0009252]]}}, {"type": "Feature", "properties": {}, "geometry": {"type": "LineString", "coordinates": [[11.0458865, 51.0008785], [11.0457209, 51.0008416]]}}, {"type": "Feature", "properties": {}, "geometry": {"type": "LineString", "coordinates": [[11.0455317, 51.0008578], [11.0455312, 51.0008568]]}}, {"type": "Feature", "properties": {}, "geometry": {"type": "LineString", "coordinates": [[11.0455317, 51.0008578], [11.0455128, 51.000792]]}}, {"type": "Feature", "properties": {}, "geometry": {"type": "LineString", "coordinates": [[11.0457273, 51.000842], [11.0457209, 51.0008416]]}}, {"type": "Feature", "properties": {}, "geometry": {"type": "LineString", "coordinates": [[11.0453238, 51.0007131], [11.0453448, 51.0007694]]}}, {"type": "Feature", "properties": {}, "geometry": {"type": "LineString", "coordinates": [[11.0403369, 50.997252], [11.0403173, 50.9972501]]}}, {"type": "Feature", "properties": {}, "geometry": {"type": "LineString", "coordinates": [[11.0403369, 50.997252], [11.0404059, 50.9972567]]}}, {"type": "Feature", "properties": {}, "geometry": {"type": "LineString", "coordinates": [[11.0409943, 50.9970331], [11.0409625, 50.99683]]}}, {"type": "Feature", "properties": {}, "geometry": {"type": "LineString", "coordinates": [[11.0409943, 50.9970331], [11.040753, 50.9969679]]}}, {"type": "Feature", "properties": {}, "geometry": {"type": "LineString", "coordinates": [[11.0409943, 50.9970331], [11.0407524, 50.9970105]]}}, {"type": "Feature", "properties": {}, "geometry": {"type": "LineString", "coordinates": [[11.0401179, 50.996744], [11.0401231, 50.9967438]]}}, {"type": "Feature", "properties": {}, "geometry": {"type": "LineString", "coordinates": [[11.0413108, 50.9963267], [11.0413106, 50.9963265]]}}, {"type": "Feature", "properties": {}, "geometry": {"type": "LineString", "coordinates": [[11.0413108, 50.9963267], [11.0412744, 50.9964914]]}}, {"type": "Feature", "properties": {}, "geometry": {"type": "LineString", "coordinates": [[11.0407304, 50.9962269], [11.0407159, 50.9962404]]}}, {"type": "Feature", "properties": {}, "geometry": {"type": "LineString", "coordinates": [[11.0407304, 50.9962269], [11.040568, 50.996357]]}}, {"type": "Feature", "properties": {}, "geometry": {"type": "LineString", "coordinates": [[11.0458465, 51.0015453], [11.045719, 51.0015446]]}}, {"type": "Feature", "properties": {}, "geometry": {"type": "LineString", "coordinates": [[11.0458465, 51.0015453], [11.0458879, 51.0015742]]}}, {"type": "Feature", "properties": {}, "geometry": {"type": "LineString", "coordinates": [[11.0451011, 51.0013591], [11.0451896, 51.0014032]]}}, {"type": "Feature", "properties": {}, "geometry": {"type": "LineString", "coordinates": [[11.0406694, 50.9963242], [11.0407159, 50.9962404]]}}, {"type": "Feature", "properties": {}, "geometry": {"type": "LineString", "coordinates": [[11.0406694, 50.9963242], [11.040568, 50.996357]]}}, {"type": "Feature", "properties": {}, "geometry": {"type": "LineString", "coordinates": [[11.0446907, 51.0017247], [11.0447113, 51.0016879]]}}, {"type": "Feature", "properties": {}, "geometry": {"type": "LineString", "coordinates": [[11.0446907, 51.0017247], [11.0445529, 51.001754]]}}, {"type": "Feature", "properties": {}, "geometry": {"type": "LineString", "coordinates": [[11.0451957, 51.0013756], [11.0451896, 51.0014032]]}}, {"type": "Feature", "properties": {}, "geometry": {"type": "LineString", "coordinates": [[11.0462078, 51.0019998], [11.0462212, 51.0019924]]}}, {"type": "Feature", "properties": {}, "geometry": {"type": "LineString", "coordinates": [[11.0470202, 51.001793], [11.0469061, 51.0017831]]}}, {"type": "Feature", "properties": {}, "geometry": {"type": "LineString", "coordinates": [[11.0470202, 51.001793], [11.0470111, 51.0017856]]}}, {"type": "Feature", "properties": {}, "geometry": {"type": "LineString", "coordinates": [[11.0410501, 50.9960406], [11.0410505, 50.9960372]]}}, {"type": "Feature", "properties": {}, "geometry": {"type": "LineString", "coordinates": [[11.0410501, 50.9960406], [11.0410193, 50.9959634]]}}, {"type": "Feature", "properties": {}, "geometry": {"type": "LineString", "coordinates": [[11.0410501, 50.9960406], [11.040944, 50.9960967]]}}, {"type": "Feature", "properties": {}, "geometry": {"type": "LineString", "coordinates": [[11.0446102, 51.0030289], [11.0445544, 51.0029895]]}}, {"type": "Feature", "properties": {}, "geometry": {"type": "LineString", "coordinates": [[11.04098, 50.9960481], [11.0410505, 50.9960372]]}}, {"type": "Feature", "properties": {}, "geometry": {"type": "LineString", "coordinates": [[11.04098, 50.9960481], [11.040944, 50.9960967]]}}, {"type": "Feature", "properties": {}, "geometry": {"type": "LineString", "coordinates": [[11.0464328, 51.0021847], [11.0464706, 51.0022264]]}}, {"type": "Feature", "properties": {}, "geometry": {"type": "LineString", "coordinates": [[11.0464328, 51.0021847], [11.046499, 51.0021874]]}}, {"type": "Feature", "properties": {}, "geometry": {"type": "LineString", "coordinates": [[11.0419806, 51.0018206], [11.0419569, 51.0018297]]}}, {"type": "Feature", "properties": {}, "geometry": {"type": "LineString", "coordinates": [[11.0244403, 50.9897346], [11.024267, 50.989706]]}}, {"type": "Feature", "properties": {}, "geometry": {"type": "LineString", "coordinates": [[11.0244403, 50.9897346], [11.0244505, 50.9897454]]}}, {"type": "Feature", "properties": {}, "geometry": {"type": "LineString", "coordinates": [[11.0244403, 50.9897346], [11.0247055, 50.9897674]]}}, {"type": "Feature", "properties": {}, "geometry": {"type": "LineString", "coordinates": [[11.0248421, 50.9883673], [11.024841, 50.9883657]]}}, {"type": "Feature", "properties": {}, "geometry": {"type": "LineString", "coordinates": [[11.0248421, 50.9883673], [11.0250018, 50.9883905]]}}, {"type": "Feature", "properties": {}, "geometry": {"type": "LineString", "coordinates": [[11.0248421, 50.9883673], [11.0246344, 50.9883281]]}}, {"type": "Feature", "properties": {}, "geometry": {"type": "LineString", "coordinates": [[11.0256629, 50.9873702], [11.0257397, 50.9872786]]}}, {"type": "Feature", "properties": {}, "geometry": {"type": "LineString", "coordinates": [[11.0256629, 50.9873702], [11.0256959, 50.98739]]}}, {"type": "Feature", "properties": {}, "geometry": {"type": "LineString", "coordinates": [[11.0256629, 50.9873702], [11.0256556, 50.9874921]]}}, {"type": "Feature", "properties": {}, "geometry": {"type": "LineString", "coordinates": [[11.0261913, 50.9872999], [11.0261885, 50.9872971]]}}, {"type": "Feature", "properties": {}, "geometry": {"type": "LineString", "coordinates": [[11.0261913, 50.9872999], [11.0261534, 50.9873827]]}}, {"type": "Feature", "properties": {}, "geometry": {"type": "LineString", "coordinates": [[11.0261913, 50.9872999], [11.0262231, 50.9872108]]}}, {"type": "Feature", "properties": {}, "geometry": {"type": "LineString", "coordinates": [[11.026013, 50.9877675], [11.0260083, 50.9877629]]}}, {"type": "Feature", "properties": {}, "geometry": {"type": "LineString", "coordinates": [[11.026013, 50.9877675], [11.0259578, 50.9878963]]}}, {"type": "Feature", "properties": {}, "geometry": {"type": "LineString", "coordinates": [[11.026013, 50.9877675], [11.0260531, 50.9876488]]}}, {"type": "Feature", "properties": {}, "geometry": {"type": "LineString", "coordinates": [[11.02596, 50.9879035], [11.0259578, 50.9878963]]}}, {"type": "Feature", "properties": {}, "geometry": {"type": "LineString", "coordinates": [[11.02596, 50.9879035], [11.0259042, 50.9880318]]}}, {"type": "Feature", "properties": {}, "geometry": {"type": "LineString", "coordinates": [[11.02596, 50.9879035], [11.0260083, 50.9877629]]}}, {"type": "Feature", "properties": {}, "geometry": {"type": "LineString", "coordinates": [[11.026356, 50.9886125], [11.0263484, 50.988621]]}}, {"type": "Feature", "properties": {}, "geometry": {"type": "LineString", "coordinates": [[11.026356, 50.9886125], [11.0265881, 50.9886401]]}}, {"type": "Feature", "properties": {}, "geometry": {"type": "LineString", "coordinates": [[11.026356, 50.9886125], [11.0261831, 50.9885796]]}}, {"type": "Feature", "properties": {}, "geometry": {"type": "LineString", "coordinates": [[11.0257377, 50.9888121], [11.0257338, 50.9888112]]}}, {"type": "Feature", "properties": {}, "geometry": {"type": "LineString", "coordinates": [[11.0257377, 50.9888121], [11.0258807, 50.9888343]]}}, {"type": "Feature", "properties": {}, "geometry": {"type": "LineString", "coordinates": [[11.0257377, 50.9888121], [11.0255695, 50.988839]]}}, {"type": "Feature", "properties": {}, "geometry": {"type": "LineString", "coordinates": [[11.0255271, 50.9890014], [11.025531, 50.9890012]]}}, {"type": "Feature", "properties": {}, "geometry": {"type": "LineString", "coordinates": [[11.0255271, 50.9890014], [11.0254874, 50.9891113]]}}, {"type": "Feature", "properties": {}, "geometry": {"type": "LineString", "coordinates": [[11.0255271, 50.9890014], [11.0255695, 50.988839]]}}, {"type": "Feature", "properties": {}, "geometry": {"type": "LineString", "coordinates": [[11.0268226, 50.98815], [11.0268156, 50.9881478]]}}, {"type": "Feature", "properties": {}, "geometry": {"type": "LineString", "coordinates": [[11.0268226, 50.98815], [11.0267805, 50.9882372]]}}, {"type": "Feature", "properties": {}, "geometry": {"type": "LineString", "coordinates": [[11.0268226, 50.98815], [11.0268529, 50.9880532]]}}, {"type": "Feature", "properties": {}, "geometry": {"type": "LineString", "coordinates": [[11.0258822, 50.9888364], [11.0258807, 50.9888343]]}}, {"type": "Feature", "properties": {}, "geometry": {"type": "LineString", "coordinates": [[11.0258822, 50.9888364], [11.0260318, 50.9888581]]}}, {"type": "Feature", "properties": {}, "geometry": {"type": "LineString", "coordinates": [[11.0258822, 50.9888364], [11.0257338, 50.9888112]]}}, {"type": "Feature", "properties": {}, "geometry": {"type": "LineString", "coordinates": [[11.0268967, 50.9879575], [11.0268915, 50.9879569]]}}, {"type": "Feature", "properties": {}, "geometry": {"type": "LineString", "coordinates": [[11.0268967, 50.9879575], [11.0268529, 50.9880532]]}}, {"type": "Feature", "properties": {}, "geometry": {"type": "LineString", "coordinates": [[11.0268967, 50.9879575], [11.0269292, 50.9878609]]}}, {"type": "Feature", "properties": {}, "geometry": {"type": "LineString", "coordinates": [[11.0265868, 50.9886438], [11.0265881, 50.9886401]]}}, {"type": "Feature", "properties": {}, "geometry": {"type": "LineString", "coordinates": [[11.0265868, 50.9886438], [11.0266613, 50.9885248]]}}, {"type": "Feature", "properties": {}, "geometry": {"type": "LineString", "coordinates": [[11.0265868, 50.9886438], [11.0263484, 50.988621]]}}, {"type": "Feature", "properties": {}, "geometry": {"type": "LineString", "coordinates": [[11.026631, 50.9881475], [11.0265476, 50.9881287]]}}, {"type": "Feature", "properties": {}, "geometry": {"type": "LineString", "coordinates": [[11.026631, 50.9881475], [11.0267091, 50.9881553]]}}, {"type": "Feature", "properties": {}, "geometry": {"type": "LineString", "coordinates": [[11.026631, 50.9881475], [11.026556, 50.9881995]]}}, {"type": "Feature", "properties": {}, "geometry": {"type": "LineString", "coordinates": [[11.0246653, 50.9886461], [11.0245005, 50.98862]]}}, {"type": "Feature", "properties": {}, "geometry": {"type": "LineString", "coordinates": [[11.0246653, 50.9886461], [11.0246834, 50.9886497]]}}, {"type": "Feature", "properties": {}, "geometry": {"type": "LineString", "coordinates": [[11.0246653, 50.9886461], [11.0248668, 50.9886793]]}}, {"type": "Feature", "properties": {}, "geometry": {"type": "LineString", "coordinates": [[11.0248148, 50.989533], [11.0248688, 50.989428]]}}, {"type": "Feature", "properties": {}, "geometry": {"type": "LineString", "coordinates": [[11.0248148, 50.989533], [11.0248223, 50.9895439]]}}, {"type": "Feature", "properties": {}, "geometry": {"type": "LineString", "coordinates": [[11.0256021, 50.9899295], [11.025598, 50.9899262]]}}, {"type": "Feature", "properties": {}, "geometry": {"type": "LineString", "coordinates": [[11.0256021, 50.9899295], [11.0257671, 50.9899528]]}}, {"type": "Feature", "properties": {}, "geometry": {"type": "LineString", "coordinates": [[11.0256021, 50.9899295], [11.025432, 50.9899001]]}}, {"type": "Feature", "properties": {}, "geometry": {"type": "LineString", "coordinates": [[11.0247575, 50.9880461], [11.0247567, 50.9880449]]}}, {"type": "Feature", "properties": {}, "geometry": {"type": "LineString", "coordinates": [[11.0247575, 50.9880461], [11.024727, 50.9881093]]}}, {"type": "Feature", "properties": {}, "geometry": {"type": "LineString", "coordinates": [[11.0247575, 50.9880461], [11.0247731, 50.9879807]]}}, {"type": "Feature", "properties": {}, "geometry": {"type": "LineString", "coordinates": [[11.0252675, 50.9881938], [11.0251905, 50.9881851]]}}, {"type": "Feature", "properties": {}, "geometry": {"type": "LineString", "coordinates": [[11.0252675, 50.9881938], [11.0253717, 50.9881317]]}}, {"type": "Feature", "properties": {}, "geometry": {"type": "LineString", "coordinates": [[11.0252675, 50.9881938], [11.0251568, 50.9881135]]}}, {"type": "Feature", "properties": {}, "geometry": {"type": "LineString", "coordinates": [[11.0253659, 50.9881297], [11.0253717, 50.9881317]]}}, {"type": "Feature", "properties": {}, "geometry": {"type": "LineString", "coordinates": [[11.0253659, 50.9881297], [11.0251905, 50.9881851]]}}, {"type": "Feature", "properties": {}, "geometry": {"type": "LineString", "coordinates": [[11.0253659, 50.9881297], [11.0254212, 50.9880278]]}}, {"type": "Feature", "properties": {}, "geometry": {"type": "LineString", "coordinates": [[11.0260241, 50.9883819], [11.0260265, 50.9883771]]}}, {"type": "Feature", "properties": {}, "geometry": {"type": "LineString", "coordinates": [[11.0253095, 50.9895591], [11.0253093, 50.9895603]]}}, {"type": "Feature", "properties": {}, "geometry": {"type": "LineString", "coordinates": [[11.0253095, 50.9895591], [11.0252651, 50.9896717]]}}, {"type": "Feature", "properties": {}, "geometry": {"type": "LineString", "coordinates": [[11.0253095, 50.9895591], [11.0253537, 50.9894484]]}}, {"type": "Feature", "properties": {}, "geometry": {"type": "LineString", "coordinates": [[11.0253516, 50.9894459], [11.0253983, 50.989336]]}}, {"type": "Feature", "properties": {}, "geometry": {"type": "LineString", "coordinates": [[11.0253516, 50.9894459], [11.0253537, 50.9894484]]}}, {"type": "Feature", "properties": {}, "geometry": {"type": "LineString", "coordinates": [[11.0253516, 50.9894459], [11.0253093, 50.9895603]]}}, {"type": "Feature", "properties": {}, "geometry": {"type": "LineString", "coordinates": [[11.0251304, 50.9883343], [11.0252914, 50.988324]]}}, {"type": "Feature", "properties": {}, "geometry": {"type": "LineString", "coordinates": [[11.0251304, 50.9883343], [11.0251289, 50.9883326]]}}, {"type": "Feature", "properties": {}, "geometry": {"type": "LineString", "coordinates": [[11.0251304, 50.9883343], [11.0252288, 50.9884301]]}}, {"type": "Feature", "properties": {}, "geometry": {"type": "LineString", "coordinates": [[11.0262799, 50.9890955], [11.0263696, 50.9891476]]}}, {"type": "Feature", "properties": {}, "geometry": {"type": "LineString", "coordinates": [[11.0259281, 50.9866325], [11.0259325, 50.9866305]]}}, {"type": "Feature", "properties": {}, "geometry": {"type": "LineString", "coordinates": [[11.025703, 50.9872595], [11.0257799, 50.9871737]]}}, {"type": "Feature", "properties": {}, "geometry": {"type": "LineString", "coordinates": [[11.025703, 50.9872595], [11.0257397, 50.9872786]]}}, {"type": "Feature", "properties": {}, "geometry": {"type": "LineString", "coordinates": [[11.025703, 50.9872595], [11.0256959, 50.98739]]}}, {"type": "Feature", "properties": {}, "geometry": {"type": "LineString", "coordinates": [[11.0251347, 50.9874901], [11.0251303, 50.9874962]]}}, {"type": "Feature", "properties": {}, "geometry": {"type": "LineString", "coordinates": [[11.0265497, 50.9882014], [11.026556, 50.9881995]]}}, {"type": "Feature", "properties": {}, "geometry": {"type": "LineString", "coordinates": [[11.0265497, 50.9882014], [11.026659, 50.9882383]]}}, {"type": "Feature", "properties": {}, "geometry": {"type": "LineString", "coordinates": [[11.0265497, 50.9882014], [11.0265476, 50.9881287]]}}, {"type": "Feature", "properties": {}, "geometry": {"type": "LineString", "coordinates": [[11.0278894, 50.9880546], [11.0279992, 50.9880277]]}}, {"type": "Feature", "properties": {}, "geometry": {"type": "LineString", "coordinates": [[11.0295048, 50.9878992], [11.0294848, 50.9878151]]}}, {"type": "Feature", "properties": {}, "geometry": {"type": "LineString", "coordinates": [[11.0295048, 50.9878992], [11.029614, 50.9880429]]}}, {"type": "Feature", "properties": {}, "geometry": {"type": "LineString", "coordinates": [[11.0295048, 50.9878992], [11.0296882, 50.9878679]]}}, {"type": "Feature", "properties": {}, "geometry": {"type": "LineString", "coordinates": [[11.0272983, 50.9887638], [11.027294, 50.9887588]]}}, {"type": "Feature", "properties": {}, "geometry": {"type": "LineString", "coordinates": [[11.0272983, 50.9887638], [11.0276148, 50.9888073]]}}, {"type": "Feature", "properties": {}, "geometry": {"type": "LineString", "coordinates": [[11.0272983, 50.9887638], [11.0272741, 50.9886525]]}}, {"type": "Feature", "properties": {}, "geometry": {"type": "LineString", "coordinates": [[11.0276513, 50.9877039], [11.027719, 50.987584]]}}, {"type": "Feature", "properties": {}, "geometry": {"type": "LineString", "coordinates": [[11.0276513, 50.9877039], [11.0276426, 50.9877292]]}}, {"type": "Feature", "properties": {}, "geometry": {"type": "LineString", "coordinates": [[11.0276513, 50.9877039], [11.0275978, 50.9878417]]}}, {"type": "Feature", "properties": {}, "geometry": {"type": "LineString", "coordinates": [[11.0294711, 50.9878176], [11.0293107, 50.9877845]]}}, {"type": "Feature", "properties": {}, "geometry": {"type": "LineString", "coordinates": [[11.0294711, 50.9878176], [11.0294848, 50.9878151]]}}, {"type": "Feature", "properties": {}, "geometry": {"type": "LineString", "coordinates": [[11.0294711, 50.9878176], [11.0296882, 50.9878679]]}}, {"type": "Feature", "properties": {}, "geometry": {"type": "LineString", "coordinates": [[11.0264924, 50.9881297], [11.0265476, 50.9881287]]}}, {"type": "Feature", "properties": {}, "geometry": {"type": "LineString", "coordinates": [[11.0264924, 50.9881297], [11.026556, 50.9881995]]}}, {"type": "Feature", "properties": {}, "geometry": {"type": "LineString", "coordinates": [[11.0289567, 50.9890184], [11.0291984, 50.9890138]]}}, {"type": "Feature", "properties": {}, "geometry": {"type": "LineString", "coordinates": [[11.0289567, 50.9890184], [11.0289517, 50.9890308]]}}, {"type": "Feature", "properties": {}, "geometry": {"type": "LineString", "coordinates": [[11.0289567, 50.9890184], [11.0287498, 50.988999]]}}, {"type": "Feature", "properties": {}, "geometry": {"type": "LineString", "coordinates": [[11.027238, 50.9895243], [11.0272169, 50.9895338]]}}, {"type": "Feature", "properties": {}, "geometry": {"type": "LineString", "coordinates": [[11.027238, 50.9895243], [11.0281362, 50.9897285]]}}, {"type": "Feature", "properties": {}, "geometry": {"type": "LineString", "coordinates": [[11.027238, 50.9895243], [11.0268217, 50.9898391]]}}, {"type": "Feature", "properties": {}, "geometry": {"type": "LineString", "coordinates": [[11.0306344, 50.9881334], [11.0305732, 50.9880746]]}}, {"type": "Feature", "properties": {}, "geometry": {"type": "LineString", "coordinates": [[11.0306344, 50.9881334], [11.0308042, 50.9880331]]}}, {"type": "Feature", "properties": {}, "geometry": {"type": "LineString", "coordinates": [[11.0301334, 50.9880058], [11.0301832, 50.9879347]]}}, {"type": "Feature", "properties": {}, "geometry": {"type": "LineString", "coordinates": [[11.0301334, 50.9880058], [11.0301289, 50.9880471]]}}, {"type": "Feature", "properties": {}, "geometry": {"type": "LineString", "coordinates": [[11.0301334, 50.9880058], [11.0304117, 50.987972]]}}, {"type": "Feature", "properties": {}, "geometry": {"type": "LineString", "coordinates": [[11.0301082, 50.9880599], [11.0301289, 50.9880471]]}}, {"type": "Feature", "properties": {}, "geometry": {"type": "LineString", "coordinates": [[11.0301082, 50.9880599], [11.0300462, 50.9881798]]}}, {"type": "Feature", "properties": {}, "geometry": {"type": "LineString", "coordinates": [[11.0301082, 50.9880599], [11.0301832, 50.9879347]]}}, {"type": "Feature", "properties": {}, "geometry": {"type": "LineString", "coordinates": [[11.0300341, 50.9881602], [11.0301289, 50.9880471]]}}, {"type": "Feature", "properties": {}, "geometry": {"type": "LineString", "coordinates": [[11.0300341, 50.9881602], [11.0300462, 50.9881798]]}}, {"type": "Feature", "properties": {}, "geometry": {"type": "LineString", "coordinates": [[11.0286108, 50.9878445], [11.0286179, 50.9878683]]}}, {"type": "Feature", "properties": {}, "geometry": {"type": "LineString", "coordinates": [[11.0286108, 50.9878445], [11.0285425, 50.9879628]]}}, {"type": "Feature", "properties": {}, "geometry": {"type": "LineString", "coordinates": [[11.0286097, 50.9887437], [11.0286079, 50.9887459]]}}, {"type": "Feature", "properties": {}, "geometry": {"type": "LineString", "coordinates": [[11.0286097, 50.9887437], [11.0285393, 50.9889145]]}}, {"type": "Feature", "properties": {}, "geometry": {"type": "LineString", "coordinates": [[11.0286097, 50.9887437], [11.0286672, 50.9886145]]}}, {"type": "Feature", "properties": {}, "geometry": {"type": "LineString", "coordinates": [[11.0291842, 50.9890132], [11.0291984, 50.9890138]]}}, {"type": "Feature", "properties": {}, "geometry": {"type": "LineString", "coordinates": [[11.0291842, 50.9890132], [11.0292606, 50.9888491]]}}, {"type": "Feature", "properties": {}, "geometry": {"type": "LineString", "coordinates": [[11.0291842, 50.9890132], [11.0289517, 50.9890308]]}}, {"type": "Feature", "properties": {}, "geometry": {"type": "LineString", "coordinates": [[11.02829, 50.9885984], [11.0283329, 50.9885094]]}}, {"type": "Feature", "properties": {}, "geometry": {"type": "LineString", "coordinates": [[11.02829, 50.9885984], [11.0282984, 50.9885994]]}}, {"type": "Feature", "properties": {}, "geometry": {"type": "LineString", "coordinates": [[11.02829, 50.9885984], [11.0282033, 50.988802]]}}, {"type": "Feature", "properties": {}, "geometry": {"type": "LineString", "coordinates": [[11.0283767, 50.9883814], [11.0284182, 50.9882973]]}}, {"type": "Feature", "properties": {}, "geometry": {"type": "LineString", "coordinates": [[11.0283767, 50.9883814], [11.0283731, 50.9884106]]}}, {"type": "Feature", "properties": {}, "geometry": {"type": "LineString", "coordinates": [[11.0283767, 50.9883814], [11.0283329, 50.9885094]]}}, {"type": "Feature", "properties": {}, "geometry": {"type": "LineString", "coordinates": [[11.0280883, 50.9875986], [11.0280784, 50.9876131]]}}, {"type": "Feature", "properties": {}, "geometry": {"type": "LineString", "coordinates": [[11.0280883, 50.9875986], [11.0282276, 50.9876366]]}}, {"type": "Feature", "properties": {}, "geometry": {"type": "LineString", "coordinates": [[11.0280883, 50.9875986], [11.0279245, 50.9875887]]}}, {"type": "Feature", "properties": {}, "geometry": {"type": "LineString", "coordinates": [[11.030399, 50.9879551], [11.0304117, 50.987972]]}}, {"type": "Feature", "properties": {}, "geometry": {"type": "LineString", "coordinates": [[11.030399, 50.9879551], [11.0305732, 50.9880746]]}}, {"type": "Feature", "properties": {}, "geometry": {"type": "LineString", "coordinates": [[11.030399, 50.9879551], [11.0301832, 50.9879347]]}}, {"type": "Feature", "properties": {}, "geometry": {"type": "LineString", "coordinates": [[11.0280655, 50.9879147], [11.0280382, 50.9879078]]}}, {"type": "Feature", "properties": {}, "geometry": {"type": "LineString", "coordinates": [[11.0280655, 50.9879147], [11.0279992, 50.9880277]]}}, {"type": "Feature", "properties": {}, "geometry": {"type": "LineString", "coordinates": [[11.028507, 50.9880438], [11.0285425, 50.9879628]]}}, {"type": "Feature", "properties": {}, "geometry": {"type": "LineString", "coordinates": [[11.028507, 50.9880438], [11.0285092, 50.9880691]]}}, {"type": "Feature", "properties": {}, "geometry": {"type": "LineString", "coordinates": [[11.028507, 50.9880438], [11.0284641, 50.9881822]]}}, {"type": "Feature", "properties": {}, "geometry": {"type": "LineString", "coordinates": [[11.0291391, 50.9877661], [11.0291496, 50.9877549]]}}, {"type": "Feature", "properties": {}, "geometry": {"type": "LineString", "coordinates": [[11.0291391, 50.9877661], [11.0293107, 50.9877845]]}}, {"type": "Feature", "properties": {}, "geometry": {"type": "LineString", "coordinates": [[11.0291391, 50.9877661], [11.0289956, 50.9877339]]}}, {"type": "Feature", "properties": {}, "geometry": {"type": "LineString", "coordinates": [[11.0303683, 50.9885686], [11.0303743, 50.9885883]]}}, {"type": "Feature", "properties": {}, "geometry": {"type": "LineString", "coordinates": [[11.0303683, 50.9885686], [11.0300181, 50.9885164]]}}, {"type": "Feature", "properties": {}, "geometry": {"type": "LineString", "coordinates": [[11.0282359, 50.9876213], [11.0282276, 50.9876366]]}}, {"type": "Feature", "properties": {}, "geometry": {"type": "LineString", "coordinates": [[11.0282359, 50.9876213], [11.028372, 50.9876591]]}}, {"type": "Feature", "properties": {}, "geometry": {"type": "LineString", "coordinates": [[11.0282359, 50.9876213], [11.0280784, 50.9876131]]}}, {"type": "Feature", "properties": {}, "geometry": {"type": "LineString", "coordinates": [[11.0279389, 50.9875798], [11.0279245, 50.9875887]]}}, {"type": "Feature", "properties": {}, "geometry": {"type": "LineString", "coordinates": [[11.0279389, 50.9875798], [11.0280784, 50.9876131]]}}, {"type": "Feature", "properties": {}, "geometry": {"type": "LineString", "coordinates": [[11.0279389, 50.9875798], [11.027719, 50.987584]]}}, {"type": "Feature", "properties": {}, "geometry": {"type": "LineString", "coordinates": [[11.030966, 50.9888238], [11.031032, 50.9887447]]}}, {"type": "Feature", "properties": {}, "geometry": {"type": "LineString", "coordinates": [[11.030966, 50.9888238], [11.0309868, 50.9888579]]}}, {"type": "Feature", "properties": {}, "geometry": {"type": "LineString", "coordinates": [[11.030966, 50.9888238], [11.0309414, 50.9889715]]}}, {"type": "Feature", "properties": {}, "geometry": {"type": "LineString", "coordinates": [[11.0310119, 50.9887141], [11.0310767, 50.9886328]]}}, {"type": "Feature", "properties": {}, "geometry": {"type": "LineString", "coordinates": [[11.0310119, 50.9887141], [11.031032, 50.9887447]]}}, {"type": "Feature", "properties": {}, "geometry": {"type": "LineString", "coordinates": [[11.0310119, 50.9887141], [11.0309868, 50.9888579]]}}, {"type": "Feature", "properties": {}, "geometry": {"type": "LineString", "coordinates": [[11.0311454, 50.9883765], [11.0312189, 50.9882767]]}}, {"type": "Feature", "properties": {}, "geometry": {"type": "LineString", "coordinates": [[11.0311454, 50.9883765], [11.0311673, 50.9884059]]}}, {"type": "Feature", "properties": {}, "geometry": {"type": "LineString", "coordinates": [[11.0311454, 50.9883765], [11.031121, 50.9885218]]}}, {"type": "Feature", "properties": {}, "geometry": {"type": "LineString", "coordinates": [[11.028659, 50.988613], [11.0286672, 50.9886145]]}}, {"type": "Feature", "properties": {}, "geometry": {"type": "LineString", "coordinates": [[11.028659, 50.988613], [11.0286079, 50.9887459]]}}, {"type": "Feature", "properties": {}, "geometry": {"type": "LineString", "coordinates": [[11.028659, 50.988613], [11.0287197, 50.9884885]]}}, {"type": "Feature", "properties": {}, "geometry": {"type": "LineString", "coordinates": [[11.0287085, 50.9884883], [11.0287197, 50.9884885]]}}, {"type": "Feature", "properties": {}, "geometry": {"type": "LineString", "coordinates": [[11.0287085, 50.9884883], [11.0286672, 50.9886145]]}}, {"type": "Feature", "properties": {}, "geometry": {"type": "LineString", "coordinates": [[11.0287085, 50.9884883], [11.0287665, 50.9883718]]}}, {"type": "Feature", "properties": {}, "geometry": {"type": "LineString", "coordinates": [[11.0295368, 50.9881958], [11.0294741, 50.9883546]]}}, {"type": "Feature", "properties": {}, "geometry": {"type": "LineString", "coordinates": [[11.0295368, 50.9881958], [11.0295438, 50.9881961]]}}, {"type": "Feature", "properties": {}, "geometry": {"type": "LineString", "coordinates": [[11.0295368, 50.9881958], [11.029614, 50.9880429]]}}, {"type": "Feature", "properties": {}, "geometry": {"type": "LineString", "coordinates": [[11.0274756, 50.9886808], [11.0274742, 50.9886743]]}}, {"type": "Feature", "properties": {}, "geometry": {"type": "LineString", "coordinates": [[11.0274756, 50.9886808], [11.0275473, 50.9886326]]}}, {"type": "Feature", "properties": {}, "geometry": {"type": "LineString", "coordinates": [[11.0310566, 50.9886029], [11.031121, 50.9885218]]}}, {"type": "Feature", "properties": {}, "geometry": {"type": "LineString", "coordinates": [[11.0310566, 50.9886029], [11.0310767, 50.9886328]]}}, {"type": "Feature", "properties": {}, "geometry": {"type": "LineString", "coordinates": [[11.0310566, 50.9886029], [11.031032, 50.9887447]]}}, {"type": "Feature", "properties": {}, "geometry": {"type": "LineString", "coordinates": [[11.0307844, 50.9892977], [11.0306048, 50.9892978]]}}, {"type": "Feature", "properties": {}, "geometry": {"type": "LineString", "coordinates": [[11.0307844, 50.9892977], [11.0308481, 50.9891959]]}}, {"type": "Feature", "properties": {}, "geometry": {"type": "LineString", "coordinates": [[11.0307844, 50.9892977], [11.0308221, 50.9893131]]}}, {"type": "Feature", "properties": {}, "geometry": {"type": "LineString", "coordinates": [[11.032769, 50.9858631], [11.0327694, 50.9858633]]}}, {"type": "Feature", "properties": {}, "geometry": {"type": "LineString", "coordinates": [[11.032769, 50.9858631], [11.032615, 50.9859017]]}}, {"type": "Feature", "properties": {}, "geometry": {"type": "LineString", "coordinates": [[11.032769, 50.9858631], [11.0329253, 50.9858251]]}}, {"type": "Feature", "properties": {}, "geometry": {"type": "LineString", "coordinates": [[11.0282626, 50.9872512], [11.0285264, 50.9872904]]}}, {"type": "Feature", "properties": {}, "geometry": {"type": "LineString", "coordinates": [[11.0282626, 50.9872512], [11.0279428, 50.9872123]]}}, {"type": "Feature", "properties": {}, "geometry": {"type": "LineString", "coordinates": [[11.0291903, 50.9872661], [11.0292358, 50.9871703]]}}, {"type": "Feature", "properties": {}, "geometry": {"type": "LineString", "coordinates": [[11.0291903, 50.9872661], [11.0291912, 50.9872822]]}}, {"type": "Feature", "properties": {}, "geometry": {"type": "LineString", "coordinates": [[11.0291903, 50.9872661], [11.0291133, 50.9874265]]}}, {"type": "Feature", "properties": {}, "geometry": {"type": "LineString", "coordinates": [[11.0298762, 50.9871422], [11.0299365, 50.9870392]]}}, {"type": "Feature", "properties": {}, "geometry": {"type": "LineString", "coordinates": [[11.0298762, 50.9871422], [11.0298819, 50.9871597]]}}, {"type": "Feature", "properties": {}, "geometry": {"type": "LineString", "coordinates": [[11.0298762, 50.9871422], [11.0298548, 50.9872677]]}}, {"type": "Feature", "properties": {}, "geometry": {"type": "LineString", "coordinates": [[11.029765, 50.9875017], [11.0298087, 50.9873815]]}}, {"type": "Feature", "properties": {}, "geometry": {"type": "LineString", "coordinates": [[11.029765, 50.9875017], [11.0297806, 50.9875242]]}}, {"type": "Feature", "properties": {}, "geometry": {"type": "LineString", "coordinates": [[11.029765, 50.9875017], [11.0296189, 50.9875265]]}}, {"type": "Feature", "properties": {}, "geometry": {"type": "LineString", "coordinates": [[11.0298005, 50.9873622], [11.0298548, 50.9872677]]}}, {"type": "Feature", "properties": {}, "geometry": {"type": "LineString", "coordinates": [[11.0298005, 50.9873622], [11.0298087, 50.9873815]]}}, {"type": "Feature", "properties": {}, "geometry": {"type": "LineString", "coordinates": [[11.0298005, 50.9873622], [11.0297806, 50.9875242]]}}, {"type": "Feature", "properties": {}, "geometry": {"type": "LineString", "coordinates": [[11.0298433, 50.9872503], [11.0298819, 50.9871597]]}}, {"type": "Feature", "properties": {}, "geometry": {"type": "LineString", "coordinates": [[11.0298433, 50.9872503], [11.0298548, 50.9872677]]}}, {"type": "Feature", "properties": {}, "geometry": {"type": "LineString", "coordinates": [[11.0298433, 50.9872503], [11.0298087, 50.9873815]]}}, {"type": "Feature", "properties": {}, "geometry": {"type": "LineString", "coordinates": [[11.0294364, 50.9874793], [11.0294434, 50.9874949]]}}, {"type": "Feature", "properties": {}, "geometry": {"type": "LineString", "coordinates": [[11.0294364, 50.9874793], [11.0292756, 50.9874687]]}}, {"type": "Feature", "properties": {}, "geometry": {"type": "LineString", "coordinates": [[11.0294364, 50.9874793], [11.0296189, 50.9875265]]}}, {"type": "Feature", "properties": {}, "geometry": {"type": "LineString", "coordinates": [[11.0292338, 50.9871552], [11.0292857, 50.9870591]]}}, {"type": "Feature", "properties": {}, "geometry": {"type": "LineString", "coordinates": [[11.0292338, 50.9871552], [11.0292358, 50.9871703]]}}, {"type": "Feature", "properties": {}, "geometry": {"type": "LineString", "coordinates": [[11.0292338, 50.9871552], [11.0291912, 50.9872822]]}}, {"type": "Feature", "properties": {}, "geometry": {"type": "LineString", "coordinates": [[11.0278557, 50.9885157], [11.0278538, 50.9885161]]}}, {"type": "Feature", "properties": {}, "geometry": {"type": "LineString", "coordinates": [[11.0278571, 50.9896699], [11.0281362, 50.9897285]]}}, {"type": "Feature", "properties": {}, "geometry": {"type": "LineString", "coordinates": [[11.0278571, 50.9896699], [11.0272169, 50.9895338]]}}, {"type": "Feature", "properties": {}, "geometry": {"type": "LineString", "coordinates": [[11.0291642, 50.9880977], [11.0291639, 50.9880946]]}}, {"type": "Feature", "properties": {}, "geometry": {"type": "LineString", "coordinates": [[11.0291642, 50.9880977], [11.0291412, 50.9882377]]}}, {"type": "Feature", "properties": {}, "geometry": {"type": "LineString", "coordinates": [[11.0291642, 50.9880977], [11.0289909, 50.9883554]]}}, {"type": "Feature", "properties": {}, "geometry": {"type": "LineString", "coordinates": [[11.0275439, 50.9886369], [11.0275473, 50.9886326]]}}, {"type": "Feature", "properties": {}, "geometry": {"type": "LineString", "coordinates": [[11.0275439, 50.9886369], [11.0274742, 50.9886743]]}}, {"type": "Feature", "properties": {}, "geometry": {"type": "LineString", "coordinates": [[11.0329215, 50.9856516], [11.0329239, 50.9856526]]}}, {"type": "Feature", "properties": {}, "geometry": {"type": "LineString", "coordinates": [[11.0329215, 50.9856516], [11.0330331, 50.9856941]]}}, {"type": "Feature", "properties": {}, "geometry": {"type": "LineString", "coordinates": [[11.0329215, 50.9856516], [11.0328148, 50.9855783]]}}, {"type": "Feature", "properties": {}, "geometry": {"type": "LineString", "coordinates": [[11.0322872, 50.9853589], [11.0324652, 50.9852972]]}}, {"type": "Feature", "properties": {}, "geometry": {"type": "LineString", "coordinates": [[11.0322872, 50.9853589], [11.0322881, 50.985365]]}}, {"type": "Feature", "properties": {}, "geometry": {"type": "LineString", "coordinates": [[11.0322872, 50.9853589], [11.032151, 50.9854358]]}}, {"type": "Feature", "properties": {}, "geometry": {"type": "LineString", "coordinates": [[11.0321505, 50.9854299], [11.0322881, 50.985365]]}}, {"type": "Feature", "properties": {}, "geometry": {"type": "LineString", "coordinates": [[11.0321505, 50.9854299], [11.032151, 50.9854358]]}}, {"type": "Feature", "properties": {}, "geometry": {"type": "LineString", "coordinates": [[11.0321505, 50.9854299], [11.0320204, 50.9855048]]}}, {"type": "Feature", "properties": {}, "geometry": {"type": "LineString", "coordinates": [[11.0318905, 50.985566], [11.0320204, 50.9855048]]}}, {"type": "Feature", "properties": {}, "geometry": {"type": "LineString", "coordinates": [[11.0318905, 50.985566], [11.0318935, 50.9855732]]}}, {"type": "Feature", "properties": {}, "geometry": {"type": "LineString", "coordinates": [[11.0318905, 50.985566], [11.0317691, 50.9856436]]}}, {"type": "Feature", "properties": {}, "geometry": {"type": "LineString", "coordinates": [[11.0324551, 50.9859465], [11.0324598, 50.9859411]]}}, {"type": "Feature", "properties": {}, "geometry": {"type": "LineString", "coordinates": [[11.0324551, 50.9859465], [11.0322527, 50.985996]]}}, {"type": "Feature", "properties": {}, "geometry": {"type": "LineString", "coordinates": [[11.0324551, 50.9859465], [11.032615, 50.9859017]]}}, {"type": "Feature", "properties": {}, "geometry": {"type": "LineString", "coordinates": [[11.0293217, 50.9869363], [11.0293736, 50.9868366]]}}, {"type": "Feature", "properties": {}, "geometry": {"type": "LineString", "coordinates": [[11.0293217, 50.9869363], [11.0293313, 50.9869483]]}}, {"type": "Feature", "properties": {}, "geometry": {"type": "LineString", "coordinates": [[11.0293217, 50.9869363], [11.0292857, 50.9870591]]}}, {"type": "Feature", "properties": {}, "geometry": {"type": "LineString", "coordinates": [[11.029117, 50.9874056], [11.0291912, 50.9872822]]}}, {"type": "Feature", "properties": {}, "geometry": {"type": "LineString", "coordinates": [[11.029117, 50.9874056], [11.0291133, 50.9874265]]}}, {"type": "Feature", "properties": {}, "geometry": {"type": "LineString", "coordinates": [[11.029117, 50.9874056], [11.0292756, 50.9874687]]}}, {"type": "Feature", "properties": {}, "geometry": {"type": "LineString", "coordinates": [[11.02927, 50.987453], [11.0291133, 50.9874265]]}}, {"type": "Feature", "properties": {}, "geometry": {"type": "LineString", "coordinates": [[11.02927, 50.987453], [11.0292756, 50.9874687]]}}, {"type": "Feature", "properties": {}, "geometry": {"type": "LineString", "coordinates": [[11.02927, 50.987453], [11.0294434, 50.9874949]]}}, {"type": "Feature", "properties": {}, "geometry": {"type": "LineString", "coordinates": [[11.0256265, 50.9863901], [11.025632, 50.9863983]]}}, {"type": "Feature", "properties": {}, "geometry": {"type": "LineString", "coordinates": [[11.0229273, 50.9889767], [11.0230361, 50.9889037]]}}, {"type": "Feature", "properties": {}, "geometry": {"type": "LineString", "coordinates": [[11.0229273, 50.9889767], [11.0229389, 50.9890146]]}}, {"type": "Feature", "properties": {}, "geometry": {"type": "LineString", "coordinates": [[11.0229273, 50.9889767], [11.02284, 50.989124]]}}, {"type": "Feature", "properties": {}, "geometry": {"type": "LineString", "coordinates": [[11.02293, 50.9876665], [11.0230195, 50.9875629]]}}, {"type": "Feature", "properties": {}, "geometry": {"type": "LineString", "coordinates": [[11.02293, 50.9876665], [11.0229481, 50.9876918]]}}, {"type": "Feature", "properties": {}, "geometry": {"type": "LineString", "coordinates": [[11.02293, 50.9876665], [11.0228646, 50.9878001]]}}, {"type": "Feature", "properties": {}, "geometry": {"type": "LineString", "coordinates": [[11.0230083, 50.9875584], [11.0230195, 50.9875629]]}}, {"type": "Feature", "properties": {}, "geometry": {"type": "LineString", "coordinates": [[11.0230083, 50.9875584], [11.0229481, 50.9876918]]}}, {"type": "Feature", "properties": {}, "geometry": {"type": "LineString", "coordinates": [[11.0230083, 50.9875584], [11.0232614, 50.9875782]]}}, {"type": "Feature", "properties": {}, "geometry": {"type": "LineString", "coordinates": [[11.022623, 50.9880826], [11.0227032, 50.9880092]]}}, {"type": "Feature", "properties": {}, "geometry": {"type": "LineString", "coordinates": [[11.022623, 50.9880826], [11.0226238, 50.9881122]]}}, {"type": "Feature", "properties": {}, "geometry": {"type": "LineString", "coordinates": [[11.022623, 50.9880826], [11.0225335, 50.9882293]]}}, {"type": "Feature", "properties": {}, "geometry": {"type": "LineString", "coordinates": [[11.0243587, 50.9873498], [11.0243803, 50.987368]]}}, {"type": "Feature", "properties": {}, "geometry": {"type": "LineString", "coordinates": [[11.0243587, 50.9873498], [11.0242015, 50.9872957]]}}, {"type": "Feature", "properties": {}, "geometry": {"type": "LineString", "coordinates": [[11.0243587, 50.9873498], [11.0245422, 50.9874307]]}}, {"type": "Feature", "properties": {}, "geometry": {"type": "LineString", "coordinates": [[11.0247092, 50.9874897], [11.024706, 50.9874938]]}}, {"type": "Feature", "properties": {}, "geometry": {"type": "LineString", "coordinates": [[11.0247092, 50.9874897], [11.0248768, 50.987537]]}}, {"type": "Feature", "properties": {}, "geometry": {"type": "LineString", "coordinates": [[11.0247092, 50.9874897], [11.0245422, 50.9874307]]}}, {"type": "Feature", "properties": {}, "geometry": {"type": "LineString", "coordinates": [[11.0239286, 50.9880027], [11.0238874, 50.987911]]}}, {"type": "Feature", "properties": {}, "geometry": {"type": "LineString", "coordinates": [[11.0239286, 50.9880027], [11.0239411, 50.9880267]]}}, {"type": "Feature", "properties": {}, "geometry": {"type": "LineString", "coordinates": [[11.0239286, 50.9880027], [11.0239953, 50.9881432]]}}, {"type": "Feature", "properties": {}, "geometry": {"type": "LineString", "coordinates": [[11.0235028, 50.9881679], [11.0234694, 50.9880918]]}}, {"type": "Feature", "properties": {}, "geometry": {"type": "LineString", "coordinates": [[11.0235028, 50.9881679], [11.023518, 50.9881963]]}}, {"type": "Feature", "properties": {}, "geometry": {"type": "LineString", "coordinates": [[11.0235028, 50.9881679], [11.0235374, 50.9883299]]}}, {"type": "Feature", "properties": {}, "geometry": {"type": "LineString", "coordinates": [[11.0238759, 50.9878892], [11.0238337, 50.9877954]]}}, {"type": "Feature", "properties": {}, "geometry": {"type": "LineString", "coordinates": [[11.0238759, 50.9878892], [11.0238874, 50.987911]]}}, {"type": "Feature", "properties": {}, "geometry": {"type": "LineString", "coordinates": [[11.0233135, 50.9885404], [11.0234199, 50.988466]]}}, {"type": "Feature", "properties": {}, "geometry": {"type": "LineString", "coordinates": [[11.0233135, 50.9885404], [11.0233256, 50.9885736]]}}, {"type": "Feature", "properties": {}, "geometry": {"type": "LineString", "coordinates": [[11.0233135, 50.9885404], [11.0232295, 50.9886832]]}}, {"type": "Feature", "properties": {}, "geometry": {"type": "LineString", "coordinates": [[11.0219324, 50.9901399], [11.0219879, 50.9900437]]}}, {"type": "Feature", "properties": {}, "geometry": {"type": "LineString", "coordinates": [[11.0219324, 50.9901399], [11.0219071, 50.9901354]]}}, {"type": "Feature", "properties": {}, "geometry": {"type": "LineString", "coordinates": [[11.0219324, 50.9901399], [11.0218135, 50.9902288]]}}, {"type": "Feature", "properties": {}, "geometry": {"type": "LineString", "coordinates": [[11.0231519, 50.9874095], [11.0230195, 50.9875629]]}}, {"type": "Feature", "properties": {}, "geometry": {"type": "LineString", "coordinates": [[11.0231519, 50.9874095], [11.023154, 50.9874091]]}}, {"type": "Feature", "properties": {}, "geometry": {"type": "LineString", "coordinates": [[11.0231519, 50.9874095], [11.0232614, 50.9875782]]}}, {"type": "Feature", "properties": {}, "geometry": {"type": "LineString", "coordinates": [[11.0248394, 50.9868424], [11.0248654, 50.9868546]]}}, {"type": "Feature", "properties": {}, "geometry": {"type": "LineString", "coordinates": [[11.0248394, 50.9868424], [11.0246659, 50.9868954]]}}, {"type": "Feature", "properties": {}, "geometry": {"type": "LineString", "coordinates": [[11.0248394, 50.9868424], [11.0250641, 50.986814]]}}, {"type": "Feature", "properties": {}, "geometry": {"type": "LineString", "coordinates": [[11.0234104, 50.9879477], [11.0233539, 50.9878429]]}}, {"type": "Feature", "properties": {}, "geometry": {"type": "LineString", "coordinates": [[11.0234104, 50.9879477], [11.0234151, 50.9879748]]}}, {"type": "Feature", "properties": {}, "geometry": {"type": "LineString", "coordinates": [[11.0234104, 50.9879477], [11.0234694, 50.9880918]]}}, {"type": "Feature", "properties": {}, "geometry": {"type": "LineString", "coordinates": [[11.0244861, 50.9864996], [11.0244873, 50.9864991]]}}, {"type": "Feature", "properties": {}, "geometry": {"type": "LineString", "coordinates": [[11.0211332, 50.9904732], [11.0212298, 50.9905596]]}}, {"type": "Feature", "properties": {}, "geometry": {"type": "LineString", "coordinates": [[11.0226849, 50.9898954], [11.0226676, 50.9898691]]}}, {"type": "Feature", "properties": {}, "geometry": {"type": "LineString", "coordinates": [[11.0226849, 50.9898954], [11.0225684, 50.9899806]]}}, {"type": "Feature", "properties": {}, "geometry": {"type": "LineString", "coordinates": [[11.0226849, 50.9898954], [11.0227831, 50.9897605]]}}, {"type": "Feature", "properties": {}, "geometry": {"type": "LineString", "coordinates": [[11.0225386, 50.9882022], [11.0226238, 50.9881122]]}}, {"type": "Feature", "properties": {}, "geometry": {"type": "LineString", "coordinates": [[11.0225386, 50.9882022], [11.0225335, 50.9882293]]}}, {"type": "Feature", "properties": {}, "geometry": {"type": "LineString", "coordinates": [[11.0225386, 50.9882022], [11.0224366, 50.9883549]]}}, {"type": "Feature", "properties": {}, "geometry": {"type": "LineString", "coordinates": [[11.0237764, 50.9876604], [11.0237122, 50.9875541]]}}, {"type": "Feature", "properties": {}, "geometry": {"type": "LineString", "coordinates": [[11.0237764, 50.9876604], [11.0237812, 50.9876823]]}}, {"type": "Feature", "properties": {}, "geometry": {"type": "LineString", "coordinates": [[11.0237764, 50.9876604], [11.0238337, 50.9877954]]}}, {"type": "Feature", "properties": {}, "geometry": {"type": "LineString", "coordinates": [[11.0221782, 50.988707], [11.0222405, 50.9886098]]}}, {"type": "Feature", "properties": {}, "geometry": {"type": "LineString", "coordinates": [[11.0221782, 50.988707], [11.0221765, 50.9887438]]}}, {"type": "Feature", "properties": {}, "geometry": {"type": "LineString", "coordinates": [[11.0221782, 50.988707], [11.022039, 50.9888633]]}}, {"type": "Feature", "properties": {}, "geometry": {"type": "LineString", "coordinates": [[11.0234552, 50.9880634], [11.0234151, 50.9879748]]}}, {"type": "Feature", "properties": {}, "geometry": {"type": "LineString", "coordinates": [[11.0234552, 50.9880634], [11.0234694, 50.9880918]]}}, {"type": "Feature", "properties": {}, "geometry": {"type": "LineString", "coordinates": [[11.0234552, 50.9880634], [11.023518, 50.9881963]]}}, {"type": "Feature", "properties": {}, "geometry": {"type": "LineString", "coordinates": [[11.0211343, 50.9900572], [11.0212262, 50.9899216]]}}, {"type": "Feature", "properties": {}, "geometry": {"type": "LineString", "coordinates": [[11.0211343, 50.9900572], [11.0211183, 50.9900593]]}}, {"type": "Feature", "properties": {}, "geometry": {"type": "LineString", "coordinates": [[11.0211343, 50.9900572], [11.0212684, 50.9901531]]}}, {"type": "Feature", "properties": {}, "geometry": {"type": "LineString", "coordinates": [[11.0223489, 50.9884539], [11.0224366, 50.9883549]]}}, {"type": "Feature", "properties": {}, "geometry": {"type": "LineString", "coordinates": [[11.0223489, 50.9884539], [11.0223386, 50.9884823]]}}, {"type": "Feature", "properties": {}, "geometry": {"type": "LineString", "coordinates": [[11.024248, 50.9869643], [11.024066, 50.9870181]]}}, {"type": "Feature", "properties": {}, "geometry": {"type": "LineString", "coordinates": [[11.024248, 50.9869643], [11.0242659, 50.9869772]]}}, {"type": "Feature", "properties": {}, "geometry": {"type": "LineString", "coordinates": [[11.024248, 50.9869643], [11.0244656, 50.9869364]]}}, {"type": "Feature", "properties": {}, "geometry": {"type": "LineString", "coordinates": [[11.0246416, 50.9868837], [11.0246659, 50.9868954]]}}, {"type": "Feature", "properties": {}, "geometry": {"type": "LineString", "coordinates": [[11.0246416, 50.9868837], [11.0244656, 50.9869364]]}}, {"type": "Feature", "properties": {}, "geometry": {"type": "LineString", "coordinates": [[11.0246416, 50.9868837], [11.0248654, 50.9868546]]}}, {"type": "Feature", "properties": {}, "geometry": {"type": "LineString", "coordinates": [[11.0220459, 50.9888293], [11.0221765, 50.9887438]]}}, {"type": "Feature", "properties": {}, "geometry": {"type": "LineString", "coordinates": [[11.0220459, 50.9888293], [11.022039, 50.9888633]]}}, {"type": "Feature", "properties": {}, "geometry": {"type": "LineString", "coordinates": [[11.0220459, 50.9888293], [11.0219407, 50.988972]]}}, {"type": "Feature", "properties": {}, "geometry": {"type": "LineString", "coordinates": [[11.0222902, 50.990339], [11.0222658, 50.9903196]]}}, {"type": "Feature", "properties": {}, "geometry": {"type": "LineString", "coordinates": [[11.0222902, 50.990339], [11.0221565, 50.9904425]]}}, {"type": "Feature", "properties": {}, "geometry": {"type": "LineString", "coordinates": [[11.0222902, 50.990339], [11.0223728, 50.9901994]]}}, {"type": "Feature", "properties": {}, "geometry": {"type": "LineString", "coordinates": [[11.0223087, 50.9893907], [11.0223033, 50.9893841]]}}, {"type": "Feature", "properties": {}, "geometry": {"type": "LineString", "coordinates": [[11.0223087, 50.9893907], [11.0225241, 50.9894215]]}}, {"type": "Feature", "properties": {}, "geometry": {"type": "LineString", "coordinates": [[11.0223087, 50.9893907], [11.0221066, 50.9893518]]}}, {"type": "Feature", "properties": {}, "geometry": {"type": "LineString", "coordinates": [[11.0241859, 50.9872783], [11.0240245, 50.9872285]]}}, {"type": "Feature", "properties": {}, "geometry": {"type": "LineString", "coordinates": [[11.0241859, 50.9872783], [11.0242015, 50.9872957]]}}, {"type": "Feature", "properties": {}, "geometry": {"type": "LineString", "coordinates": [[11.0241859, 50.9872783], [11.0243803, 50.987368]]}}, {"type": "Feature", "properties": {}, "geometry": {"type": "LineString", "coordinates": [[11.0240128, 50.9872111], [11.0238156, 50.9871025]]}}, {"type": "Feature", "properties": {}, "geometry": {"type": "LineString", "coordinates": [[11.0240128, 50.9872111], [11.0240245, 50.9872285]]}}, {"type": "Feature", "properties": {}, "geometry": {"type": "LineString", "coordinates": [[11.0240128, 50.9872111], [11.0242015, 50.9872957]]}}, {"type": "Feature", "properties": {}, "geometry": {"type": "LineString", "coordinates": [[11.032954, 50.9894476], [11.0329502, 50.9894481]]}}, {"type": "Feature", "properties": {}, "geometry": {"type": "LineString", "coordinates": [[11.0341139, 50.9896883], [11.0341043, 50.9896805]]}}, {"type": "Feature", "properties": {}, "geometry": {"type": "LineString", "coordinates": [[11.0341139, 50.9896883], [11.0340289, 50.9898012]]}}, {"type": "Feature", "properties": {}, "geometry": {"type": "LineString", "coordinates": [[11.0341139, 50.9896883], [11.0341796, 50.9895599]]}}, {"type": "Feature", "properties": {}, "geometry": {"type": "LineString", "coordinates": [[11.0339733, 50.9885393], [11.033821, 50.9885162]]}}, {"type": "Feature", "properties": {}, "geometry": {"type": "LineString", "coordinates": [[11.0339733, 50.9885393], [11.0339779, 50.988536]]}}, {"type": "Feature", "properties": {}, "geometry": {"type": "LineString", "coordinates": [[11.0339733, 50.9885393], [11.0341287, 50.9885581]]}}, {"type": "Feature", "properties": {}, "geometry": {"type": "LineString", "coordinates": [[11.0317536, 50.9899844], [11.031663, 50.9898856]]}}, {"type": "Feature", "properties": {}, "geometry": {"type": "LineString", "coordinates": [[11.0317536, 50.9899844], [11.0318242, 50.9900127]]}}, {"type": "Feature", "properties": {}, "geometry": {"type": "LineString", "coordinates": [[11.0244447, 50.9869243], [11.0244656, 50.9869364]]}}, {"type": "Feature", "properties": {}, "geometry": {"type": "LineString", "coordinates": [[11.0244447, 50.9869243], [11.0242659, 50.9869772]]}}, {"type": "Feature", "properties": {}, "geometry": {"type": "LineString", "coordinates": [[11.0244447, 50.9869243], [11.0246659, 50.9868954]]}}, {"type": "Feature", "properties": {}, "geometry": {"type": "LineString", "coordinates": [[11.0230443, 50.9878846], [11.0231676, 50.9879013]]}}, {"type": "Feature", "properties": {}, "geometry": {"type": "LineString", "coordinates": [[11.0230443, 50.9878846], [11.0230496, 50.9878803]]}}, {"type": "Feature", "properties": {}, "geometry": {"type": "LineString", "coordinates": [[11.0230443, 50.9878846], [11.023173, 50.9879983]]}}, {"type": "Feature", "properties": {}, "geometry": {"type": "LineString", "coordinates": [[11.0250412, 50.9871055], [11.0250473, 50.9871059]]}}, {"type": "Feature", "properties": {}, "geometry": {"type": "LineString", "coordinates": [[11.0231433, 50.9898745], [11.0231531, 50.9898708]]}}, {"type": "Feature", "properties": {}, "geometry": {"type": "LineString", "coordinates": [[11.0231433, 50.9898745], [11.0230192, 50.989794]]}}, {"type": "Feature", "properties": {}, "geometry": {"type": "LineString", "coordinates": [[11.0231433, 50.9898745], [11.0230576, 50.9899462]]}}, {"type": "Feature", "properties": {}, "geometry": {"type": "LineString", "coordinates": [[11.0231918, 50.987945], [11.023173, 50.9879983]]}}, {"type": "Feature", "properties": {}, "geometry": {"type": "LineString", "coordinates": [[11.0231918, 50.987945], [11.0231676, 50.9879013]]}}, {"type": "Feature", "properties": {}, "geometry": {"type": "LineString", "coordinates": [[11.0333506, 50.9884369], [11.0333514, 50.9884373]]}}, {"type": "Feature", "properties": {}, "geometry": {"type": "LineString", "coordinates": [[11.0333506, 50.9884369], [11.0335126, 50.9884623]]}}, {"type": "Feature", "properties": {}, "geometry": {"type": "LineString", "coordinates": [[11.0333506, 50.9884369], [11.0331947, 50.9884126]]}}, {"type": "Feature", "properties": {}, "geometry": {"type": "LineString", "coordinates": [[11.0321485, 50.9891633], [11.0322155, 50.9890844]]}}, {"type": "Feature", "properties": {}, "geometry": {"type": "LineString", "coordinates": [[11.0321485, 50.9891633], [11.032174, 50.9891966]]}}, {"type": "Feature", "properties": {}, "geometry": {"type": "LineString", "coordinates": [[11.0321485, 50.9891633], [11.032126, 50.9893105]]}}, {"type": "Feature", "properties": {}, "geometry": {"type": "LineString", "coordinates": [[11.0338014, 50.9893861], [11.0337262, 50.9895544]]}}, {"type": "Feature", "properties": {}, "geometry": {"type": "LineString", "coordinates": [[11.0342601, 50.9894537], [11.0341796, 50.9895599]]}}, {"type": "Feature", "properties": {}, "geometry": {"type": "LineString", "coordinates": [[11.0342601, 50.9894537], [11.0342549, 50.9894391]]}}, {"type": "Feature", "properties": {}, "geometry": {"type": "LineString", "coordinates": [[11.0341245, 50.9885584], [11.0339779, 50.988536]]}}, {"type": "Feature", "properties": {}, "geometry": {"type": "LineString", "coordinates": [[11.0341245, 50.9885584], [11.0341287, 50.9885581]]}}, {"type": "Feature", "properties": {}, "geometry": {"type": "LineString", "coordinates": [[11.0341245, 50.9885584], [11.0342839, 50.9885819]]}}, {"type": "Feature", "properties": {}, "geometry": {"type": "LineString", "coordinates": [[11.0324123, 50.9884956], [11.0324999, 50.9883632]]}}, {"type": "Feature", "properties": {}, "geometry": {"type": "LineString", "coordinates": [[11.0324123, 50.9884956], [11.0324406, 50.9885257]]}}, {"type": "Feature", "properties": {}, "geometry": {"type": "LineString", "coordinates": [[11.0324123, 50.9884956], [11.0324063, 50.9886197]]}}, {"type": "Feature", "properties": {}, "geometry": {"type": "LineString", "coordinates": [[11.0325503, 50.9893185], [11.0325319, 50.9893767]]}}, {"type": "Feature", "properties": {}, "geometry": {"type": "LineString", "coordinates": [[11.032099, 50.992006], [11.0320997, 50.9920059]]}}, {"type": "Feature", "properties": {}, "geometry": {"type": "LineString", "coordinates": [[11.0324654, 50.988294], [11.0323133, 50.988295]]}}, {"type": "Feature", "properties": {}, "geometry": {"type": "LineString", "coordinates": [[11.0324654, 50.988294], [11.0324999, 50.9883632]]}}, {"type": "Feature", "properties": {}, "geometry": {"type": "LineString", "coordinates": [[11.0324654, 50.988294], [11.0321682, 50.9882715]]}}, {"type": "Feature", "properties": {}, "geometry": {"type": "LineString", "coordinates": [[11.0336532, 50.9897577], [11.0337262, 50.9895544]]}}, {"type": "Feature", "properties": {}, "geometry": {"type": "LineString", "coordinates": [[11.029618, 50.9895191], [11.0296952, 50.9894424]]}}, {"type": "Feature", "properties": {}, "geometry": {"type": "LineString", "coordinates": [[11.0339073, 50.9889926], [11.0337117, 50.9888687]]}}, {"type": "Feature", "properties": {}, "geometry": {"type": "LineString", "coordinates": [[11.0337026, 50.9896338], [11.0337262, 50.9895544]]}}, {"type": "Feature", "properties": {}, "geometry": {"type": "LineString", "coordinates": [[11.033309, 50.9893395], [11.0334096, 50.9893527]]}}, {"type": "Feature", "properties": {}, "geometry": {"type": "LineString", "coordinates": [[11.0325996, 50.989195], [11.0325319, 50.9893767]]}}, {"type": "Feature", "properties": {}, "geometry": {"type": "LineString", "coordinates": [[11.0325996, 50.989195], [11.0326653, 50.9890766]]}}, {"type": "Feature", "properties": {}, "geometry": {"type": "LineString", "coordinates": [[11.034283, 50.9885828], [11.0342839, 50.9885819]]}}, {"type": "Feature", "properties": {}, "geometry": {"type": "LineString", "coordinates": [[11.034283, 50.9885828], [11.0344628, 50.9886105]]}}, {"type": "Feature", "properties": {}, "geometry": {"type": "LineString", "coordinates": [[11.034283, 50.9885828], [11.0341287, 50.9885581]]}}, {"type": "Feature", "properties": {}, "geometry": {"type": "LineString", "coordinates": [[11.0313511, 50.9888986], [11.0314276, 50.9888005]]}}, {"type": "Feature", "properties": {}, "geometry": {"type": "LineString", "coordinates": [[11.0313511, 50.9888986], [11.0313803, 50.988932]]}}, {"type": "Feature", "properties": {}, "geometry": {"type": "LineString", "coordinates": [[11.0300634, 50.9894989], [11.0300604, 50.9895031]]}}, {"type": "Feature", "properties": {}, "geometry": {"type": "LineString", "coordinates": [[11.0300634, 50.9894989], [11.030243, 50.9895327]]}}, {"type": "Feature", "properties": {}, "geometry": {"type": "LineString", "coordinates": [[11.0300634, 50.9894989], [11.0298776, 50.9894727]]}}, {"type": "Feature", "properties": {}, "geometry": {"type": "LineString", "coordinates": [[11.0332019, 50.9900486], [11.0328078, 50.9899734]]}}, {"type": "Feature", "properties": {}, "geometry": {"type": "LineString", "coordinates": [[11.0326687, 50.9890789], [11.0326653, 50.9890766]]}}, {"type": "Feature", "properties": {}, "geometry": {"type": "LineString", "coordinates": [[11.0326687, 50.9890789], [11.0325319, 50.9893767]]}}, {"type": "Feature", "properties": {}, "geometry": {"type": "LineString", "coordinates": [[11.0326687, 50.9890789], [11.0327116, 50.9889606]]}}, {"type": "Feature", "properties": {}, "geometry": {"type": "LineString", "coordinates": [[11.0279232, 50.9911723], [11.0279848, 50.9910213]]}}, {"type": "Feature", "properties": {}, "geometry": {"type": "LineString", "coordinates": [[11.0314441, 50.9886589], [11.0315154, 50.9885784]]}}, {"type": "Feature", "properties": {}, "geometry": {"type": "LineString", "coordinates": [[11.0314441, 50.9886589], [11.0314719, 50.9886884]]}}, {"type": "Feature", "properties": {}, "geometry": {"type": "LineString", "coordinates": [[11.0314441, 50.9886589], [11.0314276, 50.9888005]]}}, {"type": "Feature", "properties": {}, "geometry": {"type": "LineString", "coordinates": [[11.0302445, 50.9895287], [11.030243, 50.9895327]]}}, {"type": "Feature", "properties": {}, "geometry": {"type": "LineString", "coordinates": [[11.0302445, 50.9895287], [11.0304269, 50.9895624]]}}, {"type": "Feature", "properties": {}, "geometry": {"type": "LineString", "coordinates": [[11.0302445, 50.9895287], [11.0300604, 50.9895031]]}}, {"type": "Feature", "properties": {}, "geometry": {"type": "LineString", "coordinates": [[11.0331915, 50.9884101], [11.0331947, 50.9884126]]}}, {"type": "Feature", "properties": {}, "geometry": {"type": "LineString", "coordinates": [[11.0331915, 50.9884101], [11.0333514, 50.9884373]]}}, {"type": "Feature", "properties": {}, "geometry": {"type": "LineString", "coordinates": [[11.0331915, 50.9884101], [11.0330005, 50.9883807]]}}, {"type": "Feature", "properties": {}, "geometry": {"type": "LineString", "coordinates": [[11.033053, 50.9888988], [11.0337117, 50.9888687]]}}, {"type": "Feature", "properties": {}, "geometry": {"type": "LineString", "coordinates": [[11.0233084, 50.9909744], [11.0233068, 50.9909561]]}}, {"type": "Feature", "properties": {}, "geometry": {"type": "LineString", "coordinates": [[11.0233084, 50.9909744], [11.0234978, 50.9910105]]}}, {"type": "Feature", "properties": {}, "geometry": {"type": "LineString", "coordinates": [[11.0234659, 50.9908392], [11.0234632, 50.9908175]]}}, {"type": "Feature", "properties": {}, "geometry": {"type": "LineString", "coordinates": [[11.0234659, 50.9908392], [11.0233068, 50.9909561]]}}, {"type": "Feature", "properties": {}, "geometry": {"type": "LineString", "coordinates": [[11.0234659, 50.9908392], [11.0235427, 50.9907377]]}}, {"type": "Feature", "properties": {}, "geometry": {"type": "LineString", "coordinates": [[11.0255425, 50.9911395], [11.0256325, 50.9911286]]}}, {"type": "Feature", "properties": {}, "geometry": {"type": "LineString", "coordinates": [[11.0255425, 50.9911395], [11.0255954, 50.9912448]]}}, {"type": "Feature", "properties": {}, "geometry": {"type": "LineString", "coordinates": [[11.0255425, 50.9911395], [11.0256857, 50.9909935]]}}, {"type": "Feature", "properties": {}, "geometry": {"type": "LineString", "coordinates": [[11.0248316, 50.9907434], [11.0248684, 50.9906535]]}}, {"type": "Feature", "properties": {}, "geometry": {"type": "LineString", "coordinates": [[11.0248316, 50.9907434], [11.0248326, 50.9907444]]}}, {"type": "Feature", "properties": {}, "geometry": {"type": "LineString", "coordinates": [[11.0248316, 50.9907434], [11.0247964, 50.9908364]]}}, {"type": "Feature", "properties": {}, "geometry": {"type": "LineString", "coordinates": [[11.0229794, 50.990876], [11.0229145, 50.9908244]]}}, {"type": "Feature", "properties": {}, "geometry": {"type": "LineString", "coordinates": [[11.0229794, 50.990876], [11.0227928, 50.990907]]}}, {"type": "Feature", "properties": {}, "geometry": {"type": "LineString", "coordinates": [[11.0229794, 50.990876], [11.022994, 50.9907368]]}}, {"type": "Feature", "properties": {}, "geometry": {"type": "LineString", "coordinates": [[11.0249024, 50.9905602], [11.0249413, 50.9904685]]}}, {"type": "Feature", "properties": {}, "geometry": {"type": "LineString", "coordinates": [[11.0249024, 50.9905602], [11.0249047, 50.9905614]]}}, {"type": "Feature", "properties": {}, "geometry": {"type": "LineString", "coordinates": [[11.0249024, 50.9905602], [11.0248684, 50.9906535]]}}, {"type": "Feature", "properties": {}, "geometry": {"type": "LineString", "coordinates": [[11.0253682, 50.9901646], [11.0252365, 50.9901456]]}}, {"type": "Feature", "properties": {}, "geometry": {"type": "LineString", "coordinates": [[11.0253682, 50.9901646], [11.025375, 50.9901662]]}}, {"type": "Feature", "properties": {}, "geometry": {"type": "LineString", "coordinates": [[11.0253682, 50.9901646], [11.0255202, 50.9901807]]}}, {"type": "Feature", "properties": {}, "geometry": {"type": "LineString", "coordinates": [[11.0336825, 50.9890315], [11.0336826, 50.9890335]]}}, {"type": "Feature", "properties": {}, "geometry": {"type": "LineString", "coordinates": [[11.03318, 50.9888063], [11.0337117, 50.9888687]]}}, {"type": "Feature", "properties": {}, "geometry": {"type": "LineString", "coordinates": [[11.0318998, 50.9891023], [11.0322155, 50.9890844]]}}, {"type": "Feature", "properties": {}, "geometry": {"type": "LineString", "coordinates": [[11.0318998, 50.9891023], [11.032174, 50.9891966]]}}, {"type": "Feature", "properties": {}, "geometry": {"type": "LineString", "coordinates": [[11.0318998, 50.9891023], [11.032126, 50.9893105]]}}, {"type": "Feature", "properties": {}, "geometry": {"type": "LineString", "coordinates": [[11.0256134, 50.9911794], [11.0256325, 50.9911286]]}}, {"type": "Feature", "properties": {}, "geometry": {"type": "LineString", "coordinates": [[11.0256134, 50.9911794], [11.0255954, 50.9912448]]}}, {"type": "Feature", "properties": {}, "geometry": {"type": "LineString", "coordinates": [[11.0229153, 50.9908455], [11.0229145, 50.9908244]]}}, {"type": "Feature", "properties": {}, "geometry": {"type": "LineString", "coordinates": [[11.0229153, 50.9908455], [11.0227928, 50.990907]]}}, {"type": "Feature", "properties": {}, "geometry": {"type": "LineString", "coordinates": [[11.0229153, 50.9908455], [11.022994, 50.9907368]]}}, {"type": "Feature", "properties": {}, "geometry": {"type": "LineString", "coordinates": [[11.023479, 50.9902555], [11.0234797, 50.9902451]]}}, {"type": "Feature", "properties": {}, "geometry": {"type": "LineString", "coordinates": [[11.023479, 50.9902555], [11.0234898, 50.9901605]]}}, {"type": "Feature", "properties": {}, "geometry": {"type": "LineString", "coordinates": [[11.023479, 50.9902555], [11.023397, 50.9903304]]}}, {"type": "Feature", "properties": {}, "geometry": {"type": "LineString", "coordinates": [[11.0233161, 50.9904163], [11.023397, 50.9903304]]}}, {"type": "Feature", "properties": {}, "geometry": {"type": "LineString", "coordinates": [[11.0233161, 50.9904163], [11.0233206, 50.9904092]]}}, {"type": "Feature", "properties": {}, "geometry": {"type": "LineString", "coordinates": [[11.0233161, 50.9904163], [11.0232432, 50.9904867]]}}, {"type": "Feature", "properties": {}, "geometry": {"type": "LineString", "coordinates": [[11.0232313, 50.990502], [11.0232432, 50.9904867]]}}, {"type": "Feature", "properties": {}, "geometry": {"type": "LineString", "coordinates": [[11.0232313, 50.990502], [11.0231594, 50.9905694]]}}, {"type": "Feature", "properties": {}, "geometry": {"type": "LineString", "coordinates": [[11.0232313, 50.990502], [11.0233206, 50.9904092]]}}, {"type": "Feature", "properties": {}, "geometry": {"type": "LineString", "coordinates": [[11.0246265, 50.9900725], [11.0244844, 50.9899991]]}}, {"type": "Feature", "properties": {}, "geometry": {"type": "LineString", "coordinates": [[11.0246265, 50.9900725], [11.0246492, 50.9900522]]}}, {"type": "Feature", "properties": {}, "geometry": {"type": "LineString", "coordinates": [[11.0246265, 50.9900725], [11.0245784, 50.990203]]}}, {"type": "Feature", "properties": {}, "geometry": {"type": "LineString", "coordinates": [[11.0242697, 50.9900193], [11.0242892, 50.9899921]]}}, {"type": "Feature", "properties": {}, "geometry": {"type": "LineString", "coordinates": [[11.0242697, 50.9900193], [11.0241839, 50.9900973]]}}, {"type": "Feature", "properties": {}, "geometry": {"type": "LineString", "coordinates": [[11.0240118, 50.9902736], [11.0240275, 50.9902561]]}}, {"type": "Feature", "properties": {}, "geometry": {"type": "LineString", "coordinates": [[11.0240118, 50.9902736], [11.0239466, 50.9903384]]}}, {"type": "Feature", "properties": {}, "geometry": {"type": "LineString", "coordinates": [[11.0240118, 50.9902736], [11.0241067, 50.9901757]]}}, {"type": "Feature", "properties": {}, "geometry": {"type": "LineString", "coordinates": [[11.0239309, 50.9903545], [11.0239466, 50.9903384]]}}, {"type": "Feature", "properties": {}, "geometry": {"type": "LineString", "coordinates": [[11.0239309, 50.9903545], [11.0238693, 50.9904214]]}}, {"type": "Feature", "properties": {}, "geometry": {"type": "LineString", "coordinates": [[11.0239309, 50.9903545], [11.0240275, 50.9902561]]}}, {"type": "Feature", "properties": {}, "geometry": {"type": "LineString", "coordinates": [[11.0226216, 50.9907009], [11.0226238, 50.9907032]]}}, {"type": "Feature", "properties": {}, "geometry": {"type": "LineString", "coordinates": [[11.0230677, 50.9906692], [11.0230775, 50.9906523]]}}, {"type": "Feature", "properties": {}, "geometry": {"type": "LineString", "coordinates": [[11.0230677, 50.9906692], [11.022994, 50.9907368]]}}, {"type": "Feature", "properties": {}, "geometry": {"type": "LineString", "coordinates": [[11.0230677, 50.9906692], [11.0231594, 50.9905694]]}}, {"type": "Feature", "properties": {}, "geometry": {"type": "LineString", "coordinates": [[11.0229881, 50.9907583], [11.022994, 50.9907368]]}}, {"type": "Feature", "properties": {}, "geometry": {"type": "LineString", "coordinates": [[11.0229881, 50.9907583], [11.0229145, 50.9908244]]}}, {"type": "Feature", "properties": {}, "geometry": {"type": "LineString", "coordinates": [[11.0229881, 50.9907583], [11.0230775, 50.9906523]]}}, {"type": "Feature", "properties": {}, "geometry": {"type": "LineString", "coordinates": [[11.0226384, 50.9908862], [11.0226403, 50.9908844]]}}, {"type": "Feature", "properties": {}, "geometry": {"type": "LineString", "coordinates": [[11.0226384, 50.9908862], [11.0227928, 50.990907]]}}, {"type": "Feature", "properties": {}, "geometry": {"type": "LineString", "coordinates": [[11.0247221, 50.9910184], [11.0247596, 50.9909297]]}}, {"type": "Feature", "properties": {}, "geometry": {"type": "LineString", "coordinates": [[11.0247221, 50.9910184], [11.0247237, 50.991021]]}}, {"type": "Feature", "properties": {}, "geometry": {"type": "LineString", "coordinates": [[11.0247221, 50.9910184], [11.0246638, 50.991164]]}}, {"type": "Feature", "properties": {}, "geometry": {"type": "LineString", "coordinates": [[11.0247549, 50.990926], [11.0247964, 50.9908364]]}}, {"type": "Feature", "properties": {}, "geometry": {"type": "LineString", "coordinates": [[11.0247549, 50.990926], [11.0247596, 50.9909297]]}}, {"type": "Feature", "properties": {}, "geometry": {"type": "LineString", "coordinates": [[11.0247549, 50.990926], [11.0247237, 50.991021]]}}, {"type": "Feature", "properties": {}, "geometry": {"type": "LineString", "coordinates": [[11.024932, 50.9904737], [11.0249413, 50.9904685]]}}, {"type": "Feature", "properties": {}, "geometry": {"type": "LineString", "coordinates": [[11.024932, 50.9904737], [11.0249778, 50.9903758]]}}, {"type": "Feature", "properties": {}, "geometry": {"type": "LineString", "coordinates": [[11.024932, 50.9904737], [11.0249047, 50.9905614]]}}, {"type": "Feature", "properties": {}, "geometry": {"type": "LineString", "coordinates": [[11.0250024, 50.990283], [11.0250656, 50.9901356]]}}, {"type": "Feature", "properties": {}, "geometry": {"type": "LineString", "coordinates": [[11.0250024, 50.990283], [11.0250141, 50.9902834]]}}, {"type": "Feature", "properties": {}, "geometry": {"type": "LineString", "coordinates": [[11.0250024, 50.990283], [11.0249778, 50.9903758]]}}, {"type": "Feature", "properties": {}, "geometry": {"type": "LineString", "coordinates": [[11.0250036, 50.9906989], [11.0248684, 50.9906535]]}}, {"type": "Feature", "properties": {}, "geometry": {"type": "LineString", "coordinates": [[11.0236791, 50.9899295], [11.0235781, 50.9898362]]}}, {"type": "Feature", "properties": {}, "geometry": {"type": "LineString", "coordinates": [[11.0236791, 50.9899295], [11.0237086, 50.9898738]]}}, {"type": "Feature", "properties": {}, "geometry": {"type": "LineString", "coordinates": [[11.0236791, 50.9899295], [11.0236406, 50.9899203]]}}, {"type": "Feature", "properties": {}, "geometry": {"type": "LineString", "coordinates": [[11.0215626, 50.9911612], [11.0215623, 50.9911611]]}}, {"type": "Feature", "properties": {}, "geometry": {"type": "LineString", "coordinates": [[11.0251019, 50.9911799], [11.0250983, 50.9911863]]}}, {"type": "Feature", "properties": {}, "geometry": {"type": "LineString", "coordinates": [[11.0251019, 50.9911799], [11.0249518, 50.9912359]]}}, {"type": "Feature", "properties": {}, "geometry": {"type": "LineString", "coordinates": [[11.0251019, 50.9911799], [11.0250677, 50.9912648]]}}, {"type": "Feature", "properties": {}, "geometry": {"type": "LineString", "coordinates": [[11.0253138, 50.9909188], [11.0253087, 50.9909171]]}}, {"type": "Feature", "properties": {}, "geometry": {"type": "LineString", "coordinates": [[11.0253138, 50.9909188], [11.0255014, 50.9909627]]}}, {"type": "Feature", "properties": {}, "geometry": {"type": "LineString", "coordinates": [[11.0264757, 50.98894], [11.02649, 50.9889356]]}}, {"type": "Feature", "properties": {}, "geometry": {"type": "LineString", "coordinates": [[11.0264757, 50.98894], [11.0264478, 50.9890416]]}}, {"type": "Feature", "properties": {}, "geometry": {"type": "LineString", "coordinates": [[11.0263134, 50.9894359], [11.0263322, 50.9893874]]}}, {"type": "Feature", "properties": {}, "geometry": {"type": "LineString", "coordinates": [[11.0263134, 50.9894359], [11.0262692, 50.9895273]]}}, {"type": "Feature", "properties": {}, "geometry": {"type": "LineString", "coordinates": [[11.023836, 50.9894747], [11.0239416, 50.9894517]]}}, {"type": "Feature", "properties": {}, "geometry": {"type": "LineString", "coordinates": [[11.0249486, 50.9891869], [11.0250086, 50.9890795]]}}, {"type": "Feature", "properties": {}, "geometry": {"type": "LineString", "coordinates": [[11.0249486, 50.9891869], [11.0249621, 50.9891956]]}}, {"type": "Feature", "properties": {}, "geometry": {"type": "LineString", "coordinates": [[11.0249486, 50.9891869], [11.0249157, 50.9893112]]}}, {"type": "Feature", "properties": {}, "geometry": {"type": "LineString", "coordinates": [[11.0262943, 50.9870635], [11.0262809, 50.9870851]]}}, {"type": "Feature", "properties": {}, "geometry": {"type": "LineString", "coordinates": [[11.0262943, 50.9870635], [11.026452, 50.9871104]]}}, {"type": "Feature", "properties": {}, "geometry": {"type": "LineString", "coordinates": [[11.0262943, 50.9870635], [11.0262231, 50.9872108]]}}, {"type": "Feature", "properties": {}, "geometry": {"type": "LineString", "coordinates": [[11.0260607, 50.9876456], [11.0260884, 50.9875572]]}}, {"type": "Feature", "properties": {}, "geometry": {"type": "LineString", "coordinates": [[11.0260607, 50.9876456], [11.0260531, 50.9876488]]}}, {"type": "Feature", "properties": {}, "geometry": {"type": "LineString", "coordinates": [[11.0260607, 50.9876456], [11.0260083, 50.9877629]]}}, {"type": "Feature", "properties": {}, "geometry": {"type": "LineString", "coordinates": [[11.0254206, 50.9879], [11.0254211, 50.9878981]]}}, {"type": "Feature", "properties": {}, "geometry": {"type": "LineString", "coordinates": [[11.0254206, 50.9879], [11.0254212, 50.9880278]]}}, {"type": "Feature", "properties": {}, "geometry": {"type": "LineString", "coordinates": [[11.0254206, 50.9879], [11.0251852, 50.9878586]]}}, {"type": "Feature", "properties": {}, "geometry": {"type": "LineString", "coordinates": [[11.0259088, 50.9880335], [11.0259042, 50.9880318]]}}, {"type": "Feature", "properties": {}, "geometry": {"type": "LineString", "coordinates": [[11.0259088, 50.9880335], [11.025851, 50.9881658]]}}, {"type": "Feature", "properties": {}, "geometry": {"type": "LineString", "coordinates": [[11.0259088, 50.9880335], [11.0259578, 50.9878963]]}}, {"type": "Feature", "properties": {}, "geometry": {"type": "LineString", "coordinates": [[11.0247276, 50.9881125], [11.024727, 50.9881093]]}}, {"type": "Feature", "properties": {}, "geometry": {"type": "LineString", "coordinates": [[11.0247276, 50.9881125], [11.0246572, 50.988208]]}}, {"type": "Feature", "properties": {}, "geometry": {"type": "LineString", "coordinates": [[11.0247276, 50.9881125], [11.0247489, 50.9882424]]}}, {"type": "Feature", "properties": {}, "geometry": {"type": "LineString", "coordinates": [[11.0257832, 50.9870461], [11.0258711, 50.9869415]]}}, {"type": "Feature", "properties": {}, "geometry": {"type": "LineString", "coordinates": [[11.0257832, 50.9870461], [11.0258217, 50.9870633]]}}, {"type": "Feature", "properties": {}, "geometry": {"type": "LineString", "coordinates": [[11.0257832, 50.9870461], [11.0257799, 50.9871737]]}}, {"type": "Feature", "properties": {}, "geometry": {"type": "LineString", "coordinates": [[11.0274847, 51.0030357], [11.027469, 51.0030242]]}}, {"type": "Feature", "properties": {}, "geometry": {"type": "LineString", "coordinates": [[11.0242769, 51.0021491], [11.0242946, 51.0021488]]}}, {"type": "Feature", "properties": {}, "geometry": {"type": "LineString", "coordinates": [[11.024229, 51.0018331], [11.0243316, 51.0018584]]}}, {"type": "Feature", "properties": {}, "geometry": {"type": "LineString", "coordinates": [[11.0227486, 51.0024741], [11.0228309, 51.0024261]]}}, {"type": "Feature", "properties": {}, "geometry": {"type": "LineString", "coordinates": [[11.023444, 51.0023335], [11.0235456, 51.0023637]]}}, {"type": "Feature", "properties": {}, "geometry": {"type": "LineString", "coordinates": [[11.023444, 51.0023335], [11.0233633, 51.0023077]]}}, {"type": "Feature", "properties": {}, "geometry": {"type": "LineString", "coordinates": [[11.023444, 51.0023335], [11.0232317, 51.0022691]]}}, {"type": "Feature", "properties": {}, "geometry": {"type": "LineString", "coordinates": [[11.0234284, 51.0022202], [11.0234241, 51.0022174]]}}, {"type": "Feature", "properties": {}, "geometry": {"type": "LineString", "coordinates": [[11.0283092, 51.0027612], [11.0285226, 51.0026974]]}}, {"type": "Feature", "properties": {}, "geometry": {"type": "LineString", "coordinates": [[11.0283092, 51.0027612], [11.0282796, 51.0027147]]}}, {"type": "Feature", "properties": {}, "geometry": {"type": "LineString", "coordinates": [[11.0283092, 51.0027612], [11.0283729, 51.00281]]}}, {"type": "Feature", "properties": {}, "geometry": {"type": "LineString", "coordinates": [[11.0241245, 51.0020997], [11.0239262, 51.002045]]}}, {"type": "Feature", "properties": {}, "geometry": {"type": "LineString", "coordinates": [[11.0241245, 51.0020997], [11.0242946, 51.0021488]]}}, {"type": "Feature", "properties": {}, "geometry": {"type": "LineString", "coordinates": [[11.0232735, 51.0026044], [11.0234641, 51.0026515]]}}, {"type": "Feature", "properties": {}, "geometry": {"type": "LineString", "coordinates": [[11.0275694, 51.0026012], [11.0275283, 51.0025906]]}}, {"type": "Feature", "properties": {}, "geometry": {"type": "LineString", "coordinates": [[11.029614, 51.0029442], [11.0295686, 51.0029918]]}}, {"type": "Feature", "properties": {}, "geometry": {"type": "LineString", "coordinates": [[11.0259245, 51.0020985], [11.0259334, 51.0020967]]}}, {"type": "Feature", "properties": {}, "geometry": {"type": "LineString", "coordinates": [[11.0232286, 51.0022716], [11.0232317, 51.0022691]]}}, {"type": "Feature", "properties": {}, "geometry": {"type": "LineString", "coordinates": [[11.0232286, 51.0022716], [11.0230882, 51.0023041]]}}, {"type": "Feature", "properties": {}, "geometry": {"type": "LineString", "coordinates": [[11.0232286, 51.0022716], [11.0233633, 51.0023077]]}}, {"type": "Feature", "properties": {}, "geometry": {"type": "LineString", "coordinates": [[11.0296203, 51.0028536], [11.0295686, 51.0029918]]}}, {"type": "Feature", "properties": {}, "geometry": {"type": "LineString", "coordinates": [[11.0279316, 51.0024891], [11.0281989, 51.0023206]]}}, {"type": "Feature", "properties": {}, "geometry": {"type": "LineString", "coordinates": [[11.0279316, 51.0024891], [11.027674, 51.0024117]]}}, {"type": "Feature", "properties": {}, "geometry": {"type": "LineString", "coordinates": [[11.0279316, 51.0024891], [11.0280767, 51.0024446]]}}, {"type": "Feature", "properties": {}, "geometry": {"type": "LineString", "coordinates": [[11.0273394, 51.0001149], [11.027007, 51.0000613]]}}, {"type": "Feature", "properties": {}, "geometry": {"type": "LineString", "coordinates": [[11.0273394, 51.0001149], [11.027328, 51.0001203]]}}, {"type": "Feature", "properties": {}, "geometry": {"type": "LineString", "coordinates": [[11.0287646, 51.0012125], [11.0287669, 51.0012159]]}}, {"type": "Feature", "properties": {}, "geometry": {"type": "LineString", "coordinates": [[11.0287646, 51.0012125], [11.0286791, 51.0010862]]}}, {"type": "Feature", "properties": {}, "geometry": {"type": "LineString", "coordinates": [[11.0287646, 51.0012125], [11.028862, 51.0013232]]}}, {"type": "Feature", "properties": {}, "geometry": {"type": "LineString", "coordinates": [[11.0287973, 51.000986], [11.0288183, 51.0009831]]}}, {"type": "Feature", "properties": {}, "geometry": {"type": "LineString", "coordinates": [[11.0287973, 51.000986], [11.0288742, 51.0010412]]}}, {"type": "Feature", "properties": {}, "geometry": {"type": "LineString", "coordinates": [[11.0287973, 51.000986], [11.0287009, 51.000977]]}}, {"type": "Feature", "properties": {}, "geometry": {"type": "LineString", "coordinates": [[11.0290475, 51.0010444], [11.0288742, 51.0010412]]}}, {"type": "Feature", "properties": {}, "geometry": {"type": "LineString", "coordinates": [[11.0290475, 51.0010444], [11.0290934, 51.0010459]]}}, {"type": "Feature", "properties": {}, "geometry": {"type": "LineString", "coordinates": [[11.0290475, 51.0010444], [11.0291768, 51.0009601]]}}, {"type": "Feature", "properties": {}, "geometry": {"type": "LineString", "coordinates": [[11.0288595, 51.0010319], [11.0288183, 51.0009831]]}}, {"type": "Feature", "properties": {}, "geometry": {"type": "LineString", "coordinates": [[11.0288595, 51.0010319], [11.0288742, 51.0010412]]}}, {"type": "Feature", "properties": {}, "geometry": {"type": "LineString", "coordinates": [[11.0288595, 51.0010319], [11.0289312, 51.00099]]}}, {"type": "Feature", "properties": {}, "geometry": {"type": "LineString", "coordinates": [[11.0286416, 51.0001714], [11.0284371, 51.0001717]]}}, {"type": "Feature", "properties": {}, "geometry": {"type": "LineString", "coordinates": [[11.0286416, 51.0001714], [11.0286392, 51.0001721]]}}, {"type": "Feature", "properties": {}, "geometry": {"type": "LineString", "coordinates": [[11.0286416, 51.0001714], [11.0285562, 51.0001162]]}}, {"type": "Feature", "properties": {}, "geometry": {"type": "LineString", "coordinates": [[11.029122, 51.0002281], [11.0291057, 51.0001332]]}}, {"type": "Feature", "properties": {}, "geometry": {"type": "LineString", "coordinates": [[11.029122, 51.0002281], [11.0290284, 51.0001829]]}}, {"type": "Feature", "properties": {}, "geometry": {"type": "LineString", "coordinates": [[11.029122, 51.0002281], [11.0291173, 51.0002291]]}}, {"type": "Feature", "properties": {}, "geometry": {"type": "LineString", "coordinates": [[11.0287477, 51.0007041], [11.0286704, 51.0007087]]}}, {"type": "Feature", "properties": {}, "geometry": {"type": "LineString", "coordinates": [[11.0287477, 51.0007041], [11.0289106, 51.0006185]]}}, {"type": "Feature", "properties": {}, "geometry": {"type": "LineString", "coordinates": [[11.0255571, 51.0003753], [11.0255073, 51.0003767]]}}, {"type": "Feature", "properties": {}, "geometry": {"type": "LineString", "coordinates": [[11.0255571, 51.0003753], [11.025382, 51.0003455]]}}, {"type": "Feature", "properties": {}, "geometry": {"type": "LineString", "coordinates": [[11.0255571, 51.0003753], [11.0256627, 51.000393]]}}, {"type": "Feature", "properties": {}, "geometry": {"type": "LineString", "coordinates": [[11.0260909, 51.0003968], [11.0258656, 51.0004296]]}}, {"type": "Feature", "properties": {}, "geometry": {"type": "LineString", "coordinates": [[11.0269885, 50.9997623], [11.0269688, 50.9997628]]}}, {"type": "Feature", "properties": {}, "geometry": {"type": "LineString", "coordinates": [[11.0269885, 50.9997623], [11.0271802, 50.9997992]]}}, {"type": "Feature", "properties": {}, "geometry": {"type": "LineString", "coordinates": [[11.0258725, 51.0004308], [11.0256627, 51.000393]]}}, {"type": "Feature", "properties": {}, "geometry": {"type": "LineString", "coordinates": [[11.0258725, 51.0004308], [11.0258656, 51.0004296]]}}, {"type": "Feature", "properties": {}, "geometry": {"type": "LineString", "coordinates": [[11.0258725, 51.0004308], [11.0255073, 51.0003767]]}}, {"type": "Feature", "properties": {}, "geometry": {"type": "LineString", "coordinates": [[11.0255485, 51.0005401], [11.0255526, 51.0005399]]}}, {"type": "Feature", "properties": {}, "geometry": {"type": "LineString", "coordinates": [[11.025357, 51.0006537], [11.0252918, 51.0006439]]}}, {"type": "Feature", "properties": {}, "geometry": {"type": "LineString", "coordinates": [[11.03115, 51.0014563], [11.031136, 51.0014469]]}}, {"type": "Feature", "properties": {}, "geometry": {"type": "LineString", "coordinates": [[11.0284541, 50.9999789], [11.0284242, 50.9998861]]}}, {"type": "Feature", "properties": {}, "geometry": {"type": "LineString", "coordinates": [[11.0284541, 50.9999789], [11.0285362, 50.9998873]]}}, {"type": "Feature", "properties": {}, "geometry": {"type": "LineString", "coordinates": [[11.0284541, 50.9999789], [11.0284008, 50.9999852]]}}, {"type": "Feature", "properties": {}, "geometry": {"type": "LineString", "coordinates": [[11.0298709, 51.0000764], [11.0298721, 51.000077]]}}, {"type": "Feature", "properties": {}, "geometry": {"type": "LineString", "coordinates": [[11.0298709, 51.0000764], [11.0298753, 51.0002105]]}}, {"type": "Feature", "properties": {}, "geometry": {"type": "LineString", "coordinates": [[11.0288346, 51.0005986], [11.0287051, 51.0005847]]}}, {"type": "Feature", "properties": {}, "geometry": {"type": "LineString", "coordinates": [[11.0288346, 51.0005986], [11.0289106, 51.0006185]]}}, {"type": "Feature", "properties": {}, "geometry": {"type": "LineString", "coordinates": [[11.030739, 51.0012356], [11.0307233, 51.001137]]}}, {"type": "Feature", "properties": {}, "geometry": {"type": "LineString", "coordinates": [[11.030739, 51.0012356], [11.0307371, 51.0012387]]}}, {"type": "Feature", "properties": {}, "geometry": {"type": "LineString", "coordinates": [[11.030739, 51.0012356], [11.0306882, 51.0013965]]}}, {"type": "Feature", "properties": {}, "geometry": {"type": "LineString", "coordinates": [[11.0292497, 51.0013424], [11.029055, 51.0013358]]}}, {"type": "Feature", "properties": {}, "geometry": {"type": "LineString", "coordinates": [[11.0292497, 51.0013424], [11.0292547, 51.0013466]]}}, {"type": "Feature", "properties": {}, "geometry": {"type": "LineString", "coordinates": [[11.0292497, 51.0013424], [11.0294593, 51.0013575]]}}, {"type": "Feature", "properties": {}, "geometry": {"type": "LineString", "coordinates": [[11.0291638, 51.0009633], [11.0290454, 51.0009034]]}}, {"type": "Feature", "properties": {}, "geometry": {"type": "LineString", "coordinates": [[11.0291638, 51.0009633], [11.0291768, 51.0009601]]}}, {"type": "Feature", "properties": {}, "geometry": {"type": "LineString", "coordinates": [[11.0291638, 51.0009633], [11.0290934, 51.0010459]]}}, {"type": "Feature", "properties": {}, "geometry": {"type": "LineString", "coordinates": [[11.0308566, 50.9998601], [11.0307955, 50.9997966]]}}, {"type": "Feature", "properties": {}, "geometry": {"type": "LineString", "coordinates": [[11.0308566, 50.9998601], [11.0308556, 50.9998582]]}}, {"type": "Feature", "properties": {}, "geometry": {"type": "LineString", "coordinates": [[11.0308566, 50.9998601], [11.0306778, 50.9998794]]}}, {"type": "Feature", "properties": {}, "geometry": {"type": "LineString", "coordinates": [[11.0289669, 51.0002977], [11.0290284, 51.0001829]]}}, {"type": "Feature", "properties": {}, "geometry": {"type": "LineString", "coordinates": [[11.0289669, 51.0002977], [11.0288343, 51.0001914]]}}, {"type": "Feature", "properties": {}, "geometry": {"type": "LineString", "coordinates": [[11.0289669, 51.0002977], [11.0289821, 51.0002705]]}}, {"type": "Feature", "properties": {}, "geometry": {"type": "LineString", "coordinates": [[11.0290604, 51.0008097], [11.0290794, 51.0007532]]}}, {"type": "Feature", "properties": {}, "geometry": {"type": "LineString", "coordinates": [[11.0290604, 51.0008097], [11.0290553, 51.0008431]]}}, {"type": "Feature", "properties": {}, "geometry": {"type": "LineString", "coordinates": [[11.0290604, 51.0008097], [11.0290454, 51.0009034]]}}, {"type": "Feature", "properties": {}, "geometry": {"type": "LineString", "coordinates": [[11.0287141, 51.0002819], [11.0286503, 51.0003388]]}}, {"type": "Feature", "properties": {}, "geometry": {"type": "LineString", "coordinates": [[11.0287141, 51.0002819], [11.0288343, 51.0001914]]}}, {"type": "Feature", "properties": {}, "geometry": {"type": "LineString", "coordinates": [[11.0287141, 51.0002819], [11.0289032, 51.0003924]]}}, {"type": "Feature", "properties": {}, "geometry": {"type": "LineString", "coordinates": [[11.0294552, 51.0013528], [11.0292547, 51.0013466]]}}, {"type": "Feature", "properties": {}, "geometry": {"type": "LineString", "coordinates": [[11.0294552, 51.0013528], [11.0294593, 51.0013575]]}}, {"type": "Feature", "properties": {}, "geometry": {"type": "LineString", "coordinates": [[11.0294552, 51.0013528], [11.0296489, 51.0013675]]}}, {"type": "Feature", "properties": {}, "geometry": {"type": "LineString", "coordinates": [[11.0291178, 51.0010488], [11.0290934, 51.0010459]]}}, {"type": "Feature", "properties": {}, "geometry": {"type": "LineString", "coordinates": [[11.0291178, 51.0010488], [11.0291768, 51.0009601]]}}, {"type": "Feature", "properties": {}, "geometry": {"type": "LineString", "coordinates": [[11.0291178, 51.0010488], [11.0288742, 51.0010412]]}}, {"type": "Feature", "properties": {}, "geometry": {"type": "LineString", "coordinates": [[11.0295266, 51.0012331], [11.0295266, 51.0012371]]}}, {"type": "Feature", "properties": {}, "geometry": {"type": "LineString", "coordinates": [[11.0297296, 51.0007092], [11.0297328, 51.0007079]]}}, {"type": "Feature", "properties": {}, "geometry": {"type": "LineString", "coordinates": [[11.0292089, 51.0012123], [11.0292142, 51.0012128]]}}, {"type": "Feature", "properties": {}, "geometry": {"type": "LineString", "coordinates": [[11.0292089, 51.0012123], [11.0293228, 51.0012147]]}}, {"type": "Feature", "properties": {}, "geometry": {"type": "LineString", "coordinates": [[11.0300616, 51.0009071], [11.0300808, 51.0008313]]}}, {"type": "Feature", "properties": {}, "geometry": {"type": "LineString", "coordinates": [[11.0300616, 51.0009071], [11.0301927, 51.0008846]]}}, {"type": "Feature", "properties": {}, "geometry": {"type": "LineString", "coordinates": [[11.0305477, 51.0011521], [11.0305425, 51.0011763]]}}, {"type": "Feature", "properties": {}, "geometry": {"type": "LineString", "coordinates": [[11.0305477, 51.0011521], [11.0306229, 51.0010935]]}}, {"type": "Feature", "properties": {}, "geometry": {"type": "LineString", "coordinates": [[11.0276528, 50.9997376], [11.0275978, 50.9995939]]}}, {"type": "Feature", "properties": {}, "geometry": {"type": "LineString", "coordinates": [[11.0276528, 50.9997376], [11.0276158, 50.9996979]]}}, {"type": "Feature", "properties": {}, "geometry": {"type": "LineString", "coordinates": [[11.0276528, 50.9997376], [11.0276723, 50.9997679]]}}, {"type": "Feature", "properties": {}, "geometry": {"type": "LineString", "coordinates": [[11.0298723, 51.0002142], [11.0298753, 51.0002105]]}}, {"type": "Feature", "properties": {}, "geometry": {"type": "LineString", "coordinates": [[11.0298723, 51.0002142], [11.0298721, 51.000077]]}}, {"type": "Feature", "properties": {}, "geometry": {"type": "LineString", "coordinates": [[11.0291859, 51.0008124], [11.0291907, 51.0008123]]}}, {"type": "Feature", "properties": {}, "geometry": {"type": "LineString", "coordinates": [[11.0291859, 51.0008124], [11.0291526, 51.0008665]]}}, {"type": "Feature", "properties": {}, "geometry": {"type": "LineString", "coordinates": [[11.0291859, 51.0008124], [11.0292667, 51.0008426]]}}, {"type": "Feature", "properties": {}, "geometry": {"type": "LineString", "coordinates": [[11.0290456, 51.0009046], [11.0290454, 51.0009034]]}}, {"type": "Feature", "properties": {}, "geometry": {"type": "LineString", "coordinates": [[11.0290456, 51.0009046], [11.0290553, 51.0008431]]}}, {"type": "Feature", "properties": {}, "geometry": {"type": "LineString", "coordinates": [[11.0290456, 51.0009046], [11.0289361, 51.0008261]]}}, {"type": "Feature", "properties": {}, "geometry": {"type": "LineString", "coordinates": [[11.028729, 50.9999895], [11.0285738, 50.9999968]]}}, {"type": "Feature", "properties": {}, "geometry": {"type": "LineString", "coordinates": [[11.028729, 50.9999895], [11.0288577, 51.0000011]]}}, {"type": "Feature", "properties": {}, "geometry": {"type": "LineString", "coordinates": [[11.028729, 50.9999895], [11.0285362, 50.9998873]]}}, {"type": "Feature", "properties": {}, "geometry": {"type": "LineString", "coordinates": [[11.0295882, 51.000106], [11.029591, 51.000109]]}}, {"type": "Feature", "properties": {}, "geometry": {"type": "LineString", "coordinates": [[11.0302524, 50.9998256], [11.030261, 50.9998217]]}}, {"type": "Feature", "properties": {}, "geometry": {"type": "LineString", "coordinates": [[11.0302524, 50.9998256], [11.0300996, 50.9998426]]}}, {"type": "Feature", "properties": {}, "geometry": {"type": "LineString", "coordinates": [[11.028565, 51.0009691], [11.0285681, 51.000973]]}}, {"type": "Feature", "properties": {}, "geometry": {"type": "LineString", "coordinates": [[11.028565, 51.0009691], [11.0286791, 51.0010862]]}}, {"type": "Feature", "properties": {}, "geometry": {"type": "LineString", "coordinates": [[11.0282319, 51.0005466], [11.0282355, 51.0005458]]}}, {"type": "Feature", "properties": {}, "geometry": {"type": "LineString", "coordinates": [[11.0302316, 51.0010404], [11.0301072, 51.0009831]]}}, {"type": "Feature", "properties": {}, "geometry": {"type": "LineString", "coordinates": [[11.0302316, 51.0010404], [11.0302327, 51.0010377]]}}, {"type": "Feature", "properties": {}, "geometry": {"type": "LineString", "coordinates": [[11.0302316, 51.0010404], [11.0301304, 51.0010755]]}}, {"type": "Feature", "properties": {}, "geometry": {"type": "LineString", "coordinates": [[11.0290287, 51.0011547], [11.0289553, 51.0011563]]}}, {"type": "Feature", "properties": {}, "geometry": {"type": "LineString", "coordinates": [[11.0301176, 51.0011931], [11.0301304, 51.0010755]]}}, {"type": "Feature", "properties": {}, "geometry": {"type": "LineString", "coordinates": [[11.0301176, 51.0011931], [11.0301169, 51.0011935]]}}, {"type": "Feature", "properties": {}, "geometry": {"type": "LineString", "coordinates": [[11.0301176, 51.0011931], [11.0300887, 51.0012823]]}}, {"type": "Feature", "properties": {}, "geometry": {"type": "LineString", "coordinates": [[11.0311451, 51.0015803], [11.031136, 51.0014469]]}}, {"type": "Feature", "properties": {}, "geometry": {"type": "LineString", "coordinates": [[11.0290693, 51.0004486], [11.0289032, 51.0003924]]}}, {"type": "Feature", "properties": {}, "geometry": {"type": "LineString", "coordinates": [[11.0290693, 51.0004486], [11.0291915, 51.0004605]]}}, {"type": "Feature", "properties": {}, "geometry": {"type": "LineString", "coordinates": [[11.0290693, 51.0004486], [11.0291586, 51.0003659]]}}, {"type": "Feature", "properties": {}, "geometry": {"type": "LineString", "coordinates": [[11.0289524, 51.001158], [11.0289553, 51.0011563]]}}, {"type": "Feature", "properties": {}, "geometry": {"type": "LineString", "coordinates": [[11.0309557, 51.0020923], [11.0309658, 51.0020896]]}}, {"type": "Feature", "properties": {}, "geometry": {"type": "LineString", "coordinates": [[11.0309557, 51.0020923], [11.0312293, 51.0019535]]}}, {"type": "Feature", "properties": {}, "geometry": {"type": "LineString", "coordinates": [[11.0312293, 51.0019584], [11.0312293, 51.0019535]]}}, {"type": "Feature", "properties": {}, "geometry": {"type": "LineString", "coordinates": [[11.0312293, 51.0019584], [11.0309658, 51.0020896]]}}, {"type": "Feature", "properties": {}, "geometry": {"type": "LineString", "coordinates": [[11.0278947, 51.000078], [11.0278559, 51.0000178]]}}, {"type": "Feature", "properties": {}, "geometry": {"type": "LineString", "coordinates": [[11.0294068, 51.0008406], [11.0294452, 51.0007785]]}}, {"type": "Feature", "properties": {}, "geometry": {"type": "LineString", "coordinates": [[11.0294068, 51.0008406], [11.0294026, 51.0008546]]}}, {"type": "Feature", "properties": {}, "geometry": {"type": "LineString", "coordinates": [[11.030085, 51.0012787], [11.0301169, 51.0011935]]}}, {"type": "Feature", "properties": {}, "geometry": {"type": "LineString", "coordinates": [[11.030085, 51.0012787], [11.0300887, 51.0012823]]}}, {"type": "Feature", "properties": {}, "geometry": {"type": "LineString", "coordinates": [[11.030085, 51.0012787], [11.0300536, 51.0013874]]}}, {"type": "Feature", "properties": {}, "geometry": {"type": "LineString", "coordinates": [[11.0295208, 51.000378], [11.0294832, 51.000372]]}}, {"type": "Feature", "properties": {}, "geometry": {"type": "LineString", "coordinates": [[11.0295208, 51.000378], [11.0294871, 51.0004207]]}}, {"type": "Feature", "properties": {}, "geometry": {"type": "LineString", "coordinates": [[11.0295208, 51.000378], [11.0296028, 51.0002929]]}}, {"type": "Feature", "properties": {}, "geometry": {"type": "LineString", "coordinates": [[11.0307468, 50.9999282], [11.0306778, 50.9998794]]}}, {"type": "Feature", "properties": {}, "geometry": {"type": "LineString", "coordinates": [[11.0307468, 50.9999282], [11.0307037, 50.9999271]]}}, {"type": "Feature", "properties": {}, "geometry": {"type": "LineString", "coordinates": [[11.0307468, 50.9999282], [11.0308556, 50.9998582]]}}, {"type": "Feature", "properties": {}, "geometry": {"type": "LineString", "coordinates": [[11.0288382, 51.0006514], [11.0289106, 51.0006185]]}}, {"type": "Feature", "properties": {}, "geometry": {"type": "LineString", "coordinates": [[11.0288382, 51.0006514], [11.0287051, 51.0005847]]}}, {"type": "Feature", "properties": {}, "geometry": {"type": "LineString", "coordinates": [[11.0281019, 50.9992098], [11.028104, 50.9992126]]}}, {"type": "Feature", "properties": {}, "geometry": {"type": "LineString", "coordinates": [[11.0281019, 50.9992098], [11.0282362, 50.999205]]}}, {"type": "Feature", "properties": {}, "geometry": {"type": "LineString", "coordinates": [[11.0276329, 50.9993338], [11.0275649, 50.999236]]}}, {"type": "Feature", "properties": {}, "geometry": {"type": "LineString", "coordinates": [[11.0276329, 50.9993338], [11.0277729, 50.9992368]]}}, {"type": "Feature", "properties": {}, "geometry": {"type": "LineString", "coordinates": [[11.0276329, 50.9993338], [11.0276247, 50.9993341]]}}, {"type": "Feature", "properties": {}, "geometry": {"type": "LineString", "coordinates": [[11.0276127, 50.9981465], [11.0276198, 50.9981521]]}}, {"type": "Feature", "properties": {}, "geometry": {"type": "LineString", "coordinates": [[11.0276127, 50.9981465], [11.0274103, 50.9981572]]}}, {"type": "Feature", "properties": {}, "geometry": {"type": "LineString", "coordinates": [[11.0276127, 50.9981465], [11.0278122, 50.9981564]]}}, {"type": "Feature", "properties": {}, "geometry": {"type": "LineString", "coordinates": [[11.0269851, 50.9966928], [11.0271617, 50.9968838]]}}, {"type": "Feature", "properties": {}, "geometry": {"type": "LineString", "coordinates": [[11.0277484, 50.9974392], [11.0276193, 50.9974084]]}}, {"type": "Feature", "properties": {}, "geometry": {"type": "LineString", "coordinates": [[11.0277484, 50.9974392], [11.0277512, 50.9974318]]}}, {"type": "Feature", "properties": {}, "geometry": {"type": "LineString", "coordinates": [[11.0272074, 50.9989506], [11.0271469, 50.9989879]]}}, {"type": "Feature", "properties": {}, "geometry": {"type": "LineString", "coordinates": [[11.0272074, 50.9989506], [11.0271289, 50.9988801]]}}, {"type": "Feature", "properties": {}, "geometry": {"type": "LineString", "coordinates": [[11.026887, 50.9979734], [11.0268428, 50.9977816]]}}, {"type": "Feature", "properties": {}, "geometry": {"type": "LineString", "coordinates": [[11.026887, 50.9979734], [11.0268917, 50.9979772]]}}, {"type": "Feature", "properties": {}, "geometry": {"type": "LineString", "coordinates": [[11.026887, 50.9979734], [11.0269712, 50.9981105]]}}, {"type": "Feature", "properties": {}, "geometry": {"type": "LineString", "coordinates": [[11.0282566, 50.9973622], [11.0282346, 50.9973559]]}}, {"type": "Feature", "properties": {}, "geometry": {"type": "LineString", "coordinates": [[11.028715, 50.9969892], [11.0287165, 50.996989]]}}, {"type": "Feature", "properties": {}, "geometry": {"type": "LineString", "coordinates": [[11.0284307, 50.9975058], [11.0284343, 50.997506]]}}, {"type": "Feature", "properties": {}, "geometry": {"type": "LineString", "coordinates": [[11.0284307, 50.9975058], [11.028357, 50.9975512]]}}, {"type": "Feature", "properties": {}, "geometry": {"type": "LineString", "coordinates": [[11.0271409, 50.998989], [11.0271469, 50.9989879]]}}, {"type": "Feature", "properties": {}, "geometry": {"type": "LineString", "coordinates": [[11.0271409, 50.998989], [11.0271289, 50.9988801]]}}, {"type": "Feature", "properties": {}, "geometry": {"type": "LineString", "coordinates": [[11.0277329, 50.9978999], [11.0277429, 50.9978979]]}}, {"type": "Feature", "properties": {}, "geometry": {"type": "LineString", "coordinates": [[11.0277329, 50.9978999], [11.0276499, 50.9979374]]}}, {"type": "Feature", "properties": {}, "geometry": {"type": "LineString", "coordinates": [[11.0277329, 50.9978999], [11.0278627, 50.9978291]]}}, {"type": "Feature", "properties": {}, "geometry": {"type": "LineString", "coordinates": [[11.0273047, 50.9967498], [11.0271617, 50.9968838]]}}, {"type": "Feature", "properties": {}, "geometry": {"type": "LineString", "coordinates": [[11.0273047, 50.9967498], [11.0281495, 50.9967545]]}}, {"type": "Feature", "properties": {}, "geometry": {"type": "LineString", "coordinates": [[11.0273047, 50.9967498], [11.02815, 50.9968478]]}}, {"type": "Feature", "properties": {}, "geometry": {"type": "LineString", "coordinates": [[11.0297904, 50.9971154], [11.0294951, 50.9970612]]}}, {"type": "Feature", "properties": {}, "geometry": {"type": "LineString", "coordinates": [[11.0297904, 50.9971154], [11.0297981, 50.9971141]]}}, {"type": "Feature", "properties": {}, "geometry": {"type": "LineString", "coordinates": [[11.0277708, 50.9992323], [11.0277729, 50.9992368]]}}, {"type": "Feature", "properties": {}, "geometry": {"type": "LineString", "coordinates": [[11.0277708, 50.9992323], [11.0275649, 50.999236]]}}, {"type": "Feature", "properties": {}, "geometry": {"type": "LineString", "coordinates": [[11.0277708, 50.9992323], [11.0276247, 50.9993341]]}}, {"type": "Feature", "properties": {}, "geometry": {"type": "LineString", "coordinates": [[11.0278954, 50.9972737], [11.0281219, 50.9972117]]}}, {"type": "Feature", "properties": {}, "geometry": {"type": "LineString", "coordinates": [[11.0278954, 50.9972737], [11.027931, 50.9972533]]}}, {"type": "Feature", "properties": {}, "geometry": {"type": "LineString", "coordinates": [[11.0278954, 50.9972737], [11.0278226, 50.9973231]]}}, {"type": "Feature", "properties": {}, "geometry": {"type": "LineString", "coordinates": [[11.0286925, 50.9974012], [11.0286263, 50.9973694]]}}, {"type": "Feature", "properties": {}, "geometry": {"type": "LineString", "coordinates": [[11.0285488, 50.9977593], [11.0283755, 50.9977388]]}}, {"type": "Feature", "properties": {}, "geometry": {"type": "LineString", "coordinates": [[11.0285488, 50.9977593], [11.0285503, 50.9977577]]}}, {"type": "Feature", "properties": {}, "geometry": {"type": "LineString", "coordinates": [[11.0285488, 50.9977593], [11.0287402, 50.9977282]]}}, {"type": "Feature", "properties": {}, "geometry": {"type": "LineString", "coordinates": [[11.0281966, 50.9977891], [11.0280558, 50.9978579]]}}, {"type": "Feature", "properties": {}, "geometry": {"type": "LineString", "coordinates": [[11.0281231, 50.9990814], [11.0281819, 50.999027]]}}, {"type": "Feature", "properties": {}, "geometry": {"type": "LineString", "coordinates": [[11.0281231, 50.9990814], [11.0281275, 50.9990822]]}}, {"type": "Feature", "properties": {}, "geometry": {"type": "LineString", "coordinates": [[11.0280749, 50.9970213], [11.0280767, 50.9970228]]}}, {"type": "Feature", "properties": {}, "geometry": {"type": "LineString", "coordinates": [[11.0268455, 50.9977811], [11.0268428, 50.9977816]]}}, {"type": "Feature", "properties": {}, "geometry": {"type": "LineString", "coordinates": [[11.0268455, 50.9977811], [11.0268917, 50.9979772]]}}, {"type": "Feature", "properties": {}, "geometry": {"type": "LineString", "coordinates": [[11.0268455, 50.9977811], [11.0267868, 50.9975706]]}}, {"type": "Feature", "properties": {}, "geometry": {"type": "LineString", "coordinates": [[11.0252342, 50.997472], [11.0254088, 50.9974856]]}}, {"type": "Feature", "properties": {}, "geometry": {"type": "LineString", "coordinates": [[11.0252342, 50.997472], [11.025229, 50.997472]]}}, {"type": "Feature", "properties": {}, "geometry": {"type": "LineString", "coordinates": [[11.0252342, 50.997472], [11.0250463, 50.9974582]]}}, {"type": "Feature", "properties": {}, "geometry": {"type": "LineString", "coordinates": [[11.0241351, 50.9985373], [11.024131, 50.9985265]]}}, {"type": "Feature", "properties": {}, "geometry": {"type": "LineString", "coordinates": [[11.0241351, 50.9985373], [11.0240386, 50.9984931]]}}, {"type": "Feature", "properties": {}, "geometry": {"type": "LineString", "coordinates": [[11.0248203, 50.9994691], [11.0248239, 50.9994667]]}}, {"type": "Feature", "properties": {}, "geometry": {"type": "LineString", "coordinates": [[11.0248203, 50.9994691], [11.0249707, 50.9995223]]}}, {"type": "Feature", "properties": {}, "geometry": {"type": "LineString", "coordinates": [[11.0248203, 50.9994691], [11.0246342, 50.9994121]]}}, {"type": "Feature", "properties": {}, "geometry": {"type": "LineString", "coordinates": [[11.0251838, 50.9995739], [11.0251603, 50.999611]]}}, {"type": "Feature", "properties": {}, "geometry": {"type": "LineString", "coordinates": [[11.0251838, 50.9995739], [11.0249707, 50.9995223]]}}, {"type": "Feature", "properties": {}, "geometry": {"type": "LineString", "coordinates": [[11.0251838, 50.9995739], [11.0254794, 50.9996764]]}}, {"type": "Feature", "properties": {}, "geometry": {"type": "LineString", "coordinates": [[11.0261322, 50.9973348], [11.026089, 50.9972808]]}}, {"type": "Feature", "properties": {}, "geometry": {"type": "LineString", "coordinates": [[11.0261322, 50.9973348], [11.0261185, 50.9975038]]}}, {"type": "Feature", "properties": {}, "geometry": {"type": "LineString", "coordinates": [[11.0276275, 50.9977191], [11.0274235, 50.99783]]}}, {"type": "Feature", "properties": {}, "geometry": {"type": "LineString", "coordinates": [[11.0276275, 50.9977191], [11.0276729, 50.9976959]]}}, {"type": "Feature", "properties": {}, "geometry": {"type": "LineString", "coordinates": [[11.0261566, 50.9974961], [11.026089, 50.9972808]]}}, {"type": "Feature", "properties": {}, "geometry": {"type": "LineString", "coordinates": [[11.0261566, 50.9974961], [11.0261185, 50.9975038]]}}, {"type": "Feature", "properties": {}, "geometry": {"type": "LineString", "coordinates": [[11.0261566, 50.9974961], [11.0257959, 50.997519]]}}, {"type": "Feature", "properties": {}, "geometry": {"type": "LineString", "coordinates": [[11.025097, 50.9989573], [11.0249169, 50.9989363]]}}, {"type": "Feature", "properties": {}, "geometry": {"type": "LineString", "coordinates": [[11.025097, 50.9989573], [11.025101, 50.9989584]]}}, {"type": "Feature", "properties": {}, "geometry": {"type": "LineString", "coordinates": [[11.025097, 50.9989573], [11.0252813, 50.9989771]]}}, {"type": "Feature", "properties": {}, "geometry": {"type": "LineString", "coordinates": [[11.0249156, 50.9989356], [11.0247247, 50.9989108]]}}, {"type": "Feature", "properties": {}, "geometry": {"type": "LineString", "coordinates": [[11.0249156, 50.9989356], [11.0249169, 50.9989363]]}}, {"type": "Feature", "properties": {}, "geometry": {"type": "LineString", "coordinates": [[11.0249156, 50.9989356], [11.025101, 50.9989584]]}}, {"type": "Feature", "properties": {}, "geometry": {"type": "LineString", "coordinates": [[11.0257166, 50.9993962], [11.0257169, 50.9993977]]}}, {"type": "Feature", "properties": {}, "geometry": {"type": "LineString", "coordinates": [[11.0257166, 50.9993962], [11.0256364, 50.999526]]}}, {"type": "Feature", "properties": {}, "geometry": {"type": "LineString", "coordinates": [[11.0257166, 50.9993962], [11.0256101, 50.9993233]]}}, {"type": "Feature", "properties": {}, "geometry": {"type": "LineString", "coordinates": [[11.026179, 50.9987265], [11.0262504, 50.9986076]]}}, {"type": "Feature", "properties": {}, "geometry": {"type": "LineString", "coordinates": [[11.026179, 50.9987265], [11.0260933, 50.9986502]]}}, {"type": "Feature", "properties": {}, "geometry": {"type": "LineString", "coordinates": [[11.026179, 50.9987265], [11.0261811, 50.9987283]]}}, {"type": "Feature", "properties": {}, "geometry": {"type": "LineString", "coordinates": [[11.0249999, 50.9987331], [11.0248181, 50.9987109]]}}, {"type": "Feature", "properties": {}, "geometry": {"type": "LineString", "coordinates": [[11.0249999, 50.9987331], [11.0249993, 50.9987334]]}}, {"type": "Feature", "properties": {}, "geometry": {"type": "LineString", "coordinates": [[11.0249999, 50.9987331], [11.0251964, 50.9987419]]}}, {"type": "Feature", "properties": {}, "geometry": {"type": "LineString", "coordinates": [[11.0257365, 50.9988007], [11.0257359, 50.9988004]]}}, {"type": "Feature", "properties": {}, "geometry": {"type": "LineString", "coordinates": [[11.0257365, 50.9988007], [11.0260172, 50.9988337]]}}, {"type": "Feature", "properties": {}, "geometry": {"type": "LineString", "coordinates": [[11.0257365, 50.9988007], [11.025556, 50.9987854]]}}, {"type": "Feature", "properties": {}, "geometry": {"type": "LineString", "coordinates": [[11.0256862, 50.999231], [11.0256885, 50.9991963]]}}, {"type": "Feature", "properties": {}, "geometry": {"type": "LineString", "coordinates": [[11.0232492, 50.9972438], [11.0232927, 50.9972425]]}}, {"type": "Feature", "properties": {}, "geometry": {"type": "LineString", "coordinates": [[11.0254628, 50.9989933], [11.025466, 50.9989921]]}}, {"type": "Feature", "properties": {}, "geometry": {"type": "LineString", "coordinates": [[11.0254628, 50.9989933], [11.0252813, 50.9989771]]}}, {"type": "Feature", "properties": {}, "geometry": {"type": "LineString", "coordinates": [[11.0254628, 50.9989933], [11.0256507, 50.9990097]]}}, {"type": "Feature", "properties": {}, "geometry": {"type": "LineString", "coordinates": [[11.0251324, 50.9996054], [11.0249707, 50.9995223]]}}, {"type": "Feature", "properties": {}, "geometry": {"type": "LineString", "coordinates": [[11.0251324, 50.9996054], [11.0251603, 50.999611]]}}, {"type": "Feature", "properties": {}, "geometry": {"type": "LineString", "coordinates": [[11.0251324, 50.9996054], [11.0254794, 50.9996764]]}}, {"type": "Feature", "properties": {}, "geometry": {"type": "LineString", "coordinates": [[11.0259169, 50.9990244], [11.0256507, 50.9990097]]}}, {"type": "Feature", "properties": {}, "geometry": {"type": "LineString", "coordinates": [[11.0259169, 50.9990244], [11.0259142, 50.9990286]]}}, {"type": "Feature", "properties": {}, "geometry": {"type": "LineString", "coordinates": [[11.0259169, 50.9990244], [11.0258662, 50.9991294]]}}, {"type": "Feature", "properties": {}, "geometry": {"type": "LineString", "coordinates": [[11.0230585, 50.9975837], [11.0231086, 50.9976083]]}}, {"type": "Feature", "properties": {}, "geometry": {"type": "LineString", "coordinates": [[11.0230585, 50.9975837], [11.0229989, 50.9977091]]}}, {"type": "Feature", "properties": {}, "geometry": {"type": "LineString", "coordinates": [[11.0230585, 50.9975837], [11.0231178, 50.9974502]]}}, {"type": "Feature", "properties": {}, "geometry": {"type": "LineString", "coordinates": [[11.0240381, 50.9989563], [11.0239858, 50.9989796]]}}, {"type": "Feature", "properties": {}, "geometry": {"type": "LineString", "coordinates": [[11.0240381, 50.9989563], [11.0239819, 50.9988375]]}}, {"type": "Feature", "properties": {}, "geometry": {"type": "LineString", "coordinates": [[11.0248213, 50.9969355], [11.0250187, 50.9969229]]}}, {"type": "Feature", "properties": {}, "geometry": {"type": "LineString", "coordinates": [[11.0248213, 50.9969355], [11.0248249, 50.9969376]]}}, {"type": "Feature", "properties": {}, "geometry": {"type": "LineString", "coordinates": [[11.0248213, 50.9969355], [11.0246372, 50.9969536]]}}, {"type": "Feature", "properties": {}, "geometry": {"type": "LineString", "coordinates": [[11.0251368, 50.9973302], [11.0251337, 50.9973339]]}}, {"type": "Feature", "properties": {}, "geometry": {"type": "LineString", "coordinates": [[11.0251368, 50.9973302], [11.0252018, 50.9973386]]}}, {"type": "Feature", "properties": {}, "geometry": {"type": "LineString", "coordinates": [[11.0251368, 50.9973302], [11.0252099, 50.9972923]]}}, {"type": "Feature", "properties": {}, "geometry": {"type": "LineString", "coordinates": [[11.0251919, 50.9977081], [11.0251842, 50.997708]]}}, {"type": "Feature", "properties": {}, "geometry": {"type": "LineString", "coordinates": [[11.0251919, 50.9977081], [11.0254421, 50.9977306]]}}, {"type": "Feature", "properties": {}, "geometry": {"type": "LineString", "coordinates": [[11.0233759, 50.9971747], [11.0235435, 50.9971096]]}}, {"type": "Feature", "properties": {}, "geometry": {"type": "LineString", "coordinates": [[11.0233759, 50.9971747], [11.0232927, 50.9972425]]}}, {"type": "Feature", "properties": {}, "geometry": {"type": "LineString", "coordinates": [[11.0232394, 50.9973213], [11.0232927, 50.9972425]]}}, {"type": "Feature", "properties": {}, "geometry": {"type": "LineString", "coordinates": [[11.0247187, 50.9970925], [11.0246714, 50.997091]]}}, {"type": "Feature", "properties": {}, "geometry": {"type": "LineString", "coordinates": [[11.0247187, 50.9970925], [11.0248584, 50.997165]]}}, {"type": "Feature", "properties": {}, "geometry": {"type": "LineString", "coordinates": [[11.023981, 50.9970038], [11.0239787, 50.9970059]]}}, {"type": "Feature", "properties": {}, "geometry": {"type": "LineString", "coordinates": [[11.0244151, 50.9972774], [11.0244151, 50.9972761]]}}, {"type": "Feature", "properties": {}, "geometry": {"type": "LineString", "coordinates": [[11.0244151, 50.9972774], [11.0244343, 50.997407]]}}, {"type": "Feature", "properties": {}, "geometry": {"type": "LineString", "coordinates": [[11.0244151, 50.9972774], [11.0244446, 50.9971677]]}}, {"type": "Feature", "properties": {}, "geometry": {"type": "LineString", "coordinates": [[11.0244323, 50.9974073], [11.0244343, 50.997407]]}}, {"type": "Feature", "properties": {}, "geometry": {"type": "LineString", "coordinates": [[11.0244323, 50.9974073], [11.0246789, 50.9974304]]}}, {"type": "Feature", "properties": {}, "geometry": {"type": "LineString", "coordinates": [[11.0244323, 50.9974073], [11.0244151, 50.9972761]]}}, {"type": "Feature", "properties": {}, "geometry": {"type": "LineString", "coordinates": [[11.0253828, 50.9996921], [11.0254794, 50.9996764]]}}, {"type": "Feature", "properties": {}, "geometry": {"type": "LineString", "coordinates": [[11.0253828, 50.9996921], [11.0251603, 50.999611]]}}, {"type": "Feature", "properties": {}, "geometry": {"type": "LineString", "coordinates": [[11.0256411, 50.9992195], [11.0256885, 50.9991963]]}}, {"type": "Feature", "properties": {}, "geometry": {"type": "LineString", "coordinates": [[11.0256411, 50.9992195], [11.0255447, 50.9991804]]}}, {"type": "Feature", "properties": {}, "geometry": {"type": "LineString", "coordinates": [[11.0255558, 50.9987847], [11.025371, 50.9987682]]}}, {"type": "Feature", "properties": {}, "geometry": {"type": "LineString", "coordinates": [[11.0255558, 50.9987847], [11.025556, 50.9987854]]}}, {"type": "Feature", "properties": {}, "geometry": {"type": "LineString", "coordinates": [[11.0255558, 50.9987847], [11.0257359, 50.9988004]]}}, {"type": "Feature", "properties": {}, "geometry": {"type": "LineString", "coordinates": [[11.0262493, 50.9986042], [11.0263304, 50.9984898]]}}, {"type": "Feature", "properties": {}, "geometry": {"type": "LineString", "coordinates": [[11.0262493, 50.9986042], [11.0262504, 50.9986076]]}}, {"type": "Feature", "properties": {}, "geometry": {"type": "LineString", "coordinates": [[11.0262493, 50.9986042], [11.0260933, 50.9986502]]}}, {"type": "Feature", "properties": {}, "geometry": {"type": "LineString", "coordinates": [[11.0257961, 50.997521], [11.0261185, 50.9975038]]}}, {"type": "Feature", "properties": {}, "geometry": {"type": "LineString", "coordinates": [[11.0257961, 50.997521], [11.0255914, 50.9974994]]}}, {"type": "Feature", "properties": {}, "geometry": {"type": "LineString", "coordinates": [[11.0257961, 50.997521], [11.0257959, 50.997519]]}}, {"type": "Feature", "properties": {}, "geometry": {"type": "LineString", "coordinates": [[11.0259634, 50.9977673], [11.0257047, 50.9977522]]}}, {"type": "Feature", "properties": {}, "geometry": {"type": "LineString", "coordinates": [[11.0259634, 50.9977673], [11.0259599, 50.9977697]]}}, {"type": "Feature", "properties": {}, "geometry": {"type": "LineString", "coordinates": [[11.0259634, 50.9977673], [11.0262464, 50.9978258]]}}, {"type": "Feature", "properties": {}, "geometry": {"type": "LineString", "coordinates": [[11.0241304, 50.9989672], [11.0239858, 50.9989796]]}}, {"type": "Feature", "properties": {}, "geometry": {"type": "LineString", "coordinates": [[11.0251473, 50.9994285], [11.0251061, 50.9994276]]}}, {"type": "Feature", "properties": {}, "geometry": {"type": "LineString", "coordinates": [[11.024069, 50.9986347], [11.0241135, 50.9986127]]}}, {"type": "Feature", "properties": {}, "geometry": {"type": "LineString", "coordinates": [[11.024069, 50.9986347], [11.0240215, 50.9986216]]}}, {"type": "Feature", "properties": {}, "geometry": {"type": "LineString", "coordinates": [[11.02253, 51.0015005], [11.0225305, 51.0015102]]}}, {"type": "Feature", "properties": {}, "geometry": {"type": "LineString", "coordinates": [[11.02253, 51.0015005], [11.0224047, 51.001524]]}}, {"type": "Feature", "properties": {}, "geometry": {"type": "LineString", "coordinates": [[11.02253, 51.0015005], [11.0227392, 51.0015825]]}}, {"type": "Feature", "properties": {}, "geometry": {"type": "LineString", "coordinates": [[11.0206962, 51.0004309], [11.0206995, 51.0004301]]}}, {"type": "Feature", "properties": {}, "geometry": {"type": "LineString", "coordinates": [[11.0235679, 50.9981127], [11.0235558, 50.9981138]]}}, {"type": "Feature", "properties": {}, "geometry": {"type": "LineString", "coordinates": [[11.0234153, 50.9987658], [11.023418, 50.9987663]]}}, {"type": "Feature", "properties": {}, "geometry": {"type": "LineString", "coordinates": [[11.0234153, 50.9987658], [11.0234916, 50.9988223]]}}, {"type": "Feature", "properties": {}, "geometry": {"type": "LineString", "coordinates": [[11.0234153, 50.9987658], [11.0233043, 50.9987981]]}}, {"type": "Feature", "properties": {}, "geometry": {"type": "LineString", "coordinates": [[11.0223705, 50.9983367], [11.0224669, 50.998287]]}}, {"type": "Feature", "properties": {}, "geometry": {"type": "LineString", "coordinates": [[11.0223705, 50.9983367], [11.0221795, 50.9984429]]}}, {"type": "Feature", "properties": {}, "geometry": {"type": "LineString", "coordinates": [[11.0223705, 50.9983367], [11.0227335, 50.9984229]]}}, {"type": "Feature", "properties": {}, "geometry": {"type": "LineString", "coordinates": [[11.0228304, 50.9986927], [11.0227211, 50.9985735]]}}, {"type": "Feature", "properties": {}, "geometry": {"type": "LineString", "coordinates": [[11.0228304, 50.9986927], [11.0227986, 50.9986882]]}}, {"type": "Feature", "properties": {}, "geometry": {"type": "LineString", "coordinates": [[11.0228304, 50.9986927], [11.0230514, 50.9986293]]}}, {"type": "Feature", "properties": {}, "geometry": {"type": "LineString", "coordinates": [[11.0261437, 50.9975896], [11.0261185, 50.9975038]]}}, {"type": "Feature", "properties": {}, "geometry": {"type": "LineString", "coordinates": [[11.0206346, 51.0001189], [11.0204389, 51.0002222]]}}, {"type": "Feature", "properties": {}, "geometry": {"type": "LineString", "coordinates": [[11.0237256, 50.9983266], [11.0237235, 50.9983276]]}}, {"type": "Feature", "properties": {}, "geometry": {"type": "LineString", "coordinates": [[11.0237256, 50.9983266], [11.0238437, 50.998333]]}}, {"type": "Feature", "properties": {}, "geometry": {"type": "LineString", "coordinates": [[11.0237256, 50.9983266], [11.0236342, 50.9984978]]}}, {"type": "Feature", "properties": {}, "geometry": {"type": "LineString", "coordinates": [[11.0229891, 50.9985137], [11.0229748, 50.9985646]]}}, {"type": "Feature", "properties": {}, "geometry": {"type": "LineString", "coordinates": [[11.0217728, 51.0000468], [11.021665, 51.0000119]]}}, {"type": "Feature", "properties": {}, "geometry": {"type": "LineString", "coordinates": [[11.0217728, 51.0000468], [11.0217744, 51.0000417]]}}, {"type": "Feature", "properties": {}, "geometry": {"type": "LineString", "coordinates": [[11.0217728, 51.0000468], [11.0218978, 51.0000569]]}}, {"type": "Feature", "properties": {}, "geometry": {"type": "LineString", "coordinates": [[11.0222744, 50.9973525], [11.0222747, 50.9973574]]}}, {"type": "Feature", "properties": {}, "geometry": {"type": "LineString", "coordinates": [[11.0222744, 50.9973525], [11.0223734, 50.9974267]]}}, {"type": "Feature", "properties": {}, "geometry": {"type": "LineString", "coordinates": [[11.0212012, 51.0001776], [11.0212014, 51.0001806]]}}, {"type": "Feature", "properties": {}, "geometry": {"type": "LineString", "coordinates": [[11.0214275, 50.9996612], [11.0213603, 50.9995271]]}}, {"type": "Feature", "properties": {}, "geometry": {"type": "LineString", "coordinates": [[11.0214275, 50.9996612], [11.0214391, 50.999678]]}}, {"type": "Feature", "properties": {}, "geometry": {"type": "LineString", "coordinates": [[11.0214275, 50.9996612], [11.0217459, 50.9996438]]}}, {"type": "Feature", "properties": {}, "geometry": {"type": "LineString", "coordinates": [[11.0227816, 50.9984214], [11.0227335, 50.9984229]]}}, {"type": "Feature", "properties": {}, "geometry": {"type": "LineString", "coordinates": [[11.024246, 50.9996283], [11.0243311, 50.999559]]}}, {"type": "Feature", "properties": {}, "geometry": {"type": "LineString", "coordinates": [[11.024246, 50.9996283], [11.0242274, 50.999667]]}}, {"type": "Feature", "properties": {}, "geometry": {"type": "LineString", "coordinates": [[11.024246, 50.9996283], [11.0240877, 50.9997008]]}}, {"type": "Feature", "properties": {}, "geometry": {"type": "LineString", "coordinates": [[11.0236817, 51.0004246], [11.0235513, 51.0004275]]}}, {"type": "Feature", "properties": {}, "geometry": {"type": "LineString", "coordinates": [[11.0236817, 51.0004246], [11.0236875, 51.0004263]]}}, {"type": "Feature", "properties": {}, "geometry": {"type": "LineString", "coordinates": [[11.0236817, 51.0004246], [11.0237002, 51.0005139]]}}, {"type": "Feature", "properties": {}, "geometry": {"type": "LineString", "coordinates": [[11.0203994, 51.0002353], [11.0204389, 51.0002222]]}}, {"type": "Feature", "properties": {}, "geometry": {"type": "LineString", "coordinates": [[11.0236225, 50.9984955], [11.0237235, 50.9983276]]}}, {"type": "Feature", "properties": {}, "geometry": {"type": "LineString", "coordinates": [[11.0236225, 50.9984955], [11.0232353, 50.9984749]]}}, {"type": "Feature", "properties": {}, "geometry": {"type": "LineString", "coordinates": [[11.0236225, 50.9984955], [11.0238437, 50.998333]]}}, {"type": "Feature", "properties": {}, "geometry": {"type": "LineString", "coordinates": [[11.0237018, 51.0010654], [11.0236926, 51.0010645]]}}, {"type": "Feature", "properties": {}, "geometry": {"type": "LineString", "coordinates": [[11.0233257, 51.0014317], [11.0233279, 51.0014362]]}}, {"type": "Feature", "properties": {}, "geometry": {"type": "LineString", "coordinates": [[11.0233257, 51.0014317], [11.0232507, 51.0015106]]}}, {"type": "Feature", "properties": {}, "geometry": {"type": "LineString", "coordinates": [[11.0233257, 51.0014317], [11.0232121, 51.0014266]]}}, {"type": "Feature", "properties": {}, "geometry": {"type": "LineString", "coordinates": [[11.023841, 50.9983263], [11.0238552, 50.9982917]]}}, {"type": "Feature", "properties": {}, "geometry": {"type": "LineString", "coordinates": [[11.023841, 50.9983263], [11.0237235, 50.9983276]]}}, {"type": "Feature", "properties": {}, "geometry": {"type": "LineString", "coordinates": [[11.023841, 50.9983263], [11.0238437, 50.998333]]}}, {"type": "Feature", "properties": {}, "geometry": {"type": "LineString", "coordinates": [[11.0227246, 51.0015874], [11.0225305, 51.0015102]]}}, {"type": "Feature", "properties": {}, "geometry": {"type": "LineString", "coordinates": [[11.0227246, 51.0015874], [11.0227392, 51.0015825]]}}, {"type": "Feature", "properties": {}, "geometry": {"type": "LineString", "coordinates": [[11.0227246, 51.0015874], [11.0227254, 51.0017423]]}}, {"type": "Feature", "properties": {}, "geometry": {"type": "LineString", "coordinates": [[11.0232744, 50.9978008], [11.0232735, 50.9977987]]}}, {"type": "Feature", "properties": {}, "geometry": {"type": "LineString", "coordinates": [[11.0232744, 50.9978008], [11.0231409, 50.9978763]]}}, {"type": "Feature", "properties": {}, "geometry": {"type": "LineString", "coordinates": [[11.0232744, 50.9978008], [11.023359, 50.9976483]]}}, {"type": "Feature", "properties": {}, "geometry": {"type": "LineString", "coordinates": [[11.0199694, 51.0004515], [11.0199494, 51.0004642]]}}, {"type": "Feature", "properties": {}, "geometry": {"type": "LineString", "coordinates": [[11.0236161, 50.9996981], [11.0236202, 50.9996988]]}}, {"type": "Feature", "properties": {}, "geometry": {"type": "LineString", "coordinates": [[11.0236161, 50.9996981], [11.023709, 50.9997206]]}}, {"type": "Feature", "properties": {}, "geometry": {"type": "LineString", "coordinates": [[11.0236547, 50.9989898], [11.0235823, 50.9989834]]}}, {"type": "Feature", "properties": {}, "geometry": {"type": "LineString", "coordinates": [[11.0236547, 50.9989898], [11.0236226, 50.999081]]}}, {"type": "Feature", "properties": {}, "geometry": {"type": "LineString", "coordinates": [[11.0240274, 51.0003415], [11.0240762, 51.0003562]]}}, {"type": "Feature", "properties": {}, "geometry": {"type": "LineString", "coordinates": [[11.0224901, 51.0018322], [11.0224904, 51.0018147]]}}, {"type": "Feature", "properties": {}, "geometry": {"type": "LineString", "coordinates": [[11.0224901, 51.0018322], [11.0222402, 51.0018634]]}}, {"type": "Feature", "properties": {}, "geometry": {"type": "LineString", "coordinates": [[11.0224901, 51.0018322], [11.0222439, 51.0017184]]}}, {"type": "Feature", "properties": {}, "geometry": {"type": "LineString", "coordinates": [[11.0230893, 50.9976753], [11.0229989, 50.9977091]]}}, {"type": "Feature", "properties": {}, "geometry": {"type": "LineString", "coordinates": [[11.0230893, 50.9976753], [11.0231086, 50.9976083]]}}, {"type": "Feature", "properties": {}, "geometry": {"type": "LineString", "coordinates": [[11.0230893, 50.9976753], [11.0232735, 50.9977987]]}}, {"type": "Feature", "properties": {}, "geometry": {"type": "LineString", "coordinates": [[11.0230034, 50.9976967], [11.0229989, 50.9977091]]}}, {"type": "Feature", "properties": {}, "geometry": {"type": "LineString", "coordinates": [[11.0230034, 50.9976967], [11.0231086, 50.9976083]]}}, {"type": "Feature", "properties": {}, "geometry": {"type": "LineString", "coordinates": [[11.0230034, 50.9976967], [11.0229911, 50.9978253]]}}, {"type": "Feature", "properties": {}, "geometry": {"type": "LineString", "coordinates": [[11.0204365, 50.9986354], [11.0204359, 50.9986396]]}}, {"type": "Feature", "properties": {}, "geometry": {"type": "LineString", "coordinates": [[11.0243786, 51.0006215], [11.0243778, 51.0006112]]}}, {"type": "Feature", "properties": {}, "geometry": {"type": "LineString", "coordinates": [[11.0226759, 50.9985791], [11.0227211, 50.9985735]]}}, {"type": "Feature", "properties": {}, "geometry": {"type": "LineString", "coordinates": [[11.0226759, 50.9985791], [11.0227986, 50.9986882]]}}, {"type": "Feature", "properties": {}, "geometry": {"type": "LineString", "coordinates": [[11.0226759, 50.9985791], [11.0226224, 50.9986527]]}}, {"type": "Feature", "properties": {}, "geometry": {"type": "LineString", "coordinates": [[11.0226787, 50.9986748], [11.0227211, 50.9985735]]}}, {"type": "Feature", "properties": {}, "geometry": {"type": "LineString", "coordinates": [[11.0226787, 50.9986748], [11.0226224, 50.9986527]]}}, {"type": "Feature", "properties": {}, "geometry": {"type": "LineString", "coordinates": [[11.0226787, 50.9986748], [11.0227986, 50.9986882]]}}, {"type": "Feature", "properties": {}, "geometry": {"type": "LineString", "coordinates": [[11.0204114, 51.0001611], [11.0204389, 51.0002222]]}}, {"type": "Feature", "properties": {}, "geometry": {"type": "LineString", "coordinates": [[11.0203232, 51.0001742], [11.0204389, 51.0002222]]}}, {"type": "Feature", "properties": {}, "geometry": {"type": "LineString", "coordinates": [[11.0202485, 51.000215], [11.0204389, 51.0002222]]}}, {"type": "Feature", "properties": {}, "geometry": {"type": "LineString", "coordinates": [[11.0202485, 51.000215], [11.0201578, 51.0003593]]}}, {"type": "Feature", "properties": {}, "geometry": {"type": "LineString", "coordinates": [[11.0243157, 51.0003692], [11.0243459, 51.0003443]]}}, {"type": "Feature", "properties": {}, "geometry": {"type": "LineString", "coordinates": [[11.0243157, 51.0003692], [11.0242862, 51.0004365]]}}, {"type": "Feature", "properties": {}, "geometry": {"type": "LineString", "coordinates": [[11.0245452, 50.999797], [11.02454, 50.9997335]]}}, {"type": "Feature", "properties": {}, "geometry": {"type": "LineString", "coordinates": [[11.0245452, 50.999797], [11.0245498, 50.9998303]]}}, {"type": "Feature", "properties": {}, "geometry": {"type": "LineString", "coordinates": [[11.0245452, 50.999797], [11.024661, 50.9998437]]}}, {"type": "Feature", "properties": {}, "geometry": {"type": "LineString", "coordinates": [[11.0211272, 50.9998085], [11.0209497, 50.9999588]]}}, {"type": "Feature", "properties": {}, "geometry": {"type": "LineString", "coordinates": [[11.0230651, 50.9999775], [11.0230455, 50.9998925]]}}, {"type": "Feature", "properties": {}, "geometry": {"type": "LineString", "coordinates": [[11.0230651, 50.9999775], [11.0230685, 50.99998]]}}, {"type": "Feature", "properties": {}, "geometry": {"type": "LineString", "coordinates": [[11.0230651, 50.9999775], [11.0230309, 51.0000338]]}}, {"type": "Feature", "properties": {}, "geometry": {"type": "LineString", "coordinates": [[11.0206195, 50.9999702], [11.0203113, 50.9999453]]}}, {"type": "Feature", "properties": {}, "geometry": {"type": "LineString", "coordinates": [[11.0206195, 50.9999702], [11.0206198, 50.9999689]]}}, {"type": "Feature", "properties": {}, "geometry": {"type": "LineString", "coordinates": [[11.0206195, 50.9999702], [11.020426, 51.0000143]]}}, {"type": "Feature", "properties": {}, "geometry": {"type": "LineString", "coordinates": [[11.0243572, 51.0003285], [11.0243459, 51.0003443]]}}, {"type": "Feature", "properties": {}, "geometry": {"type": "LineString", "coordinates": [[11.0237192, 51.0000821], [11.0237845, 51.0000639]]}}, {"type": "Feature", "properties": {}, "geometry": {"type": "LineString", "coordinates": [[11.0222316, 50.9999732], [11.0222386, 50.9999739]]}}, {"type": "Feature", "properties": {}, "geometry": {"type": "LineString", "coordinates": [[11.0203337, 50.9998973], [11.0203144, 50.9998981]]}}, {"type": "Feature", "properties": {}, "geometry": {"type": "LineString", "coordinates": [[11.0203337, 50.9998973], [11.0203113, 50.9999453]]}}, {"type": "Feature", "properties": {}, "geometry": {"type": "LineString", "coordinates": [[11.0204927, 50.9998861], [11.0205167, 50.999885]]}}, {"type": "Feature", "properties": {}, "geometry": {"type": "LineString", "coordinates": [[11.0204927, 50.9998861], [11.0203113, 50.9999453]]}}, {"type": "Feature", "properties": {}, "geometry": {"type": "LineString", "coordinates": [[11.0237125, 50.9997216], [11.0236202, 50.9996988]]}}, {"type": "Feature", "properties": {}, "geometry": {"type": "LineString", "coordinates": [[11.0237125, 50.9997216], [11.023709, 50.9997206]]}}, {"type": "Feature", "properties": {}, "geometry": {"type": "LineString", "coordinates": [[11.0245025, 50.9997525], [11.02454, 50.9997335]]}}, {"type": "Feature", "properties": {}, "geometry": {"type": "LineString", "coordinates": [[11.0245025, 50.9997525], [11.0245004, 50.9997765]]}}, {"type": "Feature", "properties": {}, "geometry": {"type": "LineString", "coordinates": [[11.0245025, 50.9997525], [11.0245498, 50.9998303]]}}, {"type": "Feature", "properties": {}, "geometry": {"type": "LineString", "coordinates": [[11.0236744, 50.9997153], [11.0236202, 50.9996988]]}}, {"type": "Feature", "properties": {}, "geometry": {"type": "LineString", "coordinates": [[11.0236744, 50.9997153], [11.023709, 50.9997206]]}}, {"type": "Feature", "properties": {}, "geometry": {"type": "LineString", "coordinates": [[11.024015, 50.999585], [11.0240504, 50.9995543]]}}, {"type": "Feature", "properties": {}, "geometry": {"type": "LineString", "coordinates": [[11.024015, 50.999585], [11.0240285, 50.999647]]}}, {"type": "Feature", "properties": {}, "geometry": {"type": "LineString", "coordinates": [[11.024015, 50.999585], [11.0239078, 50.9995323]]}}, {"type": "Feature", "properties": {}, "geometry": {"type": "LineString", "coordinates": [[11.0233078, 50.9987988], [11.0234916, 50.9988223]]}}, {"type": "Feature", "properties": {}, "geometry": {"type": "LineString", "coordinates": [[11.0233078, 50.9987988], [11.0233043, 50.9987981]]}}, {"type": "Feature", "properties": {}, "geometry": {"type": "LineString", "coordinates": [[11.0233078, 50.9987988], [11.023418, 50.9987663]]}}, {"type": "Feature", "properties": {}, "geometry": {"type": "LineString", "coordinates": [[11.0232079, 51.0014287], [11.0232121, 51.0014266]]}}, {"type": "Feature", "properties": {}, "geometry": {"type": "LineString", "coordinates": [[11.0232079, 51.0014287], [11.0233279, 51.0014362]]}}, {"type": "Feature", "properties": {}, "geometry": {"type": "LineString", "coordinates": [[11.0232079, 51.0014287], [11.0232507, 51.0015106]]}}, {"type": "Feature", "properties": {}, "geometry": {"type": "LineString", "coordinates": [[11.0244704, 51.0004697], [11.0244667, 51.0004753]]}}, {"type": "Feature", "properties": {}, "geometry": {"type": "LineString", "coordinates": [[11.0244704, 51.0004697], [11.0245287, 51.000532]]}}, {"type": "Feature", "properties": {}, "geometry": {"type": "LineString", "coordinates": [[11.0244704, 51.0004697], [11.024655, 51.000408]]}}, {"type": "Feature", "properties": {}, "geometry": {"type": "LineString", "coordinates": [[11.0248884, 51.0002458], [11.0248957, 51.000245]]}}, {"type": "Feature", "properties": {}, "geometry": {"type": "LineString", "coordinates": [[11.0248884, 51.0002458], [11.0249117, 51.0002915]]}}, {"type": "Feature", "properties": {}, "geometry": {"type": "LineString", "coordinates": [[11.0248884, 51.0002458], [11.0248075, 51.0003234]]}}, {"type": "Feature", "properties": {}, "geometry": {"type": "LineString", "coordinates": [[11.0205378, 50.9998833], [11.0205167, 50.999885]]}}, {"type": "Feature", "properties": {}, "geometry": {"type": "LineString", "coordinates": [[11.0205378, 50.9998833], [11.0203113, 50.9999453]]}}, {"type": "Feature", "properties": {}, "geometry": {"type": "LineString", "coordinates": [[11.0237566, 50.9994957], [11.0237798, 50.9994437]]}}, {"type": "Feature", "properties": {}, "geometry": {"type": "LineString", "coordinates": [[11.0237566, 50.9994957], [11.0239078, 50.9995323]]}}, {"type": "Feature", "properties": {}, "geometry": {"type": "LineString", "coordinates": [[11.0256076, 50.9953837], [11.0256014, 50.9953814]]}}, {"type": "Feature", "properties": {}, "geometry": {"type": "LineString", "coordinates": [[11.0256076, 50.9953837], [11.0256258, 50.9955127]]}}, {"type": "Feature", "properties": {}, "geometry": {"type": "LineString", "coordinates": [[11.0256076, 50.9953837], [11.0255165, 50.9952165]]}}, {"type": "Feature", "properties": {}, "geometry": {"type": "LineString", "coordinates": [[11.0232952, 50.9959979], [11.0232362, 50.9959002]]}}, {"type": "Feature", "properties": {}, "geometry": {"type": "LineString", "coordinates": [[11.0232952, 50.9959979], [11.0232973, 50.9959973]]}}, {"type": "Feature", "properties": {}, "geometry": {"type": "LineString", "coordinates": [[11.0232952, 50.9959979], [11.0231683, 50.9958004]]}}, {"type": "Feature", "properties": {}, "geometry": {"type": "LineString", "coordinates": [[11.0244817, 50.9960289], [11.0246474, 50.9960141]]}}, {"type": "Feature", "properties": {}, "geometry": {"type": "LineString", "coordinates": [[11.0244817, 50.9960289], [11.0244705, 50.9960296]]}}, {"type": "Feature", "properties": {}, "geometry": {"type": "LineString", "coordinates": [[11.0244817, 50.9960289], [11.0242458, 50.9960461]]}}, {"type": "Feature", "properties": {}, "geometry": {"type": "LineString", "coordinates": [[11.0243115, 50.9965635], [11.0243234, 50.996561]]}}, {"type": "Feature", "properties": {}, "geometry": {"type": "LineString", "coordinates": [[11.0243115, 50.9965635], [11.0243563, 50.9967151]]}}, {"type": "Feature", "properties": {}, "geometry": {"type": "LineString", "coordinates": [[11.0243115, 50.9965635], [11.0242895, 50.9964051]]}}, {"type": "Feature", "properties": {}, "geometry": {"type": "LineString", "coordinates": [[11.022596, 50.9971322], [11.0227789, 50.9970404]]}}, {"type": "Feature", "properties": {}, "geometry": {"type": "LineString", "coordinates": [[11.022596, 50.9971322], [11.0225516, 50.9969913]]}}, {"type": "Feature", "properties": {}, "geometry": {"type": "LineString", "coordinates": [[11.0229469, 50.9979268], [11.0229835, 50.9979624]]}}, {"type": "Feature", "properties": {}, "geometry": {"type": "LineString", "coordinates": [[11.0200901, 50.9999141], [11.0201123, 50.9999101]]}}, {"type": "Feature", "properties": {}, "geometry": {"type": "LineString", "coordinates": [[11.0200901, 50.9999141], [11.0203113, 50.9999453]]}}, {"type": "Feature", "properties": {}, "geometry": {"type": "LineString", "coordinates": [[11.0216177, 50.9960642], [11.0216462, 50.9959845]]}}, {"type": "Feature", "properties": {}, "geometry": {"type": "LineString", "coordinates": [[11.0232337, 50.9958999], [11.0232362, 50.9959002]]}}, {"type": "Feature", "properties": {}, "geometry": {"type": "LineString", "coordinates": [[11.0232337, 50.9958999], [11.0231683, 50.9958004]]}}, {"type": "Feature", "properties": {}, "geometry": {"type": "LineString", "coordinates": [[11.0232337, 50.9958999], [11.0232973, 50.9959973]]}}, {"type": "Feature", "properties": {}, "geometry": {"type": "LineString", "coordinates": [[11.0251834, 50.9959718], [11.025185, 50.9959703]]}}, {"type": "Feature", "properties": {}, "geometry": {"type": "LineString", "coordinates": [[11.0251834, 50.9959718], [11.025006, 50.9959851]]}}, {"type": "Feature", "properties": {}, "geometry": {"type": "LineString", "coordinates": [[11.0248306, 50.9960016], [11.025006, 50.9959851]]}}, {"type": "Feature", "properties": {}, "geometry": {"type": "LineString", "coordinates": [[11.0248306, 50.9960016], [11.0248261, 50.9960002]]}}, {"type": "Feature", "properties": {}, "geometry": {"type": "LineString", "coordinates": [[11.0248306, 50.9960016], [11.0246474, 50.9960141]]}}, {"type": "Feature", "properties": {}, "geometry": {"type": "LineString", "coordinates": [[11.0216764, 50.9959411], [11.0216462, 50.9959845]]}}, {"type": "Feature", "properties": {}, "geometry": {"type": "LineString", "coordinates": [[11.024677, 50.9952397], [11.0246666, 50.9952396]]}}, {"type": "Feature", "properties": {}, "geometry": {"type": "LineString", "coordinates": [[11.024677, 50.9952397], [11.0246692, 50.9954233]]}}, {"type": "Feature", "properties": {}, "geometry": {"type": "LineString", "coordinates": [[11.024677, 50.9952397], [11.0247513, 50.9953684]]}}, {"type": "Feature", "properties": {}, "geometry": {"type": "LineString", "coordinates": [[11.0242215, 50.9954105], [11.0242943, 50.9954212]]}}, {"type": "Feature", "properties": {}, "geometry": {"type": "LineString", "coordinates": [[11.0257631, 50.9965076], [11.0257662, 50.9965099]]}}, {"type": "Feature", "properties": {}, "geometry": {"type": "LineString", "coordinates": [[11.0257631, 50.9965076], [11.0259289, 50.9965256]]}}, {"type": "Feature", "properties": {}, "geometry": {"type": "LineString", "coordinates": [[11.0257631, 50.9965076], [11.0259023, 50.9964246]]}}, {"type": "Feature", "properties": {}, "geometry": {"type": "LineString", "coordinates": [[11.0249083, 50.9963683], [11.0249042, 50.9963156]]}}, {"type": "Feature", "properties": {}, "geometry": {"type": "LineString", "coordinates": [[11.0247665, 50.9962023], [11.0249236, 50.996194]]}}, {"type": "Feature", "properties": {}, "geometry": {"type": "LineString", "coordinates": [[11.0247665, 50.9962023], [11.0247645, 50.9962036]]}}, {"type": "Feature", "properties": {}, "geometry": {"type": "LineString", "coordinates": [[11.0247665, 50.9962023], [11.0248127, 50.9962637]]}}, {"type": "Feature", "properties": {}, "geometry": {"type": "LineString", "coordinates": [[11.0255289, 50.9961435], [11.0255405, 50.9961427]]}}, {"type": "Feature", "properties": {}, "geometry": {"type": "LineString", "coordinates": [[11.0255289, 50.9961435], [11.0254006, 50.9961496]]}}, {"type": "Feature", "properties": {}, "geometry": {"type": "LineString", "coordinates": [[11.0255289, 50.9961435], [11.0257581, 50.9961229]]}}, {"type": "Feature", "properties": {}, "geometry": {"type": "LineString", "coordinates": [[11.0249212, 50.9961878], [11.0250792, 50.996178]]}}, {"type": "Feature", "properties": {}, "geometry": {"type": "LineString", "coordinates": [[11.0249212, 50.9961878], [11.0249236, 50.996194]]}}, {"type": "Feature", "properties": {}, "geometry": {"type": "LineString", "coordinates": [[11.0249212, 50.9961878], [11.0249042, 50.9963156]]}}, {"type": "Feature", "properties": {}, "geometry": {"type": "LineString", "coordinates": [[11.0257011, 50.9957759], [11.0256587, 50.9956519]]}}, {"type": "Feature", "properties": {}, "geometry": {"type": "LineString", "coordinates": [[11.0257011, 50.9957759], [11.0256966, 50.99578]]}}, {"type": "Feature", "properties": {}, "geometry": {"type": "LineString", "coordinates": [[11.0257011, 50.9957759], [11.0257143, 50.9959175]]}}, {"type": "Feature", "properties": {}, "geometry": {"type": "LineString", "coordinates": [[11.0226931, 50.9970117], [11.0225516, 50.9969913]]}}, {"type": "Feature", "properties": {}, "geometry": {"type": "LineString", "coordinates": [[11.0226931, 50.9970117], [11.0227789, 50.9970404]]}}, {"type": "Feature", "properties": {}, "geometry": {"type": "LineString", "coordinates": [[11.0242449, 50.9960472], [11.0244705, 50.9960296]]}}, {"type": "Feature", "properties": {}, "geometry": {"type": "LineString", "coordinates": [[11.0242449, 50.9960472], [11.0241843, 50.9959169]]}}, {"type": "Feature", "properties": {}, "geometry": {"type": "LineString", "coordinates": [[11.0242449, 50.9960472], [11.0242458, 50.9960461]]}}, {"type": "Feature", "properties": {}, "geometry": {"type": "LineString", "coordinates": [[11.0257973, 50.996118], [11.0257581, 50.9961229]]}}, {"type": "Feature", "properties": {}, "geometry": {"type": "LineString", "coordinates": [[11.0257973, 50.996118], [11.0258314, 50.9962303]]}}, {"type": "Feature", "properties": {}, "geometry": {"type": "LineString", "coordinates": [[11.0257973, 50.996118], [11.0255405, 50.9961427]]}}, {"type": "Feature", "properties": {}, "geometry": {"type": "LineString", "coordinates": [[11.0239617, 50.9965779], [11.023932, 50.9964473]]}}, {"type": "Feature", "properties": {}, "geometry": {"type": "LineString", "coordinates": [[11.0239617, 50.9965779], [11.0239579, 50.9965784]]}}, {"type": "Feature", "properties": {}, "geometry": {"type": "LineString", "coordinates": [[11.0239617, 50.9965779], [11.0240038, 50.996761]]}}, {"type": "Feature", "properties": {}, "geometry": {"type": "LineString", "coordinates": [[11.0225173, 50.9966686], [11.0225178, 50.9966676]]}}, {"type": "Feature", "properties": {}, "geometry": {"type": "LineString", "coordinates": [[11.0227109, 50.9964482], [11.0227114, 50.9964457]]}}, {"type": "Feature", "properties": {}, "geometry": {"type": "LineString", "coordinates": [[11.0221729, 50.9965831], [11.0221699, 50.9965813]]}}, {"type": "Feature", "properties": {}, "geometry": {"type": "LineString", "coordinates": [[11.0254685, 50.9952095], [11.0255165, 50.9952165]]}}, {"type": "Feature", "properties": {}, "geometry": {"type": "LineString", "coordinates": [[11.0254685, 50.9952095], [11.0253386, 50.9952807]]}}, {"type": "Feature", "properties": {}, "geometry": {"type": "LineString", "coordinates": [[11.0256435, 50.996121], [11.0257581, 50.9961229]]}}, {"type": "Feature", "properties": {}, "geometry": {"type": "LineString", "coordinates": [[11.0256435, 50.996121], [11.0255405, 50.9961427]]}}, {"type": "Feature", "properties": {}, "geometry": {"type": "LineString", "coordinates": [[11.0256435, 50.996121], [11.0258314, 50.9962303]]}}, {"type": "Feature", "properties": {}, "geometry": {"type": "LineString", "coordinates": [[11.0226122, 50.9932903], [11.0226022, 50.9932975]]}}, {"type": "Feature", "properties": {}, "geometry": {"type": "LineString", "coordinates": [[11.0226122, 50.9932903], [11.0231256, 50.9933245]]}}, {"type": "Feature", "properties": {}, "geometry": {"type": "LineString", "coordinates": [[11.0223368, 50.9953091], [11.0223386, 50.9953115]]}}, {"type": "Feature", "properties": {}, "geometry": {"type": "LineString", "coordinates": [[11.0223368, 50.9953091], [11.0224292, 50.9953131]]}}, {"type": "Feature", "properties": {}, "geometry": {"type": "LineString", "coordinates": [[11.0242518, 50.9949638], [11.0242181, 50.9949651]]}}, {"type": "Feature", "properties": {}, "geometry": {"type": "LineString", "coordinates": [[11.0245044, 50.9932337], [11.0246723, 50.9932321]]}}, {"type": "Feature", "properties": {}, "geometry": {"type": "LineString", "coordinates": [[11.0245044, 50.9932337], [11.0243519, 50.9932395]]}}, {"type": "Feature", "properties": {}, "geometry": {"type": "LineString", "coordinates": [[11.0245044, 50.9932337], [11.0245062, 50.9932355]]}}, {"type": "Feature", "properties": {}, "geometry": {"type": "LineString", "coordinates": [[11.0253072, 50.994162], [11.0252956, 50.9940706]]}}, {"type": "Feature", "properties": {}, "geometry": {"type": "LineString", "coordinates": [[11.0253072, 50.994162], [11.0253097, 50.994171]]}}, {"type": "Feature", "properties": {}, "geometry": {"type": "LineString", "coordinates": [[11.0253072, 50.994162], [11.0251854, 50.9940772]]}}, {"type": "Feature", "properties": {}, "geometry": {"type": "LineString", "coordinates": [[11.0254243, 50.9949928], [11.0252747, 50.9949974]]}}, {"type": "Feature", "properties": {}, "geometry": {"type": "LineString", "coordinates": [[11.0254243, 50.9949928], [11.025423, 50.9949005]]}}, {"type": "Feature", "properties": {}, "geometry": {"type": "LineString", "coordinates": [[11.0254243, 50.9949928], [11.0254215, 50.9949993]]}}, {"type": "Feature", "properties": {}, "geometry": {"type": "LineString", "coordinates": [[11.0253429, 50.9964798], [11.0254627, 50.9964957]]}}, {"type": "Feature", "properties": {}, "geometry": {"type": "LineString", "coordinates": [[11.0253429, 50.9964798], [11.0253308, 50.9964896]]}}, {"type": "Feature", "properties": {}, "geometry": {"type": "LineString", "coordinates": [[11.0248953, 50.9963068], [11.0249042, 50.9963156]]}}, {"type": "Feature", "properties": {}, "geometry": {"type": "LineString", "coordinates": [[11.0248953, 50.9963068], [11.0248127, 50.9962637]]}}, {"type": "Feature", "properties": {}, "geometry": {"type": "LineString", "coordinates": [[11.0248953, 50.9963068], [11.0249236, 50.996194]]}}, {"type": "Feature", "properties": {}, "geometry": {"type": "LineString", "coordinates": [[11.0252062, 50.9962732], [11.0252131, 50.9962731]]}}, {"type": "Feature", "properties": {}, "geometry": {"type": "LineString", "coordinates": [[11.0253897, 50.996153], [11.0254006, 50.9961496]]}}, {"type": "Feature", "properties": {}, "geometry": {"type": "LineString", "coordinates": [[11.0253897, 50.996153], [11.0252377, 50.996164]]}}, {"type": "Feature", "properties": {}, "geometry": {"type": "LineString", "coordinates": [[11.0253897, 50.996153], [11.0255405, 50.9961427]]}}, {"type": "Feature", "properties": {}, "geometry": {"type": "LineString", "coordinates": [[11.0257426, 50.9962381], [11.0258314, 50.9962303]]}}, {"type": "Feature", "properties": {}, "geometry": {"type": "LineString", "coordinates": [[11.0251991, 50.9934654], [11.0252062, 50.9934643]]}}, {"type": "Feature", "properties": {}, "geometry": {"type": "LineString", "coordinates": [[11.0251991, 50.9934654], [11.0252181, 50.9935523]]}}, {"type": "Feature", "properties": {}, "geometry": {"type": "LineString", "coordinates": [[11.0251991, 50.9934654], [11.0251893, 50.9933514]]}}, {"type": "Feature", "properties": {}, "geometry": {"type": "LineString", "coordinates": [[11.0252589, 50.9938914], [11.0252693, 50.9938928]]}}, {"type": "Feature", "properties": {}, "geometry": {"type": "LineString", "coordinates": [[11.0252589, 50.9938914], [11.0252541, 50.9938035]]}}, {"type": "Feature", "properties": {}, "geometry": {"type": "LineString", "coordinates": [[11.0252589, 50.9938914], [11.025173, 50.9939884]]}}, {"type": "Feature", "properties": {}, "geometry": {"type": "LineString", "coordinates": [[11.0240363, 50.9932487], [11.0240382, 50.9932431]]}}, {"type": "Feature", "properties": {}, "geometry": {"type": "LineString", "coordinates": [[11.0240363, 50.9932487], [11.0238895, 50.993247]]}}, {"type": "Feature", "properties": {}, "geometry": {"type": "LineString", "coordinates": [[11.0240363, 50.9932487], [11.0241948, 50.9932448]]}}, {"type": "Feature", "properties": {}, "geometry": {"type": "LineString", "coordinates": [[11.023689, 50.9948955], [11.0236785, 50.9948077]]}}, {"type": "Feature", "properties": {}, "geometry": {"type": "LineString", "coordinates": [[11.023689, 50.9948955], [11.0236945, 50.9949049]]}}, {"type": "Feature", "properties": {}, "geometry": {"type": "LineString", "coordinates": [[11.023689, 50.9948955], [11.0235775, 50.9949576]]}}, {"type": "Feature", "properties": {}, "geometry": {"type": "LineString", "coordinates": [[11.0248811, 50.9949527], [11.024948, 50.9949445]]}}, {"type": "Feature", "properties": {}, "geometry": {"type": "LineString", "coordinates": [[11.0248811, 50.9949527], [11.0248781, 50.9949484]]}}, {"type": "Feature", "properties": {}, "geometry": {"type": "LineString", "coordinates": [[11.0248811, 50.9949527], [11.0249921, 50.9950279]]}}, {"type": "Feature", "properties": {}, "geometry": {"type": "LineString", "coordinates": [[11.0230495, 50.9948812], [11.0231666, 50.9948393]]}}, {"type": "Feature", "properties": {}, "geometry": {"type": "LineString", "coordinates": [[11.0252615, 50.9944943], [11.0253515, 50.9944649]]}}, {"type": "Feature", "properties": {}, "geometry": {"type": "LineString", "coordinates": [[11.0252615, 50.9944943], [11.0253676, 50.9945776]]}}, {"type": "Feature", "properties": {}, "geometry": {"type": "LineString", "coordinates": [[11.0252615, 50.9944943], [11.0251366, 50.9945193]]}}, {"type": "Feature", "properties": {}, "geometry": {"type": "LineString", "coordinates": [[11.0251688, 50.9939895], [11.025173, 50.9939884]]}}, {"type": "Feature", "properties": {}, "geometry": {"type": "LineString", "coordinates": [[11.0251688, 50.9939895], [11.0251854, 50.9940772]]}}, {"type": "Feature", "properties": {}, "geometry": {"type": "LineString", "coordinates": [[11.0245385, 50.9950544], [11.0245108, 50.9949722]]}}, {"type": "Feature", "properties": {}, "geometry": {"type": "LineString", "coordinates": [[11.0245385, 50.9950544], [11.0246416, 50.9949775]]}}, {"type": "Feature", "properties": {}, "geometry": {"type": "LineString", "coordinates": [[11.0245385, 50.9950544], [11.0246383, 50.9950529]]}}, {"type": "Feature", "properties": {}, "geometry": {"type": "LineString", "coordinates": [[11.0241928, 50.9932439], [11.0240382, 50.9932431]]}}, {"type": "Feature", "properties": {}, "geometry": {"type": "LineString", "coordinates": [[11.0241928, 50.9932439], [11.0241948, 50.9932448]]}}, {"type": "Feature", "properties": {}, "geometry": {"type": "LineString", "coordinates": [[11.0241928, 50.9932439], [11.0243519, 50.9932395]]}}, {"type": "Feature", "properties": {}, "geometry": {"type": "LineString", "coordinates": [[11.0234929, 50.9940638], [11.0235161, 50.9939021]]}}, {"type": "Feature", "properties": {}, "geometry": {"type": "LineString", "coordinates": [[11.0234929, 50.9940638], [11.0234959, 50.9940647]]}}, {"type": "Feature", "properties": {}, "geometry": {"type": "LineString", "coordinates": [[11.0243164, 50.9934075], [11.0242589, 50.9934071]]}}, {"type": "Feature", "properties": {}, "geometry": {"type": "LineString", "coordinates": [[11.0243164, 50.9934075], [11.0243259, 50.993422]]}}, {"type": "Feature", "properties": {}, "geometry": {"type": "LineString", "coordinates": [[11.0243164, 50.9934075], [11.0242445, 50.99334]]}}, {"type": "Feature", "properties": {}, "geometry": {"type": "LineString", "coordinates": [[11.025411, 50.9948204], [11.0253909, 50.9947667]]}}, {"type": "Feature", "properties": {}, "geometry": {"type": "LineString", "coordinates": [[11.025411, 50.9948204], [11.0254062, 50.9948287]]}}, {"type": "Feature", "properties": {}, "geometry": {"type": "LineString", "coordinates": [[11.025411, 50.9948204], [11.025423, 50.9949005]]}}, {"type": "Feature", "properties": {}, "geometry": {"type": "LineString", "coordinates": [[11.0234436, 50.9935102], [11.0234554, 50.9935143]]}}, {"type": "Feature", "properties": {}, "geometry": {"type": "LineString", "coordinates": [[11.0234436, 50.9935102], [11.023385, 50.9933506]]}}, {"type": "Feature", "properties": {}, "geometry": {"type": "LineString", "coordinates": [[11.0234436, 50.9935102], [11.0234621, 50.9936487]]}}, {"type": "Feature", "properties": {}, "geometry": {"type": "LineString", "coordinates": [[11.0235634, 50.9942799], [11.0235727, 50.9942903]]}}, {"type": "Feature", "properties": {}, "geometry": {"type": "LineString", "coordinates": [[11.0235634, 50.9942799], [11.0235996, 50.9943887]]}}, {"type": "Feature", "properties": {}, "geometry": {"type": "LineString", "coordinates": [[11.0385144, 51.0027757], [11.0388148, 51.0026843]]}}, {"type": "Feature", "properties": {}, "geometry": {"type": "LineString", "coordinates": [[11.0385144, 51.0027757], [11.0385169, 51.002778]]}}, {"type": "Feature", "properties": {}, "geometry": {"type": "LineString", "coordinates": [[11.0385144, 51.0027757], [11.0379668, 51.0030923]]}}, {"type": "Feature", "properties": {}, "geometry": {"type": "LineString", "coordinates": [[11.04279, 51.00232], [11.0427968, 51.0023635]]}}, {"type": "Feature", "properties": {}, "geometry": {"type": "LineString", "coordinates": [[11.04279, 51.00232], [11.0428363, 51.0022256]]}}, {"type": "Feature", "properties": {}, "geometry": {"type": "LineString", "coordinates": [[11.0397014, 51.00345], [11.0397048, 51.0034517]]}}, {"type": "Feature", "properties": {}, "geometry": {"type": "LineString", "coordinates": [[11.0388223, 51.0026805], [11.0388148, 51.0026843]]}}, {"type": "Feature", "properties": {}, "geometry": {"type": "LineString", "coordinates": [[11.0388223, 51.0026805], [11.0385169, 51.002778]]}}, {"type": "Feature", "properties": {}, "geometry": {"type": "LineString", "coordinates": [[11.0370788, 51.0016996], [11.0371727, 51.0015749]]}}, {"type": "Feature", "properties": {}, "geometry": {"type": "LineString", "coordinates": [[11.0370788, 51.0016996], [11.0370791, 51.0016992]]}}, {"type": "Feature", "properties": {}, "geometry": {"type": "LineString", "coordinates": [[11.0370788, 51.0016996], [11.0369868, 51.0018235]]}}, {"type": "Feature", "properties": {}, "geometry": {"type": "LineString", "coordinates": [[11.0319557, 51.0024954], [11.031962, 51.0025039]]}}, {"type": "Feature", "properties": {}, "geometry": {"type": "LineString", "coordinates": [[11.0315759, 51.0022645], [11.0315783, 51.0022698]]}}, {"type": "Feature", "properties": {}, "geometry": {"type": "LineString", "coordinates": [[11.0338794, 51.0025007], [11.0338114, 51.0028869]]}}, {"type": "Feature", "properties": {}, "geometry": {"type": "LineString", "coordinates": [[11.0314461, 51.0026664], [11.0316995, 51.0028415]]}}, {"type": "Feature", "properties": {}, "geometry": {"type": "LineString", "coordinates": [[11.0369866, 51.0018234], [11.0369868, 51.0018235]]}}, {"type": "Feature", "properties": {}, "geometry": {"type": "LineString", "coordinates": [[11.0369866, 51.0018234], [11.0370791, 51.0016992]]}}, {"type": "Feature", "properties": {}, "geometry": {"type": "LineString", "coordinates": [[11.0369866, 51.0018234], [11.0366497, 51.0017227]]}}, {"type": "Feature", "properties": {}, "geometry": {"type": "LineString", "coordinates": [[11.0317109, 51.002827], [11.0316995, 51.0028415]]}}, {"type": "Feature", "properties": {}, "geometry": {"type": "LineString", "coordinates": [[11.0325507, 51.0023569], [11.0327024, 51.0022317]]}}, {"type": "Feature", "properties": {}, "geometry": {"type": "LineString", "coordinates": [[11.0369869, 51.002964], [11.0369998, 51.0029536]]}}, {"type": "Feature", "properties": {}, "geometry": {"type": "LineString", "coordinates": [[11.0369869, 51.002964], [11.0366497, 51.0029951]]}}, {"type": "Feature", "properties": {}, "geometry": {"type": "LineString", "coordinates": [[11.0344928, 51.0027306], [11.0338114, 51.0028869]]}}, {"type": "Feature", "properties": {}, "geometry": {"type": "LineString", "coordinates": [[11.0341049, 51.0030269], [11.0338114, 51.0028869]]}}, {"type": "Feature", "properties": {}, "geometry": {"type": "LineString", "coordinates": [[11.0331776, 51.0024958], [11.0327024, 51.0022317]]}}, {"type": "Feature", "properties": {}, "geometry": {"type": "LineString", "coordinates": [[11.0374802, 51.0024268], [11.0374808, 51.0024171]]}}, {"type": "Feature", "properties": {}, "geometry": {"type": "LineString", "coordinates": [[11.0374802, 51.0024268], [11.0367604, 51.0022085]]}}, {"type": "Feature", "properties": {}, "geometry": {"type": "LineString", "coordinates": [[11.031843, 51.002907], [11.0316995, 51.0028415]]}}, {"type": "Feature", "properties": {}, "geometry": {"type": "LineString", "coordinates": [[11.0337422, 51.002073], [11.0343347, 51.0023113]]}}, {"type": "Feature", "properties": {}, "geometry": {"type": "LineString", "coordinates": [[11.0335372, 51.0026875], [11.0338114, 51.0028869]]}}, {"type": "Feature", "properties": {}, "geometry": {"type": "LineString", "coordinates": [[11.0324818, 51.0019118], [11.0327024, 51.0022317]]}}, {"type": "Feature", "properties": {}, "geometry": {"type": "LineString", "coordinates": [[11.0328732, 51.001765], [11.0328762, 51.0017514]]}}, {"type": "Feature", "properties": {}, "geometry": {"type": "LineString", "coordinates": [[11.0322477, 51.0028933], [11.0322484, 51.0028935]]}}, {"type": "Feature", "properties": {}, "geometry": {"type": "LineString", "coordinates": [[11.0390695, 51.0007154], [11.0392004, 51.0002939]]}}, {"type": "Feature", "properties": {}, "geometry": {"type": "LineString", "coordinates": [[11.0390695, 51.0007154], [11.03868, 51.0003092]]}}, {"type": "Feature", "properties": {}, "geometry": {"type": "LineString", "coordinates": [[11.0390695, 51.0007154], [11.0383197, 51.00036]]}}, {"type": "Feature", "properties": {}, "geometry": {"type": "LineString", "coordinates": [[11.0366045, 51.0008182], [11.0366821, 51.0006296]]}}, {"type": "Feature", "properties": {}, "geometry": {"type": "LineString", "coordinates": [[11.0366045, 51.0008182], [11.0365974, 51.0008502]]}}, {"type": "Feature", "properties": {}, "geometry": {"type": "LineString", "coordinates": [[11.0369042, 51.0004437], [11.0369046, 51.0004421]]}}, {"type": "Feature", "properties": {}, "geometry": {"type": "LineString", "coordinates": [[11.0369042, 51.0004437], [11.0366456, 51.0004201]]}}, {"type": "Feature", "properties": {}, "geometry": {"type": "LineString", "coordinates": [[11.0360512, 51.0027371], [11.0360577, 51.0027361]]}}, {"type": "Feature", "properties": {}, "geometry": {"type": "LineString", "coordinates": [[11.0393281, 50.9973127], [11.0393296, 50.9973086]]}}, {"type": "Feature", "properties": {}, "geometry": {"type": "LineString", "coordinates": [[11.0393281, 50.9973127], [11.0393739, 50.9972115]]}}, {"type": "Feature", "properties": {}, "geometry": {"type": "LineString", "coordinates": [[11.0370569, 51.0008316], [11.0370677, 51.0008328]]}}, {"type": "Feature", "properties": {}, "geometry": {"type": "LineString", "coordinates": [[11.0351005, 51.0006346], [11.0350454, 51.0006251]]}}, {"type": "Feature", "properties": {}, "geometry": {"type": "LineString", "coordinates": [[11.0351005, 51.0006346], [11.0350119, 51.0007164]]}}, {"type": "Feature", "properties": {}, "geometry": {"type": "LineString", "coordinates": [[11.0351005, 51.0006346], [11.0352762, 51.0005566]]}}, {"type": "Feature", "properties": {}, "geometry": {"type": "LineString", "coordinates": [[11.0391853, 50.9976633], [11.0391848, 50.9976633]]}}, {"type": "Feature", "properties": {}, "geometry": {"type": "LineString", "coordinates": [[11.0391853, 50.9976633], [11.0394964, 50.9977437]]}}, {"type": "Feature", "properties": {}, "geometry": {"type": "LineString", "coordinates": [[11.0391853, 50.9976633], [11.0391163, 50.9975855]]}}, {"type": "Feature", "properties": {}, "geometry": {"type": "LineString", "coordinates": [[11.0315009, 50.9986896], [11.0315146, 50.9986612]]}}, {"type": "Feature", "properties": {}, "geometry": {"type": "LineString", "coordinates": [[11.0311571, 51.0001965], [11.0311506, 51.0000812]]}}, {"type": "Feature", "properties": {}, "geometry": {"type": "LineString", "coordinates": [[11.0311571, 51.0001965], [11.0311405, 51.0001992]]}}, {"type": "Feature", "properties": {}, "geometry": {"type": "LineString", "coordinates": [[11.0311571, 51.0001965], [11.0311366, 51.000317]]}}, {"type": "Feature", "properties": {}, "geometry": {"type": "LineString", "coordinates": [[11.0331541, 50.9967635], [11.0331534, 50.9967616]]}}, {"type": "Feature", "properties": {}, "geometry": {"type": "LineString", "coordinates": [[11.0331541, 50.9967635], [11.0329371, 50.996738]]}}, {"type": "Feature", "properties": {}, "geometry": {"type": "LineString", "coordinates": [[11.0286055, 50.999627], [11.0283975, 50.9996231]]}}, {"type": "Feature", "properties": {}, "geometry": {"type": "LineString", "coordinates": [[11.0286055, 50.999627], [11.0286046, 50.9996295]]}}, {"type": "Feature", "properties": {}, "geometry": {"type": "LineString", "coordinates": [[11.0286055, 50.999627], [11.0287957, 50.9996361]]}}, {"type": "Feature", "properties": {}, "geometry": {"type": "LineString", "coordinates": [[11.029611, 50.9990086], [11.0296119, 50.9990161]]}}, {"type": "Feature", "properties": {}, "geometry": {"type": "LineString", "coordinates": [[11.0300763, 50.9986468], [11.0300546, 50.9984357]]}}, {"type": "Feature", "properties": {}, "geometry": {"type": "LineString", "coordinates": [[11.0300763, 50.9986468], [11.0301903, 50.9984393]]}}, {"type": "Feature", "properties": {}, "geometry": {"type": "LineString", "coordinates": [[11.0300763, 50.9986468], [11.0300771, 50.9986423]]}}, {"type": "Feature", "properties": {}, "geometry": {"type": "LineString", "coordinates": [[11.0322485, 51.0008017], [11.0322372, 51.0008083]]}}, {"type": "Feature", "properties": {}, "geometry": {"type": "LineString", "coordinates": [[11.0322485, 51.0008017], [11.0320399, 51.0008028]]}}, {"type": "Feature", "properties": {}, "geometry": {"type": "LineString", "coordinates": [[11.0274928, 50.9990188], [11.0275782, 50.9989843]]}}, {"type": "Feature", "properties": {}, "geometry": {"type": "LineString", "coordinates": [[11.0291846, 50.9989928], [11.0289272, 50.9990001]]}}, {"type": "Feature", "properties": {}, "geometry": {"type": "LineString", "coordinates": [[11.0291846, 50.9989928], [11.0292084, 50.9990135]]}}, {"type": "Feature", "properties": {}, "geometry": {"type": "LineString", "coordinates": [[11.0291846, 50.9989928], [11.029059, 50.9990149]]}}, {"type": "Feature", "properties": {}, "geometry": {"type": "LineString", "coordinates": [[11.0313056, 50.9980886], [11.0312816, 50.9980733]]}}, {"type": "Feature", "properties": {}, "geometry": {"type": "LineString", "coordinates": [[11.0313056, 50.9980886], [11.0312988, 50.9982324]]}}, {"type": "Feature", "properties": {}, "geometry": {"type": "LineString", "coordinates": [[11.0313056, 50.9980886], [11.0312919, 50.9979379]]}}, {"type": "Feature", "properties": {}, "geometry": {"type": "LineString", "coordinates": [[11.0315206, 50.9986417], [11.0315146, 50.9986612]]}}, {"type": "Feature", "properties": {}, "geometry": {"type": "LineString", "coordinates": [[11.0292137, 50.9996455], [11.0292119, 50.9996496]]}}, {"type": "Feature", "properties": {}, "geometry": {"type": "LineString", "coordinates": [[11.0292137, 50.9996455], [11.0289883, 50.9996424]]}}, {"type": "Feature", "properties": {}, "geometry": {"type": "LineString", "coordinates": [[11.0292137, 50.9996455], [11.0294148, 50.9996486]]}}, {"type": "Feature", "properties": {}, "geometry": {"type": "LineString", "coordinates": [[11.0296466, 50.9978983], [11.029652, 50.9979635]]}}, {"type": "Feature", "properties": {}, "geometry": {"type": "LineString", "coordinates": [[11.0296466, 50.9978983], [11.0296591, 50.9977729]]}}, {"type": "Feature", "properties": {}, "geometry": {"type": "LineString", "coordinates": [[11.0321645, 50.9977182], [11.0321968, 50.9973576]]}}, {"type": "Feature", "properties": {}, "geometry": {"type": "LineString", "coordinates": [[11.0321645, 50.9977182], [11.032171, 50.9977116]]}}, {"type": "Feature", "properties": {}, "geometry": {"type": "LineString", "coordinates": [[11.0321645, 50.9977182], [11.0321457, 50.9980658]]}}, {"type": "Feature", "properties": {}, "geometry": {"type": "LineString", "coordinates": [[11.0312059, 51.0010961], [11.0310894, 51.0010134]]}}, {"type": "Feature", "properties": {}, "geometry": {"type": "LineString", "coordinates": [[11.0312059, 51.0010961], [11.0312033, 51.0010913]]}}, {"type": "Feature", "properties": {}, "geometry": {"type": "LineString", "coordinates": [[11.0312059, 51.0010961], [11.0313593, 51.0011451]]}}, {"type": "Feature", "properties": {}, "geometry": {"type": "LineString", "coordinates": [[11.033933, 50.9989353], [11.0339312, 50.9989345]]}}, {"type": "Feature", "properties": {}, "geometry": {"type": "LineString", "coordinates": [[11.0278901, 50.9980151], [11.0278472, 50.9979599]]}}, {"type": "Feature", "properties": {}, "geometry": {"type": "LineString", "coordinates": [[11.0278901, 50.9980151], [11.0279172, 50.9980153]]}}, {"type": "Feature", "properties": {}, "geometry": {"type": "LineString", "coordinates": [[11.0278901, 50.9980151], [11.0280558, 50.9978579]]}}, {"type": "Feature", "properties": {}, "geometry": {"type": "LineString", "coordinates": [[11.0313439, 51.0003553], [11.03135, 51.0003531]]}}, {"type": "Feature", "properties": {}, "geometry": {"type": "LineString", "coordinates": [[11.0305372, 50.9967543], [11.0305454, 50.996754]]}}, {"type": "Feature", "properties": {}, "geometry": {"type": "LineString", "coordinates": [[11.0305372, 50.9967543], [11.0307661, 50.9967527]]}}, {"type": "Feature", "properties": {}, "geometry": {"type": "LineString", "coordinates": [[11.0289106, 50.9997441], [11.0289189, 50.999756]]}}, {"type": "Feature", "properties": {}, "geometry": {"type": "LineString", "coordinates": [[11.0289106, 50.9997441], [11.0288475, 50.9997852]]}}, {"type": "Feature", "properties": {}, "geometry": {"type": "LineString", "coordinates": [[11.0313603, 51.0011491], [11.0312033, 51.0010913]]}}, {"type": "Feature", "properties": {}, "geometry": {"type": "LineString", "coordinates": [[11.0313603, 51.0011491], [11.0313593, 51.0011451]]}}, {"type": "Feature", "properties": {}, "geometry": {"type": "LineString", "coordinates": [[11.0313603, 51.0011491], [11.0315203, 51.0012097]]}}, {"type": "Feature", "properties": {}, "geometry": {"type": "LineString", "coordinates": [[11.0291143, 50.9980409], [11.0290637, 50.9980313]]}}, {"type": "Feature", "properties": {}, "geometry": {"type": "LineString", "coordinates": [[11.0291143, 50.9980409], [11.0291265, 50.9980343]]}}, {"type": "Feature", "properties": {}, "geometry": {"type": "LineString", "coordinates": [[11.0289818, 50.9981753], [11.0287893, 50.9981699]]}}, {"type": "Feature", "properties": {}, "geometry": {"type": "LineString", "coordinates": [[11.0289818, 50.9981753], [11.0289882, 50.9981747]]}}, {"type": "Feature", "properties": {}, "geometry": {"type": "LineString", "coordinates": [[11.0289818, 50.9981753], [11.0291866, 50.9981786]]}}, {"type": "Feature", "properties": {}, "geometry": {"type": "LineString", "coordinates": [[11.029181, 50.9981794], [11.0289882, 50.9981747]]}}, {"type": "Feature", "properties": {}, "geometry": {"type": "LineString", "coordinates": [[11.029181, 50.9981794], [11.0291866, 50.9981786]]}}, {"type": "Feature", "properties": {}, "geometry": {"type": "LineString", "coordinates": [[11.029181, 50.9981794], [11.0295202, 50.9981813]]}}, {"type": "Feature", "properties": {}, "geometry": {"type": "LineString", "coordinates": [[11.02758, 50.9989848], [11.0275782, 50.9989843]]}}, {"type": "Feature", "properties": {}, "geometry": {"type": "LineString", "coordinates": [[11.0313374, 50.9976734], [11.0313119, 50.9976541]]}}, {"type": "Feature", "properties": {}, "geometry": {"type": "LineString", "coordinates": [[11.0313374, 50.9976734], [11.0313183, 50.9978006]]}}, {"type": "Feature", "properties": {}, "geometry": {"type": "LineString", "coordinates": [[11.0313374, 50.9976734], [11.0313219, 50.9975271]]}}, {"type": "Feature", "properties": {}, "geometry": {"type": "LineString", "coordinates": [[11.031351, 50.9974263], [11.0313314, 50.9974048]]}}, {"type": "Feature", "properties": {}, "geometry": {"type": "LineString", "coordinates": [[11.031351, 50.9974263], [11.0313219, 50.9975271]]}}, {"type": "Feature", "properties": {}, "geometry": {"type": "LineString", "coordinates": [[11.031351, 50.9974263], [11.0313406, 50.9972875]]}}, {"type": "Feature", "properties": {}, "geometry": {"type": "LineString", "coordinates": [[11.0314055, 50.9967675], [11.0314149, 50.996768]]}}, {"type": "Feature", "properties": {}, "geometry": {"type": "LineString", "coordinates": [[11.0314055, 50.9967675], [11.0313828, 50.9969086]]}}, {"type": "Feature", "properties": {}, "geometry": {"type": "LineString", "coordinates": [[11.0314055, 50.9967675], [11.0316312, 50.9967432]]}}, {"type": "Feature", "properties": {}, "geometry": {"type": "LineString", "coordinates": [[11.0329583, 50.9977392], [11.0329544, 50.9977359]]}}, {"type": "Feature", "properties": {}, "geometry": {"type": "LineString", "coordinates": [[11.0329583, 50.9977392], [11.0329291, 50.9980901]]}}, {"type": "Feature", "properties": {}, "geometry": {"type": "LineString", "coordinates": [[11.0329583, 50.9977392], [11.0329803, 50.9973819]]}}, {"type": "Feature", "properties": {}, "geometry": {"type": "LineString", "coordinates": [[11.032046, 51.0012105], [11.031856, 51.0013151]]}}, {"type": "Feature", "properties": {}, "geometry": {"type": "LineString", "coordinates": [[11.032046, 51.0012105], [11.0320415, 51.0012129]]}}, {"type": "Feature", "properties": {}, "geometry": {"type": "LineString", "coordinates": [[11.0313718, 50.9969096], [11.0314149, 50.996768]]}}, {"type": "Feature", "properties": {}, "geometry": {"type": "LineString", "coordinates": [[11.0313718, 50.9969096], [11.0313828, 50.9969086]]}}, {"type": "Feature", "properties": {}, "geometry": {"type": "LineString", "coordinates": [[11.0313718, 50.9969096], [11.0313826, 50.9970139]]}}, {"type": "Feature", "properties": {}, "geometry": {"type": "LineString", "coordinates": [[11.0308921, 50.9973644], [11.0309035, 50.9972789]]}}, {"type": "Feature", "properties": {}, "geometry": {"type": "LineString", "coordinates": [[11.0337166, 50.9993842], [11.0337193, 50.9993903]]}}, {"type": "Feature", "properties": {}, "geometry": {"type": "LineString", "coordinates": [[11.03088, 50.9975372], [11.0309035, 50.9972789]]}}, {"type": "Feature", "properties": {}, "geometry": {"type": "LineString", "coordinates": [[11.0312592, 51.0005869], [11.0312677, 51.0005459]]}}, {"type": "Feature", "properties": {}, "geometry": {"type": "LineString", "coordinates": [[11.0312592, 51.0005869], [11.0312705, 51.0005951]]}}, {"type": "Feature", "properties": {}, "geometry": {"type": "LineString", "coordinates": [[11.0312592, 51.0005869], [11.031403, 51.0005775]]}}, {"type": "Feature", "properties": {}, "geometry": {"type": "LineString", "coordinates": [[11.0283507, 50.9978446], [11.02836, 50.9979029]]}}, {"type": "Feature", "properties": {}, "geometry": {"type": "LineString", "coordinates": [[11.0283507, 50.9978446], [11.0283755, 50.9977388]]}}, {"type": "Feature", "properties": {}, "geometry": {"type": "LineString", "coordinates": [[11.0283507, 50.9978446], [11.0280558, 50.9978579]]}}, {"type": "Feature", "properties": {}, "geometry": {"type": "LineString", "coordinates": [[11.0314263, 50.9994921], [11.0313927, 50.9994903]]}}, {"type": "Feature", "properties": {}, "geometry": {"type": "LineString", "coordinates": [[11.0314263, 50.9994921], [11.0315746, 50.9994947]]}}, {"type": "Feature", "properties": {}, "geometry": {"type": "LineString", "coordinates": [[11.0314263, 50.9994921], [11.0312063, 50.999456]]}}, {"type": "Feature", "properties": {}, "geometry": {"type": "LineString", "coordinates": [[11.0325245, 50.9985572], [11.0325342, 50.9985561]]}}, {"type": "Feature", "properties": {}, "geometry": {"type": "LineString", "coordinates": [[11.0281955, 50.9981587], [11.0282012, 50.9981562]]}}, {"type": "Feature", "properties": {}, "geometry": {"type": "LineString", "coordinates": [[11.0281955, 50.9981587], [11.0280059, 50.998158]]}}, {"type": "Feature", "properties": {}, "geometry": {"type": "LineString", "coordinates": [[11.0281955, 50.9981587], [11.0284006, 50.9981629]]}}, {"type": "Feature", "properties": {}, "geometry": {"type": "LineString", "coordinates": [[11.0311016, 51.0008973], [11.0310996, 51.0008945]]}}, {"type": "Feature", "properties": {}, "geometry": {"type": "LineString", "coordinates": [[11.0311016, 51.0008973], [11.0311615, 51.0007752]]}}, {"type": "Feature", "properties": {}, "geometry": {"type": "LineString", "coordinates": [[11.0311016, 51.0008973], [11.0310894, 51.0010134]]}}, {"type": "Feature", "properties": {}, "geometry": {"type": "LineString", "coordinates": [[11.029217, 50.9967749], [11.0292132, 50.9967852]]}}, {"type": "Feature", "properties": {}, "geometry": {"type": "LineString", "coordinates": [[11.029217, 50.9967749], [11.0293388, 50.9968531]]}}, {"type": "Feature", "properties": {}, "geometry": {"type": "LineString", "coordinates": [[11.029217, 50.9967749], [11.0292365, 50.9968657]]}}, {"type": "Feature", "properties": {}, "geometry": {"type": "LineString", "coordinates": [[11.0313972, 51.0005766], [11.0312689, 51.0004999]]}}, {"type": "Feature", "properties": {}, "geometry": {"type": "LineString", "coordinates": [[11.0313972, 51.0005766], [11.0312677, 51.0005459]]}}, {"type": "Feature", "properties": {}, "geometry": {"type": "LineString", "coordinates": [[11.0313972, 51.0005766], [11.031403, 51.0005775]]}}, {"type": "Feature", "properties": {}, "geometry": {"type": "LineString", "coordinates": [[11.0292897, 50.9998543], [11.0292841, 50.9997815]]}}, {"type": "Feature", "properties": {}, "geometry": {"type": "LineString", "coordinates": [[11.0292897, 50.9998543], [11.0292791, 50.9998866]]}}, {"type": "Feature", "properties": {}, "geometry": {"type": "LineString", "coordinates": [[11.0292897, 50.9998543], [11.0293517, 50.9998958]]}}, {"type": "Feature", "properties": {}, "geometry": {"type": "LineString", "coordinates": [[11.0312509, 50.9990702], [11.0312475, 50.9990623]]}}, {"type": "Feature", "properties": {}, "geometry": {"type": "LineString", "coordinates": [[11.0312509, 50.9990702], [11.0312554, 50.9991741]]}}, {"type": "Feature", "properties": {}, "geometry": {"type": "LineString", "coordinates": [[11.0312509, 50.9990702], [11.0312486, 50.9989249]]}}, {"type": "Feature", "properties": {}, "geometry": {"type": "LineString", "coordinates": [[11.0287953, 50.9996331], [11.0287957, 50.9996361]]}}, {"type": "Feature", "properties": {}, "geometry": {"type": "LineString", "coordinates": [[11.0287953, 50.9996331], [11.0286046, 50.9996295]]}}, {"type": "Feature", "properties": {}, "geometry": {"type": "LineString", "coordinates": [[11.0287953, 50.9996331], [11.0289883, 50.9996424]]}}, {"type": "Feature", "properties": {}, "geometry": {"type": "LineString", "coordinates": [[11.0316074, 50.9994975], [11.0315746, 50.9994947]]}}, {"type": "Feature", "properties": {}, "geometry": {"type": "LineString", "coordinates": [[11.0316074, 50.9994975], [11.0313927, 50.9994903]]}}, {"type": "Feature", "properties": {}, "geometry": {"type": "LineString", "coordinates": [[11.0316681, 51.0012673], [11.0315203, 51.0012097]]}}, {"type": "Feature", "properties": {}, "geometry": {"type": "LineString", "coordinates": [[11.0316681, 51.0012673], [11.0316673, 51.0012673]]}}, {"type": "Feature", "properties": {}, "geometry": {"type": "LineString", "coordinates": [[11.0316681, 51.0012673], [11.031856, 51.0013151]]}}, {"type": "Feature", "properties": {}, "geometry": {"type": "LineString", "coordinates": [[11.0314648, 51.0007744], [11.0314637, 51.0007777]]}}, {"type": "Feature", "properties": {}, "geometry": {"type": "LineString", "coordinates": [[11.0314648, 51.0007744], [11.0316402, 51.000783]]}}, {"type": "Feature", "properties": {}, "geometry": {"type": "LineString", "coordinates": [[11.0313268, 50.9982449], [11.0312988, 50.9982324]]}}, {"type": "Feature", "properties": {}, "geometry": {"type": "LineString", "coordinates": [[11.0313268, 50.9982449], [11.0315689, 50.9982611]]}}, {"type": "Feature", "properties": {}, "geometry": {"type": "LineString", "coordinates": [[11.0313268, 50.9982449], [11.0312816, 50.9980733]]}}, {"type": "Feature", "properties": {}, "geometry": {"type": "LineString", "coordinates": [[11.0296383, 50.9984767], [11.029633, 50.9984792]]}}, {"type": "Feature", "properties": {}, "geometry": {"type": "LineString", "coordinates": [[11.0296383, 50.9984767], [11.0296517, 50.9986508]]}}, {"type": "Feature", "properties": {}, "geometry": {"type": "LineString", "coordinates": [[11.0296383, 50.9984767], [11.0294236, 50.9984665]]}}, {"type": "Feature", "properties": {}, "geometry": {"type": "LineString", "coordinates": [[11.0298856, 50.9998909], [11.0298901, 50.9998903]]}}, {"type": "Feature", "properties": {}, "geometry": {"type": "LineString", "coordinates": [[11.0298856, 50.9998909], [11.0299081, 50.9997148]]}}, {"type": "Feature", "properties": {}, "geometry": {"type": "LineString", "coordinates": [[11.0292423, 50.9984575], [11.0292313, 50.9984625]]}}, {"type": "Feature", "properties": {}, "geometry": {"type": "LineString", "coordinates": [[11.0292423, 50.9984575], [11.0294236, 50.9984665]]}}, {"type": "Feature", "properties": {}, "geometry": {"type": "LineString", "coordinates": [[11.0292423, 50.9984575], [11.0290322, 50.9984581]]}}, {"type": "Feature", "properties": {}, "geometry": {"type": "LineString", "coordinates": [[11.0304328, 50.9993244], [11.0304286, 50.9993165]]}}, {"type": "Feature", "properties": {}, "geometry": {"type": "LineString", "coordinates": [[11.0304328, 50.9993244], [11.0304206, 50.9994604]]}}, {"type": "Feature", "properties": {}, "geometry": {"type": "LineString", "coordinates": [[11.0296033, 50.999207], [11.0296119, 50.9990161]]}}, {"type": "Feature", "properties": {}, "geometry": {"type": "LineString", "coordinates": [[11.0296033, 50.999207], [11.0296116, 50.999205]]}}, {"type": "Feature", "properties": {}, "geometry": {"type": "LineString", "coordinates": [[11.0296033, 50.999207], [11.0296044, 50.9993097]]}}, {"type": "Feature", "properties": {}, "geometry": {"type": "LineString", "coordinates": [[11.0300921, 50.9996728], [11.0300942, 50.9996755]]}}, {"type": "Feature", "properties": {}, "geometry": {"type": "LineString", "coordinates": [[11.0300921, 50.9996728], [11.0299081, 50.9997148]]}}, {"type": "Feature", "properties": {}, "geometry": {"type": "LineString", "coordinates": [[11.0300921, 50.9996728], [11.0302676, 50.9996696]]}}, {"type": "Feature", "properties": {}, "geometry": {"type": "LineString", "coordinates": [[11.0315209, 50.9999274], [11.0315194, 50.9998829]]}}, {"type": "Feature", "properties": {}, "geometry": {"type": "LineString", "coordinates": [[11.0315209, 50.9999274], [11.0315263, 50.9999315]]}}, {"type": "Feature", "properties": {}, "geometry": {"type": "LineString", "coordinates": [[11.031598, 51.0000629], [11.031447, 50.9999991]]}}, {"type": "Feature", "properties": {}, "geometry": {"type": "LineString", "coordinates": [[11.031598, 51.0000629], [11.0316063, 51.000037]]}}, {"type": "Feature", "properties": {}, "geometry": {"type": "LineString", "coordinates": [[11.031598, 51.0000629], [11.0314506, 51.0000562]]}}, {"type": "Feature", "properties": {}, "geometry": {"type": "LineString", "coordinates": [[11.0312645, 51.0005102], [11.0312747, 51.0004288]]}}, {"type": "Feature", "properties": {}, "geometry": {"type": "LineString", "coordinates": [[11.0312645, 51.0005102], [11.0312689, 51.0004999]]}}, {"type": "Feature", "properties": {}, "geometry": {"type": "LineString", "coordinates": [[11.0312645, 51.0005102], [11.0312677, 51.0005459]]}}, {"type": "Feature", "properties": {}, "geometry": {"type": "LineString", "coordinates": [[11.0301563, 50.9971746], [11.0301656, 50.9970944]]}}, {"type": "Feature", "properties": {}, "geometry": {"type": "LineString", "coordinates": [[11.0301662, 50.9970382], [11.0301656, 50.9970944]]}}, {"type": "Feature", "properties": {}, "geometry": {"type": "LineString", "coordinates": [[11.0316714, 51.0004141], [11.0316705, 51.0004151]]}}, {"type": "Feature", "properties": {}, "geometry": {"type": "LineString", "coordinates": [[11.0314894, 51.0004159], [11.0314922, 51.0004173]]}}, {"type": "Feature", "properties": {}, "geometry": {"type": "LineString", "coordinates": [[11.0327852, 51.0003282], [11.0327862, 51.0003222]]}}, {"type": "Feature", "properties": {}, "geometry": {"type": "LineString", "coordinates": [[11.0315157, 50.9998756], [11.0315194, 50.9998829]]}}, {"type": "Feature", "properties": {}, "geometry": {"type": "LineString", "coordinates": [[11.0315157, 50.9998756], [11.0315263, 50.9999315]]}}, {"type": "Feature", "properties": {}, "geometry": {"type": "LineString", "coordinates": [[11.0289008, 50.9994057], [11.028903, 50.9994036]]}}, {"type": "Feature", "properties": {}, "geometry": {"type": "LineString", "coordinates": [[11.0289008, 50.9994057], [11.0291025, 50.9994073]]}}, {"type": "Feature", "properties": {}, "geometry": {"type": "LineString", "coordinates": [[11.02959, 50.9996527], [11.029587, 50.9996541]]}}, {"type": "Feature", "properties": {}, "geometry": {"type": "LineString", "coordinates": [[11.02959, 50.9996527], [11.0294148, 50.9996486]]}}, {"type": "Feature", "properties": {}, "geometry": {"type": "LineString", "coordinates": [[11.0301463, 50.9973151], [11.0301656, 50.9970944]]}}, {"type": "Feature", "properties": {}, "geometry": {"type": "LineString", "coordinates": [[11.0301463, 50.9973151], [11.030128, 50.997796]]}}, {"type": "Feature", "properties": {}, "geometry": {"type": "LineString", "coordinates": [[11.030128, 50.9976601], [11.030128, 50.997796]]}}, {"type": "Feature", "properties": {}, "geometry": {"type": "LineString", "coordinates": [[11.0316152, 50.99973], [11.0314921, 50.9997278]]}}, {"type": "Feature", "properties": {}, "geometry": {"type": "LineString", "coordinates": [[11.0316152, 50.99973], [11.0316213, 50.9997292]]}}, {"type": "Feature", "properties": {}, "geometry": {"type": "LineString", "coordinates": [[11.0316864, 50.9991437], [11.0316913, 50.9991421]]}}, {"type": "Feature", "properties": {}, "geometry": {"type": "LineString", "coordinates": [[11.0316864, 50.9991437], [11.0316807, 50.9992741]]}}, {"type": "Feature", "properties": {}, "geometry": {"type": "LineString", "coordinates": [[11.0345602, 50.9991522], [11.034564, 50.9991537]]}}, {"type": "Feature", "properties": {}, "geometry": {"type": "LineString", "coordinates": [[11.0281775, 50.9990264], [11.0281819, 50.999027]]}}, {"type": "Feature", "properties": {}, "geometry": {"type": "LineString", "coordinates": [[11.0281775, 50.9990264], [11.0281275, 50.9990822]]}}, {"type": "Feature", "properties": {}, "geometry": {"type": "LineString", "coordinates": [[11.0279572, 50.9988863], [11.0278575, 50.9988686]]}}, {"type": "Feature", "properties": {}, "geometry": {"type": "LineString", "coordinates": [[11.0317007, 50.9985227], [11.0317294, 50.9984524]]}}, {"type": "Feature", "properties": {}, "geometry": {"type": "LineString", "coordinates": [[11.0317007, 50.9985227], [11.0316955, 50.9985378]]}}, {"type": "Feature", "properties": {}, "geometry": {"type": "LineString", "coordinates": [[11.0274872, 50.9989787], [11.0275782, 50.9989843]]}}, {"type": "Feature", "properties": {}, "geometry": {"type": "LineString", "coordinates": [[11.029938, 50.9993576], [11.0299445, 50.9993541]]}}, {"type": "Feature", "properties": {}, "geometry": {"type": "LineString", "coordinates": [[11.026173, 50.9954748], [11.0261284, 50.9953456]]}}, {"type": "Feature", "properties": {}, "geometry": {"type": "LineString", "coordinates": [[11.026173, 50.9954748], [11.026341, 50.9954237]]}}, {"type": "Feature", "properties": {}, "geometry": {"type": "LineString", "coordinates": [[11.026173, 50.9954748], [11.026177, 50.9954762]]}}, {"type": "Feature", "properties": {}, "geometry": {"type": "LineString", "coordinates": [[11.0266553, 50.9965051], [11.0265599, 50.9965352]]}}, {"type": "Feature", "properties": {}, "geometry": {"type": "LineString", "coordinates": [[11.0302706, 50.9941602], [11.0302702, 50.9941614]]}}, {"type": "Feature", "properties": {}, "geometry": {"type": "LineString", "coordinates": [[11.0258714, 50.9935309], [11.0258708, 50.9935311]]}}, {"type": "Feature", "properties": {}, "geometry": {"type": "LineString", "coordinates": [[11.0258714, 50.9935309], [11.0258913, 50.9936678]]}}, {"type": "Feature", "properties": {}, "geometry": {"type": "LineString", "coordinates": [[11.0258714, 50.9935309], [11.0258534, 50.9934101]]}}, {"type": "Feature", "properties": {}, "geometry": {"type": "LineString", "coordinates": [[11.0260507, 50.9948147], [11.0260506, 50.9948148]]}}, {"type": "Feature", "properties": {}, "geometry": {"type": "LineString", "coordinates": [[11.0260507, 50.9948147], [11.0260801, 50.9949444]]}}, {"type": "Feature", "properties": {}, "geometry": {"type": "LineString", "coordinates": [[11.0260507, 50.9948147], [11.0260329, 50.99468]]}}, {"type": "Feature", "properties": {}, "geometry": {"type": "LineString", "coordinates": [[11.025844, 50.9932045], [11.025844, 50.9932049]]}}, {"type": "Feature", "properties": {}, "geometry": {"type": "LineString", "coordinates": [[11.025844, 50.9932045], [11.0258411, 50.993313]]}}, {"type": "Feature", "properties": {}, "geometry": {"type": "LineString", "coordinates": [[11.031035, 50.9942525], [11.0310475, 50.9944318]]}}, {"type": "Feature", "properties": {}, "geometry": {"type": "LineString", "coordinates": [[11.0325766, 50.9970292], [11.0325797, 50.9970351]]}}, {"type": "Feature", "properties": {}, "geometry": {"type": "LineString", "coordinates": [[11.0325766, 50.9970292], [11.0328005, 50.9970872]]}}, {"type": "Feature", "properties": {}, "geometry": {"type": "LineString", "coordinates": [[11.0293387, 50.9979692], [11.029347, 50.9980088]]}}, {"type": "Feature", "properties": {}, "geometry": {"type": "LineString", "coordinates": [[11.0285103, 50.9958414], [11.0285125, 50.9958421]]}}, {"type": "Feature", "properties": {}, "geometry": {"type": "LineString", "coordinates": [[11.0285177, 50.9963108], [11.0285196, 50.9963126]]}}, {"type": "Feature", "properties": {}, "geometry": {"type": "LineString", "coordinates": [[11.027339, 50.9948188], [11.0275286, 50.994822]]}}, {"type": "Feature", "properties": {}, "geometry": {"type": "LineString", "coordinates": [[11.0261027, 50.9951864], [11.0261044, 50.9951869]]}}, {"type": "Feature", "properties": {}, "geometry": {"type": "LineString", "coordinates": [[11.0261027, 50.9951864], [11.0261284, 50.9953456]]}}, {"type": "Feature", "properties": {}, "geometry": {"type": "LineString", "coordinates": [[11.0261027, 50.9951864], [11.0263101, 50.9951571]]}}, {"type": "Feature", "properties": {}, "geometry": {"type": "LineString", "coordinates": [[11.0294362, 50.9947518], [11.0297051, 50.994456]]}}, {"type": "Feature", "properties": {}, "geometry": {"type": "LineString", "coordinates": [[11.0294251, 50.9945551], [11.0297051, 50.994456]]}}, {"type": "Feature", "properties": {}, "geometry": {"type": "LineString", "coordinates": [[11.0259303, 50.9939346], [11.0259318, 50.9939354]]}}, {"type": "Feature", "properties": {}, "geometry": {"type": "LineString", "coordinates": [[11.0259303, 50.9939346], [11.0259473, 50.9940667]]}}, {"type": "Feature", "properties": {}, "geometry": {"type": "LineString", "coordinates": [[11.0259303, 50.9939346], [11.0259112, 50.993802]]}}, {"type": "Feature", "properties": {}, "geometry": {"type": "LineString", "coordinates": [[11.0262512, 50.9957375], [11.0262134, 50.9956099]]}}, {"type": "Feature", "properties": {}, "geometry": {"type": "LineString", "coordinates": [[11.0262512, 50.9957375], [11.0262521, 50.9957369]]}}, {"type": "Feature", "properties": {}, "geometry": {"type": "LineString", "coordinates": [[11.0262512, 50.9957375], [11.026286, 50.9958492]]}}, {"type": "Feature", "properties": {}, "geometry": {"type": "LineString", "coordinates": [[11.0260795, 50.9949478], [11.0260801, 50.9949444]]}}, {"type": "Feature", "properties": {}, "geometry": {"type": "LineString", "coordinates": [[11.0260795, 50.9949478], [11.026259, 50.9949652]]}}, {"type": "Feature", "properties": {}, "geometry": {"type": "LineString", "coordinates": [[11.0260795, 50.9949478], [11.0260506, 50.9948148]]}}, {"type": "Feature", "properties": {}, "geometry": {"type": "LineString", "coordinates": [[11.0265383, 50.9965334], [11.0265599, 50.9965352]]}}, {"type": "Feature", "properties": {}, "geometry": {"type": "LineString", "coordinates": [[11.0273155, 50.9949866], [11.0275286, 50.994822]]}}, {"type": "Feature", "properties": {}, "geometry": {"type": "LineString", "coordinates": [[11.0274358, 50.9942406], [11.0274377, 50.9942399]]}}, {"type": "Feature", "properties": {}, "geometry": {"type": "LineString", "coordinates": [[11.0310588, 50.9944982], [11.0310475, 50.9944318]]}}, {"type": "Feature", "properties": {}, "geometry": {"type": "LineString", "coordinates": [[11.0300972, 50.9937941], [11.0300999, 50.9937129]]}}, {"type": "Feature", "properties": {}, "geometry": {"type": "LineString", "coordinates": [[11.0260377, 50.9922947], [11.0259831, 50.9923473]]}}, {"type": "Feature", "properties": {}, "geometry": {"type": "LineString", "coordinates": [[11.0319061, 50.9953577], [11.0319046, 50.9953558]]}}, {"type": "Feature", "properties": {}, "geometry": {"type": "LineString", "coordinates": [[11.0262572, 50.9949681], [11.0260801, 50.9949444]]}}, {"type": "Feature", "properties": {}, "geometry": {"type": "LineString", "coordinates": [[11.0262572, 50.9949681], [11.026259, 50.9949652]]}}, {"type": "Feature", "properties": {}, "geometry": {"type": "LineString", "coordinates": [[11.0262572, 50.9949681], [11.0260506, 50.9948148]]}}, {"type": "Feature", "properties": {}, "geometry": {"type": "LineString", "coordinates": [[11.0263793, 50.9920275], [11.0265653, 50.9919898]]}}, {"type": "Feature", "properties": {}, "geometry": {"type": "LineString", "coordinates": [[11.0263793, 50.9920275], [11.0263786, 50.9920331]]}}, {"type": "Feature", "properties": {}, "geometry": {"type": "LineString", "coordinates": [[11.0263793, 50.9920275], [11.0261176, 50.9918691]]}}, {"type": "Feature", "properties": {}, "geometry": {"type": "LineString", "coordinates": [[11.0265593, 50.9958834], [11.0265535, 50.9958527]]}}, {"type": "Feature", "properties": {}, "geometry": {"type": "LineString", "coordinates": [[11.0265593, 50.9958834], [11.0266319, 50.9959087]]}}, {"type": "Feature", "properties": {}, "geometry": {"type": "LineString", "coordinates": [[11.0303274, 50.9930929], [11.0303196, 50.9930984]]}}, {"type": "Feature", "properties": {}, "geometry": {"type": "LineString", "coordinates": [[11.0258426, 50.9933129], [11.025844, 50.9932049]]}}, {"type": "Feature", "properties": {}, "geometry": {"type": "LineString", "coordinates": [[11.0258426, 50.9933129], [11.0258411, 50.993313]]}}, {"type": "Feature", "properties": {}, "geometry": {"type": "LineString", "coordinates": [[11.0258426, 50.9933129], [11.0258534, 50.9934101]]}}, {"type": "Feature", "properties": {}, "geometry": {"type": "LineString", "coordinates": [[11.0264501, 50.9963645], [11.0264048, 50.9962259]]}}, {"type": "Feature", "properties": {}, "geometry": {"type": "LineString", "coordinates": [[11.0264501, 50.9963645], [11.0266471, 50.996302]]}}, {"type": "Feature", "properties": {}, "geometry": {"type": "LineString", "coordinates": [[11.0264501, 50.9963645], [11.0264491, 50.9963673]]}}, {"type": "Feature", "properties": {}, "geometry": {"type": "LineString", "coordinates": [[11.0264035, 50.9962253], [11.0264048, 50.9962259]]}}, {"type": "Feature", "properties": {}, "geometry": {"type": "LineString", "coordinates": [[11.0264035, 50.9962253], [11.0263684, 50.9960943]]}}, {"type": "Feature", "properties": {}, "geometry": {"type": "LineString", "coordinates": [[11.0264035, 50.9962253], [11.0266476, 50.9961456]]}}, {"type": "Feature", "properties": {}, "geometry": {"type": "LineString", "coordinates": [[11.0266435, 50.9961412], [11.0266407, 50.9961008]]}}, {"type": "Feature", "properties": {}, "geometry": {"type": "LineString", "coordinates": [[11.0266435, 50.9961412], [11.0266476, 50.9961456]]}}, {"type": "Feature", "properties": {}, "geometry": {"type": "LineString", "coordinates": [[11.0266435, 50.9961412], [11.0264048, 50.9962259]]}}, {"type": "Feature", "properties": {}, "geometry": {"type": "LineString", "coordinates": [[11.02646, 50.9951438], [11.0264658, 50.9951464]]}}, {"type": "Feature", "properties": {}, "geometry": {"type": "LineString", "coordinates": [[11.02646, 50.9951438], [11.0263101, 50.9951571]]}}, {"type": "Feature", "properties": {}, "geometry": {"type": "LineString", "coordinates": [[11.02646, 50.9951438], [11.0265388, 50.9952585]]}}, {"type": "Feature", "properties": {}, "geometry": {"type": "LineString", "coordinates": [[11.0315978, 50.9939798], [11.0316052, 50.9940042]]}}, {"type": "Feature", "properties": {}, "geometry": {"type": "LineString", "coordinates": [[11.0261817, 50.9931931], [11.0261852, 50.9931961]]}}, {"type": "Feature", "properties": {}, "geometry": {"type": "LineString", "coordinates": [[11.0261817, 50.9931931], [11.0263385, 50.9933627]]}}, {"type": "Feature", "properties": {}, "geometry": {"type": "LineString", "coordinates": [[11.0218292, 50.9957536], [11.0218284, 50.9957575]]}}, {"type": "Feature", "properties": {}, "geometry": {"type": "LineString", "coordinates": [[11.0266682, 50.9962494], [11.0266728, 50.9962518]]}}, {"type": "Feature", "properties": {}, "geometry": {"type": "LineString", "coordinates": [[11.0266682, 50.9962494], [11.0266471, 50.996302]]}}, {"type": "Feature", "properties": {}, "geometry": {"type": "LineString", "coordinates": [[11.0266682, 50.9962494], [11.0264048, 50.9962259]]}}, {"type": "Feature", "properties": {}, "geometry": {"type": "LineString", "coordinates": [[11.0267461, 50.9962163], [11.0266728, 50.9962518]]}}, {"type": "Feature", "properties": {}, "geometry": {"type": "LineString", "coordinates": [[11.0267461, 50.9962163], [11.0266471, 50.996302]]}}, {"type": "Feature", "properties": {}, "geometry": {"type": "LineString", "coordinates": [[11.0267461, 50.9962163], [11.0266476, 50.9961456]]}}, {"type": "Feature", "properties": {}, "geometry": {"type": "LineString", "coordinates": [[11.0262252, 50.9941409], [11.0262295, 50.9941406]]}}, {"type": "Feature", "properties": {}, "geometry": {"type": "LineString", "coordinates": [[11.0209035, 50.9969439], [11.0208977, 50.9969401]]}}, {"type": "Feature", "properties": {}, "geometry": {"type": "LineString", "coordinates": [[11.0209035, 50.9969439], [11.0209958, 50.9969588]]}}, {"type": "Feature", "properties": {}, "geometry": {"type": "LineString", "coordinates": [[11.0209035, 50.9969439], [11.0208049, 50.9969229]]}}, {"type": "Feature", "properties": {}, "geometry": {"type": "LineString", "coordinates": [[11.0206156, 50.9968902], [11.0206086, 50.9968855]]}}, {"type": "Feature", "properties": {}, "geometry": {"type": "LineString", "coordinates": [[11.0206156, 50.9968902], [11.0207068, 50.9969042]]}}, {"type": "Feature", "properties": {}, "geometry": {"type": "LineString", "coordinates": [[11.0206156, 50.9968902], [11.0208049, 50.9969229]]}}, {"type": "Feature", "properties": {}, "geometry": {"type": "LineString", "coordinates": [[11.0209989, 50.9969617], [11.0209958, 50.9969588]]}}, {"type": "Feature", "properties": {}, "geometry": {"type": "LineString", "coordinates": [[11.0209989, 50.9969617], [11.0208977, 50.9969401]]}}, {"type": "Feature", "properties": {}, "geometry": {"type": "LineString", "coordinates": [[11.0203962, 50.9951408], [11.0205445, 50.9950773]]}}, {"type": "Feature", "properties": {}, "geometry": {"type": "LineString", "coordinates": [[11.0203962, 50.9951408], [11.0202917, 50.9952126]]}}, {"type": "Feature", "properties": {}, "geometry": {"type": "LineString", "coordinates": [[11.0200218, 50.995684], [11.0202597, 50.9957316]]}}, {"type": "Feature", "properties": {}, "geometry": {"type": "LineString", "coordinates": [[11.0201198, 50.9957028], [11.0202597, 50.9957316]]}}, {"type": "Feature", "properties": {}, "geometry": {"type": "LineString", "coordinates": [[11.0203997, 50.9966478], [11.020404, 50.9966128]]}}, {"type": "Feature", "properties": {}, "geometry": {"type": "LineString", "coordinates": [[11.0203997, 50.9966478], [11.0203536, 50.9967029]]}}, {"type": "Feature", "properties": {}, "geometry": {"type": "LineString", "coordinates": [[11.0213511, 50.9956095], [11.0214296, 50.9956406]]}}, {"type": "Feature", "properties": {}, "geometry": {"type": "LineString", "coordinates": [[11.0213511, 50.9956095], [11.0213978, 50.9954338]]}}, {"type": "Feature", "properties": {}, "geometry": {"type": "LineString", "coordinates": [[11.0215804, 50.9929776], [11.0215743, 50.9929032]]}}, {"type": "Feature", "properties": {}, "geometry": {"type": "LineString", "coordinates": [[11.0203489, 50.9961166], [11.0203295, 50.9961035]]}}, {"type": "Feature", "properties": {}, "geometry": {"type": "LineString", "coordinates": [[11.0203489, 50.9961166], [11.0202966, 50.9961708]]}}, {"type": "Feature", "properties": {}, "geometry": {"type": "LineString", "coordinates": [[11.0202913, 50.9962357], [11.0202966, 50.9961708]]}}, {"type": "Feature", "properties": {}, "geometry": {"type": "LineString", "coordinates": [[11.0202913, 50.9962357], [11.0202797, 50.9962374]]}}, {"type": "Feature", "properties": {}, "geometry": {"type": "LineString", "coordinates": [[11.0202913, 50.9962357], [11.0202496, 50.996299]]}}, {"type": "Feature", "properties": {}, "geometry": {"type": "LineString", "coordinates": [[11.0212969, 50.9965126], [11.0213386, 50.9964408]]}}, {"type": "Feature", "properties": {}, "geometry": {"type": "LineString", "coordinates": [[11.0212969, 50.9965126], [11.0209711, 50.996662]]}}, {"type": "Feature", "properties": {}, "geometry": {"type": "LineString", "coordinates": [[11.0214779, 50.9948393], [11.0215505, 50.9948844]]}}, {"type": "Feature", "properties": {}, "geometry": {"type": "LineString", "coordinates": [[11.0203102, 50.9957401], [11.0202597, 50.9957316]]}}, {"type": "Feature", "properties": {}, "geometry": {"type": "LineString", "coordinates": [[11.0204038, 50.9957586], [11.0202597, 50.9957316]]}}, {"type": "Feature", "properties": {}, "geometry": {"type": "LineString", "coordinates": [[11.0211713, 50.9946711], [11.0211739, 50.994674]]}}, {"type": "Feature", "properties": {}, "geometry": {"type": "LineString", "coordinates": [[11.0205001, 50.9957776], [11.0202597, 50.9957316]]}}, {"type": "Feature", "properties": {}, "geometry": {"type": "LineString", "coordinates": [[11.0220177, 50.9955171], [11.0219997, 50.995461]]}}, {"type": "Feature", "properties": {}, "geometry": {"type": "LineString", "coordinates": [[11.020006, 50.9978899], [11.0200043, 50.9978886]]}}, {"type": "Feature", "properties": {}, "geometry": {"type": "LineString", "coordinates": [[11.0207652, 50.9918555], [11.0207557, 50.9918478]]}}, {"type": "Feature", "properties": {}, "geometry": {"type": "LineString", "coordinates": [[11.0207652, 50.9918555], [11.0209152, 50.9920822]]}}, {"type": "Feature", "properties": {}, "geometry": {"type": "LineString", "coordinates": [[11.0207652, 50.9918555], [11.0210379, 50.9917756]]}}, {"type": "Feature", "properties": {}, "geometry": {"type": "LineString", "coordinates": [[11.0215239, 50.9953888], [11.0213978, 50.9954338]]}}, {"type": "Feature", "properties": {}, "geometry": {"type": "LineString", "coordinates": [[11.0215239, 50.9953888], [11.0214296, 50.9956406]]}}, {"type": "Feature", "properties": {}, "geometry": {"type": "LineString", "coordinates": [[11.0213133, 50.9954556], [11.0213978, 50.9954338]]}}, {"type": "Feature", "properties": {}, "geometry": {"type": "LineString", "coordinates": [[11.0213133, 50.9954556], [11.0214296, 50.9956406]]}}, {"type": "Feature", "properties": {}, "geometry": {"type": "LineString", "coordinates": [[11.0212788, 50.9924479], [11.0212674, 50.992448]]}}, {"type": "Feature", "properties": {}, "geometry": {"type": "LineString", "coordinates": [[11.020147, 50.9965355], [11.0201709, 50.9964676]]}}, {"type": "Feature", "properties": {}, "geometry": {"type": "LineString", "coordinates": [[11.020147, 50.9965355], [11.0201394, 50.9965306]]}}, {"type": "Feature", "properties": {}, "geometry": {"type": "LineString", "coordinates": [[11.020147, 50.9965355], [11.0201095, 50.9965906]]}}, {"type": "Feature", "properties": {}, "geometry": {"type": "LineString", "coordinates": [[11.0201184, 50.9965958], [11.0201095, 50.9965906]]}}, {"type": "Feature", "properties": {}, "geometry": {"type": "LineString", "coordinates": [[11.0201184, 50.9965958], [11.0200647, 50.9966806]]}}, {"type": "Feature", "properties": {}, "geometry": {"type": "LineString", "coordinates": [[11.0201184, 50.9965958], [11.0201394, 50.9965306]]}}, {"type": "Feature", "properties": {}, "geometry": {"type": "LineString", "coordinates": [[11.0200893, 50.9966574], [11.0201095, 50.9965906]]}}, {"type": "Feature", "properties": {}, "geometry": {"type": "LineString", "coordinates": [[11.0200893, 50.9966574], [11.0200647, 50.9966806]]}}, {"type": "Feature", "properties": {}, "geometry": {"type": "LineString", "coordinates": [[11.0200893, 50.9966574], [11.0200141, 50.9967722]]}}, {"type": "Feature", "properties": {}, "geometry": {"type": "LineString", "coordinates": [[11.0202618, 50.9962969], [11.0202797, 50.9962374]]}}, {"type": "Feature", "properties": {}, "geometry": {"type": "LineString", "coordinates": [[11.0202618, 50.9962969], [11.0202496, 50.996299]]}}, {"type": "Feature", "properties": {}, "geometry": {"type": "LineString", "coordinates": [[11.0202618, 50.9962969], [11.0202966, 50.9961708]]}}, {"type": "Feature", "properties": {}, "geometry": {"type": "LineString", "coordinates": [[11.0208961, 50.9958935], [11.0208746, 50.995768]]}}, {"type": "Feature", "properties": {}, "geometry": {"type": "LineString", "coordinates": [[11.0211189, 50.9959655], [11.0211431, 50.9959178]]}}, {"type": "Feature", "properties": {}, "geometry": {"type": "LineString", "coordinates": [[11.0205476, 50.996867], [11.0206086, 50.9968855]]}}, {"type": "Feature", "properties": {}, "geometry": {"type": "LineString", "coordinates": [[11.0205476, 50.996867], [11.0207068, 50.9969042]]}}, {"type": "Feature", "properties": {}, "geometry": {"type": "LineString", "coordinates": [[11.0200853, 50.9964588], [11.0201709, 50.9964676]]}}, {"type": "Feature", "properties": {}, "geometry": {"type": "LineString", "coordinates": [[11.0200853, 50.9964588], [11.0201394, 50.9965306]]}}, {"type": "Feature", "properties": {}, "geometry": {"type": "LineString", "coordinates": [[11.0200853, 50.9964588], [11.0201095, 50.9965906]]}}, {"type": "Feature", "properties": {}, "geometry": {"type": "LineString", "coordinates": [[11.0210781, 50.9922335], [11.0212674, 50.992448]]}}, {"type": "Feature", "properties": {}, "geometry": {"type": "LineString", "coordinates": [[11.0199934, 50.9976994], [11.0199934, 50.9976985]]}}, {"type": "Feature", "properties": {}, "geometry": {"type": "LineString", "coordinates": [[11.0217361, 50.9967859], [11.0217379, 50.9967855]]}}, {"type": "Feature", "properties": {}, "geometry": {"type": "LineString", "coordinates": [[11.0210862, 50.9919917], [11.0211494, 50.9919913]]}}, {"type": "Feature", "properties": {}, "geometry": {"type": "LineString", "coordinates": [[11.0238375, 50.9940463], [11.0238226, 50.9939312]]}}, {"type": "Feature", "properties": {}, "geometry": {"type": "LineString", "coordinates": [[11.0238375, 50.9940463], [11.0238409, 50.9940471]]}}, {"type": "Feature", "properties": {}, "geometry": {"type": "LineString", "coordinates": [[11.0251314, 50.994519], [11.0251366, 50.9945193]]}}, {"type": "Feature", "properties": {}, "geometry": {"type": "LineString", "coordinates": [[11.0246211, 50.9943968], [11.0246227, 50.9943959]]}}, {"type": "Feature", "properties": {}, "geometry": {"type": "LineString", "coordinates": [[11.0249637, 50.994241], [11.0249668, 50.9942424]]}}, {"type": "Feature", "properties": {}, "geometry": {"type": "LineString", "coordinates": [[11.0249637, 50.994241], [11.0250885, 50.9943864]]}}, {"type": "Feature", "properties": {}, "geometry": {"type": "LineString", "coordinates": [[11.0249637, 50.994241], [11.0251432, 50.9942317]]}}, {"type": "Feature", "properties": {}, "geometry": {"type": "LineString", "coordinates": [[11.0238196, 50.9939313], [11.0238226, 50.9939312]]}}, {"type": "Feature", "properties": {}, "geometry": {"type": "LineString", "coordinates": [[11.0238196, 50.9939313], [11.0238409, 50.9940471]]}}, {"type": "Feature", "properties": {}, "geometry": {"type": "LineString", "coordinates": [[11.0238196, 50.9939313], [11.0238101, 50.9938323]]}}, {"type": "Feature", "properties": {}, "geometry": {"type": "LineString", "coordinates": [[11.0237716, 50.9936299], [11.0237663, 50.9935267]]}}, {"type": "Feature", "properties": {}, "geometry": {"type": "LineString", "coordinates": [[11.0237716, 50.9936299], [11.0237817, 50.9936298]]}}, {"type": "Feature", "properties": {}, "geometry": {"type": "LineString", "coordinates": [[11.0237716, 50.9936299], [11.0237964, 50.9937322]]}}, {"type": "Feature", "properties": {}, "geometry": {"type": "LineString", "coordinates": [[11.024245, 50.9933648], [11.0242445, 50.99334]]}}, {"type": "Feature", "properties": {}, "geometry": {"type": "LineString", "coordinates": [[11.024245, 50.9933648], [11.0242589, 50.9934071]]}}, {"type": "Feature", "properties": {}, "geometry": {"type": "LineString", "coordinates": [[11.024245, 50.9933648], [11.0243259, 50.993422]]}}, {"type": "Feature", "properties": {}, "geometry": {"type": "LineString", "coordinates": [[11.0237866, 50.9933286], [11.0237274, 50.9932802]]}}, {"type": "Feature", "properties": {}, "geometry": {"type": "LineString", "coordinates": [[11.0237866, 50.9933286], [11.0238952, 50.9933821]]}}, {"type": "Feature", "properties": {}, "geometry": {"type": "LineString", "coordinates": [[11.0237866, 50.9933286], [11.0237508, 50.9934197]]}}, {"type": "Feature", "properties": {}, "geometry": {"type": "LineString", "coordinates": [[11.0250708, 50.9933156], [11.0249798, 50.9933203]]}}, {"type": "Feature", "properties": {}, "geometry": {"type": "LineString", "coordinates": [[11.0250708, 50.9933156], [11.0251893, 50.9933514]]}}, {"type": "Feature", "properties": {}, "geometry": {"type": "LineString", "coordinates": [[11.0250708, 50.9933156], [11.0250106, 50.9932274]]}}, {"type": "Feature", "properties": {}, "geometry": {"type": "LineString", "coordinates": [[11.0246995, 50.9932885], [11.0246723, 50.9932321]]}}, {"type": "Feature", "properties": {}, "geometry": {"type": "LineString", "coordinates": [[11.0246995, 50.9932885], [11.0248418, 50.9933311]]}}, {"type": "Feature", "properties": {}, "geometry": {"type": "LineString", "coordinates": [[11.0246995, 50.9932885], [11.0250106, 50.9932274]]}}, {"type": "Feature", "properties": {}, "geometry": {"type": "LineString", "coordinates": [[11.0250095, 50.9932258], [11.0246723, 50.9932321]]}}, {"type": "Feature", "properties": {}, "geometry": {"type": "LineString", "coordinates": [[11.0250095, 50.9932258], [11.0250106, 50.9932274]]}}, {"type": "Feature", "properties": {}, "geometry": {"type": "LineString", "coordinates": [[11.0250095, 50.9932258], [11.0251893, 50.9933514]]}}, {"type": "Feature", "properties": {}, "geometry": {"type": "LineString", "coordinates": [[11.0224903, 50.9949403], [11.0222173, 50.9948816]]}}, {"type": "Feature", "properties": {}, "geometry": {"type": "LineString", "coordinates": [[11.0224903, 50.9949403], [11.0225852, 50.9949695]]}}, {"type": "Feature", "properties": {}, "geometry": {"type": "LineString", "coordinates": [[11.0237544, 50.9935238], [11.0237508, 50.9934197]]}}, {"type": "Feature", "properties": {}, "geometry": {"type": "LineString", "coordinates": [[11.0237544, 50.9935238], [11.0237663, 50.9935267]]}}, {"type": "Feature", "properties": {}, "geometry": {"type": "LineString", "coordinates": [[11.0237544, 50.9935238], [11.0237817, 50.9936298]]}}, {"type": "Feature", "properties": {}, "geometry": {"type": "LineString", "coordinates": [[11.0252395, 50.9937147], [11.0252358, 50.9936769]]}}, {"type": "Feature", "properties": {}, "geometry": {"type": "LineString", "coordinates": [[11.0252395, 50.9937147], [11.0250902, 50.9937291]]}}, {"type": "Feature", "properties": {}, "geometry": {"type": "LineString", "coordinates": [[11.0252395, 50.9937147], [11.0249797, 50.993787]]}}, {"type": "Feature", "properties": {}, "geometry": {"type": "LineString", "coordinates": [[11.0239042, 50.9933793], [11.0238952, 50.9933821]]}}, {"type": "Feature", "properties": {}, "geometry": {"type": "LineString", "coordinates": [[11.0239042, 50.9933793], [11.023997, 50.9933538]]}}, {"type": "Feature", "properties": {}, "geometry": {"type": "LineString", "coordinates": [[11.0252876, 50.9920567], [11.0253631, 50.991846]]}}, {"type": "Feature", "properties": {}, "geometry": {"type": "LineString", "coordinates": [[11.0252876, 50.9920567], [11.0252796, 50.9920576]]}}, {"type": "Feature", "properties": {}, "geometry": {"type": "LineString", "coordinates": [[11.0252876, 50.9920567], [11.0252481, 50.9921205]]}}, {"type": "Feature", "properties": {}, "geometry": {"type": "LineString", "coordinates": [[11.0253594, 50.9918746], [11.0253631, 50.991846]]}}, {"type": "Feature", "properties": {}, "geometry": {"type": "LineString", "coordinates": [[11.0253594, 50.9918746], [11.0252458, 50.991829]]}}, {"type": "Feature", "properties": {}, "geometry": {"type": "LineString", "coordinates": [[11.0253594, 50.9918746], [11.0250615, 50.9919597]]}}, {"type": "Feature", "properties": {}, "geometry": {"type": "LineString", "coordinates": [[11.0234032, 50.9926725], [11.023403, 50.9926721]]}}, {"type": "Feature", "properties": {}, "geometry": {"type": "LineString", "coordinates": [[11.0234032, 50.9926725], [11.0234007, 50.9927515]]}}, {"type": "Feature", "properties": {}, "geometry": {"type": "LineString", "coordinates": [[11.0234032, 50.9926725], [11.0234005, 50.9925949]]}}, {"type": "Feature", "properties": {}, "geometry": {"type": "LineString", "coordinates": [[11.0248974, 50.992747], [11.0248495, 50.9927268]]}}, {"type": "Feature", "properties": {}, "geometry": {"type": "LineString", "coordinates": [[11.0248974, 50.992747], [11.0250808, 50.9928373]]}}, {"type": "Feature", "properties": {}, "geometry": {"type": "LineString", "coordinates": [[11.0248974, 50.992747], [11.0247127, 50.9928653]]}}, {"type": "Feature", "properties": {}, "geometry": {"type": "LineString", "coordinates": [[11.0248816, 50.9927025], [11.0248495, 50.9927268]]}}, {"type": "Feature", "properties": {}, "geometry": {"type": "LineString", "coordinates": [[11.0248816, 50.9927025], [11.0250808, 50.9928373]]}}, {"type": "Feature", "properties": {}, "geometry": {"type": "LineString", "coordinates": [[11.0248816, 50.9927025], [11.0247127, 50.9928653]]}}, {"type": "Feature", "properties": {}, "geometry": {"type": "LineString", "coordinates": [[11.0217695, 50.9926816], [11.0218518, 50.9926998]]}}, {"type": "Feature", "properties": {}, "geometry": {"type": "LineString", "coordinates": [[11.0217695, 50.9926816], [11.0218996, 50.9927549]]}}, {"type": "Feature", "properties": {}, "geometry": {"type": "LineString", "coordinates": [[11.0244998, 50.9949812], [11.0245108, 50.9949722]]}}, {"type": "Feature", "properties": {}, "geometry": {"type": "LineString", "coordinates": [[11.0244998, 50.9949812], [11.0245414, 50.9950583]]}}, {"type": "Feature", "properties": {}, "geometry": {"type": "LineString", "coordinates": [[11.0244998, 50.9949812], [11.0244403, 50.9950638]]}}, {"type": "Feature", "properties": {}, "geometry": {"type": "LineString", "coordinates": [[11.0229037, 50.9940074], [11.022889, 50.9940145]]}}, {"type": "Feature", "properties": {}, "geometry": {"type": "LineString", "coordinates": [[11.0229037, 50.9940074], [11.0230485, 50.994067]]}}, {"type": "Feature", "properties": {}, "geometry": {"type": "LineString", "coordinates": [[11.0229037, 50.9940074], [11.0226341, 50.9940696]]}}, {"type": "Feature", "properties": {}, "geometry": {"type": "LineString", "coordinates": [[11.0232539, 50.994831], [11.0231666, 50.9948393]]}}, {"type": "Feature", "properties": {}, "geometry": {"type": "LineString", "coordinates": [[11.0232217, 50.9918019], [11.0232223, 50.9918025]]}}, {"type": "Feature", "properties": {}, "geometry": {"type": "LineString", "coordinates": [[11.0232217, 50.9918019], [11.0230676, 50.9917462]]}}, {"type": "Feature", "properties": {}, "geometry": {"type": "LineString", "coordinates": [[11.0234109, 50.9921987], [11.0234122, 50.9921054]]}}, {"type": "Feature", "properties": {}, "geometry": {"type": "LineString", "coordinates": [[11.0234109, 50.9921987], [11.0234128, 50.992196]]}}, {"type": "Feature", "properties": {}, "geometry": {"type": "LineString", "coordinates": [[11.0234109, 50.9921987], [11.023406, 50.9922766]]}}, {"type": "Feature", "properties": {}, "geometry": {"type": "LineString", "coordinates": [[11.0247686, 50.9930497], [11.0247874, 50.9930493]]}}, {"type": "Feature", "properties": {}, "geometry": {"type": "LineString", "coordinates": [[11.0247686, 50.9930497], [11.0246013, 50.9930542]]}}, {"type": "Feature", "properties": {}, "geometry": {"type": "LineString", "coordinates": [[11.0234107, 50.9921066], [11.023411, 50.9920046]]}}, {"type": "Feature", "properties": {}, "geometry": {"type": "LineString", "coordinates": [[11.0234107, 50.9921066], [11.0234122, 50.9921054]]}}, {"type": "Feature", "properties": {}, "geometry": {"type": "LineString", "coordinates": [[11.0234107, 50.9921066], [11.0233174, 50.9920701]]}}, {"type": "Feature", "properties": {}, "geometry": {"type": "LineString", "coordinates": [[11.0250853, 50.9926717], [11.0250887, 50.9926527]]}}, {"type": "Feature", "properties": {}, "geometry": {"type": "LineString", "coordinates": [[11.0250853, 50.9926717], [11.0250808, 50.9928373]]}}, {"type": "Feature", "properties": {}, "geometry": {"type": "LineString", "coordinates": [[11.0250853, 50.9926717], [11.0249498, 50.9926182]]}}, {"type": "Feature", "properties": {}, "geometry": {"type": "LineString", "coordinates": [[11.0227228, 50.9930493], [11.0225501, 50.9930223]]}}, {"type": "Feature", "properties": {}, "geometry": {"type": "LineString", "coordinates": [[11.0227228, 50.9930493], [11.0227212, 50.9930491]]}}, {"type": "Feature", "properties": {}, "geometry": {"type": "LineString", "coordinates": [[11.0227228, 50.9930493], [11.0228934, 50.9930563]]}}, {"type": "Feature", "properties": {}, "geometry": {"type": "LineString", "coordinates": [[11.024947, 50.9930393], [11.02495, 50.993038]]}}, {"type": "Feature", "properties": {}, "geometry": {"type": "LineString", "coordinates": [[11.024947, 50.9930393], [11.0247874, 50.9930493]]}}, {"type": "Feature", "properties": {}, "geometry": {"type": "LineString", "coordinates": [[11.024947, 50.9930393], [11.0251144, 50.9930298]]}}, {"type": "Feature", "properties": {}, "geometry": {"type": "LineString", "coordinates": [[11.0239306, 50.9930663], [11.0239357, 50.9930714]]}}, {"type": "Feature", "properties": {}, "geometry": {"type": "LineString", "coordinates": [[11.0239306, 50.9930663], [11.0240822, 50.9930673]]}}, {"type": "Feature", "properties": {}, "geometry": {"type": "LineString", "coordinates": [[11.0239306, 50.9930663], [11.0240761, 50.9929791]]}}, {"type": "Feature", "properties": {}, "geometry": {"type": "LineString", "coordinates": [[11.0242681, 50.992951], [11.0242696, 50.9929459]]}}, {"type": "Feature", "properties": {}, "geometry": {"type": "LineString", "coordinates": [[11.0242681, 50.992951], [11.0242433, 50.9930629]]}}, {"type": "Feature", "properties": {}, "geometry": {"type": "LineString", "coordinates": [[11.0242681, 50.992951], [11.024394, 50.9930588]]}}, {"type": "Feature", "properties": {}, "geometry": {"type": "LineString", "coordinates": [[11.0243843, 50.9927809], [11.0245232, 50.9928669]]}}, {"type": "Feature", "properties": {}, "geometry": {"type": "LineString", "coordinates": [[11.0243843, 50.9927809], [11.024357, 50.9928513]]}}, {"type": "Feature", "properties": {}, "geometry": {"type": "LineString", "coordinates": [[11.0234002, 50.9925202], [11.0234006, 50.9924365]]}}, {"type": "Feature", "properties": {}, "geometry": {"type": "LineString", "coordinates": [[11.0234002, 50.9925202], [11.0234002, 50.9925178]]}}, {"type": "Feature", "properties": {}, "geometry": {"type": "LineString", "coordinates": [[11.0234002, 50.9925202], [11.0234005, 50.9925949]]}}, {"type": "Feature", "properties": {}, "geometry": {"type": "LineString", "coordinates": [[11.0239298, 50.9927156], [11.023901, 50.9927183]]}}, {"type": "Feature", "properties": {}, "geometry": {"type": "LineString", "coordinates": [[11.0234015, 50.9924424], [11.0234012, 50.9923552]]}}, {"type": "Feature", "properties": {}, "geometry": {"type": "LineString", "coordinates": [[11.0234015, 50.9924424], [11.0234006, 50.9924365]]}}, {"type": "Feature", "properties": {}, "geometry": {"type": "LineString", "coordinates": [[11.0234015, 50.9924424], [11.0234002, 50.9925178]]}}, {"type": "Feature", "properties": {}, "geometry": {"type": "LineString", "coordinates": [[11.0253938, 50.9917832], [11.0253631, 50.991846]]}}, {"type": "Feature", "properties": {}, "geometry": {"type": "LineString", "coordinates": [[11.0253938, 50.9917832], [11.0252458, 50.991829]]}}, {"type": "Feature", "properties": {}, "geometry": {"type": "LineString", "coordinates": [[11.0253938, 50.9917832], [11.0254467, 50.9916011]]}}, {"type": "Feature", "properties": {}, "geometry": {"type": "LineString", "coordinates": [[11.0253238, 50.9919657], [11.0253631, 50.991846]]}}, {"type": "Feature", "properties": {}, "geometry": {"type": "LineString", "coordinates": [[11.0253238, 50.9919657], [11.0252796, 50.9920576]]}}, {"type": "Feature", "properties": {}, "geometry": {"type": "LineString", "coordinates": [[11.0253238, 50.9919657], [11.0250615, 50.9919597]]}}, {"type": "Feature", "properties": {}, "geometry": {"type": "LineString", "coordinates": [[11.0232484, 50.9912399], [11.023255, 50.9912288]]}}, {"type": "Feature", "properties": {}, "geometry": {"type": "LineString", "coordinates": [[11.0232484, 50.9912399], [11.0231005, 50.9912041]]}}, {"type": "Feature", "properties": {}, "geometry": {"type": "LineString", "coordinates": [[11.0232484, 50.9912399], [11.0234245, 50.9912765]]}}, {"type": "Feature", "properties": {}, "geometry": {"type": "LineString", "coordinates": [[11.025446, 50.9916031], [11.0253415, 50.9915517]]}}, {"type": "Feature", "properties": {}, "geometry": {"type": "LineString", "coordinates": [[11.025446, 50.9916031], [11.0254467, 50.9916011]]}}, {"type": "Feature", "properties": {}, "geometry": {"type": "LineString", "coordinates": [[11.025446, 50.9916031], [11.0253631, 50.991846]]}}, {"type": "Feature", "properties": {}, "geometry": {"type": "LineString", "coordinates": [[11.0238591, 50.9927171], [11.023901, 50.9927183]]}}, {"type": "Feature", "properties": {}, "geometry": {"type": "LineString", "coordinates": [[11.0232238, 50.9924375], [11.0232233, 50.992436]]}}, {"type": "Feature", "properties": {}, "geometry": {"type": "LineString", "coordinates": [[11.0241381, 50.9925486], [11.024136, 50.9925509]]}}, {"type": "Feature", "properties": {}, "geometry": {"type": "LineString", "coordinates": [[11.0225705, 50.9915095], [11.0225669, 50.9914227]]}}, {"type": "Feature", "properties": {}, "geometry": {"type": "LineString", "coordinates": [[11.0225705, 50.9915095], [11.02258, 50.9916027]]}}, {"type": "Feature", "properties": {}, "geometry": {"type": "LineString", "coordinates": [[11.0225705, 50.9915095], [11.0226054, 50.9917349]]}}, {"type": "Feature", "properties": {}, "geometry": {"type": "LineString", "coordinates": [[11.0237073, 50.9913254], [11.023708, 50.9913277]]}}, {"type": "Feature", "properties": {}, "geometry": {"type": "LineString", "coordinates": [[11.0237073, 50.9913254], [11.0238545, 50.9913265]]}}, {"type": "Feature", "properties": {}, "geometry": {"type": "LineString", "coordinates": [[11.023768, 50.9916691], [11.0237709, 50.9916695]]}}, {"type": "Feature", "properties": {}, "geometry": {"type": "LineString", "coordinates": [[11.023768, 50.9916691], [11.0237183, 50.9918745]]}}, {"type": "Feature", "properties": {}, "geometry": {"type": "LineString", "coordinates": [[11.0237383, 50.9914674], [11.0237333, 50.9914678]]}}, {"type": "Feature", "properties": {}, "geometry": {"type": "LineString", "coordinates": [[11.0237383, 50.9914674], [11.023708, 50.9913277]]}}, {"type": "Feature", "properties": {}, "geometry": {"type": "LineString", "coordinates": [[11.0237929, 50.9913967], [11.0238545, 50.9913265]]}}, {"type": "Feature", "properties": {}, "geometry": {"type": "LineString", "coordinates": [[11.0237929, 50.9913967], [11.023708, 50.9913277]]}}, {"type": "Feature", "properties": {}, "geometry": {"type": "LineString", "coordinates": [[11.0237929, 50.9913967], [11.0237333, 50.9914678]]}}, {"type": "Feature", "properties": {}, "geometry": {"type": "LineString", "coordinates": [[11.0234105, 50.9915307], [11.0234146, 50.991418]]}}, {"type": "Feature", "properties": {}, "geometry": {"type": "LineString", "coordinates": [[11.0234105, 50.9915307], [11.0234108, 50.9915232]]}}, {"type": "Feature", "properties": {}, "geometry": {"type": "LineString", "coordinates": [[11.0234105, 50.9915307], [11.0234094, 50.9916298]]}}, {"type": "Feature", "properties": {}, "geometry": {"type": "LineString", "coordinates": [[11.0227547, 50.9912184], [11.0227667, 50.9912082]]}}, {"type": "Feature", "properties": {}, "geometry": {"type": "LineString", "coordinates": [[11.0227547, 50.9912184], [11.0229285, 50.9911776]]}}, {"type": "Feature", "properties": {}, "geometry": {"type": "LineString", "coordinates": [[11.0225493, 50.993022], [11.0225501, 50.9930223]]}}, {"type": "Feature", "properties": {}, "geometry": {"type": "LineString", "coordinates": [[11.0225493, 50.993022], [11.0227212, 50.9930491]]}}, {"type": "Feature", "properties": {}, "geometry": {"type": "LineString", "coordinates": [[11.0225493, 50.993022], [11.0225513, 50.9927767]]}}, {"type": "Feature", "properties": {}, "geometry": {"type": "LineString", "coordinates": [[11.0251995, 50.9915837], [11.0252487, 50.9915301]]}}, {"type": "Feature", "properties": {}, "geometry": {"type": "LineString", "coordinates": [[11.0251995, 50.9915837], [11.0248359, 50.991499]]}}, {"type": "Feature", "properties": {}, "geometry": {"type": "LineString", "coordinates": [[11.0251995, 50.9915837], [11.0253415, 50.9915517]]}}, {"type": "Feature", "properties": {}, "geometry": {"type": "LineString", "coordinates": [[11.0250717, 50.9927416], [11.0250887, 50.9926527]]}}, {"type": "Feature", "properties": {}, "geometry": {"type": "LineString", "coordinates": [[11.0250717, 50.9927416], [11.0250808, 50.9928373]]}}, {"type": "Feature", "properties": {}, "geometry": {"type": "LineString", "coordinates": [[11.0250717, 50.9927416], [11.0248495, 50.9927268]]}}, {"type": "Feature", "properties": {}, "geometry": {"type": "LineString", "coordinates": [[11.0250702, 50.9919574], [11.0252458, 50.991829]]}}, {"type": "Feature", "properties": {}, "geometry": {"type": "LineString", "coordinates": [[11.0250702, 50.9919574], [11.0253631, 50.991846]]}}, {"type": "Feature", "properties": {}, "geometry": {"type": "LineString", "coordinates": [[11.0250702, 50.9919574], [11.0250615, 50.9919597]]}}, {"type": "Feature", "properties": {}, "geometry": {"type": "LineString", "coordinates": [[11.0207723, 51.0012103], [11.0207516, 51.0012093]]}}, {"type": "Feature", "properties": {}, "geometry": {"type": "LineString", "coordinates": [[11.0207723, 51.0012103], [11.0206336, 51.0011369]]}}, {"type": "Feature", "properties": {}, "geometry": {"type": "LineString", "coordinates": [[11.038088, 51.0028951], [11.0379668, 51.0030923]]}}, {"type": "Feature", "properties": {}, "geometry": {"type": "LineString", "coordinates": [[11.0381963, 51.0028238], [11.0379668, 51.0030923]]}}, {"type": "Feature", "properties": {}, "geometry": {"type": "LineString", "coordinates": [[11.0381963, 51.0028238], [11.0385169, 51.002778]]}}, {"type": "Feature", "properties": {}, "geometry": {"type": "LineString", "coordinates": [[11.0398032, 51.0023445], [11.0398013, 51.0023483]]}}, {"type": "Feature", "properties": {}, "geometry": {"type": "LineString", "coordinates": [[11.0398032, 51.0023445], [11.0395412, 51.0022048]]}}, {"type": "Feature", "properties": {}, "geometry": {"type": "LineString", "coordinates": [[11.0398032, 51.0023445], [11.0396056, 51.0024247]]}}, {"type": "Feature", "properties": {}, "geometry": {"type": "LineString", "coordinates": [[11.0391995, 51.0002909], [11.0392004, 51.0002939]]}}, {"type": "Feature", "properties": {}, "geometry": {"type": "LineString", "coordinates": [[11.0391995, 51.0002909], [11.0397014, 51.000379]]}}, {"type": "Feature", "properties": {}, "geometry": {"type": "LineString", "coordinates": [[11.0391995, 51.0002909], [11.0392789, 51.0007413]]}}, {"type": "Feature", "properties": {}, "geometry": {"type": "LineString", "coordinates": [[11.0293428, 51.0012107], [11.0293228, 51.0012147]]}}, {"type": "Feature", "properties": {}, "geometry": {"type": "LineString", "coordinates": [[11.0293428, 51.0012107], [11.0292142, 51.0012128]]}}, {"type": "Feature", "properties": {}, "geometry": {"type": "LineString", "coordinates": [[11.0208093, 50.9994934], [11.0206537, 50.9995925]]}}, {"type": "Feature", "properties": {}, "geometry": {"type": "LineString", "coordinates": [[11.0208093, 50.9994934], [11.0206231, 50.9992007]]}}, {"type": "Feature", "properties": {}, "geometry": {"type": "LineString", "coordinates": [[11.0234036, 51.0012688], [11.0234229, 51.0012956]]}}, {"type": "Feature", "properties": {}, "geometry": {"type": "LineString", "coordinates": [[11.0230625, 50.9917558], [11.0230676, 50.9917462]]}}, {"type": "Feature", "properties": {}, "geometry": {"type": "LineString", "coordinates": [[11.0230625, 50.9917558], [11.0232223, 50.9918025]]}}, {"type": "Feature", "properties": {}, "geometry": {"type": "LineString", "coordinates": [[11.0412064, 50.9933675], [11.0408977, 50.9931505]]}}, {"type": "Feature", "properties": {}, "geometry": {"type": "LineString", "coordinates": [[11.0461565, 50.9944419], [11.0461275, 50.99447]]}}, {"type": "Feature", "properties": {}, "geometry": {"type": "LineString", "coordinates": [[11.0445641, 50.9900762], [11.0445697, 50.9903533]]}}, {"type": "Feature", "properties": {}, "geometry": {"type": "LineString", "coordinates": [[11.0427116, 50.9904411], [11.0427438, 50.9902691]]}}, {"type": "Feature", "properties": {}, "geometry": {"type": "LineString", "coordinates": [[11.0372604, 50.9855861], [11.0372611, 50.9855851]]}}, {"type": "Feature", "properties": {}, "geometry": {"type": "LineString", "coordinates": [[11.0314588, 50.991003], [11.0314636, 50.9910049]]}}, {"type": "Feature", "properties": {}, "geometry": {"type": "LineString", "coordinates": [[11.0327397, 50.991182], [11.0327349, 50.9911878]]}}, {"type": "Feature", "properties": {}, "geometry": {"type": "LineString", "coordinates": [[11.0327397, 50.991182], [11.0323435, 50.9911433]]}}, {"type": "Feature", "properties": {}, "geometry": {"type": "LineString", "coordinates": [[11.0312255, 50.9916232], [11.0312393, 50.9916207]]}}, {"type": "Feature", "properties": {}, "geometry": {"type": "LineString", "coordinates": [[11.0322708, 50.9917903], [11.0322908, 50.9917799]]}}, {"type": "Feature", "properties": {}, "geometry": {"type": "LineString", "coordinates": [[11.0446293, 51.0009847], [11.0446367, 51.0009847]]}}, {"type": "Feature", "properties": {}, "geometry": {"type": "LineString", "coordinates": [[11.0490354, 51.001895], [11.048906, 51.0018691]]}}, {"type": "Feature", "properties": {}, "geometry": {"type": "LineString", "coordinates": [[11.0446933, 51.0009283], [11.0447004, 51.0009264]]}}, {"type": "Feature", "properties": {}, "geometry": {"type": "LineString", "coordinates": [[11.0488852, 51.0021045], [11.0488846, 51.0021067]]}}, {"type": "Feature", "properties": {}, "geometry": {"type": "LineString", "coordinates": [[11.0383178, 51.0003609], [11.0383197, 51.00036]]}}, {"type": "Feature", "properties": {}, "geometry": {"type": "LineString", "coordinates": [[11.0383178, 51.0003609], [11.0384329, 51.0003866]]}}, {"type": "Feature", "properties": {}, "geometry": {"type": "LineString", "coordinates": [[11.0383178, 51.0003609], [11.0381751, 51.0004999]]}}, {"type": "Feature", "properties": {}, "geometry": {"type": "LineString", "coordinates": [[11.0235504, 50.9992544], [11.0235505, 50.9992542]]}}, {"type": "Feature", "properties": {}, "geometry": {"type": "LineString", "coordinates": [[11.0248024, 50.9923815], [11.0249118, 50.9923211]]}}, {"type": "Feature", "properties": {}, "geometry": {"type": "LineString", "coordinates": [[11.0248024, 50.9923815], [11.0245937, 50.992348]]}}, {"type": "Feature", "properties": {}, "geometry": {"type": "LineString", "coordinates": [[11.0248024, 50.9923815], [11.0247905, 50.9923848]]}}, {"type": "Feature", "properties": {}, "geometry": {"type": "LineString", "coordinates": [[11.0349536, 50.9974912], [11.0349486, 50.9974989]]}}, {"type": "Feature", "properties": {}, "geometry": {"type": "LineString", "coordinates": [[11.0282518, 51.0014205], [11.0282184, 51.0013712]]}}, {"type": "Feature", "properties": {}, "geometry": {"type": "LineString", "coordinates": [[11.0282518, 51.0014205], [11.0283163, 51.0014947]]}}, {"type": "Feature", "properties": {}, "geometry": {"type": "LineString", "coordinates": [[11.0282518, 51.0014205], [11.0280307, 51.0015145]]}}, {"type": "Feature", "properties": {}, "geometry": {"type": "LineString", "coordinates": [[11.0279089, 50.9884427], [11.0278538, 50.9885161]]}}, {"type": "Feature", "properties": {}, "geometry": {"type": "LineString", "coordinates": [[11.0352964, 50.9870961], [11.0352564, 50.9871831]]}}, {"type": "Feature", "properties": {}, "geometry": {"type": "LineString", "coordinates": [[11.0292774, 50.9856832], [11.0292723, 50.9856846]]}}, {"type": "Feature", "properties": {}, "geometry": {"type": "LineString", "coordinates": [[11.0292774, 50.9856832], [11.029235, 50.9857487]]}}, {"type": "Feature", "properties": {}, "geometry": {"type": "LineString", "coordinates": [[11.0292774, 50.9856832], [11.0293194, 50.9856305]]}}, {"type": "Feature", "properties": {}, "geometry": {"type": "LineString", "coordinates": [[11.0401518, 51.002647], [11.0395464, 51.0025834]]}}, {"type": "Feature", "properties": {}, "geometry": {"type": "LineString", "coordinates": [[11.0401518, 51.002647], [11.0401504, 51.0026467]]}}, {"type": "Feature", "properties": {}, "geometry": {"type": "LineString", "coordinates": [[11.0394189, 51.0027032], [11.0394245, 51.0027014]]}}, {"type": "Feature", "properties": {}, "geometry": {"type": "LineString", "coordinates": [[11.0394189, 51.0027032], [11.0395464, 51.0025834]]}}, {"type": "Feature", "properties": {}, "geometry": {"type": "LineString", "coordinates": [[11.0377975, 51.0026394], [11.0378011, 51.0026407]]}}, {"type": "Feature", "properties": {}, "geometry": {"type": "LineString", "coordinates": [[11.0251594, 50.988115], [11.0251568, 50.9881135]]}}, {"type": "Feature", "properties": {}, "geometry": {"type": "LineString", "coordinates": [[11.0251594, 50.988115], [11.0251905, 50.9881851]]}}, {"type": "Feature", "properties": {}, "geometry": {"type": "LineString", "coordinates": [[11.0251594, 50.988115], [11.025047, 50.988054]]}}, {"type": "Feature", "properties": {}, "geometry": {"type": "LineString", "coordinates": [[11.0259235, 50.9884138], [11.0260265, 50.9883771]]}}, {"type": "Feature", "properties": {}, "geometry": {"type": "LineString", "coordinates": [[11.0278535, 50.998474], [11.0286103, 50.9984929]]}}, {"type": "Feature", "properties": {}, "geometry": {"type": "LineString", "coordinates": [[11.0278535, 50.998474], [11.0276435, 50.9985865]]}}, {"type": "Feature", "properties": {}, "geometry": {"type": "LineString", "coordinates": [[11.0274527, 50.9986528], [11.0276435, 50.9985865]]}}, {"type": "Feature", "properties": {}, "geometry": {"type": "LineString", "coordinates": [[11.0246611, 50.9911671], [11.0247237, 50.991021]]}}, {"type": "Feature", "properties": {}, "geometry": {"type": "LineString", "coordinates": [[11.0246611, 50.9911671], [11.0246638, 50.991164]]}}, {"type": "Feature", "properties": {}, "geometry": {"type": "LineString", "coordinates": [[11.0246611, 50.9911671], [11.0248146, 50.9912133]]}}, {"type": "Feature", "properties": {}, "geometry": {"type": "LineString", "coordinates": [[11.0415495, 51.0009074], [11.0415926, 51.0009111]]}}, {"type": "Feature", "properties": {}, "geometry": {"type": "LineString", "coordinates": [[11.0315215, 50.9933142], [11.0315319, 50.9933219]]}}, {"type": "Feature", "properties": {}, "geometry": {"type": "LineString", "coordinates": [[11.0326822, 50.9933554], [11.0326954, 50.9933615]]}}, {"type": "Feature", "properties": {}, "geometry": {"type": "LineString", "coordinates": [[11.0489983, 50.9999318], [11.0489631, 51.0000046]]}}, {"type": "Feature", "properties": {}, "geometry": {"type": "LineString", "coordinates": [[11.0331538, 50.9937977], [11.0331649, 50.9938033]]}}, {"type": "Feature", "properties": {}, "geometry": {"type": "LineString", "coordinates": [[11.0414948, 50.9919105], [11.0414939, 50.9919052]]}}, {"type": "Feature", "properties": {}, "geometry": {"type": "LineString", "coordinates": [[11.0434011, 50.9887437], [11.0434098, 50.9888915]]}}, {"type": "Feature", "properties": {}, "geometry": {"type": "LineString", "coordinates": [[11.0410458, 50.991944], [11.0410457, 50.9919445]]}}, {"type": "Feature", "properties": {}, "geometry": {"type": "LineString", "coordinates": [[11.0412772, 50.9919452], [11.0412776, 50.9919464]]}}, {"type": "Feature", "properties": {}, "geometry": {"type": "LineString", "coordinates": [[11.0265222, 50.990865], [11.0267765, 50.9909149]]}}, {"type": "Feature", "properties": {}, "geometry": {"type": "LineString", "coordinates": [[11.026173, 50.9954748], [11.0264583, 50.9954953]]}}, {"type": "Feature", "properties": {}, "geometry": {"type": "LineString", "coordinates": [[11.0256076, 50.9953837], [11.0253611, 50.9953861]]}}, {"type": "Feature", "properties": {}, "geometry": {"type": "LineString", "coordinates": [[11.0252395, 50.9937147], [11.0250209, 50.9936678]]}}, {"type": "Feature", "properties": {}, "geometry": {"type": "LineString", "coordinates": [[11.0252589, 50.9938914], [11.0249797, 50.993787]]}}, {"type": "Feature", "properties": {}, "geometry": {"type": "LineString", "coordinates": [[11.0252589, 50.9938914], [11.0251854, 50.9940772]]}}, {"type": "Feature", "properties": {}, "geometry": {"type": "LineString", "coordinates": [[11.0253072, 50.994162], [11.025173, 50.9939884]]}}, {"type": "Feature", "properties": {}, "geometry": {"type": "LineString", "coordinates": [[11.0252615, 50.9944943], [11.0251268, 50.9944363]]}}, {"type": "Feature", "properties": {}, "geometry": {"type": "LineString", "coordinates": [[11.0249637, 50.994241], [11.0251268, 50.9944363]]}}, {"type": "Feature", "properties": {}, "geometry": {"type": "LineString", "coordinates": [[11.0252615, 50.9944943], [11.0250885, 50.9943864]]}}, {"type": "Feature", "properties": {}, "geometry": {"type": "LineString", "coordinates": [[11.0252615, 50.9944943], [11.0250016, 50.9946228]]}}, {"type": "Feature", "properties": {}, "geometry": {"type": "LineString", "coordinates": [[11.0253072, 50.994162], [11.0251432, 50.9942317]]}}, {"type": "Feature", "properties": {}, "geometry": {"type": "LineString", "coordinates": [[11.0251688, 50.9939895], [11.0251432, 50.9942317]]}}, {"type": "Feature", "properties": {}, "geometry": {"type": "LineString", "coordinates": [[11.0254243, 50.9949928], [11.0251575, 50.994919]]}}, {"type": "Feature", "properties": {}, "geometry": {"type": "LineString", "coordinates": [[11.0254243, 50.9949928], [11.0252722, 50.9949108]]}}, {"type": "Feature", "properties": {}, "geometry": {"type": "LineString", "coordinates": [[11.0276528, 50.9997376], [11.0278103, 50.9997713]]}}, {"type": "Feature", "properties": {}, "geometry": {"type": "LineString", "coordinates": [[11.0257607, 50.9966462], [11.0259289, 50.9965256]]}}, {"type": "Feature", "properties": {}, "geometry": {"type": "LineString", "coordinates": [[11.0257631, 50.9965076], [11.0259365, 50.9966327]]}}, {"type": "Feature", "properties": {}, "geometry": {"type": "LineString", "coordinates": [[11.0257607, 50.9966462], [11.0256669, 50.9966665]]}}, {"type": "Feature", "properties": {}, "geometry": {"type": "LineString", "coordinates": [[11.0257631, 50.9965076], [11.0256669, 50.9966665]]}}, {"type": "Feature", "properties": {}, "geometry": {"type": "LineString", "coordinates": [[11.0249212, 50.9961878], [11.0247645, 50.9962036]]}}, {"type": "Feature", "properties": {}, "geometry": {"type": "LineString", "coordinates": [[11.026173, 50.9954748], [11.0262134, 50.9956099]]}}, {"type": "Feature", "properties": {}, "geometry": {"type": "LineString", "coordinates": [[11.0256435, 50.996121], [11.0254006, 50.9961496]]}}, {"type": "Feature", "properties": {}, "geometry": {"type": "LineString", "coordinates": [[11.0264035, 50.9962253], [11.0264491, 50.9963673]]}}, {"type": "Feature", "properties": {}, "geometry": {"type": "LineString", "coordinates": [[11.0247665, 50.9962023], [11.0246109, 50.9962171]]}}, {"type": "Feature", "properties": {}, "geometry": {"type": "LineString", "coordinates": [[11.0276329, 50.9993338], [11.0276256, 50.9994283]]}}, {"type": "Feature", "properties": {}, "geometry": {"type": "LineString", "coordinates": [[11.0276329, 50.9993338], [11.0277764, 50.9993469]]}}, {"type": "Feature", "properties": {}, "geometry": {"type": "LineString", "coordinates": [[11.0277708, 50.9992323], [11.0277764, 50.9993469]]}}, {"type": "Feature", "properties": {}, "geometry": {"type": "LineString", "coordinates": [[11.0276329, 50.9993338], [11.0274082, 50.9991711]]}}, {"type": "Feature", "properties": {}, "geometry": {"type": "LineString", "coordinates": [[11.0308566, 50.9998601], [11.0307271, 50.9997057]]}}, {"type": "Feature", "properties": {}, "geometry": {"type": "LineString", "coordinates": [[11.0308566, 50.9998601], [11.030806, 50.9997204]]}}, {"type": "Feature", "properties": {}, "geometry": {"type": "LineString", "coordinates": [[11.0307468, 50.9999282], [11.0307955, 50.9997966]]}}, {"type": "Feature", "properties": {}, "geometry": {"type": "LineString", "coordinates": [[11.0308566, 50.9998601], [11.0307037, 50.9999271]]}}, {"type": "Feature", "properties": {}, "geometry": {"type": "LineString", "coordinates": [[11.0307468, 50.9999282], [11.0306031, 50.9999203]]}}, {"type": "Feature", "properties": {}, "geometry": {"type": "LineString", "coordinates": [[11.0390695, 51.0007154], [11.0381751, 51.0004999]]}}, {"type": "Feature", "properties": {}, "geometry": {"type": "LineString", "coordinates": [[11.0240363, 50.9932487], [11.023997, 50.9933538]]}}, {"type": "Feature", "properties": {}, "geometry": {"type": "LineString", "coordinates": [[11.0241928, 50.9932439], [11.023997, 50.9933538]]}}, {"type": "Feature", "properties": {}, "geometry": {"type": "LineString", "coordinates": [[11.0237544, 50.9935238], [11.0238952, 50.9933821]]}}, {"type": "Feature", "properties": {}, "geometry": {"type": "LineString", "coordinates": [[11.0241928, 50.9932439], [11.0242445, 50.99334]]}}, {"type": "Feature", "properties": {}, "geometry": {"type": "LineString", "coordinates": [[11.0241928, 50.9932439], [11.0243192, 50.9933359]]}}, {"type": "Feature", "properties": {}, "geometry": {"type": "LineString", "coordinates": [[11.024245, 50.9933648], [11.0243192, 50.9933359]]}}, {"type": "Feature", "properties": {}, "geometry": {"type": "LineString", "coordinates": [[11.0243164, 50.9934075], [11.0243192, 50.9933359]]}}, {"type": "Feature", "properties": {}, "geometry": {"type": "LineString", "coordinates": [[11.0244998, 50.9949812], [11.0246416, 50.9949775]]}}, {"type": "Feature", "properties": {}, "geometry": {"type": "LineString", "coordinates": [[11.0245385, 50.9950544], [11.0246965, 50.9949553]]}}, {"type": "Feature", "properties": {}, "geometry": {"type": "LineString", "coordinates": [[11.0248811, 50.9949527], [11.0246965, 50.9949553]]}}, {"type": "Feature", "properties": {}, "geometry": {"type": "LineString", "coordinates": [[11.0244998, 50.9949812], [11.0246965, 50.9949553]]}}, {"type": "Feature", "properties": {}, "geometry": {"type": "LineString", "coordinates": [[11.0250702, 50.9919574], [11.0250466, 50.9920404]]}}, {"type": "Feature", "properties": {}, "geometry": {"type": "LineString", "coordinates": [[11.0252876, 50.9920567], [11.0250466, 50.9920404]]}}, {"type": "Feature", "properties": {}, "geometry": {"type": "LineString", "coordinates": [[11.0253238, 50.9919657], [11.0250466, 50.9920404]]}}, {"type": "Feature", "properties": {}, "geometry": {"type": "LineString", "coordinates": [[11.0250702, 50.9919574], [11.0249347, 50.9921064]]}}, {"type": "Feature", "properties": {}, "geometry": {"type": "LineString", "coordinates": [[11.0250702, 50.9919574], [11.0250292, 50.9921024]]}}, {"type": "Feature", "properties": {}, "geometry": {"type": "LineString", "coordinates": [[11.0250702, 50.9919574], [11.0252481, 50.9921205]]}}, {"type": "Feature", "properties": {}, "geometry": {"type": "LineString", "coordinates": [[11.0252876, 50.9920567], [11.0250615, 50.9919597]]}}, {"type": "Feature", "properties": {}, "geometry": {"type": "LineString", "coordinates": [[11.0252876, 50.9920567], [11.025187, 50.9920523]]}}, {"type": "Feature", "properties": {}, "geometry": {"type": "LineString", "coordinates": [[11.0250702, 50.9919574], [11.025187, 50.9920523]]}}, {"type": "Feature", "properties": {}, "geometry": {"type": "LineString", "coordinates": [[11.0253238, 50.9919657], [11.025187, 50.9920523]]}}, {"type": "Feature", "properties": {}, "geometry": {"type": "LineString", "coordinates": [[11.0425142, 50.9880231], [11.0419835, 50.9879738]]}}, {"type": "Feature", "properties": {}, "geometry": {"type": "LineString", "coordinates": [[11.0425631, 50.9884551], [11.0423451, 50.988596]]}}, {"type": "Feature", "properties": {}, "geometry": {"type": "LineString", "coordinates": [[11.0427629, 50.9882899], [11.0423451, 50.988596]]}}, {"type": "Feature", "properties": {}, "geometry": {"type": "LineString", "coordinates": [[11.0407458, 50.9969671], [11.0409625, 50.99683]]}}, {"type": "Feature", "properties": {}, "geometry": {"type": "LineString", "coordinates": [[11.0409943, 50.9970331], [11.0409982, 50.9970315]]}}, {"type": "Feature", "properties": {}, "geometry": {"type": "LineString", "coordinates": [[11.0250853, 50.9926717], [11.024863, 50.9925442]]}}, {"type": "Feature", "properties": {}, "geometry": {"type": "LineString", "coordinates": [[11.0248816, 50.9927025], [11.0246467, 50.9925489]]}}, {"type": "Feature", "properties": {}, "geometry": {"type": "LineString", "coordinates": [[11.0248386, 50.9925435], [11.0249498, 50.9926182]]}}, {"type": "Feature", "properties": {}, "geometry": {"type": "LineString", "coordinates": [[11.0248816, 50.9927025], [11.0249498, 50.9926182]]}}, {"type": "Feature", "properties": {}, "geometry": {"type": "LineString", "coordinates": [[11.0242681, 50.992951], [11.0240761, 50.9929791]]}}, {"type": "Feature", "properties": {}, "geometry": {"type": "LineString", "coordinates": [[11.0242681, 50.992951], [11.0243647, 50.9929255]]}}, {"type": "Feature", "properties": {}, "geometry": {"type": "LineString", "coordinates": [[11.024947, 50.9930393], [11.0249111, 50.9929228]]}}, {"type": "Feature", "properties": {}, "geometry": {"type": "LineString", "coordinates": [[11.024947, 50.9930393], [11.0247127, 50.9928653]]}}, {"type": "Feature", "properties": {}, "geometry": {"type": "LineString", "coordinates": [[11.0204927, 50.9998861], [11.020426, 51.0000143]]}}, {"type": "Feature", "properties": {}, "geometry": {"type": "LineString", "coordinates": [[11.0234107, 50.9921066], [11.0232068, 50.9920791]]}}, {"type": "Feature", "properties": {}, "geometry": {"type": "LineString", "coordinates": [[11.0234109, 50.9921987], [11.0232068, 50.9920791]]}}, {"type": "Feature", "properties": {}, "geometry": {"type": "LineString", "coordinates": [[11.0279316, 51.0024891], [11.027751, 51.002543]]}}, {"type": "Feature", "properties": {}, "geometry": {"type": "LineString", "coordinates": [[11.0279316, 51.0024891], [11.0280024, 51.002309]]}}, {"type": "Feature", "properties": {}, "geometry": {"type": "LineString", "coordinates": [[11.0214275, 50.9996612], [11.0216464, 50.9994634]]}}, {"type": "Feature", "properties": {}, "geometry": {"type": "LineString", "coordinates": [[11.0351005, 51.0006346], [11.0349252, 51.0005238]]}}, {"type": "Feature", "properties": {}, "geometry": {"type": "LineString", "coordinates": [[11.0370788, 51.0016996], [11.0367421, 51.0016003]]}}, {"type": "Feature", "properties": {}, "geometry": {"type": "LineString", "coordinates": [[11.0369866, 51.0018234], [11.0367421, 51.0016003]]}}, {"type": "Feature", "properties": {}, "geometry": {"type": "LineString", "coordinates": [[11.0370788, 51.0016996], [11.0366497, 51.0017227]]}}, {"type": "Feature", "properties": {}, "geometry": {"type": "LineString", "coordinates": [[11.0390695, 51.0007154], [11.0387699, 51.0010392]]}}, {"type": "Feature", "properties": {}, "geometry": {"type": "LineString", "coordinates": [[11.0390695, 51.0007154], [11.0399452, 51.0007899]]}}, {"type": "Feature", "properties": {}, "geometry": {"type": "LineString", "coordinates": [[11.0390695, 51.0007154], [11.0384544, 51.0006622]]}}, {"type": "Feature", "properties": {}, "geometry": {"type": "LineString", "coordinates": [[11.0383178, 51.0003609], [11.0384544, 51.0006622]]}}, {"type": "Feature", "properties": {}, "geometry": {"type": "LineString", "coordinates": [[11.0391995, 51.0002909], [11.03868, 51.0003092]]}}, {"type": "Feature", "properties": {}, "geometry": {"type": "LineString", "coordinates": [[11.0383178, 51.0003609], [11.03868, 51.0003092]]}}, {"type": "Feature", "properties": {}, "geometry": {"type": "LineString", "coordinates": [[11.0390695, 51.0007154], [11.0397014, 51.000379]]}}, {"type": "Feature", "properties": {}, "geometry": {"type": "LineString", "coordinates": [[11.0390695, 51.0007154], [11.0399006, 51.00041]]}}, {"type": "Feature", "properties": {}, "geometry": {"type": "LineString", "coordinates": [[11.0390695, 51.0007154], [11.0384329, 51.0003866]]}}, {"type": "Feature", "properties": {}, "geometry": {"type": "LineString", "coordinates": [[11.0401518, 51.002647], [11.0396056, 51.0024247]]}}, {"type": "Feature", "properties": {}, "geometry": {"type": "LineString", "coordinates": [[11.0264924, 50.9881297], [11.026659, 50.9882383]]}}, {"type": "Feature", "properties": {}, "geometry": {"type": "LineString", "coordinates": [[11.0264924, 50.9881297], [11.0267091, 50.9881553]]}}, {"type": "Feature", "properties": {}, "geometry": {"type": "LineString", "coordinates": [[11.023444, 51.0023335], [11.0237108, 51.002409]]}}, {"type": "Feature", "properties": {}, "geometry": {"type": "LineString", "coordinates": [[11.0466272, 51.0021602], [11.0464706, 51.0022264]]}}, {"type": "Feature", "properties": {}, "geometry": {"type": "LineString", "coordinates": [[11.0251019, 50.9911799], [11.0251897, 50.9912488]]}}, {"type": "Feature", "properties": {}, "geometry": {"type": "LineString", "coordinates": [[11.0247686, 50.9930497], [11.0245604, 50.9929967]]}}, {"type": "Feature", "properties": {}, "geometry": {"type": "LineString", "coordinates": [[11.0442045, 50.9940042], [11.0443295, 50.9939858]]}}, {"type": "Feature", "properties": {}, "geometry": {"type": "LineString", "coordinates": [[11.0285638, 50.9855121], [11.0285864, 50.9855826]]}}, {"type": "Feature", "properties": {}, "geometry": {"type": "LineString", "coordinates": [[11.0288605, 50.9856622], [11.0286943, 50.9855697]]}}, {"type": "Feature", "properties": {}, "geometry": {"type": "LineString", "coordinates": [[11.0286184, 50.9857616], [11.0285936, 50.9856924]]}}, {"type": "Feature", "properties": {}, "geometry": {"type": "LineString", "coordinates": [[11.0284489, 50.9857948], [11.0285936, 50.9856924]]}}, {"type": "Feature", "properties": {}, "geometry": {"type": "LineString", "coordinates": [[11.0285552, 50.985711], [11.0285417, 50.9856416]]}}, {"type": "Feature", "properties": {}, "geometry": {"type": "LineString", "coordinates": [[11.0284489, 50.9857948], [11.0285417, 50.9856416]]}}, {"type": "Feature", "properties": {}, "geometry": {"type": "LineString", "coordinates": [[11.045816, 51.0008665], [11.0458658, 51.0009252]]}}, {"type": "Feature", "properties": {}, "geometry": {"type": "LineString", "coordinates": [[11.0465713, 51.001066], [11.0466269, 51.0010226]]}}, {"type": "Feature", "properties": {}, "geometry": {"type": "LineString", "coordinates": [[11.0468993, 51.0022012], [11.0468381, 51.0021054]]}}, {"type": "Feature", "properties": {}, "geometry": {"type": "LineString", "coordinates": [[11.0455424, 51.0002144], [11.045355, 51.0002484]]}}, {"type": "Feature", "properties": {}, "geometry": {"type": "LineString", "coordinates": [[11.0456123, 51.0003009], [11.045355, 51.0002484]]}}, {"type": "Feature", "properties": {}, "geometry": {"type": "LineString", "coordinates": [[11.0294068, 51.0008406], [11.0294971, 51.0008169]]}}, {"type": "Feature", "properties": {}, "geometry": {"type": "LineString", "coordinates": [[11.0237256, 50.9983266], [11.0238552, 50.9982917]]}}, {"type": "Feature", "properties": {}, "geometry": {"type": "LineString", "coordinates": [[11.0236225, 50.9984955], [11.0238552, 50.9982917]]}}, {"type": "Feature", "properties": {}, "geometry": {"type": "LineString", "coordinates": [[11.026631, 50.9881475], [11.0268529, 50.9880532]]}}, {"type": "Feature", "properties": {}, "geometry": {"type": "LineString", "coordinates": [[11.0266435, 50.9961412], [11.0263684, 50.9960943]]}}, {"type": "Feature", "properties": {}, "geometry": {"type": "LineString", "coordinates": [[11.0237383, 50.9914674], [11.0238545, 50.9913265]]}}, {"type": "Feature", "properties": {}, "geometry": {"type": "LineString", "coordinates": [[11.0261913, 50.9872999], [11.026121, 50.9874688]]}}, {"type": "Feature", "properties": {}, "geometry": {"type": "LineString", "coordinates": [[11.0260607, 50.9876456], [11.026121, 50.9874688]]}}, {"type": "Feature", "properties": {}, "geometry": {"type": "LineString", "coordinates": [[11.0390695, 51.0007154], [11.0392789, 51.0007413]]}}, {"type": "Feature", "properties": {}, "geometry": {"type": "LineString", "coordinates": [[11.0416318, 50.9917367], [11.0412897, 50.9921933]]}}, {"type": "Feature", "properties": {}, "geometry": {"type": "LineString", "coordinates": [[11.0284541, 50.9999789], [11.0288577, 51.0000011]]}}, {"type": "Feature", "properties": {}, "geometry": {"type": "LineString", "coordinates": [[11.0478097, 50.9852993], [11.0480498, 50.9851293]]}}, {"type": "Feature", "properties": {}, "geometry": {"type": "LineString", "coordinates": [[11.0222744, 50.9973525], [11.0225932, 50.9974765]]}}, {"type": "Feature", "properties": {}, "geometry": {"type": "LineString", "coordinates": [[11.0369866, 51.0018234], [11.0371727, 51.0015749]]}}, {"type": "Feature", "properties": {}, "geometry": {"type": "LineString", "coordinates": [[11.0229037, 50.9940074], [11.0223111, 50.9939288]]}}, {"type": "Feature", "properties": {}, "geometry": {"type": "LineString", "coordinates": [[11.0227228, 50.9930493], [11.0225513, 50.9927767]]}}, {"type": "Feature", "properties": {}, "geometry": {"type": "LineString", "coordinates": [[11.0289669, 51.0002977], [11.0291915, 51.0004605]]}}, {"type": "Feature", "properties": {}, "geometry": {"type": "LineString", "coordinates": [[11.0289669, 51.0002977], [11.0289032, 51.0003924]]}}, {"type": "Feature", "properties": {}, "geometry": {"type": "LineString", "coordinates": [[11.0236817, 51.0004246], [11.023358, 51.0004021]]}}, {"type": "Feature", "properties": {}, "geometry": {"type": "LineString", "coordinates": [[11.0228304, 50.9986927], [11.0229748, 50.9985646]]}}, {"type": "Feature", "properties": {}, "geometry": {"type": "LineString", "coordinates": [[11.0279389, 50.9875798], [11.0276426, 50.9877292]]}}, {"type": "Feature", "properties": {}, "geometry": {"type": "LineString", "coordinates": [[11.0279389, 50.9875798], [11.0282276, 50.9876366]]}}, {"type": "Feature", "properties": {}, "geometry": {"type": "LineString", "coordinates": [[11.0280883, 50.9875986], [11.028372, 50.9876591]]}}, {"type": "Feature", "properties": {}, "geometry": {"type": "LineString", "coordinates": [[11.0282359, 50.9876213], [11.0285211, 50.9876826]]}}, {"type": "Feature", "properties": {}, "geometry": {"type": "LineString", "coordinates": [[11.023444, 51.0023335], [11.0230882, 51.0023041]]}}, {"type": "Feature", "properties": {}, "geometry": {"type": "LineString", "coordinates": [[11.0390695, 51.0007154], [11.0386543, 51.0010696]]}}, {"type": "Feature", "properties": {}, "geometry": {"type": "LineString", "coordinates": [[11.0422374, 50.9878743], [11.0423471, 50.9880963]]}}, {"type": "Feature", "properties": {}, "geometry": {"type": "LineString", "coordinates": [[11.0422341, 50.9883804], [11.0422686, 50.9886196]]}}, {"type": "Feature", "properties": {}, "geometry": {"type": "LineString", "coordinates": [[11.024347, 50.9985594], [11.0245777, 50.9986627]]}}, {"type": "Feature", "properties": {}, "geometry": {"type": "LineString", "coordinates": [[11.0236791, 50.9899295], [11.0237449, 50.9899472]]}}, {"type": "Feature", "properties": {}, "geometry": {"type": "LineString", "coordinates": [[11.0235793, 50.9898359], [11.0237449, 50.9899472]]}}, {"type": "Feature", "properties": {}, "geometry": {"type": "LineString", "coordinates": [[11.023479, 50.9902555], [11.0236339, 50.9900765]]}}, {"type": "Feature", "properties": {}, "geometry": {"type": "LineString", "coordinates": [[11.024677, 50.9952397], [11.0244951, 50.9952374]]}}, {"type": "Feature", "properties": {}, "geometry": {"type": "LineString", "coordinates": [[11.0229153, 50.9908455], [11.0226403, 50.9908844]]}}, {"type": "Feature", "properties": {}, "geometry": {"type": "LineString", "coordinates": [[11.0263793, 50.9920275], [11.0263668, 50.9921597]]}}, {"type": "Feature", "properties": {}, "geometry": {"type": "LineString", "coordinates": [[11.0291846, 50.9989928], [11.0293879, 50.9991074]]}}, {"type": "Feature", "properties": {}, "geometry": {"type": "LineString", "coordinates": [[11.0291846, 50.9989928], [11.0291773, 50.9991089]]}}, {"type": "Feature", "properties": {}, "geometry": {"type": "LineString", "coordinates": [[11.0291846, 50.9989928], [11.0291102, 50.9988967]]}}, {"type": "Feature", "properties": {}, "geometry": {"type": "LineString", "coordinates": [[11.0287973, 51.000986], [11.0285681, 51.000973]]}}, {"type": "Feature", "properties": {}, "geometry": {"type": "LineString", "coordinates": [[11.0287973, 51.000986], [11.0286791, 51.0010862]]}}, {"type": "Feature", "properties": {}, "geometry": {"type": "LineString", "coordinates": [[11.0201332, 50.9887658], [11.0204292, 50.9890197]]}}, {"type": "Feature", "properties": {}, "geometry": {"type": "LineString", "coordinates": [[11.0267479, 50.9858347], [11.0264674, 50.9856537]]}}, {"type": "Feature", "properties": {}, "geometry": {"type": "LineString", "coordinates": [[11.0268808, 50.9852089], [11.0267586, 50.9853636]]}}, {"type": "Feature", "properties": {}, "geometry": {"type": "LineString", "coordinates": [[11.0279537, 50.9852939], [11.0276222, 50.9852365]]}}, {"type": "Feature", "properties": {}, "geometry": {"type": "LineString", "coordinates": [[11.0279699, 50.9851979], [11.0276222, 50.9852365]]}}, {"type": "Feature", "properties": {}, "geometry": {"type": "LineString", "coordinates": [[11.0277369, 50.9853819], [11.0276222, 50.9852365]]}}, {"type": "Feature", "properties": {}, "geometry": {"type": "LineString", "coordinates": [[11.0268808, 50.9852089], [11.0271365, 50.9853609]]}}, {"type": "Feature", "properties": {}, "geometry": {"type": "LineString", "coordinates": [[11.0276, 50.9853982], [11.0274646, 50.9852449]]}}, {"type": "Feature", "properties": {}, "geometry": {"type": "LineString", "coordinates": [[11.0279699, 50.9851979], [11.0276244, 50.9851073]]}}, {"type": "Feature", "properties": {}, "geometry": {"type": "LineString", "coordinates": [[11.0277369, 50.9853819], [11.0279512, 50.9852925]]}}, {"type": "Feature", "properties": {}, "geometry": {"type": "LineString", "coordinates": [[11.0276, 50.9853982], [11.027621, 50.9854918]]}}, {"type": "Feature", "properties": {}, "geometry": {"type": "LineString", "coordinates": [[11.0279057, 50.9857171], [11.0275959, 50.9856139]]}}, {"type": "Feature", "properties": {}, "geometry": {"type": "LineString", "coordinates": [[11.0279057, 50.9857171], [11.0278968, 50.9856161]]}}, {"type": "Feature", "properties": {}, "geometry": {"type": "LineString", "coordinates": [[11.0276135, 50.9854991], [11.0278968, 50.9856161]]}}, {"type": "Feature", "properties": {}, "geometry": {"type": "LineString", "coordinates": [[11.0277811, 50.9854258], [11.0279489, 50.9854458]]}}, {"type": "Feature", "properties": {}, "geometry": {"type": "LineString", "coordinates": [[11.0277369, 50.9853819], [11.0279489, 50.9854458]]}}, {"type": "Feature", "properties": {}, "geometry": {"type": "LineString", "coordinates": [[11.0279057, 50.9857171], [11.0279163, 50.985966]]}}, {"type": "Feature", "properties": {}, "geometry": {"type": "LineString", "coordinates": [[11.0284489, 50.9857948], [11.0284243, 50.9858899]]}}, {"type": "Feature", "properties": {}, "geometry": {"type": "LineString", "coordinates": [[11.0286184, 50.9857616], [11.0284243, 50.9858899]]}}, {"type": "Feature", "properties": {}, "geometry": {"type": "LineString", "coordinates": [[11.0284292, 50.9856196], [11.0284211, 50.9856824]]}}, {"type": "Feature", "properties": {}, "geometry": {"type": "LineString", "coordinates": [[11.0284489, 50.9857948], [11.0284211, 50.9856824]]}}, {"type": "Feature", "properties": {}, "geometry": {"type": "LineString", "coordinates": [[11.0286184, 50.9857616], [11.0284211, 50.9856824]]}}, {"type": "Feature", "properties": {}, "geometry": {"type": "LineString", "coordinates": [[11.0286184, 50.9857616], [11.0284338, 50.9857843]]}}, {"type": "Feature", "properties": {}, "geometry": {"type": "LineString", "coordinates": [[11.0284489, 50.9857948], [11.0284133, 50.9859447]]}}, {"type": "Feature", "properties": {}, "geometry": {"type": "LineString", "coordinates": [[11.0284489, 50.9857948], [11.0284298, 50.9856202]]}}, {"type": "Feature", "properties": {}, "geometry": {"type": "LineString", "coordinates": [[11.0284489, 50.9857948], [11.0287639, 50.9858117]]}}, {"type": "Feature", "properties": {}, "geometry": {"type": "LineString", "coordinates": [[11.0286184, 50.9857616], [11.0285618, 50.9858423]]}}, {"type": "Feature", "properties": {}, "geometry": {"type": "LineString", "coordinates": [[11.0284489, 50.9857948], [11.0286717, 50.9859009]]}}, {"type": "Feature", "properties": {}, "geometry": {"type": "LineString", "coordinates": [[11.0286184, 50.9857616], [11.0286717, 50.9859009]]}}, {"type": "Feature", "properties": {}, "geometry": {"type": "LineString", "coordinates": [[11.0288605, 50.9856622], [11.0289212, 50.9855233]]}}, {"type": "Feature", "properties": {}, "geometry": {"type": "LineString", "coordinates": [[11.0285638, 50.9855121], [11.0285673, 50.9856141]]}}, {"type": "Feature", "properties": {}, "geometry": {"type": "LineString", "coordinates": [[11.0285552, 50.985711], [11.0285673, 50.9856141]]}}, {"type": "Feature", "properties": {}, "geometry": {"type": "LineString", "coordinates": [[11.0297072, 50.9850539], [11.0298303, 50.9851438]]}}, {"type": "Feature", "properties": {}, "geometry": {"type": "LineString", "coordinates": [[11.0295581, 50.9850806], [11.0298303, 50.9851438]]}}, {"type": "Feature", "properties": {}, "geometry": {"type": "LineString", "coordinates": [[11.0297072, 50.9850539], [11.0299302, 50.9850524]]}}, {"type": "Feature", "properties": {}, "geometry": {"type": "LineString", "coordinates": [[11.029698, 50.9850984], [11.0298384, 50.9850179]]}}, {"type": "Feature", "properties": {}, "geometry": {"type": "LineString", "coordinates": [[11.0292774, 50.9856832], [11.0291936, 50.9858125]]}}, {"type": "Feature", "properties": {}, "geometry": {"type": "LineString", "coordinates": [[11.0295581, 50.9850806], [11.0297199, 50.9849746]]}}, {"type": "Feature", "properties": {}, "geometry": {"type": "LineString", "coordinates": [[11.0295581, 50.9850806], [11.0297086, 50.9850969]]}}, {"type": "Feature", "properties": {}, "geometry": {"type": "LineString", "coordinates": [[11.0256648, 50.9849482], [11.0256323, 50.9851563]]}}, {"type": "Feature", "properties": {}, "geometry": {"type": "LineString", "coordinates": [[11.0231559, 50.9859156], [11.0235133, 50.9859732]]}}, {"type": "Feature", "properties": {}, "geometry": {"type": "LineString", "coordinates": [[11.0356826, 50.9851466], [11.0356667, 50.9849792]]}}, {"type": "Feature", "properties": {}, "geometry": {"type": "LineString", "coordinates": [[11.0342057, 50.9854957], [11.0346053, 50.9853918]]}}, {"type": "Feature", "properties": {}, "geometry": {"type": "LineString", "coordinates": [[11.0338375, 50.9849006], [11.0333656, 50.9849851]]}}, {"type": "Feature", "properties": {}, "geometry": {"type": "LineString", "coordinates": [[11.0322872, 50.9853589], [11.032605, 50.9854105]]}}, {"type": "Feature", "properties": {}, "geometry": {"type": "LineString", "coordinates": [[11.0338375, 50.9849006], [11.0341661, 50.9851491]]}}, {"type": "Feature", "properties": {}, "geometry": {"type": "LineString", "coordinates": [[11.0338375, 50.9849006], [11.0338985, 50.9852051]]}}, {"type": "Feature", "properties": {}, "geometry": {"type": "LineString", "coordinates": [[11.0338375, 50.9849006], [11.0340967, 50.9852813]]}}, {"type": "Feature", "properties": {}, "geometry": {"type": "LineString", "coordinates": [[11.0346815, 50.9849752], [11.0348525, 50.9849662]]}}, {"type": "Feature", "properties": {}, "geometry": {"type": "LineString", "coordinates": [[11.0346815, 50.9849752], [11.0348871, 50.9850383]]}}, {"type": "Feature", "properties": {}, "geometry": {"type": "LineString", "coordinates": [[11.0324551, 50.9859465], [11.032084, 50.9859242]]}}, {"type": "Feature", "properties": {}, "geometry": {"type": "LineString", "coordinates": [[11.0329215, 50.9856516], [11.0330819, 50.9857804]]}}, {"type": "Feature", "properties": {}, "geometry": {"type": "LineString", "coordinates": [[11.0383509, 50.9854599], [11.0386128, 50.9853682]]}}, {"type": "Feature", "properties": {}, "geometry": {"type": "LineString", "coordinates": [[11.0383509, 50.9854599], [11.038531, 50.9856877]]}}, {"type": "Feature", "properties": {}, "geometry": {"type": "LineString", "coordinates": [[11.0384001, 50.9866708], [11.0380583, 50.9867291]]}}, {"type": "Feature", "properties": {}, "geometry": {"type": "LineString", "coordinates": [[11.0384001, 50.9866708], [11.0387935, 50.9865683]]}}, {"type": "Feature", "properties": {}, "geometry": {"type": "LineString", "coordinates": [[11.0317536, 50.9899844], [11.0315908, 50.9897438]]}}, {"type": "Feature", "properties": {}, "geometry": {"type": "LineString", "coordinates": [[11.0301082, 50.9880599], [11.0304117, 50.987972]]}}, {"type": "Feature", "properties": {}, "geometry": {"type": "LineString", "coordinates": [[11.0283767, 50.9883814], [11.0284641, 50.9881822]]}}, {"type": "Feature", "properties": {}, "geometry": {"type": "LineString", "coordinates": [[11.028507, 50.9880438], [11.0286179, 50.9878683]]}}, {"type": "Feature", "properties": {}, "geometry": {"type": "LineString", "coordinates": [[11.0314081, 50.9877788], [11.0311391, 50.9877599]]}}, {"type": "Feature", "properties": {}, "geometry": {"type": "LineString", "coordinates": [[11.0295048, 50.9878992], [11.0293107, 50.9877845]]}}, {"type": "Feature", "properties": {}, "geometry": {"type": "LineString", "coordinates": [[11.0313056, 50.9980886], [11.0315689, 50.9982611]]}}, {"type": "Feature", "properties": {}, "geometry": {"type": "LineString", "coordinates": [[11.0313718, 50.9969096], [11.0316312, 50.9967432]]}}, {"type": "Feature", "properties": {}, "geometry": {"type": "LineString", "coordinates": [[11.0324123, 50.9884956], [11.032368, 50.9887129]]}}, {"type": "Feature", "properties": {}, "geometry": {"type": "LineString", "coordinates": [[11.0324654, 50.988294], [11.0324406, 50.9885257]]}}, {"type": "Feature", "properties": {}, "geometry": {"type": "LineString", "coordinates": [[11.0324123, 50.9884956], [11.0323133, 50.988295]]}}, {"type": "Feature", "properties": {}, "geometry": {"type": "LineString", "coordinates": [[11.0248811, 50.9949527], [11.0248572, 50.9950368]]}}, {"type": "Feature", "properties": {}, "geometry": {"type": "LineString", "coordinates": [[11.0252589, 50.9938914], [11.0252956, 50.9940706]]}}, {"type": "Feature", "properties": {}, "geometry": {"type": "LineString", "coordinates": [[11.0250708, 50.9933156], [11.0252062, 50.9934643]]}}, {"type": "Feature", "properties": {}, "geometry": {"type": "LineString", "coordinates": [[11.0254243, 50.9949928], [11.0254062, 50.9948287]]}}, {"type": "Feature", "properties": {}, "geometry": {"type": "LineString", "coordinates": [[11.0244998, 50.9949812], [11.0247341, 50.9950469]]}}, {"type": "Feature", "properties": {}, "geometry": {"type": "LineString", "coordinates": [[11.0245385, 50.9950544], [11.0244403, 50.9950638]]}}, {"type": "Feature", "properties": {}, "geometry": {"type": "LineString", "coordinates": [[11.0244998, 50.9949812], [11.0243211, 50.9950704]]}}, {"type": "Feature", "properties": {}, "geometry": {"type": "LineString", "coordinates": [[11.0245385, 50.9950544], [11.0245414, 50.9950583]]}}, {"type": "Feature", "properties": {}, "geometry": {"type": "LineString", "coordinates": [[11.0253072, 50.994162], [11.0253249, 50.9942781]]}}, {"type": "Feature", "properties": {}, "geometry": {"type": "LineString", "coordinates": [[11.0252395, 50.9937147], [11.0252693, 50.9938928]]}}, {"type": "Feature", "properties": {}, "geometry": {"type": "LineString", "coordinates": [[11.0252395, 50.9937147], [11.0252541, 50.9938035]]}}, {"type": "Feature", "properties": {}, "geometry": {"type": "LineString", "coordinates": [[11.0252589, 50.9938914], [11.0252825, 50.9939818]]}}, {"type": "Feature", "properties": {}, "geometry": {"type": "LineString", "coordinates": [[11.0251688, 50.9939895], [11.0252825, 50.9939818]]}}, {"type": "Feature", "properties": {}, "geometry": {"type": "LineString", "coordinates": [[11.0251991, 50.9934654], [11.0252358, 50.9936769]]}}, {"type": "Feature", "properties": {}, "geometry": {"type": "LineString", "coordinates": [[11.0252589, 50.9938914], [11.0252358, 50.9936769]]}}, {"type": "Feature", "properties": {}, "geometry": {"type": "LineString", "coordinates": [[11.0244817, 50.9960289], [11.0241843, 50.9959169]]}}, {"type": "Feature", "properties": {}, "geometry": {"type": "LineString", "coordinates": [[11.0252395, 50.9937147], [11.0252181, 50.9935523]]}}, {"type": "Feature", "properties": {}, "geometry": {"type": "LineString", "coordinates": [[11.0254243, 50.9949928], [11.0251305, 50.9950196]]}}, {"type": "Feature", "properties": {}, "geometry": {"type": "LineString", "coordinates": [[11.024245, 50.9933648], [11.0243519, 50.9932395]]}}, {"type": "Feature", "properties": {}, "geometry": {"type": "LineString", "coordinates": [[11.023689, 50.9948955], [11.0236628, 50.9947118]]}}, {"type": "Feature", "properties": {}, "geometry": {"type": "LineString", "coordinates": [[11.024245, 50.9933648], [11.0241948, 50.9932448]]}}, {"type": "Feature", "properties": {}, "geometry": {"type": "LineString", "coordinates": [[11.0219324, 50.9901399], [11.0220746, 50.9899489]]}}, {"type": "Feature", "properties": {}, "geometry": {"type": "LineString", "coordinates": [[11.0246995, 50.9932885], [11.0245062, 50.9932355]]}}, {"type": "Feature", "properties": {}, "geometry": {"type": "LineString", "coordinates": [[11.023689, 50.9948955], [11.0237081, 50.9949931]]}}, {"type": "Feature", "properties": {}, "geometry": {"type": "LineString", "coordinates": [[11.0239042, 50.9933793], [11.0237274, 50.9932802]]}}, {"type": "Feature", "properties": {}, "geometry": {"type": "LineString", "coordinates": [[11.0240363, 50.9932487], [11.0237274, 50.9932802]]}}, {"type": "Feature", "properties": {}, "geometry": {"type": "LineString", "coordinates": [[11.0223087, 50.9893907], [11.0226411, 50.9893254]]}}, {"type": "Feature", "properties": {}, "geometry": {"type": "LineString", "coordinates": [[11.0279057, 50.9857171], [11.0278391, 50.9859148]]}}, {"type": "Feature", "properties": {}, "geometry": {"type": "LineString", "coordinates": [[11.0298005, 50.9873622], [11.0296189, 50.9875265]]}}, {"type": "Feature", "properties": {}, "geometry": {"type": "LineString", "coordinates": [[11.0293555, 50.9999673], [11.0291829, 50.9999991]]}}, {"type": "Feature", "properties": {}, "geometry": {"type": "LineString", "coordinates": [[11.0292897, 50.9998543], [11.0291829, 50.9999991]]}}, {"type": "Feature", "properties": {}, "geometry": {"type": "LineString", "coordinates": [[11.0284541, 50.9999789], [11.0285738, 50.9999968]]}}, {"type": "Feature", "properties": {}, "geometry": {"type": "LineString", "coordinates": [[11.0247575, 50.9880461], [11.024888, 50.9880012]]}}, {"type": "Feature", "properties": {}, "geometry": {"type": "LineString", "coordinates": [[11.0247276, 50.9881125], [11.024888, 50.9880012]]}}, {"type": "Feature", "properties": {}, "geometry": {"type": "LineString", "coordinates": [[11.026356, 50.9886125], [11.0266613, 50.9885248]]}}, {"type": "Feature", "properties": {}, "geometry": {"type": "LineString", "coordinates": [[11.026631, 50.9881475], [11.0268156, 50.9881478]]}}, {"type": "Feature", "properties": {}, "geometry": {"type": "LineString", "coordinates": [[11.026631, 50.9881475], [11.0267805, 50.9882372]]}}, {"type": "Feature", "properties": {}, "geometry": {"type": "LineString", "coordinates": [[11.0251594, 50.988115], [11.0254212, 50.9880278]]}}, {"type": "Feature", "properties": {}, "geometry": {"type": "LineString", "coordinates": [[11.0251304, 50.9883343], [11.0250018, 50.9883905]]}}, {"type": "Feature", "properties": {}, "geometry": {"type": "LineString", "coordinates": [[11.0251594, 50.988115], [11.0253717, 50.9881317]]}}, {"type": "Feature", "properties": {}, "geometry": {"type": "LineString", "coordinates": [[11.0247276, 50.9881125], [11.025047, 50.988054]]}}, {"type": "Feature", "properties": {}, "geometry": {"type": "LineString", "coordinates": [[11.0247575, 50.9880461], [11.025047, 50.988054]]}}, {"type": "Feature", "properties": {}, "geometry": {"type": "LineString", "coordinates": [[11.0252675, 50.9881938], [11.0252914, 50.988324]]}}, {"type": "Feature", "properties": {}, "geometry": {"type": "LineString", "coordinates": [[11.0265497, 50.9882014], [11.026734, 50.988327]]}}, {"type": "Feature", "properties": {}, "geometry": {"type": "LineString", "coordinates": [[11.0230083, 50.9875584], [11.023154, 50.9874091]]}}, {"type": "Feature", "properties": {}, "geometry": {"type": "LineString", "coordinates": [[11.0240128, 50.9872111], [11.024066, 50.9870181]]}}, {"type": "Feature", "properties": {}, "geometry": {"type": "LineString", "coordinates": [[11.0251019, 50.9911799], [11.0252818, 50.9912627]]}}, {"type": "Feature", "properties": {}, "geometry": {"type": "LineString", "coordinates": [[11.0253682, 50.9901646], [11.0250656, 50.9901356]]}}, {"type": "Feature", "properties": {}, "geometry": {"type": "LineString", "coordinates": [[11.0242697, 50.9900193], [11.0241067, 50.9901757]]}}, {"type": "Feature", "properties": {}, "geometry": {"type": "LineString", "coordinates": [[11.0239309, 50.9903545], [11.0237883, 50.9905005]]}}, {"type": "Feature", "properties": {}, "geometry": {"type": "LineString", "coordinates": [[11.0232313, 50.990502], [11.0230775, 50.9906523]]}}, {"type": "Feature", "properties": {}, "geometry": {"type": "LineString", "coordinates": [[11.0247549, 50.990926], [11.0248326, 50.9907444]]}}, {"type": "Feature", "properties": {}, "geometry": {"type": "LineString", "coordinates": [[11.0246265, 50.9900725], [11.0245427, 50.9902957]]}}, {"type": "Feature", "properties": {}, "geometry": {"type": "LineString", "coordinates": [[11.0246611, 50.9911671], [11.0247596, 50.9909297]]}}, {"type": "Feature", "properties": {}, "geometry": {"type": "LineString", "coordinates": [[11.0249024, 50.9905602], [11.0249778, 50.9903758]]}}, {"type": "Feature", "properties": {}, "geometry": {"type": "LineString", "coordinates": [[11.0258822, 50.9888364], [11.0261622, 50.9888785]]}}, {"type": "Feature", "properties": {}, "geometry": {"type": "LineString", "coordinates": [[11.0234659, 50.9908392], [11.0234978, 50.9910105]]}}, {"type": "Feature", "properties": {}, "geometry": {"type": "LineString", "coordinates": [[11.0250024, 50.990283], [11.0252365, 50.9901456]]}}, {"type": "Feature", "properties": {}, "geometry": {"type": "LineString", "coordinates": [[11.0247221, 50.9910184], [11.0248146, 50.9912133]]}}, {"type": "Feature", "properties": {}, "geometry": {"type": "LineString", "coordinates": [[11.0251019, 50.9911799], [11.0248146, 50.9912133]]}}, {"type": "Feature", "properties": {}, "geometry": {"type": "LineString", "coordinates": [[11.0240118, 50.9902736], [11.0238693, 50.9904214]]}}, {"type": "Feature", "properties": {}, "geometry": {"type": "LineString", "coordinates": [[11.0234002, 50.9925202], [11.023403, 50.9926721]]}}, {"type": "Feature", "properties": {}, "geometry": {"type": "LineString", "coordinates": [[11.025446, 50.9916031], [11.0252487, 50.9915301]]}}, {"type": "Feature", "properties": {}, "geometry": {"type": "LineString", "coordinates": [[11.0242681, 50.992951], [11.0240822, 50.9930673]]}}, {"type": "Feature", "properties": {}, "geometry": {"type": "LineString", "coordinates": [[11.0250853, 50.9926717], [11.0251047, 50.9925271]]}}, {"type": "Feature", "properties": {}, "geometry": {"type": "LineString", "coordinates": [[11.0248386, 50.9925435], [11.0251047, 50.9925271]]}}, {"type": "Feature", "properties": {}, "geometry": {"type": "LineString", "coordinates": [[11.0250702, 50.9919574], [11.0252796, 50.9920576]]}}, {"type": "Feature", "properties": {}, "geometry": {"type": "LineString", "coordinates": [[11.0234002, 50.9925202], [11.0234012, 50.9923552]]}}, {"type": "Feature", "properties": {}, "geometry": {"type": "LineString", "coordinates": [[11.0234107, 50.9921066], [11.0234128, 50.992196]]}}, {"type": "Feature", "properties": {}, "geometry": {"type": "LineString", "coordinates": [[11.0234107, 50.9921066], [11.023406, 50.9922766]]}}, {"type": "Feature", "properties": {}, "geometry": {"type": "LineString", "coordinates": [[11.0237929, 50.9913967], [11.0240225, 50.9913528]]}}, {"type": "Feature", "properties": {}, "geometry": {"type": "LineString", "coordinates": [[11.0248974, 50.992747], [11.0250887, 50.9926527]]}}, {"type": "Feature", "properties": {}, "geometry": {"type": "LineString", "coordinates": [[11.0244403, 50.9897346], [11.0247903, 50.9896449]]}}, {"type": "Feature", "properties": {}, "geometry": {"type": "LineString", "coordinates": [[11.0329048, 50.9871816], [11.032565, 50.9871252]]}}, {"type": "Feature", "properties": {}, "geometry": {"type": "LineString", "coordinates": [[11.0334858, 50.9879643], [11.033478, 50.9881215]]}}, {"type": "Feature", "properties": {}, "geometry": {"type": "LineString", "coordinates": [[11.0334858, 50.9879643], [11.0336974, 50.9881574]]}}, {"type": "Feature", "properties": {}, "geometry": {"type": "LineString", "coordinates": [[11.0337715, 50.9879769], [11.0336974, 50.9881574]]}}, {"type": "Feature", "properties": {}, "geometry": {"type": "LineString", "coordinates": [[11.0347235, 50.9883183], [11.0349964, 50.9882164]]}}, {"type": "Feature", "properties": {}, "geometry": {"type": "LineString", "coordinates": [[11.0331915, 50.9884101], [11.032944, 50.9884781]]}}, {"type": "Feature", "properties": {}, "geometry": {"type": "LineString", "coordinates": [[11.0351957, 50.9872381], [11.0353516, 50.9873112]]}}, {"type": "Feature", "properties": {}, "geometry": {"type": "LineString", "coordinates": [[11.0326551, 50.9878142], [11.0324993, 50.9879843]]}}, {"type": "Feature", "properties": {}, "geometry": {"type": "LineString", "coordinates": [[11.0341206, 50.9861937], [11.0337647, 50.9863277]]}}, {"type": "Feature", "properties": {}, "geometry": {"type": "LineString", "coordinates": [[11.0337879, 50.9863158], [11.0337198, 50.9864578]]}}, {"type": "Feature", "properties": {}, "geometry": {"type": "LineString", "coordinates": [[11.0337715, 50.9879769], [11.0338411, 50.9881784]]}}, {"type": "Feature", "properties": {}, "geometry": {"type": "LineString", "coordinates": [[11.0334793, 50.9881216], [11.0338411, 50.9881784]]}}, {"type": "Feature", "properties": {}, "geometry": {"type": "LineString", "coordinates": [[11.0339966, 50.9882029], [11.0342765, 50.9882495]]}}, {"type": "Feature", "properties": {}, "geometry": {"type": "LineString", "coordinates": [[11.0334858, 50.9879643], [11.0332428, 50.9880864]]}}, {"type": "Feature", "properties": {}, "geometry": {"type": "LineString", "coordinates": [[11.0315743, 50.9865451], [11.0316914, 50.9867241]]}}, {"type": "Feature", "properties": {}, "geometry": {"type": "LineString", "coordinates": [[11.0330536, 50.9867985], [11.0326944, 50.9868866]]}}, {"type": "Feature", "properties": {}, "geometry": {"type": "LineString", "coordinates": [[11.0337879, 50.9863158], [11.0340967, 50.9862042]]}}, {"type": "Feature", "properties": {}, "geometry": {"type": "LineString", "coordinates": [[11.0362871, 50.9875215], [11.0361231, 50.9873203]]}}, {"type": "Feature", "properties": {}, "geometry": {"type": "LineString", "coordinates": [[11.0369488, 50.9885101], [11.0363257, 50.9886982]]}}, {"type": "Feature", "properties": {}, "geometry": {"type": "LineString", "coordinates": [[11.0369488, 50.9885101], [11.0364271, 50.9889087]]}}, {"type": "Feature", "properties": {}, "geometry": {"type": "LineString", "coordinates": [[11.0358095, 50.9859911], [11.0356739, 50.9861635]]}}, {"type": "Feature", "properties": {}, "geometry": {"type": "LineString", "coordinates": [[11.0369488, 50.9885101], [11.0375767, 50.9886691]]}}, {"type": "Feature", "properties": {}, "geometry": {"type": "LineString", "coordinates": [[11.0359527, 50.9859866], [11.0360954, 50.9858936]]}}, {"type": "Feature", "properties": {}, "geometry": {"type": "LineString", "coordinates": [[11.0354463, 50.9856584], [11.0351312, 50.9856508]]}}, {"type": "Feature", "properties": {}, "geometry": {"type": "LineString", "coordinates": [[11.0235793, 50.9898359], [11.0237086, 50.9898738]]}}, {"type": "Feature", "properties": {}, "geometry": {"type": "LineString", "coordinates": [[11.0205293, 50.9854111], [11.020341, 50.9854819]]}}, {"type": "Feature", "properties": {}, "geometry": {"type": "LineString", "coordinates": [[11.0201712, 50.9853224], [11.020341, 50.9854819]]}}, {"type": "Feature", "properties": {}, "geometry": {"type": "LineString", "coordinates": [[11.0212466, 50.9855648], [11.0212494, 50.9857615]]}}, {"type": "Feature", "properties": {}, "geometry": {"type": "LineString", "coordinates": [[11.0214764, 50.9853372], [11.0217733, 50.9854217]]}}, {"type": "Feature", "properties": {}, "geometry": {"type": "LineString", "coordinates": [[11.0205293, 50.9854111], [11.0202498, 50.9853924]]}}, {"type": "Feature", "properties": {}, "geometry": {"type": "LineString", "coordinates": [[11.0212562, 50.9858881], [11.021353, 50.9860561]]}}, {"type": "Feature", "properties": {}, "geometry": {"type": "LineString", "coordinates": [[11.030085, 51.0012787], [11.0298484, 51.0013781]]}}, {"type": "Feature", "properties": {}, "geometry": {"type": "LineString", "coordinates": [[11.0301176, 51.0011931], [11.0298484, 51.0013781]]}}, {"type": "Feature", "properties": {}, "geometry": {"type": "LineString", "coordinates": [[11.030085, 51.0012787], [11.0302573, 51.0013993]]}}, {"type": "Feature", "properties": {}, "geometry": {"type": "LineString", "coordinates": [[11.0287477, 51.0007041], [11.0287051, 51.0005847]]}}, {"type": "Feature", "properties": {}, "geometry": {"type": "LineString", "coordinates": [[11.0311451, 51.0015803], [11.0313247, 51.0016794]]}}, {"type": "Feature", "properties": {}, "geometry": {"type": "LineString", "coordinates": [[11.0311451, 51.0015803], [11.0314276, 51.0016116]]}}, {"type": "Feature", "properties": {}, "geometry": {"type": "LineString", "coordinates": [[11.0291638, 51.0009633], [11.0292667, 51.0008426]]}}, {"type": "Feature", "properties": {}, "geometry": {"type": "LineString", "coordinates": [[11.0377846, 50.9868537], [11.0376366, 50.9867245]]}}, {"type": "Feature", "properties": {}, "geometry": {"type": "LineString", "coordinates": [[11.0383509, 50.9854599], [11.0383049, 50.9854888]]}}, {"type": "Feature", "properties": {}, "geometry": {"type": "LineString", "coordinates": [[11.0382448, 50.9853877], [11.0383049, 50.9854888]]}}, {"type": "Feature", "properties": {}, "geometry": {"type": "LineString", "coordinates": [[11.0382448, 50.9853877], [11.038358, 50.9854566]]}}, {"type": "Feature", "properties": {}, "geometry": {"type": "LineString", "coordinates": [[11.0283507, 50.9978446], [11.0285503, 50.9977577]]}}, {"type": "Feature", "properties": {}, "geometry": {"type": "LineString", "coordinates": [[11.0278954, 50.9972737], [11.0276193, 50.9974084]]}}, {"type": "Feature", "properties": {}, "geometry": {"type": "LineString", "coordinates": [[11.0227246, 51.0015874], [11.0224047, 51.001524]]}}, {"type": "Feature", "properties": {}, "geometry": {"type": "LineString", "coordinates": [[11.0224901, 51.0018322], [11.0222978, 51.0016339]]}}, {"type": "Feature", "properties": {}, "geometry": {"type": "LineString", "coordinates": [[11.0227246, 51.0015874], [11.0222978, 51.0016339]]}}, {"type": "Feature", "properties": {}, "geometry": {"type": "LineString", "coordinates": [[11.0224901, 51.0018322], [11.0223896, 51.0016555]]}}, {"type": "Feature", "properties": {}, "geometry": {"type": "LineString", "coordinates": [[11.0227246, 51.0015874], [11.0223896, 51.0016555]]}}, {"type": "Feature", "properties": {}, "geometry": {"type": "LineString", "coordinates": [[11.0224901, 51.0018322], [11.0227254, 51.0017423]]}}, {"type": "Feature", "properties": {}, "geometry": {"type": "LineString", "coordinates": [[11.026179, 50.9987265], [11.0260172, 50.9988337]]}}, {"type": "Feature", "properties": {}, "geometry": {"type": "LineString", "coordinates": [[11.025896, 50.9987437], [11.0260172, 50.9988337]]}}, {"type": "Feature", "properties": {}, "geometry": {"type": "LineString", "coordinates": [[11.0260813, 50.9986056], [11.0263304, 50.9984898]]}}, {"type": "Feature", "properties": {}, "geometry": {"type": "LineString", "coordinates": [[11.0308566, 50.9998601], [11.0308501, 50.9999571]]}}, {"type": "Feature", "properties": {}, "geometry": {"type": "LineString", "coordinates": [[11.0307468, 50.9999282], [11.0308501, 50.9999571]]}}, {"type": "Feature", "properties": {}, "geometry": {"type": "LineString", "coordinates": [[11.0316681, 51.0012673], [11.0320415, 51.0012129]]}}, {"type": "Feature", "properties": {}, "geometry": {"type": "LineString", "coordinates": [[11.0262493, 50.9986042], [11.0261811, 50.9987283]]}}, {"type": "Feature", "properties": {}, "geometry": {"type": "LineString", "coordinates": [[11.0260813, 50.9986056], [11.0261811, 50.9987283]]}}, {"type": "Feature", "properties": {}, "geometry": {"type": "LineString", "coordinates": [[11.0249999, 50.9987331], [11.0250043, 50.9985847]]}}, {"type": "Feature", "properties": {}, "geometry": {"type": "LineString", "coordinates": [[11.0312645, 51.0005102], [11.031403, 51.0005775]]}}, {"type": "Feature", "properties": {}, "geometry": {"type": "LineString", "coordinates": [[11.0276528, 50.9997376], [11.0279099, 50.9996095]]}}, {"type": "Feature", "properties": {}, "geometry": {"type": "LineString", "coordinates": [[11.0249999, 50.9987331], [11.0249036, 50.9986005]]}}, {"type": "Feature", "properties": {}, "geometry": {"type": "LineString", "coordinates": [[11.0241304, 50.9989672], [11.0239819, 50.9988375]]}}, {"type": "Feature", "properties": {}, "geometry": {"type": "LineString", "coordinates": [[11.0313603, 51.0011491], [11.0310894, 51.0010134]]}}, {"type": "Feature", "properties": {}, "geometry": {"type": "LineString", "coordinates": [[11.0313972, 51.0005766], [11.0316066, 51.0005817]]}}, {"type": "Feature", "properties": {}, "geometry": {"type": "LineString", "coordinates": [[11.041405, 50.9850424], [11.04242, 50.9847321]]}}, {"type": "Feature", "properties": {}, "geometry": {"type": "LineString", "coordinates": [[11.024246, 50.9996283], [11.0241477, 50.9994829]]}}, {"type": "Feature", "properties": {}, "geometry": {"type": "LineString", "coordinates": [[11.0234153, 50.9987658], [11.023697, 50.998758]]}}, {"type": "Feature", "properties": {}, "geometry": {"type": "LineString", "coordinates": [[11.0245452, 50.999797], [11.024778, 50.9997265]]}}, {"type": "Feature", "properties": {}, "geometry": {"type": "LineString", "coordinates": [[11.0245025, 50.9997525], [11.024778, 50.9997265]]}}, {"type": "Feature", "properties": {}, "geometry": {"type": "LineString", "coordinates": [[11.0236161, 50.9996981], [11.0237207, 50.9996041]]}}, {"type": "Feature", "properties": {}, "geometry": {"type": "LineString", "coordinates": [[11.0237125, 50.9997216], [11.0237207, 50.9996041]]}}, {"type": "Feature", "properties": {}, "geometry": {"type": "LineString", "coordinates": [[11.0234153, 50.9987658], [11.0236578, 50.9988469]]}}, {"type": "Feature", "properties": {}, "geometry": {"type": "LineString", "coordinates": [[11.0233078, 50.9987988], [11.0236578, 50.9988469]]}}, {"type": "Feature", "properties": {}, "geometry": {"type": "LineString", "coordinates": [[11.0232744, 50.9978008], [11.0231086, 50.9976083]]}}, {"type": "Feature", "properties": {}, "geometry": {"type": "LineString", "coordinates": [[11.023841, 50.9983263], [11.0238629, 50.9982358]]}}, {"type": "Feature", "properties": {}, "geometry": {"type": "LineString", "coordinates": [[11.0237256, 50.9983266], [11.0238629, 50.9982358]]}}, {"type": "Feature", "properties": {}, "geometry": {"type": "LineString", "coordinates": [[11.0236225, 50.9984955], [11.0238629, 50.9982358]]}}, {"type": "Feature", "properties": {}, "geometry": {"type": "LineString", "coordinates": [[11.0236225, 50.9984955], [11.0231336, 50.9984219]]}}, {"type": "Feature", "properties": {}, "geometry": {"type": "LineString", "coordinates": [[11.0230893, 50.9976753], [11.023359, 50.9976483]]}}, {"type": "Feature", "properties": {}, "geometry": {"type": "LineString", "coordinates": [[11.0232744, 50.9978008], [11.0234535, 50.9978198]]}}, {"type": "Feature", "properties": {}, "geometry": {"type": "LineString", "coordinates": [[11.0232744, 50.9978008], [11.0229835, 50.9979624]]}}, {"type": "Feature", "properties": {}, "geometry": {"type": "LineString", "coordinates": [[11.0232744, 50.9978008], [11.0229911, 50.9978253]]}}, {"type": "Feature", "properties": {}, "geometry": {"type": "LineString", "coordinates": [[11.023841, 50.9983263], [11.0236342, 50.9984978]]}}, {"type": "Feature", "properties": {}, "geometry": {"type": "LineString", "coordinates": [[11.0236225, 50.9984955], [11.0236342, 50.9984978]]}}, {"type": "Feature", "properties": {}, "geometry": {"type": "LineString", "coordinates": [[11.0232744, 50.9978008], [11.0234108, 50.9979251]]}}, {"type": "Feature", "properties": {}, "geometry": {"type": "LineString", "coordinates": [[11.0334858, 50.9879643], [11.0335141, 50.9880427]]}}, {"type": "Feature", "properties": {}, "geometry": {"type": "LineString", "coordinates": [[11.0334793, 50.9881216], [11.0335141, 50.9880427]]}}, {"type": "Feature", "properties": {}, "geometry": {"type": "LineString", "coordinates": [[11.0334793, 50.9881216], [11.033414, 50.9879964]]}}, {"type": "Feature", "properties": {}, "geometry": {"type": "LineString", "coordinates": [[11.0332414, 50.9880884], [11.033414, 50.9879964]]}}, {"type": "Feature", "properties": {}, "geometry": {"type": "LineString", "coordinates": [[11.0347749, 50.9877972], [11.034972, 50.9878799]]}}, {"type": "Feature", "properties": {}, "geometry": {"type": "LineString", "coordinates": [[11.0347749, 50.9877972], [11.0345181, 50.9877334]]}}, {"type": "Feature", "properties": {}, "geometry": {"type": "LineString", "coordinates": [[11.0313972, 51.0005766], [11.0312705, 51.0005951]]}}, {"type": "Feature", "properties": {}, "geometry": {"type": "LineString", "coordinates": [[11.0312645, 51.0005102], [11.0312705, 51.0005951]]}}, {"type": "Feature", "properties": {}, "geometry": {"type": "LineString", "coordinates": [[11.0312592, 51.0005869], [11.0312689, 51.0004999]]}}, {"type": "Feature", "properties": {}, "geometry": {"type": "LineString", "coordinates": [[11.0313972, 51.0005766], [11.0312747, 51.0004288]]}}, {"type": "Feature", "properties": {}, "geometry": {"type": "LineString", "coordinates": [[11.031598, 51.0000629], [11.0315207, 51.000173]]}}, {"type": "Feature", "properties": {}, "geometry": {"type": "LineString", "coordinates": [[11.031598, 51.0000629], [11.0316073, 51.0001255]]}}, {"type": "Feature", "properties": {}, "geometry": {"type": "LineString", "coordinates": [[11.0288605, 50.9856622], [11.0286924, 50.9855088]]}}, {"type": "Feature", "properties": {}, "geometry": {"type": "LineString", "coordinates": [[11.0284292, 50.9856196], [11.0285172, 50.9856639]]}}, {"type": "Feature", "properties": {}, "geometry": {"type": "LineString", "coordinates": [[11.0285552, 50.985711], [11.0285172, 50.9856639]]}}, {"type": "Feature", "properties": {}, "geometry": {"type": "LineString", "coordinates": [[11.0284489, 50.9857948], [11.0285172, 50.9856639]]}}, {"type": "Feature", "properties": {}, "geometry": {"type": "LineString", "coordinates": [[11.0209035, 50.9969439], [11.0207068, 50.9969042]]}}, {"type": "Feature", "properties": {}, "geometry": {"type": "LineString", "coordinates": [[11.0202913, 50.9962357], [11.0203295, 50.9961035]]}}, {"type": "Feature", "properties": {}, "geometry": {"type": "LineString", "coordinates": [[11.0200578, 50.9965193], [11.0200647, 50.9966806]]}}, {"type": "Feature", "properties": {}, "geometry": {"type": "LineString", "coordinates": [[11.0209989, 50.9969617], [11.0208049, 50.9969229]]}}, {"type": "Feature", "properties": {}, "geometry": {"type": "LineString", "coordinates": [[11.029217, 50.9967749], [11.0294206, 50.9968294]]}}, {"type": "Feature", "properties": {}, "geometry": {"type": "LineString", "coordinates": [[11.0281019, 50.9992098], [11.0283506, 50.9992254]]}}, {"type": "Feature", "properties": {}, "geometry": {"type": "LineString", "coordinates": [[11.0217728, 51.0000468], [11.0215744, 50.9999875]]}}, {"type": "Feature", "properties": {}, "geometry": {"type": "LineString", "coordinates": [[11.0217728, 51.0000468], [11.0216323, 51.0000663]]}}, {"type": "Feature", "properties": {}, "geometry": {"type": "LineString", "coordinates": [[11.0217728, 51.0000468], [11.0219257, 51.00012]]}}, {"type": "Feature", "properties": {}, "geometry": {"type": "LineString", "coordinates": [[11.0217728, 51.0000468], [11.0218876, 51.0001459]]}}, {"type": "Feature", "properties": {}, "geometry": {"type": "LineString", "coordinates": [[11.024347, 50.9985594], [11.0246181, 50.9986016]]}}, {"type": "Feature", "properties": {}, "geometry": {"type": "LineString", "coordinates": [[11.0266435, 50.9961412], [11.0267493, 50.9959977]]}}, {"type": "Feature", "properties": {}, "geometry": {"type": "LineString", "coordinates": [[11.0264035, 50.9962253], [11.0266407, 50.9961008]]}}, {"type": "Feature", "properties": {}, "geometry": {"type": "LineString", "coordinates": [[11.0267461, 50.9962163], [11.0266407, 50.9961008]]}}, {"type": "Feature", "properties": {}, "geometry": {"type": "LineString", "coordinates": [[11.0264035, 50.9962253], [11.0266728, 50.9962518]]}}, {"type": "Feature", "properties": {}, "geometry": {"type": "LineString", "coordinates": [[11.0264501, 50.9963645], [11.0265709, 50.9964036]]}}, {"type": "Feature", "properties": {}, "geometry": {"type": "LineString", "coordinates": [[11.0264035, 50.9962253], [11.0266471, 50.996302]]}}, {"type": "Feature", "properties": {}, "geometry": {"type": "LineString", "coordinates": [[11.0257365, 50.9988007], [11.0259461, 50.9987141]]}}, {"type": "Feature", "properties": {}, "geometry": {"type": "LineString", "coordinates": [[11.0262493, 50.9986042], [11.0260813, 50.9986056]]}}, {"type": "Feature", "properties": {}, "geometry": {"type": "LineString", "coordinates": [[11.026179, 50.9987265], [11.0260813, 50.9986056]]}}, {"type": "Feature", "properties": {}, "geometry": {"type": "LineString", "coordinates": [[11.0338375, 50.9849006], [11.03432, 50.9849782]]}}, {"type": "Feature", "properties": {}, "geometry": {"type": "LineString", "coordinates": [[11.0338375, 50.9849006], [11.0342254, 50.9849603]]}}, {"type": "Feature", "properties": {}, "geometry": {"type": "LineString", "coordinates": [[11.0338375, 50.9849006], [11.0336263, 50.9848299]]}}, {"type": "Feature", "properties": {}, "geometry": {"type": "LineString", "coordinates": [[11.0338375, 50.9849006], [11.0335927, 50.9849743]]}}, {"type": "Feature", "properties": {}, "geometry": {"type": "LineString", "coordinates": [[11.0338375, 50.9849006], [11.0335412, 50.9850683]]}}, {"type": "Feature", "properties": {}, "geometry": {"type": "LineString", "coordinates": [[11.0338375, 50.9849006], [11.0337405, 50.9849821]]}}, {"type": "Feature", "properties": {}, "geometry": {"type": "LineString", "coordinates": [[11.0338375, 50.9849006], [11.0337624, 50.9850042]]}}, {"type": "Feature", "properties": {}, "geometry": {"type": "LineString", "coordinates": [[11.0338375, 50.9849006], [11.0334926, 50.9850727]]}}, {"type": "Feature", "properties": {}, "geometry": {"type": "LineString", "coordinates": [[11.0338375, 50.9849006], [11.0341479, 50.9850635]]}}, {"type": "Feature", "properties": {}, "geometry": {"type": "LineString", "coordinates": [[11.0338375, 50.9849006], [11.0342185, 50.9850104]]}}, {"type": "Feature", "properties": {}, "geometry": {"type": "LineString", "coordinates": [[11.0338375, 50.9849006], [11.0339823, 50.9853525]]}}, {"type": "Feature", "properties": {}, "geometry": {"type": "LineString", "coordinates": [[11.0338375, 50.9849006], [11.0338928, 50.9853704]]}}, {"type": "Feature", "properties": {}, "geometry": {"type": "LineString", "coordinates": [[11.0251594, 50.988115], [11.0250271, 50.9881407]]}}, {"type": "Feature", "properties": {}, "geometry": {"type": "LineString", "coordinates": [[11.0253659, 50.9881297], [11.0251568, 50.9881135]]}}, {"type": "Feature", "properties": {}, "geometry": {"type": "LineString", "coordinates": [[11.0247276, 50.9881125], [11.0247567, 50.9880449]]}}, {"type": "Feature", "properties": {}, "geometry": {"type": "LineString", "coordinates": [[11.0247276, 50.9881125], [11.0247731, 50.9879807]]}}, {"type": "Feature", "properties": {}, "geometry": {"type": "LineString", "coordinates": [[11.0248421, 50.9883673], [11.0247489, 50.9882424]]}}, {"type": "Feature", "properties": {}, "geometry": {"type": "LineString", "coordinates": [[11.0248421, 50.9883673], [11.0251289, 50.9883326]]}}, {"type": "Feature", "properties": {}, "geometry": {"type": "LineString", "coordinates": [[11.0226849, 50.9898954], [11.0230192, 50.989794]]}}, {"type": "Feature", "properties": {}, "geometry": {"type": "LineString", "coordinates": [[11.0231433, 50.9898745], [11.0229378, 50.9899094]]}}, {"type": "Feature", "properties": {}, "geometry": {"type": "LineString", "coordinates": [[11.0226849, 50.9898954], [11.0229378, 50.9899094]]}}, {"type": "Feature", "properties": {}, "geometry": {"type": "LineString", "coordinates": [[11.0255571, 51.0003753], [11.0258656, 51.0004296]]}}, {"type": "Feature", "properties": {}, "geometry": {"type": "LineString", "coordinates": [[11.0369488, 50.9885101], [11.036046, 50.9886566]]}}, {"type": "Feature", "properties": {}, "geometry": {"type": "LineString", "coordinates": [[11.0287973, 51.000986], [11.0289312, 51.00099]]}}, {"type": "Feature", "properties": {}, "geometry": {"type": "LineString", "coordinates": [[11.0290475, 51.0010444], [11.0289312, 51.00099]]}}, {"type": "Feature", "properties": {}, "geometry": {"type": "LineString", "coordinates": [[11.0290604, 51.0008097], [11.0289361, 51.0008261]]}}, {"type": "Feature", "properties": {}, "geometry": {"type": "LineString", "coordinates": [[11.0291638, 51.0009633], [11.0291526, 51.0008665]]}}, {"type": "Feature", "properties": {}, "geometry": {"type": "LineString", "coordinates": [[11.0290456, 51.0009046], [11.0291526, 51.0008665]]}}, {"type": "Feature", "properties": {}, "geometry": {"type": "LineString", "coordinates": [[11.0290604, 51.0008097], [11.0291907, 51.0008123]]}}, {"type": "Feature", "properties": {}, "geometry": {"type": "LineString", "coordinates": [[11.0291638, 51.0009633], [11.0291907, 51.0008123]]}}, {"type": "Feature", "properties": {}, "geometry": {"type": "LineString", "coordinates": [[11.0289385, 51.0008323], [11.0290454, 51.0009034]]}}, {"type": "Feature", "properties": {}, "geometry": {"type": "LineString", "coordinates": [[11.0302316, 51.0010404], [11.0303297, 51.0010618]]}}, {"type": "Feature", "properties": {}, "geometry": {"type": "LineString", "coordinates": [[11.0301176, 51.0011931], [11.0303297, 51.0010618]]}}, {"type": "Feature", "properties": {}, "geometry": {"type": "LineString", "coordinates": [[11.0301176, 51.0011931], [11.0302327, 51.0010377]]}}, {"type": "Feature", "properties": {}, "geometry": {"type": "LineString", "coordinates": [[11.030739, 51.0012356], [11.0305425, 51.0011763]]}}, {"type": "Feature", "properties": {}, "geometry": {"type": "LineString", "coordinates": [[11.0305477, 51.0011521], [11.0303904, 51.0012236]]}}, {"type": "Feature", "properties": {}, "geometry": {"type": "LineString", "coordinates": [[11.0301176, 51.0011931], [11.0303904, 51.0012236]]}}, {"type": "Feature", "properties": {}, "geometry": {"type": "LineString", "coordinates": [[11.030085, 51.0012787], [11.0303904, 51.0012236]]}}, {"type": "Feature", "properties": {}, "geometry": {"type": "LineString", "coordinates": [[11.0292897, 50.9998543], [11.0293484, 50.9999607]]}}, {"type": "Feature", "properties": {}, "geometry": {"type": "LineString", "coordinates": [[11.0286416, 51.0001714], [11.0291057, 51.0001332]]}}, {"type": "Feature", "properties": {}, "geometry": {"type": "LineString", "coordinates": [[11.0289669, 51.0002977], [11.0291057, 51.0001332]]}}, {"type": "Feature", "properties": {}, "geometry": {"type": "LineString", "coordinates": [[11.0286416, 51.0001714], [11.0288343, 51.0001914]]}}, {"type": "Feature", "properties": {}, "geometry": {"type": "LineString", "coordinates": [[11.029122, 51.0002281], [11.0289821, 51.0002705]]}}, {"type": "Feature", "properties": {}, "geometry": {"type": "LineString", "coordinates": [[11.0289669, 51.0002977], [11.0291173, 51.0002291]]}}, {"type": "Feature", "properties": {}, "geometry": {"type": "LineString", "coordinates": [[11.029122, 51.0002281], [11.0291782, 51.0002872]]}}, {"type": "Feature", "properties": {}, "geometry": {"type": "LineString", "coordinates": [[11.0289669, 51.0002977], [11.0291782, 51.0002872]]}}, {"type": "Feature", "properties": {}, "geometry": {"type": "LineString", "coordinates": [[11.029122, 51.0002281], [11.0291586, 51.0003659]]}}, {"type": "Feature", "properties": {}, "geometry": {"type": "LineString", "coordinates": [[11.0289669, 51.0002977], [11.0291586, 51.0003659]]}}, {"type": "Feature", "properties": {}, "geometry": {"type": "LineString", "coordinates": [[11.0276528, 50.9997376], [11.027709, 50.9998539]]}}, {"type": "Feature", "properties": {}, "geometry": {"type": "LineString", "coordinates": [[11.0259634, 50.9977673], [11.0260229, 50.9979471]]}}, {"type": "Feature", "properties": {}, "geometry": {"type": "LineString", "coordinates": [[11.0279316, 51.0024891], [11.0279406, 51.0024779]]}}, {"type": "Feature", "properties": {}, "geometry": {"type": "LineString", "coordinates": [[11.0248884, 51.0002458], [11.02468, 51.0002181]]}}, {"type": "Feature", "properties": {}, "geometry": {"type": "LineString", "coordinates": [[11.0248884, 51.0002458], [11.024753, 51.0002738]]}}, {"type": "Feature", "properties": {}, "geometry": {"type": "LineString", "coordinates": [[11.0245452, 50.999797], [11.0245004, 50.9997765]]}}, {"type": "Feature", "properties": {}, "geometry": {"type": "LineString", "coordinates": [[11.024246, 50.9996283], [11.0241453, 50.9998509]]}}, {"type": "Feature", "properties": {}, "geometry": {"type": "LineString", "coordinates": [[11.024246, 50.9996283], [11.0241811, 50.9997633]]}}, {"type": "Feature", "properties": {}, "geometry": {"type": "LineString", "coordinates": [[11.024246, 50.9996283], [11.0243437, 50.9997478]]}}, {"type": "Feature", "properties": {}, "geometry": {"type": "LineString", "coordinates": [[11.024246, 50.9996283], [11.0240285, 50.999647]]}}, {"type": "Feature", "properties": {}, "geometry": {"type": "LineString", "coordinates": [[11.0254628, 50.9989933], [11.0255447, 50.9991804]]}}, {"type": "Feature", "properties": {}, "geometry": {"type": "LineString", "coordinates": [[11.0257166, 50.9993962], [11.0255059, 50.9993362]]}}, {"type": "Feature", "properties": {}, "geometry": {"type": "LineString", "coordinates": [[11.0285488, 50.9977593], [11.02836, 50.9979029]]}}, {"type": "Feature", "properties": {}, "geometry": {"type": "LineString", "coordinates": [[11.0278954, 50.9972737], [11.0277512, 50.9974318]]}}, {"type": "Feature", "properties": {}, "geometry": {"type": "LineString", "coordinates": [[11.0278954, 50.9972737], [11.0279702, 50.9973872]]}}, {"type": "Feature", "properties": {}, "geometry": {"type": "LineString", "coordinates": [[11.0278954, 50.9972737], [11.0278165, 50.997371]]}}, {"type": "Feature", "properties": {}, "geometry": {"type": "LineString", "coordinates": [[11.0278954, 50.9972737], [11.0277201, 50.997367]]}}, {"type": "Feature", "properties": {}, "geometry": {"type": "LineString", "coordinates": [[11.0277484, 50.9974392], [11.0277201, 50.997367]]}}, {"type": "Feature", "properties": {}, "geometry": {"type": "LineString", "coordinates": [[11.0252342, 50.997472], [11.0253413, 50.9974005]]}}, {"type": "Feature", "properties": {}, "geometry": {"type": "LineString", "coordinates": [[11.0256648, 50.9849482], [11.0256475, 50.9849731]]}}, {"type": "Feature", "properties": {}, "geometry": {"type": "LineString", "coordinates": [[11.0256648, 50.9849482], [11.025379, 50.9849065]]}}, {"type": "Feature", "properties": {}, "geometry": {"type": "LineString", "coordinates": [[11.0256648, 50.9849482], [11.0253721, 50.9849377]]}}, {"type": "Feature", "properties": {}, "geometry": {"type": "LineString", "coordinates": [[11.0317463, 50.9889373], [11.0319224, 50.9888539]]}}, {"type": "Feature", "properties": {}, "geometry": {"type": "LineString", "coordinates": [[11.0235793, 50.9898359], [11.0236988, 50.9899363]]}}, {"type": "Feature", "properties": {}, "geometry": {"type": "LineString", "coordinates": [[11.0264447, 50.9881786], [11.0264949, 50.9879048]]}}, {"type": "Feature", "properties": {}, "geometry": {"type": "LineString", "coordinates": [[11.0275498, 50.9885195], [11.0274917, 50.9886199]]}}, {"type": "Feature", "properties": {}, "geometry": {"type": "LineString", "coordinates": [[11.034657, 51.0014887], [11.0346511, 51.0015486]]}}, {"type": "Feature", "properties": {}, "geometry": {"type": "LineString", "coordinates": [[11.034657, 51.0014887], [11.0337042, 51.0014932]]}}, {"type": "Feature", "properties": {}, "geometry": {"type": "LineString", "coordinates": [[11.0257607, 50.9966462], [11.0259517, 50.9965377]]}}, {"type": "Feature", "properties": {}, "geometry": {"type": "LineString", "coordinates": [[11.0257607, 50.9966462], [11.0252898, 50.9967007]]}}, {"type": "Feature", "properties": {}, "geometry": {"type": "LineString", "coordinates": [[11.0260813, 50.9986056], [11.0260706, 50.9985992]]}}, {"type": "Feature", "properties": {}, "geometry": {"type": "LineString", "coordinates": [[11.0260813, 50.9986056], [11.0254817, 50.9986922]]}}, {"type": "Feature", "properties": {}, "geometry": {"type": "LineString", "coordinates": [[11.0260813, 50.9986056], [11.0259975, 50.9986985]]}}, {"type": "Feature", "properties": {}, "geometry": {"type": "LineString", "coordinates": [[11.025896, 50.9987437], [11.0254817, 50.9986922]]}}, {"type": "Feature", "properties": {}, "geometry": {"type": "LineString", "coordinates": [[11.025896, 50.9987437], [11.0259975, 50.9986985]]}}, {"type": "Feature", "properties": {}, "geometry": {"type": "LineString", "coordinates": [[11.0399192, 50.9864903], [11.0396276, 50.9866085]]}}, {"type": "Feature", "properties": {}, "geometry": {"type": "LineString", "coordinates": [[11.0200578, 50.9965193], [11.0201042, 50.996619]]}}, {"type": "Feature", "properties": {}, "geometry": {"type": "LineString", "coordinates": [[11.0209828, 50.997777], [11.0209944, 50.9977846]]}}, {"type": "Feature", "properties": {}, "geometry": {"type": "LineString", "coordinates": [[11.0244878, 50.9934025], [11.0247656, 50.9941455]]}}, {"type": "Feature", "properties": {}, "geometry": {"type": "LineString", "coordinates": [[11.0246698, 50.9934137], [11.0246896, 50.9934207]]}}, {"type": "Feature", "properties": {}, "geometry": {"type": "LineString", "coordinates": [[11.0300514, 50.9984322], [11.0301405, 50.9985874]]}}, {"type": "Feature", "properties": {}, "geometry": {"type": "LineString", "coordinates": [[11.0293555, 50.9999673], [11.0293167, 50.9998893]]}}, {"type": "Feature", "properties": {}, "geometry": {"type": "LineString", "coordinates": [[11.0289385, 51.0008323], [11.0296566, 51.0011207]]}}, {"type": "Feature", "properties": {}, "geometry": {"type": "LineString", "coordinates": [[11.0329781, 51.0016716], [11.0329383, 51.0017335]]}}, {"type": "Feature", "properties": {}, "geometry": {"type": "LineString", "coordinates": [[11.0227031, 50.9945739], [11.0227195, 50.9945836]]}}, {"type": "Feature", "properties": {}, "geometry": {"type": "LineString", "coordinates": [[11.0209686, 50.9881346], [11.0206763, 50.9882767]]}}, {"type": "Feature", "properties": {}, "geometry": {"type": "LineString", "coordinates": [[11.0201332, 50.9887658], [11.0203723, 50.9888042]]}}, {"type": "Feature", "properties": {}, "geometry": {"type": "LineString", "coordinates": [[11.0202007, 50.9889975], [11.0203723, 50.9888042]]}}, {"type": "Feature", "properties": {}, "geometry": {"type": "LineString", "coordinates": [[11.0207029, 51.0010643], [11.0206353, 51.000989]]}}, {"type": "Feature", "properties": {}, "geometry": {"type": "LineString", "coordinates": [[11.0442045, 50.9940042], [11.0439733, 50.9942169]]}}, {"type": "Feature", "properties": {}, "geometry": {"type": "LineString", "coordinates": [[11.0387659, 50.9963877], [11.0385912, 50.9963894]]}}, {"type": "Feature", "properties": {}, "geometry": {"type": "LineString", "coordinates": [[11.0489656, 50.9999965], [11.0489777, 50.9999791]]}}, {"type": "Feature", "properties": {}, "geometry": {"type": "LineString", "coordinates": [[11.0443473, 51.0012766], [11.0443351, 51.0012862]]}}, {"type": "Feature", "properties": {}, "geometry": {"type": "LineString", "coordinates": [[11.0478755, 51.0025497], [11.0478816, 51.002557]]}}, {"type": "Feature", "properties": {}, "geometry": {"type": "LineString", "coordinates": [[11.0416943, 50.9926822], [11.0417048, 50.9926875]]}}, {"type": "Feature", "properties": {}, "geometry": {"type": "LineString", "coordinates": [[11.0320019, 50.9884468], [11.0319224, 50.9888539]]}}, {"type": "Feature", "properties": {}, "geometry": {"type": "LineString", "coordinates": [[11.0248386, 50.9925435], [11.0246411, 50.9925559]]}}, {"type": "Feature", "properties": {}, "geometry": {"type": "LineString", "coordinates": [[11.0248386, 50.9925435], [11.0247165, 50.992875]]}}, {"type": "Feature", "properties": {}, "geometry": {"type": "LineString", "coordinates": [[11.0366479, 50.9926306], [11.0367277, 50.9925705]]}}, {"type": "Feature", "properties": {}, "geometry": {"type": "LineString", "coordinates": [[11.0366479, 50.9926306], [11.0366685, 50.9926376]]}}, {"type": "Feature", "properties": {}, "geometry": {"type": "LineString", "coordinates": [[11.043412, 50.9890418], [11.043394, 50.9889076]]}}, {"type": "Feature", "properties": {}, "geometry": {"type": "LineString", "coordinates": [[11.0223773, 51.0000631], [11.0223696, 51.0000746]]}}, {"type": "Feature", "properties": {}, "geometry": {"type": "LineString", "coordinates": [[11.0226234, 50.9992496], [11.0227199, 50.9992392]]}}, {"type": "Feature", "properties": {}, "geometry": {"type": "LineString", "coordinates": [[11.0222806, 50.9993148], [11.0223027, 50.9993231]]}}, {"type": "Feature", "properties": {}, "geometry": {"type": "LineString", "coordinates": [[11.0222769, 50.9993601], [11.0223027, 50.9993231]]}}, {"type": "Feature", "properties": {}, "geometry": {"type": "LineString", "coordinates": [[11.022279, 50.9994513], [11.0223076, 50.9994681]]}}, {"type": "Feature", "properties": {}, "geometry": {"type": "LineString", "coordinates": [[11.0231084, 50.9994619], [11.023188, 50.9994493]]}}, {"type": "Feature", "properties": {}, "geometry": {"type": "LineString", "coordinates": [[11.0206102, 50.9958722], [11.0206256, 50.9958774]]}}, {"type": "Feature", "properties": {}, "geometry": {"type": "LineString", "coordinates": [[11.0226196, 50.9986545], [11.0228752, 50.9986318]]}}, {"type": "Feature", "properties": {}, "geometry": {"type": "LineString", "coordinates": [[11.0223097, 50.9989493], [11.0223304, 50.9989555]]}}, {"type": "Feature", "properties": {}, "geometry": {"type": "LineString", "coordinates": [[11.0223097, 50.9989493], [11.0223385, 50.9990016]]}}, {"type": "Feature", "properties": {}, "geometry": {"type": "LineString", "coordinates": [[11.0326979, 50.9905912], [11.0327425, 50.9905981]]}}, {"type": "Feature", "properties": {}, "geometry": {"type": "LineString", "coordinates": [[11.0325954, 50.990856], [11.0326494, 50.9908595]]}}, {"type": "Feature", "properties": {}, "geometry": {"type": "LineString", "coordinates": [[11.0327573, 50.9908819], [11.0326494, 50.9908595]]}}, {"type": "Feature", "properties": {}, "geometry": {"type": "LineString", "coordinates": [[11.0269071, 50.9913664], [11.0271136, 50.9913385]]}}, {"type": "Feature", "properties": {}, "geometry": {"type": "LineString", "coordinates": [[11.0302489, 50.9849827], [11.0300889, 50.9848476]]}}, {"type": "Feature", "properties": {}, "geometry": {"type": "LineString", "coordinates": [[11.0297487, 50.9854034], [11.0297503, 50.9854332]]}}, {"type": "Feature", "properties": {}, "geometry": {"type": "LineString", "coordinates": [[11.0281974, 50.9888028], [11.0284322, 50.9883884]]}}, {"type": "Feature", "properties": {}, "geometry": {"type": "LineString", "coordinates": [[11.0289801, 50.997701], [11.0289815, 50.9977099]]}}, {"type": "Feature", "properties": {}, "geometry": {"type": "LineString", "coordinates": [[11.024347, 50.9985594], [11.0254817, 50.9986922]]}}, {"type": "Feature", "properties": {}, "geometry": {"type": "LineString", "coordinates": [[11.0305232, 50.9998507], [11.0305591, 50.9997815]]}}, {"type": "Feature", "properties": {}, "geometry": {"type": "LineString", "coordinates": [[11.0305232, 50.9998507], [11.0306583, 50.9998184]]}}, {"type": "Feature", "properties": {}, "geometry": {"type": "LineString", "coordinates": [[11.0240913, 51.0007786], [11.0241304, 51.0007905]]}}, {"type": "Feature", "properties": {}, "geometry": {"type": "LineString", "coordinates": [[11.0425696, 50.984917], [11.0423576, 50.9850893]]}}, {"type": "Feature", "properties": {}, "geometry": {"type": "LineString", "coordinates": [[11.026626, 50.9882344], [11.0264949, 50.9879048]]}}, {"type": "Feature", "properties": {}, "geometry": {"type": "LineString", "coordinates": [[11.0425142, 50.9880231], [11.0424269, 50.9881387]]}}, {"type": "Feature", "properties": {}, "geometry": {"type": "LineString", "coordinates": [[11.0282594, 51.0022142], [11.0279223, 51.0025175]]}}, {"type": "Feature", "properties": {}, "geometry": {"type": "LineString", "coordinates": [[11.0285162, 51.0026953], [11.0279223, 51.0025175]]}}, {"type": "Feature", "properties": {}, "geometry": {"type": "LineString", "coordinates": [[11.0278645, 51.0000377], [11.0279148, 51.0000158]]}}, {"type": "Feature", "properties": {}, "geometry": {"type": "LineString", "coordinates": [[11.0480375, 50.9941104], [11.0479968, 50.994074]]}}, {"type": "Feature", "properties": {}, "geometry": {"type": "LineString", "coordinates": [[11.0488946, 50.9929284], [11.0488901, 50.9929403]]}}, {"type": "Feature", "properties": {}, "geometry": {"type": "LineString", "coordinates": [[11.0473895, 50.9963383], [11.0474091, 50.9963435]]}}, {"type": "Feature", "properties": {}, "geometry": {"type": "LineString", "coordinates": [[11.0477145, 50.9960136], [11.0477182, 50.9960206]]}}, {"type": "Feature", "properties": {}, "geometry": {"type": "LineString", "coordinates": [[11.0484606, 50.9941772], [11.0484507, 50.9941845]]}}, {"type": "Feature", "properties": {}, "geometry": {"type": "LineString", "coordinates": [[11.0477804, 50.9957697], [11.0477847, 50.9957784]]}}, {"type": "Feature", "properties": {}, "geometry": {"type": "LineString", "coordinates": [[11.0362696, 50.9870659], [11.0366331, 50.9872409]]}}, {"type": "Feature", "properties": {}, "geometry": {"type": "LineString", "coordinates": [[11.0362871, 50.9875215], [11.0366331, 50.9872409]]}}, {"type": "Feature", "properties": {}, "geometry": {"type": "LineString", "coordinates": [[11.0396179, 50.9871909], [11.039747, 50.9871863]]}}, {"type": "Feature", "properties": {}, "geometry": {"type": "LineString", "coordinates": [[11.0360216, 50.9891681], [11.0360922, 50.9892261]]}}, {"type": "Feature", "properties": {}, "geometry": {"type": "LineString", "coordinates": [[11.0363789, 50.988063], [11.0367826, 50.9884037]]}}, {"type": "Feature", "properties": {}, "geometry": {"type": "LineString", "coordinates": [[11.0361913, 50.987185], [11.0366331, 50.9872409]]}}, {"type": "Feature", "properties": {}, "geometry": {"type": "LineString", "coordinates": [[11.0364997, 50.9875726], [11.0366331, 50.9872409]]}}, {"type": "Feature", "properties": {}, "geometry": {"type": "LineString", "coordinates": [[11.0367113, 50.9876239], [11.0366331, 50.9872409]]}}, {"type": "Feature", "properties": {}, "geometry": {"type": "LineString", "coordinates": [[11.0369488, 50.9885101], [11.0367826, 50.9884037]]}}, {"type": "Feature", "properties": {}, "geometry": {"type": "LineString", "coordinates": [[11.0404722, 50.9855258], [11.0407739, 50.9861197]]}}, {"type": "Feature", "properties": {}, "geometry": {"type": "LineString", "coordinates": [[11.0422341, 50.9883804], [11.0424269, 50.9881387]]}}, {"type": "Feature", "properties": {}, "geometry": {"type": "LineString", "coordinates": [[11.042473, 50.9871508], [11.0424471, 50.9870154]]}}, {"type": "Feature", "properties": {}, "geometry": {"type": "LineString", "coordinates": [[11.0390125, 50.9869486], [11.0390531, 50.9869608]]}}, {"type": "Feature", "properties": {}, "geometry": {"type": "LineString", "coordinates": [[11.0426046, 50.9870273], [11.0424471, 50.9870154]]}}, {"type": "Feature", "properties": {}, "geometry": {"type": "LineString", "coordinates": [[11.0448355, 50.9850768], [11.0449423, 50.9849568]]}}, {"type": "Feature", "properties": {}, "geometry": {"type": "LineString", "coordinates": [[11.0431838, 50.9879918], [11.0431709, 50.988001]]}}, {"type": "Feature", "properties": {}, "geometry": {"type": "LineString", "coordinates": [[11.0427629, 50.9882899], [11.0424269, 50.9881387]]}}, {"type": "Feature", "properties": {}, "geometry": {"type": "LineString", "coordinates": [[11.0422296, 50.9856918], [11.0423576, 50.9850893]]}}, {"type": "Feature", "properties": {}, "geometry": {"type": "LineString", "coordinates": [[11.0431229, 50.9856238], [11.0423576, 50.9850893]]}}, {"type": "Feature", "properties": {}, "geometry": {"type": "LineString", "coordinates": [[11.041405, 50.9850424], [11.0423576, 50.9850893]]}}, {"type": "Feature", "properties": {}, "geometry": {"type": "LineString", "coordinates": [[11.0422374, 50.9878743], [11.0424269, 50.9881387]]}}, {"type": "Feature", "properties": {}, "geometry": {"type": "LineString", "coordinates": [[11.0397136, 50.9869256], [11.0399664, 50.9868343]]}}, {"type": "Feature", "properties": {}, "geometry": {"type": "LineString", "coordinates": [[11.0397136, 50.9869256], [11.0399545, 50.9869764]]}}, {"type": "Feature", "properties": {}, "geometry": {"type": "LineString", "coordinates": [[11.0442671, 50.9855546], [11.0442236, 50.9855667]]}}, {"type": "Feature", "properties": {}, "geometry": {"type": "LineString", "coordinates": [[11.0395862, 50.9865465], [11.0396276, 50.9866085]]}}, {"type": "Feature", "properties": {}, "geometry": {"type": "LineString", "coordinates": [[11.0412239, 50.9874217], [11.0412447, 50.9874439]]}}, {"type": "Feature", "properties": {}, "geometry": {"type": "LineString", "coordinates": [[11.0401683, 50.9879932], [11.0401946, 50.9879992]]}}, {"type": "Feature", "properties": {}, "geometry": {"type": "LineString", "coordinates": [[11.040098, 50.9860337], [11.0407739, 50.9861197]]}}, {"type": "Feature", "properties": {}, "geometry": {"type": "LineString", "coordinates": [[11.0450871, 50.9934815], [11.044949, 50.9935781]]}}, {"type": "Feature", "properties": {}, "geometry": {"type": "LineString", "coordinates": [[11.0425631, 50.9884551], [11.0424269, 50.9881387]]}}, {"type": "Feature", "properties": {}, "geometry": {"type": "LineString", "coordinates": [[11.0394995, 50.9882903], [11.0394838, 50.9882786]]}}, {"type": "Feature", "properties": {}, "geometry": {"type": "LineString", "coordinates": [[11.0433574, 50.9941678], [11.0433954, 50.9941789]]}}, {"type": "Feature", "properties": {}, "geometry": {"type": "LineString", "coordinates": [[11.0452569, 50.9933669], [11.044949, 50.9935781]]}}, {"type": "Feature", "properties": {}, "geometry": {"type": "LineString", "coordinates": [[11.0444154, 50.9980525], [11.0444712, 50.9980574]]}}, {"type": "Feature", "properties": {}, "geometry": {"type": "LineString", "coordinates": [[11.0444154, 50.9980525], [11.0442113, 50.9982794]]}}, {"type": "Feature", "properties": {}, "geometry": {"type": "LineString", "coordinates": [[11.0455086, 50.992816], [11.0457259, 50.9929951]]}}, {"type": "Feature", "properties": {}, "geometry": {"type": "LineString", "coordinates": [[11.0478081, 50.991776], [11.0478074, 50.9917804]]}}, {"type": "Feature", "properties": {}, "geometry": {"type": "LineString", "coordinates": [[11.0434418, 50.9945671], [11.0439733, 50.9942169]]}}, {"type": "Feature", "properties": {}, "geometry": {"type": "LineString", "coordinates": [[11.045815, 50.9930557], [11.0457259, 50.9929951]]}}, {"type": "Feature", "properties": {}, "geometry": {"type": "LineString", "coordinates": [[11.0446727, 50.9934959], [11.0447026, 50.9935243]]}}, {"type": "Feature", "properties": {}, "geometry": {"type": "LineString", "coordinates": [[11.0457887, 50.9936317], [11.0457871, 50.9936385]]}}, {"type": "Feature", "properties": {}, "geometry": {"type": "LineString", "coordinates": [[11.0426987, 50.9873881], [11.0433315, 50.9874183]]}}, {"type": "Feature", "properties": {}, "geometry": {"type": "LineString", "coordinates": [[11.045329, 50.9874939], [11.0453623, 50.9875323]]}}, {"type": "Feature", "properties": {}, "geometry": {"type": "LineString", "coordinates": [[11.045205, 50.9883764], [11.0452192, 50.9883981]]}}, {"type": "Feature", "properties": {}, "geometry": {"type": "LineString", "coordinates": [[11.045205, 50.9883764], [11.0456178, 50.9881567]]}}, {"type": "Feature", "properties": {}, "geometry": {"type": "LineString", "coordinates": [[11.0446226, 50.9875933], [11.0444515, 50.9877394]]}}, {"type": "Feature", "properties": {}, "geometry": {"type": "LineString", "coordinates": [[11.0428456, 50.9873169], [11.0433315, 50.9874183]]}}, {"type": "Feature", "properties": {}, "geometry": {"type": "LineString", "coordinates": [[11.0436449, 50.9882895], [11.0438994, 50.9884219]]}}, {"type": "Feature", "properties": {}, "geometry": {"type": "LineString", "coordinates": [[11.0444781, 50.9871452], [11.044808, 50.9867584]]}}, {"type": "Feature", "properties": {}, "geometry": {"type": "LineString", "coordinates": [[11.0453439, 50.9878587], [11.0454008, 50.9878686]]}}, {"type": "Feature", "properties": {}, "geometry": {"type": "LineString", "coordinates": [[11.0453439, 50.9878587], [11.0451845, 50.9880171]]}}, {"type": "Feature", "properties": {}, "geometry": {"type": "LineString", "coordinates": [[11.0450517, 50.9883248], [11.0452192, 50.9883981]]}}, {"type": "Feature", "properties": {}, "geometry": {"type": "LineString", "coordinates": [[11.0450959, 50.9861718], [11.0448481, 50.9860826]]}}, {"type": "Feature", "properties": {}, "geometry": {"type": "LineString", "coordinates": [[11.0432932, 50.9893445], [11.0431932, 50.9894458]]}}, {"type": "Feature", "properties": {}, "geometry": {"type": "LineString", "coordinates": [[11.046098, 50.9869286], [11.0459127, 50.9868864]]}}, {"type": "Feature", "properties": {}, "geometry": {"type": "LineString", "coordinates": [[11.0458262, 50.9858619], [11.0458191, 50.985868]]}}, {"type": "Feature", "properties": {}, "geometry": {"type": "LineString", "coordinates": [[11.044108, 50.9867521], [11.0441131, 50.9867614]]}}, {"type": "Feature", "properties": {}, "geometry": {"type": "LineString", "coordinates": [[11.0457532, 50.9880121], [11.0456178, 50.9881567]]}}, {"type": "Feature", "properties": {}, "geometry": {"type": "LineString", "coordinates": [[11.04574, 50.9868109], [11.0459127, 50.9868864]]}}, {"type": "Feature", "properties": {}, "geometry": {"type": "LineString", "coordinates": [[11.0430649, 50.9894184], [11.0431932, 50.9894458]]}}, {"type": "Feature", "properties": {}, "geometry": {"type": "LineString", "coordinates": [[11.0454498, 50.9883625], [11.0456178, 50.9881567]]}}, {"type": "Feature", "properties": {}, "geometry": {"type": "LineString", "coordinates": [[11.0454498, 50.9883625], [11.0452192, 50.9883981]]}}, {"type": "Feature", "properties": {}, "geometry": {"type": "LineString", "coordinates": [[11.0434979, 50.9908319], [11.0435021, 50.9908372]]}}, {"type": "Feature", "properties": {}, "geometry": {"type": "LineString", "coordinates": [[11.0434979, 50.9908319], [11.043658, 50.9906702]]}}, {"type": "Feature", "properties": {}, "geometry": {"type": "LineString", "coordinates": [[11.0415635, 50.988821], [11.0416062, 50.9888519]]}}, {"type": "Feature", "properties": {}, "geometry": {"type": "LineString", "coordinates": [[11.0451112, 50.9896788], [11.0443406, 50.9897692]]}}, {"type": "Feature", "properties": {}, "geometry": {"type": "LineString", "coordinates": [[11.0477959, 50.9877002], [11.047369, 50.9875282]]}}, {"type": "Feature", "properties": {}, "geometry": {"type": "LineString", "coordinates": [[11.0422353, 50.9903304], [11.0422253, 50.9903558]]}}, {"type": "Feature", "properties": {}, "geometry": {"type": "LineString", "coordinates": [[11.0407141, 50.9910107], [11.0412632, 50.9908692]]}}, {"type": "Feature", "properties": {}, "geometry": {"type": "LineString", "coordinates": [[11.0373344, 50.9910363], [11.0373677, 50.9910405]]}}, {"type": "Feature", "properties": {}, "geometry": {"type": "LineString", "coordinates": [[11.0452411, 50.9904361], [11.0454066, 50.9904979]]}}, {"type": "Feature", "properties": {}, "geometry": {"type": "LineString", "coordinates": [[11.0445726, 50.9903463], [11.0447747, 50.9902677]]}}, {"type": "Feature", "properties": {}, "geometry": {"type": "LineString", "coordinates": [[11.0376601, 50.9890961], [11.0378589, 50.9890917]]}}, {"type": "Feature", "properties": {}, "geometry": {"type": "LineString", "coordinates": [[11.0431426, 50.9926343], [11.0430967, 50.9928263]]}}, {"type": "Feature", "properties": {}, "geometry": {"type": "LineString", "coordinates": [[11.0391655, 50.9909022], [11.0391949, 50.990907]]}}, {"type": "Feature", "properties": {}, "geometry": {"type": "LineString", "coordinates": [[11.0379913, 50.9902426], [11.0379958, 50.9902311]]}}, {"type": "Feature", "properties": {}, "geometry": {"type": "LineString", "coordinates": [[11.0379913, 50.9902426], [11.0379662, 50.9902918]]}}, {"type": "Feature", "properties": {}, "geometry": {"type": "LineString", "coordinates": [[11.0386043, 50.9902072], [11.0386139, 50.9902147]]}}, {"type": "Feature", "properties": {}, "geometry": {"type": "LineString", "coordinates": [[11.0385397, 50.9901281], [11.0386554, 50.9901016]]}}, {"type": "Feature", "properties": {}, "geometry": {"type": "LineString", "coordinates": [[11.0377932, 50.9893872], [11.0378295, 50.9893969]]}}, {"type": "Feature", "properties": {}, "geometry": {"type": "LineString", "coordinates": [[11.0398094, 50.9893022], [11.0398323, 50.989307]]}}, {"type": "Feature", "properties": {}, "geometry": {"type": "LineString", "coordinates": [[11.0402585, 50.9892767], [11.0402829, 50.9892836]]}}, {"type": "Feature", "properties": {}, "geometry": {"type": "LineString", "coordinates": [[11.0394989, 50.9889251], [11.0395211, 50.9889295]]}}, {"type": "Feature", "properties": {}, "geometry": {"type": "LineString", "coordinates": [[11.0392353, 50.9908773], [11.0392672, 50.9908811]]}}, {"type": "Feature", "properties": {}, "geometry": {"type": "LineString", "coordinates": [[11.0455255, 50.9905286], [11.0454066, 50.9904979]]}}, {"type": "Feature", "properties": {}, "geometry": {"type": "LineString", "coordinates": [[11.0383713, 50.9907225], [11.0384016, 50.9907211]]}}, {"type": "Feature", "properties": {}, "geometry": {"type": "LineString", "coordinates": [[11.0382374, 50.990644], [11.0383054, 50.9906445]]}}, {"type": "Feature", "properties": {}, "geometry": {"type": "LineString", "coordinates": [[11.0383214, 50.9906279], [11.0383054, 50.9906445]]}}, {"type": "Feature", "properties": {}, "geometry": {"type": "LineString", "coordinates": [[11.0374541, 50.9904299], [11.0373955, 50.9904078]]}}, {"type": "Feature", "properties": {}, "geometry": {"type": "LineString", "coordinates": [[11.038112, 50.9903404], [11.0381362, 50.9903496]]}}, {"type": "Feature", "properties": {}, "geometry": {"type": "LineString", "coordinates": [[11.0398794, 50.9887995], [11.0399071, 50.9888054]]}}, {"type": "Feature", "properties": {}, "geometry": {"type": "LineString", "coordinates": [[11.0392725, 50.9886336], [11.0392906, 50.9886291]]}}, {"type": "Feature", "properties": {}, "geometry": {"type": "LineString", "coordinates": [[11.0397313, 50.9886006], [11.0397557, 50.9886192]]}}, {"type": "Feature", "properties": {}, "geometry": {"type": "LineString", "coordinates": [[11.0416318, 50.9917367], [11.0419187, 50.9922664]]}}, {"type": "Feature", "properties": {}, "geometry": {"type": "LineString", "coordinates": [[11.0447929, 50.9903156], [11.0447747, 50.9902677]]}}, {"type": "Feature", "properties": {}, "geometry": {"type": "LineString", "coordinates": [[11.0393638, 50.9960712], [11.0394014, 50.9960595]]}}, {"type": "Feature", "properties": {}, "geometry": {"type": "LineString", "coordinates": [[11.0400126, 50.9955736], [11.0400835, 50.99555]]}}, {"type": "Feature", "properties": {}, "geometry": {"type": "LineString", "coordinates": [[11.0401073, 50.9954889], [11.0400835, 50.99555]]}}, {"type": "Feature", "properties": {}, "geometry": {"type": "LineString", "coordinates": [[11.0405859, 50.9883487], [11.0406084, 50.9883543]]}}, {"type": "Feature", "properties": {}, "geometry": {"type": "LineString", "coordinates": [[11.0415851, 50.9882338], [11.0416177, 50.9882365]]}}, {"type": "Feature", "properties": {}, "geometry": {"type": "LineString", "coordinates": [[11.0416683, 50.9922711], [11.0419187, 50.9922664]]}}, {"type": "Feature", "properties": {}, "geometry": {"type": "LineString", "coordinates": [[11.0377047, 50.9930387], [11.0376661, 50.9929833]]}}, {"type": "Feature", "properties": {}, "geometry": {"type": "LineString", "coordinates": [[11.0393999, 50.9930956], [11.0394384, 50.9930994]]}}, {"type": "Feature", "properties": {}, "geometry": {"type": "LineString", "coordinates": [[11.038756, 50.9931728], [11.0387726, 50.993186]]}}, {"type": "Feature", "properties": {}, "geometry": {"type": "LineString", "coordinates": [[11.0395481, 50.9933102], [11.0395822, 50.9933123]]}}, {"type": "Feature", "properties": {}, "geometry": {"type": "LineString", "coordinates": [[11.037889, 50.9932927], [11.0379274, 50.9932889]]}}, {"type": "Feature", "properties": {}, "geometry": {"type": "LineString", "coordinates": [[11.0384425, 50.9960378], [11.0385201, 50.9960464]]}}, {"type": "Feature", "properties": {}, "geometry": {"type": "LineString", "coordinates": [[11.037711, 50.9926745], [11.0377258, 50.992678]]}}, {"type": "Feature", "properties": {}, "geometry": {"type": "LineString", "coordinates": [[11.0370172, 50.9927042], [11.0370436, 50.9927131]]}}, {"type": "Feature", "properties": {}, "geometry": {"type": "LineString", "coordinates": [[11.0376382, 50.9929744], [11.0376661, 50.9929833]]}}, {"type": "Feature", "properties": {}, "geometry": {"type": "LineString", "coordinates": [[11.0399092, 50.9943712], [11.0399306, 50.994375]]}}, {"type": "Feature", "properties": {}, "geometry": {"type": "LineString", "coordinates": [[11.0345557, 50.990418], [11.034549, 50.9904371]]}}, {"type": "Feature", "properties": {}, "geometry": {"type": "LineString", "coordinates": [[11.0362218, 50.9922332], [11.0362227, 50.9922413]]}}, {"type": "Feature", "properties": {}, "geometry": {"type": "LineString", "coordinates": [[11.0391345, 50.9921283], [11.0391572, 50.9921345]]}}, {"type": "Feature", "properties": {}, "geometry": {"type": "LineString", "coordinates": [[11.0399437, 50.9920381], [11.0399681, 50.9920437]]}}, {"type": "Feature", "properties": {}, "geometry": {"type": "LineString", "coordinates": [[11.0399437, 50.9920381], [11.0399455, 50.9919921]]}}, {"type": "Feature", "properties": {}, "geometry": {"type": "LineString", "coordinates": [[11.0374144, 50.9919366], [11.0374297, 50.9919277]]}}, {"type": "Feature", "properties": {}, "geometry": {"type": "LineString", "coordinates": [[11.0387837, 50.9915568], [11.0387869, 50.9915376]]}}, {"type": "Feature", "properties": {}, "geometry": {"type": "LineString", "coordinates": [[11.0358685, 50.9916538], [11.036027, 50.9915394]]}}, {"type": "Feature", "properties": {}, "geometry": {"type": "LineString", "coordinates": [[11.0358685, 50.9916538], [11.0358717, 50.9916568]]}}, {"type": "Feature", "properties": {}, "geometry": {"type": "LineString", "coordinates": [[11.0362456, 50.9924057], [11.0362752, 50.9924118]]}}, {"type": "Feature", "properties": {}, "geometry": {"type": "LineString", "coordinates": [[11.0388439, 50.9922647], [11.0388595, 50.9922638]]}}, {"type": "Feature", "properties": {}, "geometry": {"type": "LineString", "coordinates": [[11.0388439, 50.9922647], [11.0388541, 50.9923084]]}}, {"type": "Feature", "properties": {}, "geometry": {"type": "LineString", "coordinates": [[11.0368291, 50.9918843], [11.0368638, 50.9918929]]}}, {"type": "Feature", "properties": {}, "geometry": {"type": "LineString", "coordinates": [[11.0384498, 50.9918861], [11.0384936, 50.9918876]]}}, {"type": "Feature", "properties": {}, "geometry": {"type": "LineString", "coordinates": [[11.0373608, 50.9917901], [11.037391, 50.9917958]]}}, {"type": "Feature", "properties": {}, "geometry": {"type": "LineString", "coordinates": [[11.0386613, 50.9913866], [11.0386783, 50.9913834]]}}, {"type": "Feature", "properties": {}, "geometry": {"type": "LineString", "coordinates": [[11.0369891, 50.9913488], [11.0370253, 50.9913649]]}}, {"type": "Feature", "properties": {}, "geometry": {"type": "LineString", "coordinates": [[11.0341061, 50.991263], [11.0341262, 50.9912694]]}}, {"type": "Feature", "properties": {}, "geometry": {"type": "LineString", "coordinates": [[11.0368376, 50.9912766], [11.0368655, 50.991271]]}}, {"type": "Feature", "properties": {}, "geometry": {"type": "LineString", "coordinates": [[11.039005, 50.9912709], [11.0389827, 50.9913028]]}}, {"type": "Feature", "properties": {}, "geometry": {"type": "LineString", "coordinates": [[11.0339977, 50.9912267], [11.0340417, 50.9912289]]}}, {"type": "Feature", "properties": {}, "geometry": {"type": "LineString", "coordinates": [[11.0351009, 50.9912039], [11.0351234, 50.9912099]]}}, {"type": "Feature", "properties": {}, "geometry": {"type": "LineString", "coordinates": [[11.037248, 50.9916594], [11.0372957, 50.9916819]]}}, {"type": "Feature", "properties": {}, "geometry": {"type": "LineString", "coordinates": [[11.0359953, 50.9915444], [11.036027, 50.9915394]]}}, {"type": "Feature", "properties": {}, "geometry": {"type": "LineString", "coordinates": [[11.0359953, 50.9915444], [11.0358717, 50.9916568]]}}, {"type": "Feature", "properties": {}, "geometry": {"type": "LineString", "coordinates": [[11.038745, 50.9915083], [11.0387869, 50.9915376]]}}, {"type": "Feature", "properties": {}, "geometry": {"type": "LineString", "coordinates": [[11.0338156, 50.9910421], [11.0338632, 50.9910431]]}}, {"type": "Feature", "properties": {}, "geometry": {"type": "LineString", "coordinates": [[11.0347088, 50.9910026], [11.0347357, 50.9910071]]}}, {"type": "Feature", "properties": {}, "geometry": {"type": "LineString", "coordinates": [[11.0354004, 50.9903691], [11.0354786, 50.9903552]]}}, {"type": "Feature", "properties": {}, "geometry": {"type": "LineString", "coordinates": [[11.0363193, 50.9903138], [11.0363513, 50.9903187]]}}, {"type": "Feature", "properties": {}, "geometry": {"type": "LineString", "coordinates": [[11.0352261, 50.9901585], [11.0352545, 50.9901638]]}}, {"type": "Feature", "properties": {}, "geometry": {"type": "LineString", "coordinates": [[11.0353583, 50.9900615], [11.0353828, 50.9900656]]}}, {"type": "Feature", "properties": {}, "geometry": {"type": "LineString", "coordinates": [[11.0357889, 50.9899331], [11.0358145, 50.9899431]]}}, {"type": "Feature", "properties": {}, "geometry": {"type": "LineString", "coordinates": [[11.0350984, 50.9895508], [11.0351156, 50.9895599]]}}, {"type": "Feature", "properties": {}, "geometry": {"type": "LineString", "coordinates": [[11.0352372, 50.989369], [11.0352439, 50.9893976]]}}, {"type": "Feature", "properties": {}, "geometry": {"type": "LineString", "coordinates": [[11.0363114, 50.9944017], [11.0363332, 50.9944095]]}}, {"type": "Feature", "properties": {}, "geometry": {"type": "LineString", "coordinates": [[11.036661, 50.9908829], [11.0366869, 50.9908861]]}}, {"type": "Feature", "properties": {}, "geometry": {"type": "LineString", "coordinates": [[11.0363058, 50.9906311], [11.0363346, 50.990633]]}}, {"type": "Feature", "properties": {}, "geometry": {"type": "LineString", "coordinates": [[11.0363058, 50.9906311], [11.0364063, 50.9906709]]}}, {"type": "Feature", "properties": {}, "geometry": {"type": "LineString", "coordinates": [[11.0362511, 50.9905323], [11.036249, 50.9905468]]}}, {"type": "Feature", "properties": {}, "geometry": {"type": "LineString", "coordinates": [[11.0362511, 50.9905323], [11.0363763, 50.9905164]]}}, {"type": "Feature", "properties": {}, "geometry": {"type": "LineString", "coordinates": [[11.0351323, 50.9905118], [11.0351595, 50.990516]]}}, {"type": "Feature", "properties": {}, "geometry": {"type": "LineString", "coordinates": [[11.0345035, 50.9904393], [11.034549, 50.9904371]]}}, {"type": "Feature", "properties": {}, "geometry": {"type": "LineString", "coordinates": [[11.0383725, 50.994513], [11.0384069, 50.9945081]]}}, {"type": "Feature", "properties": {}, "geometry": {"type": "LineString", "coordinates": [[11.0383725, 50.994513], [11.0383744, 50.9945861]]}}, {"type": "Feature", "properties": {}, "geometry": {"type": "LineString", "coordinates": [[11.0398733, 50.9945937], [11.0399026, 50.994601]]}}, {"type": "Feature", "properties": {}, "geometry": {"type": "LineString", "coordinates": [[11.0362309, 50.9950168], [11.0362587, 50.9950133]]}}, {"type": "Feature", "properties": {}, "geometry": {"type": "LineString", "coordinates": [[11.0378655, 50.9950463], [11.0379017, 50.9950508]]}}, {"type": "Feature", "properties": {}, "geometry": {"type": "LineString", "coordinates": [[11.0378655, 50.9950463], [11.0378678, 50.9949782]]}}, {"type": "Feature", "properties": {}, "geometry": {"type": "LineString", "coordinates": [[11.0381873, 50.9950549], [11.0383727, 50.9951278]]}}, {"type": "Feature", "properties": {}, "geometry": {"type": "LineString", "coordinates": [[11.033849, 50.9923225], [11.0338728, 50.9923284]]}}, {"type": "Feature", "properties": {}, "geometry": {"type": "LineString", "coordinates": [[11.0339587, 50.9924586], [11.0339599, 50.9924381]]}}, {"type": "Feature", "properties": {}, "geometry": {"type": "LineString", "coordinates": [[11.0344052, 50.9926258], [11.0344268, 50.9926305]]}}, {"type": "Feature", "properties": {}, "geometry": {"type": "LineString", "coordinates": [[11.0357263, 50.9926897], [11.0357518, 50.9926995]]}}, {"type": "Feature", "properties": {}, "geometry": {"type": "LineString", "coordinates": [[11.0375544, 50.9947633], [11.037581, 50.9947724]]}}, {"type": "Feature", "properties": {}, "geometry": {"type": "LineString", "coordinates": [[11.039672, 50.9947951], [11.0397022, 50.9948012]]}}, {"type": "Feature", "properties": {}, "geometry": {"type": "LineString", "coordinates": [[11.036723, 50.9950116], [11.0367488, 50.9950192]]}}, {"type": "Feature", "properties": {}, "geometry": {"type": "LineString", "coordinates": [[11.0339788, 50.991838], [11.0340197, 50.9918536]]}}, {"type": "Feature", "properties": {}, "geometry": {"type": "LineString", "coordinates": [[11.0339788, 50.991838], [11.033945, 50.9919023]]}}, {"type": "Feature", "properties": {}, "geometry": {"type": "LineString", "coordinates": [[11.0347084, 50.9927185], [11.0347371, 50.9927244]]}}, {"type": "Feature", "properties": {}, "geometry": {"type": "LineString", "coordinates": [[11.0347084, 50.9927185], [11.0346015, 50.9927757]]}}, {"type": "Feature", "properties": {}, "geometry": {"type": "LineString", "coordinates": [[11.0361177, 50.9928559], [11.0361569, 50.9928556]]}}, {"type": "Feature", "properties": {}, "geometry": {"type": "LineString", "coordinates": [[11.0358805, 50.9937321], [11.0359103, 50.9937393]]}}, {"type": "Feature", "properties": {}, "geometry": {"type": "LineString", "coordinates": [[11.037946, 50.993791], [11.0379544, 50.9938183]]}}, {"type": "Feature", "properties": {}, "geometry": {"type": "LineString", "coordinates": [[11.0379051, 50.9938299], [11.0379544, 50.9938183]]}}, {"type": "Feature", "properties": {}, "geometry": {"type": "LineString", "coordinates": [[11.0364194, 50.9939076], [11.0365327, 50.9939075]]}}, {"type": "Feature", "properties": {}, "geometry": {"type": "LineString", "coordinates": [[11.0383252, 50.9940378], [11.0383027, 50.994014]]}}, {"type": "Feature", "properties": {}, "geometry": {"type": "LineString", "coordinates": [[11.0383252, 50.9940378], [11.0383448, 50.9940319]]}}, {"type": "Feature", "properties": {}, "geometry": {"type": "LineString", "coordinates": [[11.0385826, 50.9940588], [11.0386119, 50.9940571]]}}, {"type": "Feature", "properties": {}, "geometry": {"type": "LineString", "coordinates": [[11.0385145, 50.9941115], [11.0385428, 50.9941217]]}}, {"type": "Feature", "properties": {}, "geometry": {"type": "LineString", "coordinates": [[11.0391892, 50.9943639], [11.0392284, 50.994373]]}}, {"type": "Feature", "properties": {}, "geometry": {"type": "LineString", "coordinates": [[11.0367006, 50.9931781], [11.036729, 50.9931774]]}}, {"type": "Feature", "properties": {}, "geometry": {"type": "LineString", "coordinates": [[11.0368259, 50.9935411], [11.0368311, 50.9935424]]}}, {"type": "Feature", "properties": {}, "geometry": {"type": "LineString", "coordinates": [[11.0368512, 50.9951005], [11.0368799, 50.9951061]]}}, {"type": "Feature", "properties": {}, "geometry": {"type": "LineString", "coordinates": [[11.0368512, 50.9951005], [11.0369469, 50.9950819]]}}, {"type": "Feature", "properties": {}, "geometry": {"type": "LineString", "coordinates": [[11.0386701, 50.9952457], [11.038705, 50.9952546]]}}, {"type": "Feature", "properties": {}, "geometry": {"type": "LineString", "coordinates": [[11.0371664, 50.993574], [11.037196, 50.993581]]}}, {"type": "Feature", "properties": {}, "geometry": {"type": "LineString", "coordinates": [[11.0371664, 50.993574], [11.0370938, 50.9935807]]}}, {"type": "Feature", "properties": {}, "geometry": {"type": "LineString", "coordinates": [[11.0371664, 50.993574], [11.0371506, 50.993641]]}}, {"type": "Feature", "properties": {}, "geometry": {"type": "LineString", "coordinates": [[11.0361798, 50.9929705], [11.0362203, 50.9929484]]}}, {"type": "Feature", "properties": {}, "geometry": {"type": "LineString", "coordinates": [[11.0361798, 50.9929705], [11.0362103, 50.9929783]]}}, {"type": "Feature", "properties": {}, "geometry": {"type": "LineString", "coordinates": [[11.0362358, 50.9929466], [11.0362203, 50.9929484]]}}, {"type": "Feature", "properties": {}, "geometry": {"type": "LineString", "coordinates": [[11.0362358, 50.9929466], [11.0362103, 50.9929783]]}}, {"type": "Feature", "properties": {}, "geometry": {"type": "LineString", "coordinates": [[11.0361841, 50.9929437], [11.0362203, 50.9929484]]}}, {"type": "Feature", "properties": {}, "geometry": {"type": "LineString", "coordinates": [[11.0361841, 50.9929437], [11.0362103, 50.9929783]]}}, {"type": "Feature", "properties": {}, "geometry": {"type": "LineString", "coordinates": [[11.0349615, 50.992916], [11.0349531, 50.9929238]]}}, {"type": "Feature", "properties": {}, "geometry": {"type": "LineString", "coordinates": [[11.0349453, 50.9928944], [11.0349531, 50.9929238]]}}, {"type": "Feature", "properties": {}, "geometry": {"type": "LineString", "coordinates": [[11.034371, 50.9926873], [11.0343897, 50.9926932]]}}, {"type": "Feature", "properties": {}, "geometry": {"type": "LineString", "coordinates": [[11.0376839, 50.9921272], [11.0377096, 50.9921337]]}}, {"type": "Feature", "properties": {}, "geometry": {"type": "LineString", "coordinates": [[11.0376839, 50.9921272], [11.0376965, 50.9921846]]}}, {"type": "Feature", "properties": {}, "geometry": {"type": "LineString", "coordinates": [[11.0363602, 50.9950512], [11.0363969, 50.9950453]]}}, {"type": "Feature", "properties": {}, "geometry": {"type": "LineString", "coordinates": [[11.0364991, 50.9943663], [11.0364304, 50.9942959]]}}, {"type": "Feature", "properties": {}, "geometry": {"type": "LineString", "coordinates": [[11.0372269, 50.9942487], [11.037289, 50.9942032]]}}, {"type": "Feature", "properties": {}, "geometry": {"type": "LineString", "coordinates": [[11.0372269, 50.9942487], [11.0372426, 50.994256]]}}, {"type": "Feature", "properties": {}, "geometry": {"type": "LineString", "coordinates": [[11.0372269, 50.9942487], [11.0371681, 50.9942208]]}}, {"type": "Feature", "properties": {}, "geometry": {"type": "LineString", "coordinates": [[11.0372548, 50.9942002], [11.037289, 50.9942032]]}}, {"type": "Feature", "properties": {}, "geometry": {"type": "LineString", "coordinates": [[11.0372548, 50.9942002], [11.0372426, 50.994256]]}}, {"type": "Feature", "properties": {}, "geometry": {"type": "LineString", "coordinates": [[11.0371771, 50.9940193], [11.0369306, 50.9940005]]}}, {"type": "Feature", "properties": {}, "geometry": {"type": "LineString", "coordinates": [[11.0365589, 50.993878], [11.0365327, 50.9939075]]}}, {"type": "Feature", "properties": {}, "geometry": {"type": "LineString", "coordinates": [[11.0347182, 50.9915676], [11.0347395, 50.9915743]]}}, {"type": "Feature", "properties": {}, "geometry": {"type": "LineString", "coordinates": [[11.035191, 50.9913635], [11.0352161, 50.9913684]]}}, {"type": "Feature", "properties": {}, "geometry": {"type": "LineString", "coordinates": [[11.038988, 50.9939261], [11.0390119, 50.9939246]]}}, {"type": "Feature", "properties": {}, "geometry": {"type": "LineString", "coordinates": [[11.0389861, 50.9938988], [11.0390119, 50.9939246]]}}, {"type": "Feature", "properties": {}, "geometry": {"type": "LineString", "coordinates": [[11.0393951, 50.9938095], [11.0394115, 50.993816]]}}, {"type": "Feature", "properties": {}, "geometry": {"type": "LineString", "coordinates": [[11.0393348, 50.992974], [11.0393596, 50.9929362]]}}, {"type": "Feature", "properties": {}, "geometry": {"type": "LineString", "coordinates": [[11.0389551, 50.9928208], [11.0389704, 50.9928277]]}}, {"type": "Feature", "properties": {}, "geometry": {"type": "LineString", "coordinates": [[11.0374225, 50.992546], [11.0374526, 50.9925476]]}}, {"type": "Feature", "properties": {}, "geometry": {"type": "LineString", "coordinates": [[11.0413584, 50.9863319], [11.0407739, 50.9861197]]}}, {"type": "Feature", "properties": {}, "geometry": {"type": "LineString", "coordinates": [[11.0401285, 50.9868323], [11.0399664, 50.9868343]]}}, {"type": "Feature", "properties": {}, "geometry": {"type": "LineString", "coordinates": [[11.0423278, 50.9876646], [11.0424269, 50.9881387]]}}, {"type": "Feature", "properties": {}, "geometry": {"type": "LineString", "coordinates": [[11.0451158, 50.9933729], [11.044949, 50.9935781]]}}, {"type": "Feature", "properties": {}, "geometry": {"type": "LineString", "coordinates": [[11.0459317, 50.9893256], [11.0460253, 50.9895126]]}}, {"type": "Feature", "properties": {}, "geometry": {"type": "LineString", "coordinates": [[11.0469764, 50.9861892], [11.0471416, 50.9860796]]}}, {"type": "Feature", "properties": {}, "geometry": {"type": "LineString", "coordinates": [[11.0402407, 50.995037], [11.0403467, 50.9951363]]}}, {"type": "Feature", "properties": {}, "geometry": {"type": "LineString", "coordinates": [[11.0474225, 50.9851226], [11.0479195, 50.9849422]]}}, {"type": "Feature", "properties": {}, "geometry": {"type": "LineString", "coordinates": [[11.0483171, 50.985492], [11.0484397, 50.9855213]]}}, {"type": "Feature", "properties": {}, "geometry": {"type": "LineString", "coordinates": [[11.0483908, 50.9852415], [11.0484397, 50.9855213]]}}, {"type": "Feature", "properties": {}, "geometry": {"type": "LineString", "coordinates": [[11.0478097, 50.9852993], [11.0479195, 50.9849422]]}}, {"type": "Feature", "properties": {}, "geometry": {"type": "LineString", "coordinates": [[11.0488321, 50.9857659], [11.0484397, 50.9855213]]}}, {"type": "Feature", "properties": {}, "geometry": {"type": "LineString", "coordinates": [[11.0487075, 50.9857094], [11.0484397, 50.9855213]]}}, {"type": "Feature", "properties": {}, "geometry": {"type": "LineString", "coordinates": [[11.0490785, 50.9858882], [11.0490529, 50.9858894]]}}, {"type": "Feature", "properties": {}, "geometry": {"type": "LineString", "coordinates": [[11.0385752, 50.9854174], [11.038663, 50.9853704]]}}, {"type": "Feature", "properties": {}, "geometry": {"type": "LineString", "coordinates": [[11.0382389, 50.9850608], [11.0381735, 50.9851583]]}}, {"type": "Feature", "properties": {}, "geometry": {"type": "LineString", "coordinates": [[11.0376396, 50.9869552], [11.03788, 50.9866893]]}}, {"type": "Feature", "properties": {}, "geometry": {"type": "LineString", "coordinates": [[11.0379971, 50.9868423], [11.03788, 50.9866893]]}}, {"type": "Feature", "properties": {}, "geometry": {"type": "LineString", "coordinates": [[11.0352497, 50.985228], [11.0349564, 50.984849]]}}, {"type": "Feature", "properties": {}, "geometry": {"type": "LineString", "coordinates": [[11.0354535, 50.9851787], [11.0349564, 50.984849]]}}, {"type": "Feature", "properties": {}, "geometry": {"type": "LineString", "coordinates": [[11.0377846, 50.9868537], [11.03788, 50.9866893]]}}, {"type": "Feature", "properties": {}, "geometry": {"type": "LineString", "coordinates": [[11.0384001, 50.9866708], [11.03788, 50.9866893]]}}, {"type": "Feature", "properties": {}, "geometry": {"type": "LineString", "coordinates": [[11.0360862, 50.985888], [11.0354753, 50.9857645]]}}, {"type": "Feature", "properties": {}, "geometry": {"type": "LineString", "coordinates": [[11.0355279, 50.9855475], [11.0354753, 50.9857645]]}}, {"type": "Feature", "properties": {}, "geometry": {"type": "LineString", "coordinates": [[11.0351023, 50.9858619], [11.0354753, 50.9857645]]}}, {"type": "Feature", "properties": {}, "geometry": {"type": "LineString", "coordinates": [[11.0357005, 50.9858205], [11.0354753, 50.9857645]]}}, {"type": "Feature", "properties": {}, "geometry": {"type": "LineString", "coordinates": [[11.0360875, 50.9860233], [11.0354753, 50.9857645]]}}, {"type": "Feature", "properties": {}, "geometry": {"type": "LineString", "coordinates": [[11.0354463, 50.9856584], [11.0354753, 50.9857645]]}}, {"type": "Feature", "properties": {}, "geometry": {"type": "LineString", "coordinates": [[11.0358201, 50.9857632], [11.0354753, 50.9857645]]}}, {"type": "Feature", "properties": {}, "geometry": {"type": "LineString", "coordinates": [[11.0358095, 50.9859911], [11.0354753, 50.9857645]]}}, {"type": "Feature", "properties": {}, "geometry": {"type": "LineString", "coordinates": [[11.0358095, 50.9859911], [11.0358571, 50.9860632]]}}, {"type": "Feature", "properties": {}, "geometry": {"type": "LineString", "coordinates": [[11.0359527, 50.9859866], [11.0354753, 50.9857645]]}}, {"type": "Feature", "properties": {}, "geometry": {"type": "LineString", "coordinates": [[11.0359527, 50.9859866], [11.0358571, 50.9860632]]}}, {"type": "Feature", "properties": {}, "geometry": {"type": "LineString", "coordinates": [[11.030963, 50.9877194], [11.031122, 50.9873054]]}}, {"type": "Feature", "properties": {}, "geometry": {"type": "LineString", "coordinates": [[11.0311145, 50.9877435], [11.031122, 50.9873054]]}}, {"type": "Feature", "properties": {}, "geometry": {"type": "LineString", "coordinates": [[11.0314081, 50.9877788], [11.031122, 50.9873054]]}}, {"type": "Feature", "properties": {}, "geometry": {"type": "LineString", "coordinates": [[11.0337879, 50.9863158], [11.0342218, 50.9866477]]}}, {"type": "Feature", "properties": {}, "geometry": {"type": "LineString", "coordinates": [[11.0330536, 50.9867985], [11.0325757, 50.9865496]]}}, {"type": "Feature", "properties": {}, "geometry": {"type": "LineString", "coordinates": [[11.0341206, 50.9861937], [11.0342218, 50.9866477]]}}, {"type": "Feature", "properties": {}, "geometry": {"type": "LineString", "coordinates": [[11.0334793, 50.9881216], [11.0340585, 50.9879749]]}}, {"type": "Feature", "properties": {}, "geometry": {"type": "LineString", "coordinates": [[11.0347235, 50.9883183], [11.0340585, 50.9879749]]}}, {"type": "Feature", "properties": {}, "geometry": {"type": "LineString", "coordinates": [[11.0336716, 50.9879523], [11.0340585, 50.9879749]]}}, {"type": "Feature", "properties": {}, "geometry": {"type": "LineString", "coordinates": [[11.0319491, 50.9874339], [11.0324452, 50.9875118]]}}, {"type": "Feature", "properties": {}, "geometry": {"type": "LineString", "coordinates": [[11.0374182, 50.9870083], [11.03788, 50.9866893]]}}, {"type": "Feature", "properties": {}, "geometry": {"type": "LineString", "coordinates": [[11.0332414, 50.9880884], [11.0340585, 50.9879749]]}}, {"type": "Feature", "properties": {}, "geometry": {"type": "LineString", "coordinates": [[11.0334858, 50.9879643], [11.0340585, 50.9879749]]}}, {"type": "Feature", "properties": {}, "geometry": {"type": "LineString", "coordinates": [[11.0339966, 50.9882029], [11.0340585, 50.9879749]]}}, {"type": "Feature", "properties": {}, "geometry": {"type": "LineString", "coordinates": [[11.0345762, 50.9882952], [11.0340585, 50.9879749]]}}, {"type": "Feature", "properties": {}, "geometry": {"type": "LineString", "coordinates": [[11.0358029, 50.9864546], [11.0355034, 50.9868477]]}}, {"type": "Feature", "properties": {}, "geometry": {"type": "LineString", "coordinates": [[11.0326551, 50.9878142], [11.0324452, 50.9875118]]}}, {"type": "Feature", "properties": {}, "geometry": {"type": "LineString", "coordinates": [[11.0321086, 50.9870512], [11.0324452, 50.9875118]]}}, {"type": "Feature", "properties": {}, "geometry": {"type": "LineString", "coordinates": [[11.0347749, 50.9877972], [11.0348052, 50.987851]]}}, {"type": "Feature", "properties": {}, "geometry": {"type": "LineString", "coordinates": [[11.0351957, 50.9872381], [11.0355034, 50.9868477]]}}, {"type": "Feature", "properties": {}, "geometry": {"type": "LineString", "coordinates": [[11.0349918, 50.988212], [11.0340585, 50.9879749]]}}, {"type": "Feature", "properties": {}, "geometry": {"type": "LineString", "coordinates": [[11.0349512, 50.986901], [11.0355034, 50.9868477]]}}, {"type": "Feature", "properties": {}, "geometry": {"type": "LineString", "coordinates": [[11.0320305, 50.9864403], [11.0325757, 50.9865496]]}}, {"type": "Feature", "properties": {}, "geometry": {"type": "LineString", "coordinates": [[11.0311496, 50.9870859], [11.031122, 50.9873054]]}}, {"type": "Feature", "properties": {}, "geometry": {"type": "LineString", "coordinates": [[11.0321778, 50.9865572], [11.0325757, 50.9865496]]}}, {"type": "Feature", "properties": {}, "geometry": {"type": "LineString", "coordinates": [[11.032033, 50.9865694], [11.0325757, 50.9865496]]}}, {"type": "Feature", "properties": {}, "geometry": {"type": "LineString", "coordinates": [[11.0315036, 50.9874954], [11.031122, 50.9873054]]}}, {"type": "Feature", "properties": {}, "geometry": {"type": "LineString", "coordinates": [[11.0340758, 50.9870894], [11.0342218, 50.9866477]]}}, {"type": "Feature", "properties": {}, "geometry": {"type": "LineString", "coordinates": [[11.0327177, 50.9871257], [11.0324452, 50.9875118]]}}, {"type": "Feature", "properties": {}, "geometry": {"type": "LineString", "coordinates": [[11.0356371, 50.9871464], [11.0355034, 50.9868477]]}}, {"type": "Feature", "properties": {}, "geometry": {"type": "LineString", "coordinates": [[11.0322848, 50.9868001], [11.0325757, 50.9865496]]}}, {"type": "Feature", "properties": {}, "geometry": {"type": "LineString", "coordinates": [[11.0350462, 50.9866589], [11.0355034, 50.9868477]]}}, {"type": "Feature", "properties": {}, "geometry": {"type": "LineString", "coordinates": [[11.0338494, 50.9861638], [11.0342218, 50.9866477]]}}, {"type": "Feature", "properties": {}, "geometry": {"type": "LineString", "coordinates": [[11.0315554, 50.9873676], [11.031122, 50.9873054]]}}, {"type": "Feature", "properties": {}, "geometry": {"type": "LineString", "coordinates": [[11.0352366, 50.987805], [11.0340585, 50.9879749]]}}, {"type": "Feature", "properties": {}, "geometry": {"type": "LineString", "coordinates": [[11.0314229, 50.9869207], [11.031122, 50.9873054]]}}, {"type": "Feature", "properties": {}, "geometry": {"type": "LineString", "coordinates": [[11.0329048, 50.9871816], [11.0324452, 50.9875118]]}}, {"type": "Feature", "properties": {}, "geometry": {"type": "LineString", "coordinates": [[11.0315743, 50.9865451], [11.0325757, 50.9865496]]}}, {"type": "Feature", "properties": {}, "geometry": {"type": "LineString", "coordinates": [[11.0341517, 50.9868871], [11.0342218, 50.9866477]]}}, {"type": "Feature", "properties": {}, "geometry": {"type": "LineString", "coordinates": [[11.0322914, 50.9875068], [11.0324452, 50.9875118]]}}, {"type": "Feature", "properties": {}, "geometry": {"type": "LineString", "coordinates": [[11.031093, 50.987189], [11.031122, 50.9873054]]}}, {"type": "Feature", "properties": {}, "geometry": {"type": "LineString", "coordinates": [[11.0323317, 50.9872197], [11.0324452, 50.9875118]]}}, {"type": "Feature", "properties": {}, "geometry": {"type": "LineString", "coordinates": [[11.0319975, 50.9873069], [11.0324452, 50.9875118]]}}, {"type": "Feature", "properties": {}, "geometry": {"type": "LineString", "coordinates": [[11.0341431, 50.986779], [11.0342218, 50.9866477]]}}, {"type": "Feature", "properties": {}, "geometry": {"type": "LineString", "coordinates": [[11.0338375, 50.9849006], [11.0339187, 50.9849439]]}}, {"type": "Feature", "properties": {}, "geometry": {"type": "LineString", "coordinates": [[11.0342057, 50.9854957], [11.0349564, 50.984849]]}}, {"type": "Feature", "properties": {}, "geometry": {"type": "LineString", "coordinates": [[11.0358573, 50.9851132], [11.0349564, 50.984849]]}}, {"type": "Feature", "properties": {}, "geometry": {"type": "LineString", "coordinates": [[11.0339754, 50.9867173], [11.0342218, 50.9866477]]}}, {"type": "Feature", "properties": {}, "geometry": {"type": "LineString", "coordinates": [[11.03413, 50.9866109], [11.0342218, 50.9866477]]}}, {"type": "Feature", "properties": {}, "geometry": {"type": "LineString", "coordinates": [[11.0337715, 50.9879769], [11.0340585, 50.9879749]]}}, {"type": "Feature", "properties": {}, "geometry": {"type": "LineString", "coordinates": [[11.0357726, 50.9850386], [11.0349564, 50.984849]]}}, {"type": "Feature", "properties": {}, "geometry": {"type": "LineString", "coordinates": [[11.0356826, 50.9851466], [11.0349564, 50.984849]]}}, {"type": "Feature", "properties": {}, "geometry": {"type": "LineString", "coordinates": [[11.0277369, 50.9853819], [11.0273874, 50.985539]]}}, {"type": "Feature", "properties": {}, "geometry": {"type": "LineString", "coordinates": [[11.0277369, 50.9853819], [11.0275911, 50.98524]]}}, {"type": "Feature", "properties": {}, "geometry": {"type": "LineString", "coordinates": [[11.0274298, 50.9859174], [11.0273874, 50.985539]]}}, {"type": "Feature", "properties": {}, "geometry": {"type": "LineString", "coordinates": [[11.0279057, 50.9857171], [11.0273874, 50.985539]]}}, {"type": "Feature", "properties": {}, "geometry": {"type": "LineString", "coordinates": [[11.0285638, 50.9855121], [11.0286275, 50.9855546]]}}, {"type": "Feature", "properties": {}, "geometry": {"type": "LineString", "coordinates": [[11.0268808, 50.9852089], [11.0273874, 50.985539]]}}, {"type": "Feature", "properties": {}, "geometry": {"type": "LineString", "coordinates": [[11.0279699, 50.9851979], [11.0273874, 50.985539]]}}, {"type": "Feature", "properties": {}, "geometry": {"type": "LineString", "coordinates": [[11.0279699, 50.9851979], [11.0275911, 50.98524]]}}, {"type": "Feature", "properties": {}, "geometry": {"type": "LineString", "coordinates": [[11.0277811, 50.9854258], [11.0273874, 50.985539]]}}, {"type": "Feature", "properties": {}, "geometry": {"type": "LineString", "coordinates": [[11.0279509, 50.9850875], [11.0273874, 50.985539]]}}, {"type": "Feature", "properties": {}, "geometry": {"type": "LineString", "coordinates": [[11.0279509, 50.9850875], [11.0275911, 50.98524]]}}, {"type": "Feature", "properties": {}, "geometry": {"type": "LineString", "coordinates": [[11.0279537, 50.9852939], [11.0273874, 50.985539]]}}, {"type": "Feature", "properties": {}, "geometry": {"type": "LineString", "coordinates": [[11.0279537, 50.9852939], [11.0275911, 50.98524]]}}, {"type": "Feature", "properties": {}, "geometry": {"type": "LineString", "coordinates": [[11.0295581, 50.9850806], [11.0297701, 50.9850675]]}}, {"type": "Feature", "properties": {}, "geometry": {"type": "LineString", "coordinates": [[11.025976, 50.9849925], [11.0253721, 50.9849377]]}}, {"type": "Feature", "properties": {}, "geometry": {"type": "LineString", "coordinates": [[11.029501, 50.9852033], [11.0297701, 50.9850675]]}}, {"type": "Feature", "properties": {}, "geometry": {"type": "LineString", "coordinates": [[11.0294219, 50.9853712], [11.0294476, 50.9854471]]}}, {"type": "Feature", "properties": {}, "geometry": {"type": "LineString", "coordinates": [[11.0285552, 50.985711], [11.0286275, 50.9855546]]}}, {"type": "Feature", "properties": {}, "geometry": {"type": "LineString", "coordinates": [[11.0290767, 50.9852387], [11.0291211, 50.9852528]]}}, {"type": "Feature", "properties": {}, "geometry": {"type": "LineString", "coordinates": [[11.0290767, 50.9852387], [11.0286275, 50.9855546]]}}, {"type": "Feature", "properties": {}, "geometry": {"type": "LineString", "coordinates": [[11.0284292, 50.9856196], [11.0286275, 50.9855546]]}}, {"type": "Feature", "properties": {}, "geometry": {"type": "LineString", "coordinates": [[11.0288605, 50.9856622], [11.0286275, 50.9855546]]}}, {"type": "Feature", "properties": {}, "geometry": {"type": "LineString", "coordinates": [[11.0284489, 50.9857948], [11.0286275, 50.9855546]]}}, {"type": "Feature", "properties": {}, "geometry": {"type": "LineString", "coordinates": [[11.0286184, 50.9857616], [11.0286275, 50.9855546]]}}, {"type": "Feature", "properties": {}, "geometry": {"type": "LineString", "coordinates": [[11.0295682, 50.9856182], [11.0295466, 50.9856429]]}}, {"type": "Feature", "properties": {}, "geometry": {"type": "LineString", "coordinates": [[11.0290174, 50.9851492], [11.0291211, 50.9852528]]}}, {"type": "Feature", "properties": {}, "geometry": {"type": "LineString", "coordinates": [[11.0267479, 50.9858347], [11.0273874, 50.985539]]}}, {"type": "Feature", "properties": {}, "geometry": {"type": "LineString", "coordinates": [[11.0286626, 50.9850107], [11.0286275, 50.9855546]]}}, {"type": "Feature", "properties": {}, "geometry": {"type": "LineString", "coordinates": [[11.0285083, 50.9859428], [11.0286275, 50.9855546]]}}, {"type": "Feature", "properties": {}, "geometry": {"type": "LineString", "coordinates": [[11.0276, 50.9853982], [11.0273874, 50.985539]]}}, {"type": "Feature", "properties": {}, "geometry": {"type": "LineString", "coordinates": [[11.0276, 50.9853982], [11.0275911, 50.98524]]}}, {"type": "Feature", "properties": {}, "geometry": {"type": "LineString", "coordinates": [[11.0297072, 50.9850539], [11.0297701, 50.9850675]]}}, {"type": "Feature", "properties": {}, "geometry": {"type": "LineString", "coordinates": [[11.0271825, 50.9852538], [11.0273874, 50.985539]]}}, {"type": "Feature", "properties": {}, "geometry": {"type": "LineString", "coordinates": [[11.0301243, 50.9851876], [11.0297701, 50.9850675]]}}, {"type": "Feature", "properties": {}, "geometry": {"type": "LineString", "coordinates": [[11.0290936, 50.9851153], [11.0291211, 50.9852528]]}}, {"type": "Feature", "properties": {}, "geometry": {"type": "LineString", "coordinates": [[11.029698, 50.9850984], [11.0297701, 50.9850675]]}}, {"type": "Feature", "properties": {}, "geometry": {"type": "LineString", "coordinates": [[11.0276135, 50.9854991], [11.0273874, 50.985539]]}}, {"type": "Feature", "properties": {}, "geometry": {"type": "LineString", "coordinates": [[11.0228752, 50.9863795], [11.0227038, 50.986347]]}}, {"type": "Feature", "properties": {}, "geometry": {"type": "LineString", "coordinates": [[11.0198863, 50.9878088], [11.0192739, 50.9883149]]}}, {"type": "Feature", "properties": {}, "geometry": {"type": "LineString", "coordinates": [[11.0199828, 50.988069], [11.0192739, 50.9883149]]}}, {"type": "Feature", "properties": {}, "geometry": {"type": "LineString", "coordinates": [[11.0200392, 50.9879129], [11.0192739, 50.9883149]]}}, {"type": "Feature", "properties": {}, "geometry": {"type": "LineString", "coordinates": [[11.0207528, 50.9874594], [11.0208237, 50.9874135]]}}, {"type": "Feature", "properties": {}, "geometry": {"type": "LineString", "coordinates": [[11.0199901, 50.9875511], [11.0203516, 50.986858]]}}, {"type": "Feature", "properties": {}, "geometry": {"type": "LineString", "coordinates": [[11.0204984, 50.9870621], [11.0203516, 50.986858]]}}, {"type": "Feature", "properties": {}, "geometry": {"type": "LineString", "coordinates": [[11.0209973, 50.987863], [11.0209311, 50.9878493]]}}, {"type": "Feature", "properties": {}, "geometry": {"type": "LineString", "coordinates": [[11.021259, 50.9864734], [11.0212058, 50.9866546]]}}, {"type": "Feature", "properties": {}, "geometry": {"type": "LineString", "coordinates": [[11.0207809, 50.9865176], [11.0203516, 50.986858]]}}, {"type": "Feature", "properties": {}, "geometry": {"type": "LineString", "coordinates": [[11.0203878, 50.9864188], [11.0203516, 50.986858]]}}, {"type": "Feature", "properties": {}, "geometry": {"type": "LineString", "coordinates": [[11.0211212, 50.9870522], [11.0211559, 50.9870638]]}}, {"type": "Feature", "properties": {}, "geometry": {"type": "LineString", "coordinates": [[11.0212975, 50.9870877], [11.0211559, 50.9870638]]}}, {"type": "Feature", "properties": {}, "geometry": {"type": "LineString", "coordinates": [[11.0198947, 50.9862175], [11.0192903, 50.9853737]]}}, {"type": "Feature", "properties": {}, "geometry": {"type": "LineString", "coordinates": [[11.0199279, 50.9855333], [11.0192903, 50.9853737]]}}, {"type": "Feature", "properties": {}, "geometry": {"type": "LineString", "coordinates": [[11.0200377, 50.9856104], [11.0192903, 50.9853737]]}}, {"type": "Feature", "properties": {}, "geometry": {"type": "LineString", "coordinates": [[11.0206945, 50.9875717], [11.0208237, 50.9874135]]}}, {"type": "Feature", "properties": {}, "geometry": {"type": "LineString", "coordinates": [[11.0208302, 50.986138], [11.0203516, 50.986858]]}}, {"type": "Feature", "properties": {}, "geometry": {"type": "LineString", "coordinates": [[11.0212466, 50.9855648], [11.0215418, 50.9856834]]}}, {"type": "Feature", "properties": {}, "geometry": {"type": "LineString", "coordinates": [[11.0214764, 50.9853372], [11.0215418, 50.9856834]]}}, {"type": "Feature", "properties": {}, "geometry": {"type": "LineString", "coordinates": [[11.0203923, 50.9851918], [11.0199968, 50.984877]]}}, {"type": "Feature", "properties": {}, "geometry": {"type": "LineString", "coordinates": [[11.0205293, 50.9854111], [11.0199968, 50.984877]]}}, {"type": "Feature", "properties": {}, "geometry": {"type": "LineString", "coordinates": [[11.0211454, 50.9856627], [11.0215418, 50.9856834]]}}, {"type": "Feature", "properties": {}, "geometry": {"type": "LineString", "coordinates": [[11.0212562, 50.9858881], [11.0215418, 50.9856834]]}}, {"type": "Feature", "properties": {}, "geometry": {"type": "LineString", "coordinates": [[11.0199629, 50.9851799], [11.0199968, 50.984877]]}}, {"type": "Feature", "properties": {}, "geometry": {"type": "LineString", "coordinates": [[11.0200662, 50.9852502], [11.0199968, 50.984877]]}}, {"type": "Feature", "properties": {}, "geometry": {"type": "LineString", "coordinates": [[11.0224857, 50.9849939], [11.0225561, 50.9849859]]}}, {"type": "Feature", "properties": {}, "geometry": {"type": "LineString", "coordinates": [[11.0201712, 50.9853224], [11.0199968, 50.984877]]}}, {"type": "Feature", "properties": {}, "geometry": {"type": "LineString", "coordinates": [[11.022274, 50.9870093], [11.0222947, 50.9870375]]}}, {"type": "Feature", "properties": {}, "geometry": {"type": "LineString", "coordinates": [[11.0225174, 50.9865698], [11.0227038, 50.986347]]}}, {"type": "Feature", "properties": {}, "geometry": {"type": "LineString", "coordinates": [[11.0234112, 50.9853962], [11.0233807, 50.9857276]]}}, {"type": "Feature", "properties": {}, "geometry": {"type": "LineString", "coordinates": [[11.0233366, 50.9852726], [11.0233807, 50.9857276]]}}, {"type": "Feature", "properties": {}, "geometry": {"type": "LineString", "coordinates": [[11.0231559, 50.9859156], [11.0233807, 50.9857276]]}}, {"type": "Feature", "properties": {}, "geometry": {"type": "LineString", "coordinates": [[11.0258215, 50.9851076], [11.0253721, 50.9849377]]}}, {"type": "Feature", "properties": {}, "geometry": {"type": "LineString", "coordinates": [[11.0258215, 50.9851076], [11.0256475, 50.9849731]]}}, {"type": "Feature", "properties": {}, "geometry": {"type": "LineString", "coordinates": [[11.0252943, 50.985275], [11.0253721, 50.9849377]]}}, {"type": "Feature", "properties": {}, "geometry": {"type": "LineString", "coordinates": [[11.0248979, 50.985092], [11.0253721, 50.9849377]]}}, {"type": "Feature", "properties": {}, "geometry": {"type": "LineString", "coordinates": [[11.0233253, 50.9860276], [11.0233807, 50.9857276]]}}, {"type": "Feature", "properties": {}, "geometry": {"type": "LineString", "coordinates": [[11.0244753, 50.9854756], [11.0244781, 50.9854388]]}}, {"type": "Feature", "properties": {}, "geometry": {"type": "LineString", "coordinates": [[11.0466246, 51.0025987], [11.046609, 51.0026003]]}}, {"type": "Feature", "properties": {}, "geometry": {"type": "LineString", "coordinates": [[11.0446953, 51.0026399], [11.0446852, 51.0026429]]}}, {"type": "Feature", "properties": {}, "geometry": {"type": "LineString", "coordinates": [[11.0419237, 51.0018368], [11.0420034, 51.0018329]]}}, {"type": "Feature", "properties": {}, "geometry": {"type": "LineString", "coordinates": [[11.048392, 51.0016797], [11.0483907, 51.0016877]]}}, {"type": "Feature", "properties": {}, "geometry": {"type": "LineString", "coordinates": [[11.048392, 51.0016797], [11.0481732, 51.0017007]]}}, {"type": "Feature", "properties": {}, "geometry": {"type": "LineString", "coordinates": [[11.0479367, 51.0024081], [11.0479274, 51.0024423]]}}, {"type": "Feature", "properties": {}, "geometry": {"type": "LineString", "coordinates": [[11.0477754, 51.0028551], [11.0477611, 51.0028599]]}}, {"type": "Feature", "properties": {}, "geometry": {"type": "LineString", "coordinates": [[11.0470682, 51.0021526], [11.0470565, 51.0021454]]}}, {"type": "Feature", "properties": {}, "geometry": {"type": "LineString", "coordinates": [[11.0444035, 51.0018508], [11.0444044, 51.0018556]]}}, {"type": "Feature", "properties": {}, "geometry": {"type": "LineString", "coordinates": [[11.0444035, 51.0018508], [11.0442427, 51.0018462]]}}, {"type": "Feature", "properties": {}, "geometry": {"type": "LineString", "coordinates": [[11.0470045, 51.0001546], [11.0469829, 51.0001267]]}}, {"type": "Feature", "properties": {}, "geometry": {"type": "LineString", "coordinates": [[11.0478522, 51.0022311], [11.0478447, 51.0022453]]}}, {"type": "Feature", "properties": {}, "geometry": {"type": "LineString", "coordinates": [[11.0483396, 51.0028747], [11.0483296, 51.0028789]]}}, {"type": "Feature", "properties": {}, "geometry": {"type": "LineString", "coordinates": [[11.0464766, 51.0021912], [11.0464825, 51.0022059]]}}, {"type": "Feature", "properties": {}, "geometry": {"type": "LineString", "coordinates": [[11.0464766, 51.0021912], [11.0466031, 51.0022149]]}}, {"type": "Feature", "properties": {}, "geometry": {"type": "LineString", "coordinates": [[11.0466345, 51.0020525], [11.0466294, 51.0020515]]}}, {"type": "Feature", "properties": {}, "geometry": {"type": "LineString", "coordinates": [[11.0476594, 51.0025143], [11.0476671, 51.0025209]]}}, {"type": "Feature", "properties": {}, "geometry": {"type": "LineString", "coordinates": [[11.0476594, 51.0025143], [11.0477522, 51.0026179]]}}, {"type": "Feature", "properties": {}, "geometry": {"type": "LineString", "coordinates": [[11.0443051, 51.0021665], [11.0442858, 51.0021714]]}}, {"type": "Feature", "properties": {}, "geometry": {"type": "LineString", "coordinates": [[11.0483239, 51.0029591], [11.0483169, 51.0029659]]}}, {"type": "Feature", "properties": {}, "geometry": {"type": "LineString", "coordinates": [[11.0453381, 51.0014697], [11.0453512, 51.0014494]]}}, {"type": "Feature", "properties": {}, "geometry": {"type": "LineString", "coordinates": [[11.0453381, 51.0014697], [11.0455902, 51.0014235]]}}, {"type": "Feature", "properties": {}, "geometry": {"type": "LineString", "coordinates": [[11.0466475, 51.0017225], [11.0466531, 51.0017353]]}}, {"type": "Feature", "properties": {}, "geometry": {"type": "LineString", "coordinates": [[11.0462924, 51.0021562], [11.046198, 51.0021849]]}}, {"type": "Feature", "properties": {}, "geometry": {"type": "LineString", "coordinates": [[11.0480573, 51.002525], [11.0479274, 51.0024423]]}}, {"type": "Feature", "properties": {}, "geometry": {"type": "LineString", "coordinates": [[11.0479233, 51.0024656], [11.0479274, 51.0024423]]}}, {"type": "Feature", "properties": {}, "geometry": {"type": "LineString", "coordinates": [[11.046644, 51.0022577], [11.0466031, 51.0022149]]}}, {"type": "Feature", "properties": {}, "geometry": {"type": "LineString", "coordinates": [[11.046644, 51.0022577], [11.0467337, 51.0022737]]}}, {"type": "Feature", "properties": {}, "geometry": {"type": "LineString", "coordinates": [[11.046644, 51.0022577], [11.0464825, 51.0022059]]}}, {"type": "Feature", "properties": {}, "geometry": {"type": "LineString", "coordinates": [[11.0466272, 51.0021602], [11.0464825, 51.0022059]]}}, {"type": "Feature", "properties": {}, "geometry": {"type": "LineString", "coordinates": [[11.0466272, 51.0021602], [11.0466031, 51.0022149]]}}, {"type": "Feature", "properties": {}, "geometry": {"type": "LineString", "coordinates": [[11.0466272, 51.0021602], [11.0467337, 51.0022737]]}}, {"type": "Feature", "properties": {}, "geometry": {"type": "LineString", "coordinates": [[11.0461673, 51.002058], [11.0462124, 51.0020052]]}}, {"type": "Feature", "properties": {}, "geometry": {"type": "LineString", "coordinates": [[11.0488773, 51.0020185], [11.0488918, 51.0020312]]}}, {"type": "Feature", "properties": {}, "geometry": {"type": "LineString", "coordinates": [[11.0461635, 51.0004062], [11.046187, 51.0003934]]}}, {"type": "Feature", "properties": {}, "geometry": {"type": "LineString", "coordinates": [[11.0461635, 51.0004062], [11.0461656, 51.0003437]]}}, {"type": "Feature", "properties": {}, "geometry": {"type": "LineString", "coordinates": [[11.0456123, 51.0003009], [11.0454936, 51.000257]]}}, {"type": "Feature", "properties": {}, "geometry": {"type": "LineString", "coordinates": [[11.0455424, 51.0002144], [11.0454936, 51.000257]]}}, {"type": "Feature", "properties": {}, "geometry": {"type": "LineString", "coordinates": [[11.0469172, 51.0001017], [11.0469829, 51.0001267]]}}, {"type": "Feature", "properties": {}, "geometry": {"type": "LineString", "coordinates": [[11.0412954, 50.9998594], [11.0415822, 50.9998769]]}}, {"type": "Feature", "properties": {}, "geometry": {"type": "LineString", "coordinates": [[11.0418329, 50.998613], [11.0417967, 50.9985562]]}}, {"type": "Feature", "properties": {}, "geometry": {"type": "LineString", "coordinates": [[11.0418329, 50.998613], [11.0418592, 50.9986124]]}}, {"type": "Feature", "properties": {}, "geometry": {"type": "LineString", "coordinates": [[11.0418329, 50.998613], [11.0417251, 50.998641]]}}, {"type": "Feature", "properties": {}, "geometry": {"type": "LineString", "coordinates": [[11.0448141, 51.0018056], [11.0448376, 51.0017787]]}}, {"type": "Feature", "properties": {}, "geometry": {"type": "LineString", "coordinates": [[11.0448141, 51.0018056], [11.0448301, 51.0018632]]}}, {"type": "Feature", "properties": {}, "geometry": {"type": "LineString", "coordinates": [[11.0459735, 51.00153], [11.0457583, 51.0015614]]}}, {"type": "Feature", "properties": {}, "geometry": {"type": "LineString", "coordinates": [[11.0454166, 51.0014013], [11.045481, 51.0013755]]}}, {"type": "Feature", "properties": {}, "geometry": {"type": "LineString", "coordinates": [[11.0454166, 51.0014013], [11.0455902, 51.0014235]]}}, {"type": "Feature", "properties": {}, "geometry": {"type": "LineString", "coordinates": [[11.0454166, 51.0014013], [11.0453512, 51.0014494]]}}, {"type": "Feature", "properties": {}, "geometry": {"type": "LineString", "coordinates": [[11.0444669, 51.0012231], [11.0448372, 51.0012434]]}}, {"type": "Feature", "properties": {}, "geometry": {"type": "LineString", "coordinates": [[11.045816, 51.0008665], [11.0458677, 51.0009092]]}}, {"type": "Feature", "properties": {}, "geometry": {"type": "LineString", "coordinates": [[11.045816, 51.0008665], [11.0457176, 51.0008418]]}}, {"type": "Feature", "properties": {}, "geometry": {"type": "LineString", "coordinates": [[11.0425399, 50.9985016], [11.0425517, 50.9984554]]}}, {"type": "Feature", "properties": {}, "geometry": {"type": "LineString", "coordinates": [[11.0419422, 50.9976541], [11.0419671, 50.9976621]]}}, {"type": "Feature", "properties": {}, "geometry": {"type": "LineString", "coordinates": [[11.0419207, 50.9971222], [11.0419354, 50.9970858]]}}, {"type": "Feature", "properties": {}, "geometry": {"type": "LineString", "coordinates": [[11.0419207, 50.9971222], [11.0417751, 50.9970615]]}}, {"type": "Feature", "properties": {}, "geometry": {"type": "LineString", "coordinates": [[11.0407458, 50.9969671], [11.0410021, 50.9969245]]}}, {"type": "Feature", "properties": {}, "geometry": {"type": "LineString", "coordinates": [[11.0412751, 50.9964931], [11.0413223, 50.9964162]]}}, {"type": "Feature", "properties": {}, "geometry": {"type": "LineString", "coordinates": [[11.0441784, 51.0028959], [11.0441771, 51.0029032]]}}, {"type": "Feature", "properties": {}, "geometry": {"type": "LineString", "coordinates": [[11.0484799, 51.0026699], [11.0484754, 51.0026848]]}}, {"type": "Feature", "properties": {}, "geometry": {"type": "LineString", "coordinates": [[11.0436045, 51.0025276], [11.0436134, 51.0025331]]}}, {"type": "Feature", "properties": {}, "geometry": {"type": "LineString", "coordinates": [[11.0444083, 51.0030478], [11.0446292, 51.0030841]]}}, {"type": "Feature", "properties": {}, "geometry": {"type": "LineString", "coordinates": [[11.0447444, 51.0029698], [11.0447503, 51.0029802]]}}, {"type": "Feature", "properties": {}, "geometry": {"type": "LineString", "coordinates": [[11.0447444, 51.0029698], [11.0448785, 51.0030617]]}}, {"type": "Feature", "properties": {}, "geometry": {"type": "LineString", "coordinates": [[11.0459295, 51.0024934], [11.0459267, 51.0025039]]}}, {"type": "Feature", "properties": {}, "geometry": {"type": "LineString", "coordinates": [[11.0459295, 51.0024934], [11.0458349, 51.0024445]]}}, {"type": "Feature", "properties": {}, "geometry": {"type": "LineString", "coordinates": [[11.0448412, 51.0022681], [11.0448369, 51.0022717]]}}, {"type": "Feature", "properties": {}, "geometry": {"type": "LineString", "coordinates": [[11.0426367, 51.0017566], [11.042663, 51.0017619]]}}, {"type": "Feature", "properties": {}, "geometry": {"type": "LineString", "coordinates": [[11.0469012, 51.0017811], [11.0469037, 51.0017857]]}}, {"type": "Feature", "properties": {}, "geometry": {"type": "LineString", "coordinates": [[11.0484633, 51.0016369], [11.0483907, 51.0016877]]}}, {"type": "Feature", "properties": {}, "geometry": {"type": "LineString", "coordinates": [[11.0484633, 51.0016369], [11.0481732, 51.0017007]]}}, {"type": "Feature", "properties": {}, "geometry": {"type": "LineString", "coordinates": [[11.0459827, 51.002093], [11.0459688, 51.0020963]]}}, {"type": "Feature", "properties": {}, "geometry": {"type": "LineString", "coordinates": [[11.0468993, 51.0022012], [11.0470005, 51.0022264]]}}, {"type": "Feature", "properties": {}, "geometry": {"type": "LineString", "coordinates": [[11.0468993, 51.0022012], [11.0470565, 51.0021454]]}}, {"type": "Feature", "properties": {}, "geometry": {"type": "LineString", "coordinates": [[11.0451706, 51.0023536], [11.0451682, 51.0023603]]}}, {"type": "Feature", "properties": {}, "geometry": {"type": "LineString", "coordinates": [[11.0479729, 51.00193], [11.04797, 51.0019396]]}}, {"type": "Feature", "properties": {}, "geometry": {"type": "LineString", "coordinates": [[11.0479729, 51.00193], [11.0479397, 51.0019911]]}}, {"type": "Feature", "properties": {}, "geometry": {"type": "LineString", "coordinates": [[11.0474762, 51.0018556], [11.047471, 51.0018588]]}}, {"type": "Feature", "properties": {}, "geometry": {"type": "LineString", "coordinates": [[11.0454808, 51.0013689], [11.045481, 51.0013755]]}}, {"type": "Feature", "properties": {}, "geometry": {"type": "LineString", "coordinates": [[11.0454808, 51.0013689], [11.0455902, 51.0014235]]}}, {"type": "Feature", "properties": {}, "geometry": {"type": "LineString", "coordinates": [[11.0454808, 51.0013689], [11.0453512, 51.0014494]]}}, {"type": "Feature", "properties": {}, "geometry": {"type": "LineString", "coordinates": [[11.0467453, 51.0005257], [11.0467449, 51.0005264]]}}, {"type": "Feature", "properties": {}, "geometry": {"type": "LineString", "coordinates": [[11.0448633, 51.0004523], [11.0447877, 51.0004466]]}}, {"type": "Feature", "properties": {}, "geometry": {"type": "LineString", "coordinates": [[11.0448633, 51.0004523], [11.0449152, 51.0003961]]}}, {"type": "Feature", "properties": {}, "geometry": {"type": "LineString", "coordinates": [[11.0464777, 51.0003873], [11.0464744, 51.0003965]]}}, {"type": "Feature", "properties": {}, "geometry": {"type": "LineString", "coordinates": [[11.0462108, 51.0003504], [11.0461656, 51.0003437]]}}, {"type": "Feature", "properties": {}, "geometry": {"type": "LineString", "coordinates": [[11.0462108, 51.0003504], [11.046187, 51.0003934]]}}, {"type": "Feature", "properties": {}, "geometry": {"type": "LineString", "coordinates": [[11.0476735, 51.0002517], [11.0476679, 51.0002533]]}}, {"type": "Feature", "properties": {}, "geometry": {"type": "LineString", "coordinates": [[11.0474827, 51.0002254], [11.0474758, 51.0002261]]}}, {"type": "Feature", "properties": {}, "geometry": {"type": "LineString", "coordinates": [[11.0417459, 50.9998725], [11.0415822, 50.9998769]]}}, {"type": "Feature", "properties": {}, "geometry": {"type": "LineString", "coordinates": [[11.0464977, 51.0000329], [11.0465048, 51.0000287]]}}, {"type": "Feature", "properties": {}, "geometry": {"type": "LineString", "coordinates": [[11.0447118, 51.0011319], [11.0447076, 51.0011366]]}}, {"type": "Feature", "properties": {}, "geometry": {"type": "LineString", "coordinates": [[11.0467877, 51.0011002], [11.0468832, 51.0011001]]}}, {"type": "Feature", "properties": {}, "geometry": {"type": "LineString", "coordinates": [[11.0467877, 51.0011002], [11.0467967, 51.0010477]]}}, {"type": "Feature", "properties": {}, "geometry": {"type": "LineString", "coordinates": [[11.0465713, 51.001066], [11.0465862, 51.0010564]]}}, {"type": "Feature", "properties": {}, "geometry": {"type": "LineString", "coordinates": [[11.0467935, 51.001043], [11.0467967, 51.0010477]]}}, {"type": "Feature", "properties": {}, "geometry": {"type": "LineString", "coordinates": [[11.0467935, 51.001043], [11.0468832, 51.0011001]]}}, {"type": "Feature", "properties": {}, "geometry": {"type": "LineString", "coordinates": [[11.0462497, 51.0010105], [11.0462491, 51.0010131]]}}, {"type": "Feature", "properties": {}, "geometry": {"type": "LineString", "coordinates": [[11.0466289, 51.0010197], [11.0465862, 51.0010564]]}}, {"type": "Feature", "properties": {}, "geometry": {"type": "LineString", "coordinates": [[11.0448115, 51.0009584], [11.0446934, 51.0009372]]}}, {"type": "Feature", "properties": {}, "geometry": {"type": "LineString", "coordinates": [[11.0448115, 51.0009584], [11.0448183, 51.0009654]]}}, {"type": "Feature", "properties": {}, "geometry": {"type": "LineString", "coordinates": [[11.0458865, 51.0008785], [11.0459398, 51.0008917]]}}, {"type": "Feature", "properties": {}, "geometry": {"type": "LineString", "coordinates": [[11.0458865, 51.0008785], [11.0458677, 51.0009092]]}}, {"type": "Feature", "properties": {}, "geometry": {"type": "LineString", "coordinates": [[11.0455317, 51.0008578], [11.0454654, 51.0008265]]}}, {"type": "Feature", "properties": {}, "geometry": {"type": "LineString", "coordinates": [[11.0457273, 51.000842], [11.0457176, 51.0008418]]}}, {"type": "Feature", "properties": {}, "geometry": {"type": "LineString", "coordinates": [[11.047572, 51.0007829], [11.0475765, 51.000788]]}}, {"type": "Feature", "properties": {}, "geometry": {"type": "LineString", "coordinates": [[11.0453238, 51.0007131], [11.0453289, 51.0007173]]}}, {"type": "Feature", "properties": {}, "geometry": {"type": "LineString", "coordinates": [[11.0453238, 51.0007131], [11.0453834, 51.0007391]]}}, {"type": "Feature", "properties": {}, "geometry": {"type": "LineString", "coordinates": [[11.0429251, 50.9998469], [11.042949, 50.9998508]]}}, {"type": "Feature", "properties": {}, "geometry": {"type": "LineString", "coordinates": [[11.0403369, 50.997252], [11.0403723, 50.9972606]]}}, {"type": "Feature", "properties": {}, "geometry": {"type": "LineString", "coordinates": [[11.0409943, 50.9970331], [11.0410021, 50.9969245]]}}, {"type": "Feature", "properties": {}, "geometry": {"type": "LineString", "coordinates": [[11.0401179, 50.996744], [11.040166, 50.9967595]]}}, {"type": "Feature", "properties": {}, "geometry": {"type": "LineString", "coordinates": [[11.0422504, 50.9965326], [11.0422873, 50.9965116]]}}, {"type": "Feature", "properties": {}, "geometry": {"type": "LineString", "coordinates": [[11.0413108, 50.9963267], [11.0413223, 50.9964162]]}}, {"type": "Feature", "properties": {}, "geometry": {"type": "LineString", "coordinates": [[11.0407304, 50.9962269], [11.0406448, 50.9963343]]}}, {"type": "Feature", "properties": {}, "geometry": {"type": "LineString", "coordinates": [[11.0417036, 50.9986258], [11.0417967, 50.9985562]]}}, {"type": "Feature", "properties": {}, "geometry": {"type": "LineString", "coordinates": [[11.0417036, 50.9986258], [11.0417251, 50.998641]]}}, {"type": "Feature", "properties": {}, "geometry": {"type": "LineString", "coordinates": [[11.0417036, 50.9986258], [11.0418592, 50.9986124]]}}, {"type": "Feature", "properties": {}, "geometry": {"type": "LineString", "coordinates": [[11.0425268, 50.9984513], [11.0425517, 50.9984554]]}}, {"type": "Feature", "properties": {}, "geometry": {"type": "LineString", "coordinates": [[11.0422707, 50.9978515], [11.0422952, 50.9978396]]}}, {"type": "Feature", "properties": {}, "geometry": {"type": "LineString", "coordinates": [[11.0421464, 50.9976591], [11.0421688, 50.9976652]]}}, {"type": "Feature", "properties": {}, "geometry": {"type": "LineString", "coordinates": [[11.0416435, 50.9976597], [11.0416674, 50.9976794]]}}, {"type": "Feature", "properties": {}, "geometry": {"type": "LineString", "coordinates": [[11.0460807, 51.002861], [11.0461328, 51.0028719]]}}, {"type": "Feature", "properties": {}, "geometry": {"type": "LineString", "coordinates": [[11.0458465, 51.0015453], [11.0457583, 51.0015614]]}}, {"type": "Feature", "properties": {}, "geometry": {"type": "LineString", "coordinates": [[11.0451011, 51.0013591], [11.0451646, 51.0014044]]}}, {"type": "Feature", "properties": {}, "geometry": {"type": "LineString", "coordinates": [[11.0446559, 51.0012611], [11.0448372, 51.0012434]]}}, {"type": "Feature", "properties": {}, "geometry": {"type": "LineString", "coordinates": [[11.0446559, 51.0012611], [11.0445542, 51.0013241]]}}, {"type": "Feature", "properties": {}, "geometry": {"type": "LineString", "coordinates": [[11.0448358, 51.0012326], [11.0448372, 51.0012434]]}}, {"type": "Feature", "properties": {}, "geometry": {"type": "LineString", "coordinates": [[11.0406694, 50.9963242], [11.0406448, 50.9963343]]}}, {"type": "Feature", "properties": {}, "geometry": {"type": "LineString", "coordinates": [[11.0452674, 51.0017991], [11.0452766, 51.0018066]]}}, {"type": "Feature", "properties": {}, "geometry": {"type": "LineString", "coordinates": [[11.0446907, 51.0017247], [11.0447099, 51.0016979]]}}, {"type": "Feature", "properties": {}, "geometry": {"type": "LineString", "coordinates": [[11.0451957, 51.0013756], [11.0451646, 51.0014044]]}}, {"type": "Feature", "properties": {}, "geometry": {"type": "LineString", "coordinates": [[11.044937, 51.0012649], [11.0448372, 51.0012434]]}}, {"type": "Feature", "properties": {}, "geometry": {"type": "LineString", "coordinates": [[11.0462078, 51.0019998], [11.0462124, 51.0020052]]}}, {"type": "Feature", "properties": {}, "geometry": {"type": "LineString", "coordinates": [[11.0486372, 51.0027857], [11.0486323, 51.0027595]]}}, {"type": "Feature", "properties": {}, "geometry": {"type": "LineString", "coordinates": [[11.0486413, 51.0027535], [11.0486323, 51.0027595]]}}, {"type": "Feature", "properties": {}, "geometry": {"type": "LineString", "coordinates": [[11.0470202, 51.001793], [11.0470229, 51.0017929]]}}, {"type": "Feature", "properties": {}, "geometry": {"type": "LineString", "coordinates": [[11.0470202, 51.001793], [11.0469037, 51.0017857]]}}, {"type": "Feature", "properties": {}, "geometry": {"type": "LineString", "coordinates": [[11.0410501, 50.9960406], [11.0410048, 50.9960867]]}}, {"type": "Feature", "properties": {}, "geometry": {"type": "LineString", "coordinates": [[11.0486849, 51.0023147], [11.0486929, 51.0023222]]}}, {"type": "Feature", "properties": {}, "geometry": {"type": "LineString", "coordinates": [[11.047219, 51.0001652], [11.0471924, 51.0001543]]}}, {"type": "Feature", "properties": {}, "geometry": {"type": "LineString", "coordinates": [[11.0478319, 51.0015773], [11.047828, 51.0015983]]}}, {"type": "Feature", "properties": {}, "geometry": {"type": "LineString", "coordinates": [[11.0478195, 51.0016039], [11.047828, 51.0015983]]}}, {"type": "Feature", "properties": {}, "geometry": {"type": "LineString", "coordinates": [[11.0478436, 51.001063], [11.0478563, 51.0010726]]}}, {"type": "Feature", "properties": {}, "geometry": {"type": "LineString", "coordinates": [[11.04802, 51.0020307], [11.0480182, 51.0020363]]}}, {"type": "Feature", "properties": {}, "geometry": {"type": "LineString", "coordinates": [[11.0473469, 51.0017699], [11.0473254, 51.0017541]]}}, {"type": "Feature", "properties": {}, "geometry": {"type": "LineString", "coordinates": [[11.0480905, 51.0016909], [11.0481732, 51.0017007]]}}, {"type": "Feature", "properties": {}, "geometry": {"type": "LineString", "coordinates": [[11.0480906, 51.001656], [11.0481732, 51.0017007]]}}, {"type": "Feature", "properties": {}, "geometry": {"type": "LineString", "coordinates": [[11.0463669, 51.0008453], [11.0464124, 51.0008558]]}}, {"type": "Feature", "properties": {}, "geometry": {"type": "LineString", "coordinates": [[11.0446102, 51.0030289], [11.0446292, 51.0030841]]}}, {"type": "Feature", "properties": {}, "geometry": {"type": "LineString", "coordinates": [[11.0441972, 51.0018567], [11.0442427, 51.0018462]]}}, {"type": "Feature", "properties": {}, "geometry": {"type": "LineString", "coordinates": [[11.04098, 50.9960481], [11.0410048, 50.9960867]]}}, {"type": "Feature", "properties": {}, "geometry": {"type": "LineString", "coordinates": [[11.0464328, 51.0021847], [11.0464825, 51.0022059]]}}, {"type": "Feature", "properties": {}, "geometry": {"type": "LineString", "coordinates": [[11.0419806, 51.0018206], [11.0420034, 51.0018329]]}}, {"type": "Feature", "properties": {}, "geometry": {"type": "LineString", "coordinates": [[11.0244403, 50.9897346], [11.0247361, 50.9892721]]}}, {"type": "Feature", "properties": {}, "geometry": {"type": "LineString", "coordinates": [[11.0248421, 50.9883673], [11.0243633, 50.9879236]]}}, {"type": "Feature", "properties": {}, "geometry": {"type": "LineString", "coordinates": [[11.0261913, 50.9872999], [11.0264949, 50.9879048]]}}, {"type": "Feature", "properties": {}, "geometry": {"type": "LineString", "coordinates": [[11.026013, 50.9877675], [11.0264949, 50.9879048]]}}, {"type": "Feature", "properties": {}, "geometry": {"type": "LineString", "coordinates": [[11.02596, 50.9879035], [11.0264949, 50.9879048]]}}, {"type": "Feature", "properties": {}, "geometry": {"type": "LineString", "coordinates": [[11.026356, 50.9886125], [11.0264949, 50.9879048]]}}, {"type": "Feature", "properties": {}, "geometry": {"type": "LineString", "coordinates": [[11.0257377, 50.9888121], [11.0258957, 50.9894098]]}}, {"type": "Feature", "properties": {}, "geometry": {"type": "LineString", "coordinates": [[11.0255271, 50.9890014], [11.0258957, 50.9894098]]}}, {"type": "Feature", "properties": {}, "geometry": {"type": "LineString", "coordinates": [[11.0268226, 50.98815], [11.0264949, 50.9879048]]}}, {"type": "Feature", "properties": {}, "geometry": {"type": "LineString", "coordinates": [[11.0258822, 50.9888364], [11.0258957, 50.9894098]]}}, {"type": "Feature", "properties": {}, "geometry": {"type": "LineString", "coordinates": [[11.0268967, 50.9879575], [11.0264949, 50.9879048]]}}, {"type": "Feature", "properties": {}, "geometry": {"type": "LineString", "coordinates": [[11.0265868, 50.9886438], [11.0264949, 50.9879048]]}}, {"type": "Feature", "properties": {}, "geometry": {"type": "LineString", "coordinates": [[11.026631, 50.9881475], [11.0264949, 50.9879048]]}}, {"type": "Feature", "properties": {}, "geometry": {"type": "LineString", "coordinates": [[11.0246653, 50.9886461], [11.0247361, 50.9892721]]}}, {"type": "Feature", "properties": {}, "geometry": {"type": "LineString", "coordinates": [[11.0248148, 50.989533], [11.0247361, 50.9892721]]}}, {"type": "Feature", "properties": {}, "geometry": {"type": "LineString", "coordinates": [[11.0256021, 50.9899295], [11.0258957, 50.9894098]]}}, {"type": "Feature", "properties": {}, "geometry": {"type": "LineString", "coordinates": [[11.0247575, 50.9880461], [11.0243633, 50.9879236]]}}, {"type": "Feature", "properties": {}, "geometry": {"type": "LineString", "coordinates": [[11.0252675, 50.9881938], [11.0252615, 50.9880134]]}}, {"type": "Feature", "properties": {}, "geometry": {"type": "LineString", "coordinates": [[11.0253659, 50.9881297], [11.0252615, 50.9880134]]}}, {"type": "Feature", "properties": {}, "geometry": {"type": "LineString", "coordinates": [[11.0260241, 50.9883819], [11.0264949, 50.9879048]]}}, {"type": "Feature", "properties": {}, "geometry": {"type": "LineString", "coordinates": [[11.0253095, 50.9895591], [11.0258957, 50.9894098]]}}, {"type": "Feature", "properties": {}, "geometry": {"type": "LineString", "coordinates": [[11.0253516, 50.9894459], [11.0258957, 50.9894098]]}}, {"type": "Feature", "properties": {}, "geometry": {"type": "LineString", "coordinates": [[11.0255577, 50.98963], [11.0258957, 50.9894098]]}}, {"type": "Feature", "properties": {}, "geometry": {"type": "LineString", "coordinates": [[11.0251304, 50.9883343], [11.0243633, 50.9879236]]}}, {"type": "Feature", "properties": {}, "geometry": {"type": "LineString", "coordinates": [[11.0262799, 50.9890955], [11.0258957, 50.9894098]]}}, {"type": "Feature", "properties": {}, "geometry": {"type": "LineString", "coordinates": [[11.0254023, 50.9872955], [11.0254557, 50.9872821]]}}, {"type": "Feature", "properties": {}, "geometry": {"type": "LineString", "coordinates": [[11.0251347, 50.9874901], [11.0251527, 50.9874944]]}}, {"type": "Feature", "properties": {}, "geometry": {"type": "LineString", "coordinates": [[11.0265497, 50.9882014], [11.0264949, 50.9879048]]}}, {"type": "Feature", "properties": {}, "geometry": {"type": "LineString", "coordinates": [[11.0247359, 50.9889248], [11.0247203, 50.9889268]]}}, {"type": "Feature", "properties": {}, "geometry": {"type": "LineString", "coordinates": [[11.0278894, 50.9880546], [11.0279692, 50.9878933]]}}, {"type": "Feature", "properties": {}, "geometry": {"type": "LineString", "coordinates": [[11.0295048, 50.9878992], [11.0291666, 50.9884099]]}}, {"type": "Feature", "properties": {}, "geometry": {"type": "LineString", "coordinates": [[11.0272983, 50.9887638], [11.0274917, 50.9886199]]}}, {"type": "Feature", "properties": {}, "geometry": {"type": "LineString", "coordinates": [[11.0276513, 50.9877039], [11.0279692, 50.9878933]]}}, {"type": "Feature", "properties": {}, "geometry": {"type": "LineString", "coordinates": [[11.0294711, 50.9878176], [11.0291666, 50.9884099]]}}, {"type": "Feature", "properties": {}, "geometry": {"type": "LineString", "coordinates": [[11.0264924, 50.9881297], [11.0264949, 50.9879048]]}}, {"type": "Feature", "properties": {}, "geometry": {"type": "LineString", "coordinates": [[11.0289567, 50.9890184], [11.0291666, 50.9884099]]}}, {"type": "Feature", "properties": {}, "geometry": {"type": "LineString", "coordinates": [[11.027238, 50.9895243], [11.0279333, 50.9897021]]}}, {"type": "Feature", "properties": {}, "geometry": {"type": "LineString", "coordinates": [[11.0279034, 50.9877061], [11.0279381, 50.9877432]]}}, {"type": "Feature", "properties": {}, "geometry": {"type": "LineString", "coordinates": [[11.0306344, 50.9881334], [11.0306632, 50.9881511]]}}, {"type": "Feature", "properties": {}, "geometry": {"type": "LineString", "coordinates": [[11.0306344, 50.9881334], [11.030541, 50.9880608]]}}, {"type": "Feature", "properties": {}, "geometry": {"type": "LineString", "coordinates": [[11.0301334, 50.9880058], [11.030541, 50.9880608]]}}, {"type": "Feature", "properties": {}, "geometry": {"type": "LineString", "coordinates": [[11.0301082, 50.9880599], [11.030541, 50.9880608]]}}, {"type": "Feature", "properties": {}, "geometry": {"type": "LineString", "coordinates": [[11.0300341, 50.9881602], [11.030541, 50.9880608]]}}, {"type": "Feature", "properties": {}, "geometry": {"type": "LineString", "coordinates": [[11.0286108, 50.9878445], [11.0284322, 50.9883884]]}}, {"type": "Feature", "properties": {}, "geometry": {"type": "LineString", "coordinates": [[11.0286097, 50.9887437], [11.0291666, 50.9884099]]}}, {"type": "Feature", "properties": {}, "geometry": {"type": "LineString", "coordinates": [[11.0291842, 50.9890132], [11.0291666, 50.9884099]]}}, {"type": "Feature", "properties": {}, "geometry": {"type": "LineString", "coordinates": [[11.02829, 50.9885984], [11.0284322, 50.9883884]]}}, {"type": "Feature", "properties": {}, "geometry": {"type": "LineString", "coordinates": [[11.0283767, 50.9883814], [11.0284322, 50.9883884]]}}, {"type": "Feature", "properties": {}, "geometry": {"type": "LineString", "coordinates": [[11.0280883, 50.9875986], [11.0279692, 50.9878933]]}}, {"type": "Feature", "properties": {}, "geometry": {"type": "LineString", "coordinates": [[11.030399, 50.9879551], [11.030541, 50.9880608]]}}, {"type": "Feature", "properties": {}, "geometry": {"type": "LineString", "coordinates": [[11.0280655, 50.9879147], [11.0279692, 50.9878933]]}}, {"type": "Feature", "properties": {}, "geometry": {"type": "LineString", "coordinates": [[11.028507, 50.9880438], [11.0284322, 50.9883884]]}}, {"type": "Feature", "properties": {}, "geometry": {"type": "LineString", "coordinates": [[11.0291391, 50.9877661], [11.0291666, 50.9884099]]}}, {"type": "Feature", "properties": {}, "geometry": {"type": "LineString", "coordinates": [[11.0303683, 50.9885686], [11.0303316, 50.988563]]}}, {"type": "Feature", "properties": {}, "geometry": {"type": "LineString", "coordinates": [[11.0282359, 50.9876213], [11.0279692, 50.9878933]]}}, {"type": "Feature", "properties": {}, "geometry": {"type": "LineString", "coordinates": [[11.0279389, 50.9875798], [11.0279692, 50.9878933]]}}, {"type": "Feature", "properties": {}, "geometry": {"type": "LineString", "coordinates": [[11.030966, 50.9888238], [11.031026, 50.9888207]]}}, {"type": "Feature", "properties": {}, "geometry": {"type": "LineString", "coordinates": [[11.0310119, 50.9887141], [11.031026, 50.9888207]]}}, {"type": "Feature", "properties": {}, "geometry": {"type": "LineString", "coordinates": [[11.0311454, 50.9883765], [11.031026, 50.9888207]]}}, {"type": "Feature", "properties": {}, "geometry": {"type": "LineString", "coordinates": [[11.028659, 50.988613], [11.0291666, 50.9884099]]}}, {"type": "Feature", "properties": {}, "geometry": {"type": "LineString", "coordinates": [[11.0287085, 50.9884883], [11.0291666, 50.9884099]]}}, {"type": "Feature", "properties": {}, "geometry": {"type": "LineString", "coordinates": [[11.0295368, 50.9881958], [11.0291666, 50.9884099]]}}, {"type": "Feature", "properties": {}, "geometry": {"type": "LineString", "coordinates": [[11.0295368, 50.9881958], [11.0294287, 50.9881175]]}}, {"type": "Feature", "properties": {}, "geometry": {"type": "LineString", "coordinates": [[11.0274756, 50.9886808], [11.0274917, 50.9886199]]}}, {"type": "Feature", "properties": {}, "geometry": {"type": "LineString", "coordinates": [[11.0310566, 50.9886029], [11.031026, 50.9888207]]}}, {"type": "Feature", "properties": {}, "geometry": {"type": "LineString", "coordinates": [[11.0307844, 50.9892977], [11.031026, 50.9888207]]}}, {"type": "Feature", "properties": {}, "geometry": {"type": "LineString", "coordinates": [[11.032769, 50.9858631], [11.0322632, 50.9859868]]}}, {"type": "Feature", "properties": {}, "geometry": {"type": "LineString", "coordinates": [[11.0282626, 50.9872512], [11.0284333, 50.9872717]]}}, {"type": "Feature", "properties": {}, "geometry": {"type": "LineString", "coordinates": [[11.0291903, 50.9872661], [11.0296505, 50.9871065]]}}, {"type": "Feature", "properties": {}, "geometry": {"type": "LineString", "coordinates": [[11.0298762, 50.9871422], [11.0296505, 50.9871065]]}}, {"type": "Feature", "properties": {}, "geometry": {"type": "LineString", "coordinates": [[11.029765, 50.9875017], [11.0296505, 50.9871065]]}}, {"type": "Feature", "properties": {}, "geometry": {"type": "LineString", "coordinates": [[11.0298005, 50.9873622], [11.0296505, 50.9871065]]}}, {"type": "Feature", "properties": {}, "geometry": {"type": "LineString", "coordinates": [[11.0298433, 50.9872503], [11.0296505, 50.9871065]]}}, {"type": "Feature", "properties": {}, "geometry": {"type": "LineString", "coordinates": [[11.0294364, 50.9874793], [11.0296505, 50.9871065]]}}, {"type": "Feature", "properties": {}, "geometry": {"type": "LineString", "coordinates": [[11.0292338, 50.9871552], [11.0296505, 50.9871065]]}}, {"type": "Feature", "properties": {}, "geometry": {"type": "LineString", "coordinates": [[11.0278557, 50.9885157], [11.0278957, 50.9885094]]}}, {"type": "Feature", "properties": {}, "geometry": {"type": "LineString", "coordinates": [[11.0278557, 50.9885157], [11.0281093, 50.9883983]]}}, {"type": "Feature", "properties": {}, "geometry": {"type": "LineString", "coordinates": [[11.0278571, 50.9896699], [11.0279333, 50.9897021]]}}, {"type": "Feature", "properties": {}, "geometry": {"type": "LineString", "coordinates": [[11.0291642, 50.9880977], [11.0291666, 50.9884099]]}}, {"type": "Feature", "properties": {}, "geometry": {"type": "LineString", "coordinates": [[11.0291642, 50.9880977], [11.0294287, 50.9881175]]}}, {"type": "Feature", "properties": {}, "geometry": {"type": "LineString", "coordinates": [[11.0275439, 50.9886369], [11.0274917, 50.9886199]]}}, {"type": "Feature", "properties": {}, "geometry": {"type": "LineString", "coordinates": [[11.0281684, 50.9881944], [11.0279692, 50.9878933]]}}, {"type": "Feature", "properties": {}, "geometry": {"type": "LineString", "coordinates": [[11.0329215, 50.9856516], [11.0323529, 50.9855029]]}}, {"type": "Feature", "properties": {}, "geometry": {"type": "LineString", "coordinates": [[11.0322872, 50.9853589], [11.0323529, 50.9855029]]}}, {"type": "Feature", "properties": {}, "geometry": {"type": "LineString", "coordinates": [[11.0321505, 50.9854299], [11.0323529, 50.9855029]]}}, {"type": "Feature", "properties": {}, "geometry": {"type": "LineString", "coordinates": [[11.0318905, 50.985566], [11.0323529, 50.9855029]]}}, {"type": "Feature", "properties": {}, "geometry": {"type": "LineString", "coordinates": [[11.0324551, 50.9859465], [11.0322632, 50.9859868]]}}, {"type": "Feature", "properties": {}, "geometry": {"type": "LineString", "coordinates": [[11.0293217, 50.9869363], [11.0296505, 50.9871065]]}}, {"type": "Feature", "properties": {}, "geometry": {"type": "LineString", "coordinates": [[11.029117, 50.9874056], [11.0296505, 50.9871065]]}}, {"type": "Feature", "properties": {}, "geometry": {"type": "LineString", "coordinates": [[11.02927, 50.987453], [11.0296505, 50.9871065]]}}, {"type": "Feature", "properties": {}, "geometry": {"type": "LineString", "coordinates": [[11.0298543, 50.9868735], [11.0296505, 50.9871065]]}}, {"type": "Feature", "properties": {}, "geometry": {"type": "LineString", "coordinates": [[11.0256265, 50.9863901], [11.0256698, 50.986416]]}}, {"type": "Feature", "properties": {}, "geometry": {"type": "LineString", "coordinates": [[11.0229273, 50.9889767], [11.022796, 50.9885478]]}}, {"type": "Feature", "properties": {}, "geometry": {"type": "LineString", "coordinates": [[11.02293, 50.9876665], [11.022796, 50.9885478]]}}, {"type": "Feature", "properties": {}, "geometry": {"type": "LineString", "coordinates": [[11.0230083, 50.9875584], [11.022796, 50.9885478]]}}, {"type": "Feature", "properties": {}, "geometry": {"type": "LineString", "coordinates": [[11.022623, 50.9880826], [11.022796, 50.9885478]]}}, {"type": "Feature", "properties": {}, "geometry": {"type": "LineString", "coordinates": [[11.0239286, 50.9880027], [11.0243633, 50.9879236]]}}, {"type": "Feature", "properties": {}, "geometry": {"type": "LineString", "coordinates": [[11.0235028, 50.9881679], [11.022796, 50.9885478]]}}, {"type": "Feature", "properties": {}, "geometry": {"type": "LineString", "coordinates": [[11.0238759, 50.9878892], [11.0243633, 50.9879236]]}}, {"type": "Feature", "properties": {}, "geometry": {"type": "LineString", "coordinates": [[11.0233135, 50.9885404], [11.022796, 50.9885478]]}}, {"type": "Feature", "properties": {}, "geometry": {"type": "LineString", "coordinates": [[11.0219324, 50.9901399], [11.0217462, 50.989935]]}}, {"type": "Feature", "properties": {}, "geometry": {"type": "LineString", "coordinates": [[11.0231519, 50.9874095], [11.022796, 50.9885478]]}}, {"type": "Feature", "properties": {}, "geometry": {"type": "LineString", "coordinates": [[11.0234104, 50.9879477], [11.022796, 50.9885478]]}}, {"type": "Feature", "properties": {}, "geometry": {"type": "LineString", "coordinates": [[11.0244861, 50.9864996], [11.0245616, 50.9865074]]}}, {"type": "Feature", "properties": {}, "geometry": {"type": "LineString", "coordinates": [[11.0211332, 50.9904732], [11.0212819, 50.9905668]]}}, {"type": "Feature", "properties": {}, "geometry": {"type": "LineString", "coordinates": [[11.0226849, 50.9898954], [11.022561, 50.990174]]}}, {"type": "Feature", "properties": {}, "geometry": {"type": "LineString", "coordinates": [[11.0225386, 50.9882022], [11.022796, 50.9885478]]}}, {"type": "Feature", "properties": {}, "geometry": {"type": "LineString", "coordinates": [[11.0237764, 50.9876604], [11.0243633, 50.9879236]]}}, {"type": "Feature", "properties": {}, "geometry": {"type": "LineString", "coordinates": [[11.0221782, 50.988707], [11.022796, 50.9885478]]}}, {"type": "Feature", "properties": {}, "geometry": {"type": "LineString", "coordinates": [[11.0234552, 50.9880634], [11.022796, 50.9885478]]}}, {"type": "Feature", "properties": {}, "geometry": {"type": "LineString", "coordinates": [[11.0211343, 50.9900572], [11.0217462, 50.989935]]}}, {"type": "Feature", "properties": {}, "geometry": {"type": "LineString", "coordinates": [[11.0223489, 50.9884539], [11.022796, 50.9885478]]}}, {"type": "Feature", "properties": {}, "geometry": {"type": "LineString", "coordinates": [[11.0220459, 50.9888293], [11.022796, 50.9885478]]}}, {"type": "Feature", "properties": {}, "geometry": {"type": "LineString", "coordinates": [[11.0222902, 50.990339], [11.022561, 50.990174]]}}, {"type": "Feature", "properties": {}, "geometry": {"type": "LineString", "coordinates": [[11.0223087, 50.9893907], [11.022796, 50.9885478]]}}, {"type": "Feature", "properties": {}, "geometry": {"type": "LineString", "coordinates": [[11.032954, 50.9894476], [11.032959, 50.9894829]]}}, {"type": "Feature", "properties": {}, "geometry": {"type": "LineString", "coordinates": [[11.0341139, 50.9896883], [11.0341676, 50.9896692]]}}, {"type": "Feature", "properties": {}, "geometry": {"type": "LineString", "coordinates": [[11.0339733, 50.9885393], [11.0341183, 50.9886339]]}}, {"type": "Feature", "properties": {}, "geometry": {"type": "LineString", "coordinates": [[11.0317536, 50.9899844], [11.0317574, 50.9899721]]}}, {"type": "Feature", "properties": {}, "geometry": {"type": "LineString", "coordinates": [[11.0230443, 50.9878846], [11.022796, 50.9885478]]}}, {"type": "Feature", "properties": {}, "geometry": {"type": "LineString", "coordinates": [[11.0250412, 50.9871055], [11.0249092, 50.9871134]]}}, {"type": "Feature", "properties": {}, "geometry": {"type": "LineString", "coordinates": [[11.0231433, 50.9898745], [11.022561, 50.990174]]}}, {"type": "Feature", "properties": {}, "geometry": {"type": "LineString", "coordinates": [[11.0231918, 50.987945], [11.022796, 50.9885478]]}}, {"type": "Feature", "properties": {}, "geometry": {"type": "LineString", "coordinates": [[11.0333506, 50.9884369], [11.0341183, 50.9886339]]}}, {"type": "Feature", "properties": {}, "geometry": {"type": "LineString", "coordinates": [[11.0321485, 50.9891633], [11.0319224, 50.9888539]]}}, {"type": "Feature", "properties": {}, "geometry": {"type": "LineString", "coordinates": [[11.0338014, 50.9893861], [11.0338298, 50.9894712]]}}, {"type": "Feature", "properties": {}, "geometry": {"type": "LineString", "coordinates": [[11.0342601, 50.9894537], [11.0341676, 50.9896692]]}}, {"type": "Feature", "properties": {}, "geometry": {"type": "LineString", "coordinates": [[11.0341245, 50.9885584], [11.0341183, 50.9886339]]}}, {"type": "Feature", "properties": {}, "geometry": {"type": "LineString", "coordinates": [[11.0324123, 50.9884956], [11.0319224, 50.9888539]]}}, {"type": "Feature", "properties": {}, "geometry": {"type": "LineString", "coordinates": [[11.0325503, 50.9893185], [11.0327534, 50.9890859]]}}, {"type": "Feature", "properties": {}, "geometry": {"type": "LineString", "coordinates": [[11.032099, 50.992006], [11.0321226, 50.9920133]]}}, {"type": "Feature", "properties": {}, "geometry": {"type": "LineString", "coordinates": [[11.0324654, 50.988294], [11.0319224, 50.9888539]]}}, {"type": "Feature", "properties": {}, "geometry": {"type": "LineString", "coordinates": [[11.0336532, 50.9897577], [11.0338298, 50.9894712]]}}, {"type": "Feature", "properties": {}, "geometry": {"type": "LineString", "coordinates": [[11.0336532, 50.9897577], [11.0341676, 50.9896692]]}}, {"type": "Feature", "properties": {}, "geometry": {"type": "LineString", "coordinates": [[11.029618, 50.9895191], [11.0300403, 50.9895401]]}}, {"type": "Feature", "properties": {}, "geometry": {"type": "LineString", "coordinates": [[11.0339073, 50.9889926], [11.0337821, 50.9888804]]}}, {"type": "Feature", "properties": {}, "geometry": {"type": "LineString", "coordinates": [[11.0343235, 50.989356], [11.0343511, 50.9893678]]}}, {"type": "Feature", "properties": {}, "geometry": {"type": "LineString", "coordinates": [[11.0337026, 50.9896338], [11.0338298, 50.9894712]]}}, {"type": "Feature", "properties": {}, "geometry": {"type": "LineString", "coordinates": [[11.033309, 50.9893395], [11.0334423, 50.989366]]}}, {"type": "Feature", "properties": {}, "geometry": {"type": "LineString", "coordinates": [[11.0325996, 50.989195], [11.0327534, 50.9890859]]}}, {"type": "Feature", "properties": {}, "geometry": {"type": "LineString", "coordinates": [[11.034283, 50.9885828], [11.0341183, 50.9886339]]}}, {"type": "Feature", "properties": {}, "geometry": {"type": "LineString", "coordinates": [[11.0313511, 50.9888986], [11.0319224, 50.9888539]]}}, {"type": "Feature", "properties": {}, "geometry": {"type": "LineString", "coordinates": [[11.0300634, 50.9894989], [11.0300403, 50.9895401]]}}, {"type": "Feature", "properties": {}, "geometry": {"type": "LineString", "coordinates": [[11.0332019, 50.9900486], [11.0328548, 50.9899947]]}}, {"type": "Feature", "properties": {}, "geometry": {"type": "LineString", "coordinates": [[11.0326687, 50.9890789], [11.0327534, 50.9890859]]}}, {"type": "Feature", "properties": {}, "geometry": {"type": "LineString", "coordinates": [[11.0279232, 50.9911723], [11.0280153, 50.9910252]]}}, {"type": "Feature", "properties": {}, "geometry": {"type": "LineString", "coordinates": [[11.0317027, 50.9884107], [11.0319224, 50.9888539]]}}, {"type": "Feature", "properties": {}, "geometry": {"type": "LineString", "coordinates": [[11.0314441, 50.9886589], [11.0319224, 50.9888539]]}}, {"type": "Feature", "properties": {}, "geometry": {"type": "LineString", "coordinates": [[11.0295482, 50.9895128], [11.0300403, 50.9895401]]}}, {"type": "Feature", "properties": {}, "geometry": {"type": "LineString", "coordinates": [[11.0302445, 50.9895287], [11.0300403, 50.9895401]]}}, {"type": "Feature", "properties": {}, "geometry": {"type": "LineString", "coordinates": [[11.0331915, 50.9884101], [11.0341183, 50.9886339]]}}, {"type": "Feature", "properties": {}, "geometry": {"type": "LineString", "coordinates": [[11.033053, 50.9888988], [11.0337821, 50.9888804]]}}, {"type": "Feature", "properties": {}, "geometry": {"type": "LineString", "coordinates": [[11.0233084, 50.9909744], [11.0241101, 50.9905886]]}}, {"type": "Feature", "properties": {}, "geometry": {"type": "LineString", "coordinates": [[11.0234659, 50.9908392], [11.0241101, 50.9905886]]}}, {"type": "Feature", "properties": {}, "geometry": {"type": "LineString", "coordinates": [[11.0255425, 50.9911395], [11.025252, 50.9907003]]}}, {"type": "Feature", "properties": {}, "geometry": {"type": "LineString", "coordinates": [[11.0248316, 50.9907434], [11.025252, 50.9907003]]}}, {"type": "Feature", "properties": {}, "geometry": {"type": "LineString", "coordinates": [[11.0229794, 50.990876], [11.0232505, 50.9904411]]}}, {"type": "Feature", "properties": {}, "geometry": {"type": "LineString", "coordinates": [[11.0249024, 50.9905602], [11.025252, 50.9907003]]}}, {"type": "Feature", "properties": {}, "geometry": {"type": "LineString", "coordinates": [[11.0253682, 50.9901646], [11.025252, 50.9907003]]}}, {"type": "Feature", "properties": {}, "geometry": {"type": "LineString", "coordinates": [[11.031969, 50.988523], [11.0319224, 50.9888539]]}}, {"type": "Feature", "properties": {}, "geometry": {"type": "LineString", "coordinates": [[11.0336825, 50.9890315], [11.0337821, 50.9888804]]}}, {"type": "Feature", "properties": {}, "geometry": {"type": "LineString", "coordinates": [[11.0300926, 50.9897153], [11.0301424, 50.9897258]]}}, {"type": "Feature", "properties": {}, "geometry": {"type": "LineString", "coordinates": [[11.03318, 50.9888063], [11.0337821, 50.9888804]]}}, {"type": "Feature", "properties": {}, "geometry": {"type": "LineString", "coordinates": [[11.0318998, 50.9891023], [11.0319224, 50.9888539]]}}, {"type": "Feature", "properties": {}, "geometry": {"type": "LineString", "coordinates": [[11.0256134, 50.9911794], [11.025252, 50.9907003]]}}, {"type": "Feature", "properties": {}, "geometry": {"type": "LineString", "coordinates": [[11.0229153, 50.9908455], [11.0232505, 50.9904411]]}}, {"type": "Feature", "properties": {}, "geometry": {"type": "LineString", "coordinates": [[11.023479, 50.9902555], [11.0232505, 50.9904411]]}}, {"type": "Feature", "properties": {}, "geometry": {"type": "LineString", "coordinates": [[11.0233161, 50.9904163], [11.0232505, 50.9904411]]}}, {"type": "Feature", "properties": {}, "geometry": {"type": "LineString", "coordinates": [[11.0232313, 50.990502], [11.0232505, 50.9904411]]}}, {"type": "Feature", "properties": {}, "geometry": {"type": "LineString", "coordinates": [[11.0246265, 50.9900725], [11.0241101, 50.9905886]]}}, {"type": "Feature", "properties": {}, "geometry": {"type": "LineString", "coordinates": [[11.0242697, 50.9900193], [11.0241101, 50.9905886]]}}, {"type": "Feature", "properties": {}, "geometry": {"type": "LineString", "coordinates": [[11.0240118, 50.9902736], [11.0241101, 50.9905886]]}}, {"type": "Feature", "properties": {}, "geometry": {"type": "LineString", "coordinates": [[11.0239309, 50.9903545], [11.0241101, 50.9905886]]}}, {"type": "Feature", "properties": {}, "geometry": {"type": "LineString", "coordinates": [[11.0226216, 50.9907009], [11.022699, 50.990705]]}}, {"type": "Feature", "properties": {}, "geometry": {"type": "LineString", "coordinates": [[11.0230677, 50.9906692], [11.0232505, 50.9904411]]}}, {"type": "Feature", "properties": {}, "geometry": {"type": "LineString", "coordinates": [[11.0229881, 50.9907583], [11.0232505, 50.9904411]]}}, {"type": "Feature", "properties": {}, "geometry": {"type": "LineString", "coordinates": [[11.0226384, 50.9908862], [11.0232505, 50.9904411]]}}, {"type": "Feature", "properties": {}, "geometry": {"type": "LineString", "coordinates": [[11.0247221, 50.9910184], [11.025252, 50.9907003]]}}, {"type": "Feature", "properties": {}, "geometry": {"type": "LineString", "coordinates": [[11.0247549, 50.990926], [11.025252, 50.9907003]]}}, {"type": "Feature", "properties": {}, "geometry": {"type": "LineString", "coordinates": [[11.024932, 50.9904737], [11.025252, 50.9907003]]}}, {"type": "Feature", "properties": {}, "geometry": {"type": "LineString", "coordinates": [[11.0250024, 50.990283], [11.025252, 50.9907003]]}}, {"type": "Feature", "properties": {}, "geometry": {"type": "LineString", "coordinates": [[11.0236791, 50.9899295], [11.0236988, 50.9899363]]}}, {"type": "Feature", "properties": {}, "geometry": {"type": "LineString", "coordinates": [[11.0215626, 50.9911612], [11.0216228, 50.9911674]]}}, {"type": "Feature", "properties": {}, "geometry": {"type": "LineString", "coordinates": [[11.0251019, 50.9911799], [11.025252, 50.9907003]]}}, {"type": "Feature", "properties": {}, "geometry": {"type": "LineString", "coordinates": [[11.0253138, 50.9909188], [11.0255416, 50.9909633]]}}, {"type": "Feature", "properties": {}, "geometry": {"type": "LineString", "coordinates": [[11.0264757, 50.98894], [11.0258957, 50.9894098]]}}, {"type": "Feature", "properties": {}, "geometry": {"type": "LineString", "coordinates": [[11.0263134, 50.9894359], [11.0258957, 50.9894098]]}}, {"type": "Feature", "properties": {}, "geometry": {"type": "LineString", "coordinates": [[11.024721, 50.988989], [11.0247203, 50.9889268]]}}, {"type": "Feature", "properties": {}, "geometry": {"type": "LineString", "coordinates": [[11.024721, 50.988989], [11.0242573, 50.9891513]]}}, {"type": "Feature", "properties": {}, "geometry": {"type": "LineString", "coordinates": [[11.023836, 50.9894747], [11.0238456, 50.9894661]]}}, {"type": "Feature", "properties": {}, "geometry": {"type": "LineString", "coordinates": [[11.0249486, 50.9891869], [11.0247361, 50.9892721]]}}, {"type": "Feature", "properties": {}, "geometry": {"type": "LineString", "coordinates": [[11.0262943, 50.9870635], [11.0264949, 50.9879048]]}}, {"type": "Feature", "properties": {}, "geometry": {"type": "LineString", "coordinates": [[11.0260607, 50.9876456], [11.0264949, 50.9879048]]}}, {"type": "Feature", "properties": {}, "geometry": {"type": "LineString", "coordinates": [[11.0254206, 50.9879], [11.0252615, 50.9880134]]}}, {"type": "Feature", "properties": {}, "geometry": {"type": "LineString", "coordinates": [[11.0259088, 50.9880335], [11.0264949, 50.9879048]]}}, {"type": "Feature", "properties": {}, "geometry": {"type": "LineString", "coordinates": [[11.0247276, 50.9881125], [11.0243633, 50.9879236]]}}, {"type": "Feature", "properties": {}, "geometry": {"type": "LineString", "coordinates": [[11.0274847, 51.0030357], [11.0274895, 51.0030682]]}}, {"type": "Feature", "properties": {}, "geometry": {"type": "LineString", "coordinates": [[11.0242769, 51.0021491], [11.0238582, 51.0020669]]}}, {"type": "Feature", "properties": {}, "geometry": {"type": "LineString", "coordinates": [[11.024229, 51.0018331], [11.0246561, 51.0019085]]}}, {"type": "Feature", "properties": {}, "geometry": {"type": "LineString", "coordinates": [[11.0227486, 51.0024741], [11.0228303, 51.0024522]]}}, {"type": "Feature", "properties": {}, "geometry": {"type": "LineString", "coordinates": [[11.023444, 51.0023335], [11.0234788, 51.0023426]]}}, {"type": "Feature", "properties": {}, "geometry": {"type": "LineString", "coordinates": [[11.0234284, 51.0022202], [11.0234604, 51.0022226]]}}, {"type": "Feature", "properties": {}, "geometry": {"type": "LineString", "coordinates": [[11.0283092, 51.0027612], [11.0279223, 51.0025175]]}}, {"type": "Feature", "properties": {}, "geometry": {"type": "LineString", "coordinates": [[11.0241245, 51.0020997], [11.0238582, 51.0020669]]}}, {"type": "Feature", "properties": {}, "geometry": {"type": "LineString", "coordinates": [[11.0232735, 51.0026044], [11.0233772, 51.0026405]]}}, {"type": "Feature", "properties": {}, "geometry": {"type": "LineString", "coordinates": [[11.0275694, 51.0026012], [11.0279223, 51.0025175]]}}, {"type": "Feature", "properties": {}, "geometry": {"type": "LineString", "coordinates": [[11.029614, 51.0029442], [11.0296033, 51.0029908]]}}, {"type": "Feature", "properties": {}, "geometry": {"type": "LineString", "coordinates": [[11.0259245, 51.0020985], [11.0259567, 51.0021087]]}}, {"type": "Feature", "properties": {}, "geometry": {"type": "LineString", "coordinates": [[11.0259245, 51.0020985], [11.0258911, 51.0021734]]}}, {"type": "Feature", "properties": {}, "geometry": {"type": "LineString", "coordinates": [[11.0259245, 51.0020985], [11.0246561, 51.0019085]]}}, {"type": "Feature", "properties": {}, "geometry": {"type": "LineString", "coordinates": [[11.0232286, 51.0022716], [11.0231259, 51.0023135]]}}, {"type": "Feature", "properties": {}, "geometry": {"type": "LineString", "coordinates": [[11.0232286, 51.0022716], [11.0234788, 51.0023426]]}}, {"type": "Feature", "properties": {}, "geometry": {"type": "LineString", "coordinates": [[11.0296203, 51.0028536], [11.0296033, 51.0029908]]}}, {"type": "Feature", "properties": {}, "geometry": {"type": "LineString", "coordinates": [[11.0279316, 51.0024891], [11.0279223, 51.0025175]]}}, {"type": "Feature", "properties": {}, "geometry": {"type": "LineString", "coordinates": [[11.026244, 51.0002721], [11.0262273, 51.0002669]]}}, {"type": "Feature", "properties": {}, "geometry": {"type": "LineString", "coordinates": [[11.0273394, 51.0001149], [11.0272433, 51.0000991]]}}, {"type": "Feature", "properties": {}, "geometry": {"type": "LineString", "coordinates": [[11.0287646, 51.0012125], [11.0296566, 51.0011207]]}}, {"type": "Feature", "properties": {}, "geometry": {"type": "LineString", "coordinates": [[11.0287973, 51.000986], [11.0296566, 51.0011207]]}}, {"type": "Feature", "properties": {}, "geometry": {"type": "LineString", "coordinates": [[11.0290475, 51.0010444], [11.0296566, 51.0011207]]}}, {"type": "Feature", "properties": {}, "geometry": {"type": "LineString", "coordinates": [[11.0288595, 51.0010319], [11.0296566, 51.0011207]]}}, {"type": "Feature", "properties": {}, "geometry": {"type": "LineString", "coordinates": [[11.0286416, 51.0001714], [11.0288403, 51.0002894]]}}, {"type": "Feature", "properties": {}, "geometry": {"type": "LineString", "coordinates": [[11.029122, 51.0002281], [11.0291412, 51.0001342]]}}, {"type": "Feature", "properties": {}, "geometry": {"type": "LineString", "coordinates": [[11.029122, 51.0002281], [11.0288403, 51.0002894]]}}, {"type": "Feature", "properties": {}, "geometry": {"type": "LineString", "coordinates": [[11.0287477, 51.0007041], [11.0296566, 51.0011207]]}}, {"type": "Feature", "properties": {}, "geometry": {"type": "LineString", "coordinates": [[11.0255571, 51.0003753], [11.0257687, 51.000408]]}}, {"type": "Feature", "properties": {}, "geometry": {"type": "LineString", "coordinates": [[11.0260909, 51.0003968], [11.0257687, 51.000408]]}}, {"type": "Feature", "properties": {}, "geometry": {"type": "LineString", "coordinates": [[11.0269885, 50.9997623], [11.0270326, 50.9997764]]}}, {"type": "Feature", "properties": {}, "geometry": {"type": "LineString", "coordinates": [[11.0258725, 51.0004308], [11.0257687, 51.000408]]}}, {"type": "Feature", "properties": {}, "geometry": {"type": "LineString", "coordinates": [[11.0264548, 51.0002902], [11.0264478, 51.000303]]}}, {"type": "Feature", "properties": {}, "geometry": {"type": "LineString", "coordinates": [[11.0264548, 51.0002902], [11.0262273, 51.0002669]]}}, {"type": "Feature", "properties": {}, "geometry": {"type": "LineString", "coordinates": [[11.0255485, 51.0005401], [11.025576, 51.0005497]]}}, {"type": "Feature", "properties": {}, "geometry": {"type": "LineString", "coordinates": [[11.025357, 51.0006537], [11.0253219, 51.0006507]]}}, {"type": "Feature", "properties": {}, "geometry": {"type": "LineString", "coordinates": [[11.03115, 51.0014563], [11.0313488, 51.0015929]]}}, {"type": "Feature", "properties": {}, "geometry": {"type": "LineString", "coordinates": [[11.0298709, 51.0000764], [11.0299111, 51.0001606]]}}, {"type": "Feature", "properties": {}, "geometry": {"type": "LineString", "coordinates": [[11.0288346, 51.0005986], [11.0296566, 51.0011207]]}}, {"type": "Feature", "properties": {}, "geometry": {"type": "LineString", "coordinates": [[11.030739, 51.0012356], [11.0296566, 51.0011207]]}}, {"type": "Feature", "properties": {}, "geometry": {"type": "LineString", "coordinates": [[11.0292497, 51.0013424], [11.0296566, 51.0011207]]}}, {"type": "Feature", "properties": {}, "geometry": {"type": "LineString", "coordinates": [[11.0291638, 51.0009633], [11.0296566, 51.0011207]]}}, {"type": "Feature", "properties": {}, "geometry": {"type": "LineString", "coordinates": [[11.0308566, 50.9998601], [11.0308265, 50.9998651]]}}, {"type": "Feature", "properties": {}, "geometry": {"type": "LineString", "coordinates": [[11.0289669, 51.0002977], [11.0288403, 51.0002894]]}}, {"type": "Feature", "properties": {}, "geometry": {"type": "LineString", "coordinates": [[11.0289669, 51.0002977], [11.0291412, 51.0001342]]}}, {"type": "Feature", "properties": {}, "geometry": {"type": "LineString", "coordinates": [[11.0290604, 51.0008097], [11.0296566, 51.0011207]]}}, {"type": "Feature", "properties": {}, "geometry": {"type": "LineString", "coordinates": [[11.0287141, 51.0002819], [11.0288403, 51.0002894]]}}, {"type": "Feature", "properties": {}, "geometry": {"type": "LineString", "coordinates": [[11.0294552, 51.0013528], [11.0296566, 51.0011207]]}}, {"type": "Feature", "properties": {}, "geometry": {"type": "LineString", "coordinates": [[11.0291178, 51.0010488], [11.0296566, 51.0011207]]}}, {"type": "Feature", "properties": {}, "geometry": {"type": "LineString", "coordinates": [[11.0295266, 51.0012331], [11.0295588, 51.0012462]]}}, {"type": "Feature", "properties": {}, "geometry": {"type": "LineString", "coordinates": [[11.0297296, 51.0007092], [11.0297733, 51.0007171]]}}, {"type": "Feature", "properties": {}, "geometry": {"type": "LineString", "coordinates": [[11.0292089, 51.0012123], [11.0292824, 51.0012209]]}}, {"type": "Feature", "properties": {}, "geometry": {"type": "LineString", "coordinates": [[11.0300616, 51.0009071], [11.0296566, 51.0011207]]}}, {"type": "Feature", "properties": {}, "geometry": {"type": "LineString", "coordinates": [[11.0305477, 51.0011521], [11.0296566, 51.0011207]]}}, {"type": "Feature", "properties": {}, "geometry": {"type": "LineString", "coordinates": [[11.0276528, 50.9997376], [11.0284924, 50.9996592]]}}, {"type": "Feature", "properties": {}, "geometry": {"type": "LineString", "coordinates": [[11.0298723, 51.0002142], [11.0299111, 51.0001606]]}}, {"type": "Feature", "properties": {}, "geometry": {"type": "LineString", "coordinates": [[11.0291859, 51.0008124], [11.0296566, 51.0011207]]}}, {"type": "Feature", "properties": {}, "geometry": {"type": "LineString", "coordinates": [[11.0290456, 51.0009046], [11.0296566, 51.0011207]]}}, {"type": "Feature", "properties": {}, "geometry": {"type": "LineString", "coordinates": [[11.0295882, 51.000106], [11.0296102, 51.0001062]]}}, {"type": "Feature", "properties": {}, "geometry": {"type": "LineString", "coordinates": [[11.0295882, 51.000106], [11.0295685, 51.0001677]]}}, {"type": "Feature", "properties": {}, "geometry": {"type": "LineString", "coordinates": [[11.0302524, 50.9998256], [11.0300566, 50.9997706]]}}, {"type": "Feature", "properties": {}, "geometry": {"type": "LineString", "coordinates": [[11.028565, 51.0009691], [11.0296566, 51.0011207]]}}, {"type": "Feature", "properties": {}, "geometry": {"type": "LineString", "coordinates": [[11.0282319, 51.0005466], [11.0282632, 51.0005512]]}}, {"type": "Feature", "properties": {}, "geometry": {"type": "LineString", "coordinates": [[11.0306322, 51.0005016], [11.0307037, 51.0005155]]}}, {"type": "Feature", "properties": {}, "geometry": {"type": "LineString", "coordinates": [[11.0302316, 51.0010404], [11.0296566, 51.0011207]]}}, {"type": "Feature", "properties": {}, "geometry": {"type": "LineString", "coordinates": [[11.0290287, 51.0011547], [11.0289748, 51.0011571]]}}, {"type": "Feature", "properties": {}, "geometry": {"type": "LineString", "coordinates": [[11.0301176, 51.0011931], [11.0296566, 51.0011207]]}}, {"type": "Feature", "properties": {}, "geometry": {"type": "LineString", "coordinates": [[11.0311451, 51.0015803], [11.0313488, 51.0015929]]}}, {"type": "Feature", "properties": {}, "geometry": {"type": "LineString", "coordinates": [[11.0290693, 51.0004486], [11.0288403, 51.0002894]]}}, {"type": "Feature", "properties": {}, "geometry": {"type": "LineString", "coordinates": [[11.0289524, 51.001158], [11.0289748, 51.0011571]]}}, {"type": "Feature", "properties": {}, "geometry": {"type": "LineString", "coordinates": [[11.0309557, 51.0020923], [11.0310925, 51.0020446]]}}, {"type": "Feature", "properties": {}, "geometry": {"type": "LineString", "coordinates": [[11.0312293, 51.0019584], [11.0310925, 51.0020446]]}}, {"type": "Feature", "properties": {}, "geometry": {"type": "LineString", "coordinates": [[11.0278947, 51.000078], [11.0279148, 51.0000158]]}}, {"type": "Feature", "properties": {}, "geometry": {"type": "LineString", "coordinates": [[11.0294068, 51.0008406], [11.0296566, 51.0011207]]}}, {"type": "Feature", "properties": {}, "geometry": {"type": "LineString", "coordinates": [[11.030085, 51.0012787], [11.0296566, 51.0011207]]}}, {"type": "Feature", "properties": {}, "geometry": {"type": "LineString", "coordinates": [[11.0295208, 51.000378], [11.0295185, 51.0004329]]}}, {"type": "Feature", "properties": {}, "geometry": {"type": "LineString", "coordinates": [[11.0307468, 50.9999282], [11.0308265, 50.9998651]]}}, {"type": "Feature", "properties": {}, "geometry": {"type": "LineString", "coordinates": [[11.0288382, 51.0006514], [11.0296566, 51.0011207]]}}, {"type": "Feature", "properties": {}, "geometry": {"type": "LineString", "coordinates": [[11.0281019, 50.9992098], [11.0283467, 50.9993217]]}}, {"type": "Feature", "properties": {}, "geometry": {"type": "LineString", "coordinates": [[11.0276329, 50.9993338], [11.0277139, 50.9993299]]}}, {"type": "Feature", "properties": {}, "geometry": {"type": "LineString", "coordinates": [[11.0276329, 50.9993338], [11.0274361, 50.9991751]]}}, {"type": "Feature", "properties": {}, "geometry": {"type": "LineString", "coordinates": [[11.0276127, 50.9981465], [11.0290357, 50.9979793]]}}, {"type": "Feature", "properties": {}, "geometry": {"type": "LineString", "coordinates": [[11.0269851, 50.9966928], [11.0274921, 50.9968618]]}}, {"type": "Feature", "properties": {}, "geometry": {"type": "LineString", "coordinates": [[11.0277484, 50.9974392], [11.0279057, 50.9973628]]}}, {"type": "Feature", "properties": {}, "geometry": {"type": "LineString", "coordinates": [[11.0272074, 50.9989506], [11.0286223, 50.9988202]]}}, {"type": "Feature", "properties": {}, "geometry": {"type": "LineString", "coordinates": [[11.026887, 50.9979734], [11.0269408, 50.9977447]]}}, {"type": "Feature", "properties": {}, "geometry": {"type": "LineString", "coordinates": [[11.0282566, 50.9973622], [11.0282718, 50.9973678]]}}, {"type": "Feature", "properties": {}, "geometry": {"type": "LineString", "coordinates": [[11.028715, 50.9969892], [11.0287497, 50.9969946]]}}, {"type": "Feature", "properties": {}, "geometry": {"type": "LineString", "coordinates": [[11.0284307, 50.9975058], [11.0284454, 50.9975327]]}}, {"type": "Feature", "properties": {}, "geometry": {"type": "LineString", "coordinates": [[11.0271409, 50.998989], [11.0286223, 50.9988202]]}}, {"type": "Feature", "properties": {}, "geometry": {"type": "LineString", "coordinates": [[11.0277329, 50.9978999], [11.0278329, 50.9978777]]}}, {"type": "Feature", "properties": {}, "geometry": {"type": "LineString", "coordinates": [[11.0273047, 50.9967498], [11.0274921, 50.9968618]]}}, {"type": "Feature", "properties": {}, "geometry": {"type": "LineString", "coordinates": [[11.0297904, 50.9971154], [11.0294549, 50.9970142]]}}, {"type": "Feature", "properties": {}, "geometry": {"type": "LineString", "coordinates": [[11.0277708, 50.9992323], [11.0277139, 50.9993299]]}}, {"type": "Feature", "properties": {}, "geometry": {"type": "LineString", "coordinates": [[11.0278954, 50.9972737], [11.0279057, 50.9973628]]}}, {"type": "Feature", "properties": {}, "geometry": {"type": "LineString", "coordinates": [[11.0286925, 50.9974012], [11.0286311, 50.997398]]}}, {"type": "Feature", "properties": {}, "geometry": {"type": "LineString", "coordinates": [[11.0288028, 50.997411], [11.0288482, 50.99742]]}}, {"type": "Feature", "properties": {}, "geometry": {"type": "LineString", "coordinates": [[11.0285488, 50.9977593], [11.0286284, 50.9977441]]}}, {"type": "Feature", "properties": {}, "geometry": {"type": "LineString", "coordinates": [[11.0281966, 50.9977891], [11.0280286, 50.9979174]]}}, {"type": "Feature", "properties": {}, "geometry": {"type": "LineString", "coordinates": [[11.0281231, 50.9990814], [11.028177, 50.9990548]]}}, {"type": "Feature", "properties": {}, "geometry": {"type": "LineString", "coordinates": [[11.0280749, 50.9970213], [11.0280962, 50.9970274]]}}, {"type": "Feature", "properties": {}, "geometry": {"type": "LineString", "coordinates": [[11.0268455, 50.9977811], [11.0269408, 50.9977447]]}}, {"type": "Feature", "properties": {}, "geometry": {"type": "LineString", "coordinates": [[11.0268455, 50.9977811], [11.0272834, 50.9976598]]}}, {"type": "Feature", "properties": {}, "geometry": {"type": "LineString", "coordinates": [[11.0252342, 50.997472], [11.0252005, 50.9973157]]}}, {"type": "Feature", "properties": {}, "geometry": {"type": "LineString", "coordinates": [[11.0241351, 50.9985373], [11.0241746, 50.9985444]]}}, {"type": "Feature", "properties": {}, "geometry": {"type": "LineString", "coordinates": [[11.0241351, 50.9985373], [11.0240695, 50.9984983]]}}, {"type": "Feature", "properties": {}, "geometry": {"type": "LineString", "coordinates": [[11.0248203, 50.9994691], [11.0252739, 50.99952]]}}, {"type": "Feature", "properties": {}, "geometry": {"type": "LineString", "coordinates": [[11.0251838, 50.9995739], [11.0252739, 50.99952]]}}, {"type": "Feature", "properties": {}, "geometry": {"type": "LineString", "coordinates": [[11.0261322, 50.9973348], [11.0252005, 50.9973157]]}}, {"type": "Feature", "properties": {}, "geometry": {"type": "LineString", "coordinates": [[11.0261322, 50.9973348], [11.0260045, 50.9973197]]}}, {"type": "Feature", "properties": {}, "geometry": {"type": "LineString", "coordinates": [[11.0276275, 50.9977191], [11.0275598, 50.9977972]]}}, {"type": "Feature", "properties": {}, "geometry": {"type": "LineString", "coordinates": [[11.0261566, 50.9974961], [11.0252005, 50.9973157]]}}, {"type": "Feature", "properties": {}, "geometry": {"type": "LineString", "coordinates": [[11.0261566, 50.9974961], [11.0260045, 50.9973197]]}}, {"type": "Feature", "properties": {}, "geometry": {"type": "LineString", "coordinates": [[11.025097, 50.9989573], [11.0248064, 50.9990311]]}}, {"type": "Feature", "properties": {}, "geometry": {"type": "LineString", "coordinates": [[11.0249156, 50.9989356], [11.0248064, 50.9990311]]}}, {"type": "Feature", "properties": {}, "geometry": {"type": "LineString", "coordinates": [[11.0257166, 50.9993962], [11.0252739, 50.99952]]}}, {"type": "Feature", "properties": {}, "geometry": {"type": "LineString", "coordinates": [[11.026179, 50.9987265], [11.0254817, 50.9986922]]}}, {"type": "Feature", "properties": {}, "geometry": {"type": "LineString", "coordinates": [[11.026179, 50.9987265], [11.0259975, 50.9986985]]}}, {"type": "Feature", "properties": {}, "geometry": {"type": "LineString", "coordinates": [[11.0249999, 50.9987331], [11.0254817, 50.9986922]]}}, {"type": "Feature", "properties": {}, "geometry": {"type": "LineString", "coordinates": [[11.0257365, 50.9988007], [11.0254817, 50.9986922]]}}, {"type": "Feature", "properties": {}, "geometry": {"type": "LineString", "coordinates": [[11.0257365, 50.9988007], [11.0259975, 50.9986985]]}}, {"type": "Feature", "properties": {}, "geometry": {"type": "LineString", "coordinates": [[11.0256862, 50.999231], [11.0248064, 50.9990311]]}}, {"type": "Feature", "properties": {}, "geometry": {"type": "LineString", "coordinates": [[11.0232492, 50.9972438], [11.0233826, 50.9972259]]}}, {"type": "Feature", "properties": {}, "geometry": {"type": "LineString", "coordinates": [[11.0254628, 50.9989933], [11.0248064, 50.9990311]]}}, {"type": "Feature", "properties": {}, "geometry": {"type": "LineString", "coordinates": [[11.0251324, 50.9996054], [11.0252739, 50.99952]]}}, {"type": "Feature", "properties": {}, "geometry": {"type": "LineString", "coordinates": [[11.0259169, 50.9990244], [11.0248064, 50.9990311]]}}, {"type": "Feature", "properties": {}, "geometry": {"type": "LineString", "coordinates": [[11.0230585, 50.9975837], [11.0232187, 50.9977677]]}}, {"type": "Feature", "properties": {}, "geometry": {"type": "LineString", "coordinates": [[11.0240381, 50.9989563], [11.0248064, 50.9990311]]}}, {"type": "Feature", "properties": {}, "geometry": {"type": "LineString", "coordinates": [[11.0248213, 50.9969355], [11.0252005, 50.9973157]]}}, {"type": "Feature", "properties": {}, "geometry": {"type": "LineString", "coordinates": [[11.0251368, 50.9973302], [11.0252052, 50.9973336]]}}, {"type": "Feature", "properties": {}, "geometry": {"type": "LineString", "coordinates": [[11.0251919, 50.9977081], [11.0260399, 50.9978953]]}}, {"type": "Feature", "properties": {}, "geometry": {"type": "LineString", "coordinates": [[11.0233759, 50.9971747], [11.0233826, 50.9972259]]}}, {"type": "Feature", "properties": {}, "geometry": {"type": "LineString", "coordinates": [[11.0232394, 50.9973213], [11.0233826, 50.9972259]]}}, {"type": "Feature", "properties": {}, "geometry": {"type": "LineString", "coordinates": [[11.0247187, 50.9970925], [11.024863, 50.9971586]]}}, {"type": "Feature", "properties": {}, "geometry": {"type": "LineString", "coordinates": [[11.0247187, 50.9970925], [11.0249731, 50.9970763]]}}, {"type": "Feature", "properties": {}, "geometry": {"type": "LineString", "coordinates": [[11.023981, 50.9970038], [11.0239989, 50.9970112]]}}, {"type": "Feature", "properties": {}, "geometry": {"type": "LineString", "coordinates": [[11.0244151, 50.9972774], [11.0252005, 50.9973157]]}}, {"type": "Feature", "properties": {}, "geometry": {"type": "LineString", "coordinates": [[11.0244323, 50.9974073], [11.0252005, 50.9973157]]}}, {"type": "Feature", "properties": {}, "geometry": {"type": "LineString", "coordinates": [[11.0253828, 50.9996921], [11.0252739, 50.99952]]}}, {"type": "Feature", "properties": {}, "geometry": {"type": "LineString", "coordinates": [[11.0256411, 50.9992195], [11.0248064, 50.9990311]]}}, {"type": "Feature", "properties": {}, "geometry": {"type": "LineString", "coordinates": [[11.0255558, 50.9987847], [11.0254817, 50.9986922]]}}, {"type": "Feature", "properties": {}, "geometry": {"type": "LineString", "coordinates": [[11.0262493, 50.9986042], [11.0254817, 50.9986922]]}}, {"type": "Feature", "properties": {}, "geometry": {"type": "LineString", "coordinates": [[11.0262493, 50.9986042], [11.0260706, 50.9985992]]}}, {"type": "Feature", "properties": {}, "geometry": {"type": "LineString", "coordinates": [[11.0262493, 50.9986042], [11.0259975, 50.9986985]]}}, {"type": "Feature", "properties": {}, "geometry": {"type": "LineString", "coordinates": [[11.0257961, 50.997521], [11.0252005, 50.9973157]]}}, {"type": "Feature", "properties": {}, "geometry": {"type": "LineString", "coordinates": [[11.0257961, 50.997521], [11.0260045, 50.9973197]]}}, {"type": "Feature", "properties": {}, "geometry": {"type": "LineString", "coordinates": [[11.0259634, 50.9977673], [11.0260399, 50.9978953]]}}, {"type": "Feature", "properties": {}, "geometry": {"type": "LineString", "coordinates": [[11.0241304, 50.9989672], [11.0248064, 50.9990311]]}}, {"type": "Feature", "properties": {}, "geometry": {"type": "LineString", "coordinates": [[11.0251473, 50.9994285], [11.0252739, 50.99952]]}}, {"type": "Feature", "properties": {}, "geometry": {"type": "LineString", "coordinates": [[11.024069, 50.9986347], [11.0240562, 50.9986256]]}}, {"type": "Feature", "properties": {}, "geometry": {"type": "LineString", "coordinates": [[11.02253, 51.0015005], [11.0226312, 51.0016935]]}}, {"type": "Feature", "properties": {}, "geometry": {"type": "LineString", "coordinates": [[11.0206962, 51.0004309], [11.0207314, 51.0004374]]}}, {"type": "Feature", "properties": {}, "geometry": {"type": "LineString", "coordinates": [[11.0235679, 50.9981127], [11.0235761, 50.9981188]]}}, {"type": "Feature", "properties": {}, "geometry": {"type": "LineString", "coordinates": [[11.0234153, 50.9987658], [11.0235533, 50.998802]]}}, {"type": "Feature", "properties": {}, "geometry": {"type": "LineString", "coordinates": [[11.0223705, 50.9983367], [11.0224318, 50.9983215]]}}, {"type": "Feature", "properties": {}, "geometry": {"type": "LineString", "coordinates": [[11.0228304, 50.9986927], [11.0228752, 50.9986318]]}}, {"type": "Feature", "properties": {}, "geometry": {"type": "LineString", "coordinates": [[11.0261437, 50.9975896], [11.0252005, 50.9973157]]}}, {"type": "Feature", "properties": {}, "geometry": {"type": "LineString", "coordinates": [[11.0237256, 50.9983266], [11.0234106, 50.9983839]]}}, {"type": "Feature", "properties": {}, "geometry": {"type": "LineString", "coordinates": [[11.0229891, 50.9985137], [11.0228752, 50.9986318]]}}, {"type": "Feature", "properties": {}, "geometry": {"type": "LineString", "coordinates": [[11.0229891, 50.9985137], [11.0224318, 50.9983215]]}}, {"type": "Feature", "properties": {}, "geometry": {"type": "LineString", "coordinates": [[11.0217728, 51.0000468], [11.0217053, 51.0000222]]}}, {"type": "Feature", "properties": {}, "geometry": {"type": "LineString", "coordinates": [[11.0217728, 51.0000468], [11.0219233, 51.0000623]]}}, {"type": "Feature", "properties": {}, "geometry": {"type": "LineString", "coordinates": [[11.0217728, 51.0000468], [11.0219295, 51.0001401]]}}, {"type": "Feature", "properties": {}, "geometry": {"type": "LineString", "coordinates": [[11.0222744, 50.9973525], [11.0225106, 50.9974466]]}}, {"type": "Feature", "properties": {}, "geometry": {"type": "LineString", "coordinates": [[11.0212012, 51.0001776], [11.0212356, 51.0001846]]}}, {"type": "Feature", "properties": {}, "geometry": {"type": "LineString", "coordinates": [[11.0214275, 50.9996612], [11.0215147, 50.9995196]]}}, {"type": "Feature", "properties": {}, "geometry": {"type": "LineString", "coordinates": [[11.0227816, 50.9984214], [11.0224318, 50.9983215]]}}, {"type": "Feature", "properties": {}, "geometry": {"type": "LineString", "coordinates": [[11.024246, 50.9996283], [11.0242488, 50.9997224]]}}, {"type": "Feature", "properties": {}, "geometry": {"type": "LineString", "coordinates": [[11.0236817, 51.0004246], [11.0234744, 51.0005211]]}}, {"type": "Feature", "properties": {}, "geometry": {"type": "LineString", "coordinates": [[11.0236225, 50.9984955], [11.0234106, 50.9983839]]}}, {"type": "Feature", "properties": {}, "geometry": {"type": "LineString", "coordinates": [[11.0237018, 51.0010654], [11.023777, 51.0010248]]}}, {"type": "Feature", "properties": {}, "geometry": {"type": "LineString", "coordinates": [[11.0233257, 51.0014317], [11.0232972, 51.0014624]]}}, {"type": "Feature", "properties": {}, "geometry": {"type": "LineString", "coordinates": [[11.023841, 50.9983263], [11.0234106, 50.9983839]]}}, {"type": "Feature", "properties": {}, "geometry": {"type": "LineString", "coordinates": [[11.0227246, 51.0015874], [11.0226312, 51.0016935]]}}, {"type": "Feature", "properties": {}, "geometry": {"type": "LineString", "coordinates": [[11.0227246, 51.0015874], [11.0231383, 51.0015951]]}}, {"type": "Feature", "properties": {}, "geometry": {"type": "LineString", "coordinates": [[11.0232744, 50.9978008], [11.0232187, 50.9977677]]}}, {"type": "Feature", "properties": {}, "geometry": {"type": "LineString", "coordinates": [[11.0199694, 51.0004515], [11.0199511, 51.0004774]]}}, {"type": "Feature", "properties": {}, "geometry": {"type": "LineString", "coordinates": [[11.0236161, 50.9996981], [11.0236733, 50.9997227]]}}, {"type": "Feature", "properties": {}, "geometry": {"type": "LineString", "coordinates": [[11.0236547, 50.9989898], [11.0236345, 50.9990415]]}}, {"type": "Feature", "properties": {}, "geometry": {"type": "LineString", "coordinates": [[11.0240274, 51.0003415], [11.0240913, 51.0003625]]}}, {"type": "Feature", "properties": {}, "geometry": {"type": "LineString", "coordinates": [[11.0224901, 51.0018322], [11.0226312, 51.0016935]]}}, {"type": "Feature", "properties": {}, "geometry": {"type": "LineString", "coordinates": [[11.0230893, 50.9976753], [11.0232187, 50.9977677]]}}, {"type": "Feature", "properties": {}, "geometry": {"type": "LineString", "coordinates": [[11.0230034, 50.9976967], [11.0232187, 50.9977677]]}}, {"type": "Feature", "properties": {}, "geometry": {"type": "LineString", "coordinates": [[11.0243786, 51.0006215], [11.0243772, 51.0006016]]}}, {"type": "Feature", "properties": {}, "geometry": {"type": "LineString", "coordinates": [[11.0226759, 50.9985791], [11.0228752, 50.9986318]]}}, {"type": "Feature", "properties": {}, "geometry": {"type": "LineString", "coordinates": [[11.0226759, 50.9985791], [11.0224318, 50.9983215]]}}, {"type": "Feature", "properties": {}, "geometry": {"type": "LineString", "coordinates": [[11.0226787, 50.9986748], [11.0228752, 50.9986318]]}}, {"type": "Feature", "properties": {}, "geometry": {"type": "LineString", "coordinates": [[11.0239189, 51.0001258], [11.0238098, 51.0000731]]}}, {"type": "Feature", "properties": {}, "geometry": {"type": "LineString", "coordinates": [[11.0239189, 51.0001258], [11.0238125, 51.0001893]]}}, {"type": "Feature", "properties": {}, "geometry": {"type": "LineString", "coordinates": [[11.0243157, 51.0003692], [11.0242262, 51.0004981]]}}, {"type": "Feature", "properties": {}, "geometry": {"type": "LineString", "coordinates": [[11.0243157, 51.0003692], [11.024385, 51.000338]]}}, {"type": "Feature", "properties": {}, "geometry": {"type": "LineString", "coordinates": [[11.0211272, 50.9998085], [11.0209996, 50.9999317]]}}, {"type": "Feature", "properties": {}, "geometry": {"type": "LineString", "coordinates": [[11.0230651, 50.9999775], [11.0230951, 50.9999744]]}}, {"type": "Feature", "properties": {}, "geometry": {"type": "LineString", "coordinates": [[11.0206195, 50.9999702], [11.0203564, 50.9999428]]}}, {"type": "Feature", "properties": {}, "geometry": {"type": "LineString", "coordinates": [[11.0243572, 51.0003285], [11.024385, 51.000338]]}}, {"type": "Feature", "properties": {}, "geometry": {"type": "LineString", "coordinates": [[11.0237192, 51.0000821], [11.0238098, 51.0000731]]}}, {"type": "Feature", "properties": {}, "geometry": {"type": "LineString", "coordinates": [[11.0222316, 50.9999732], [11.0222711, 50.9999789]]}}, {"type": "Feature", "properties": {}, "geometry": {"type": "LineString", "coordinates": [[11.0203337, 50.9998973], [11.0203564, 50.9999428]]}}, {"type": "Feature", "properties": {}, "geometry": {"type": "LineString", "coordinates": [[11.0204927, 50.9998861], [11.0203564, 50.9999428]]}}, {"type": "Feature", "properties": {}, "geometry": {"type": "LineString", "coordinates": [[11.0237125, 50.9997216], [11.0236733, 50.9997227]]}}, {"type": "Feature", "properties": {}, "geometry": {"type": "LineString", "coordinates": [[11.0236744, 50.9997153], [11.0236733, 50.9997227]]}}, {"type": "Feature", "properties": {}, "geometry": {"type": "LineString", "coordinates": [[11.024015, 50.999585], [11.0240522, 50.9996468]]}}, {"type": "Feature", "properties": {}, "geometry": {"type": "LineString", "coordinates": [[11.024015, 50.999585], [11.0238723, 50.9994887]]}}, {"type": "Feature", "properties": {}, "geometry": {"type": "LineString", "coordinates": [[11.0233078, 50.9987988], [11.0235533, 50.998802]]}}, {"type": "Feature", "properties": {}, "geometry": {"type": "LineString", "coordinates": [[11.0209977, 50.9998034], [11.0209996, 50.9999317]]}}, {"type": "Feature", "properties": {}, "geometry": {"type": "LineString", "coordinates": [[11.0232079, 51.0014287], [11.0232972, 51.0014624]]}}, {"type": "Feature", "properties": {}, "geometry": {"type": "LineString", "coordinates": [[11.0244704, 51.0004697], [11.0245194, 51.0005101]]}}, {"type": "Feature", "properties": {}, "geometry": {"type": "LineString", "coordinates": [[11.0244704, 51.0004697], [11.0247612, 51.0003702]]}}, {"type": "Feature", "properties": {}, "geometry": {"type": "LineString", "coordinates": [[11.0248884, 51.0002458], [11.0247612, 51.0003702]]}}, {"type": "Feature", "properties": {}, "geometry": {"type": "LineString", "coordinates": [[11.0205378, 50.9998833], [11.0203564, 50.9999428]]}}, {"type": "Feature", "properties": {}, "geometry": {"type": "LineString", "coordinates": [[11.0237566, 50.9994957], [11.0238723, 50.9994887]]}}, {"type": "Feature", "properties": {}, "geometry": {"type": "LineString", "coordinates": [[11.0237566, 50.9994957], [11.0236733, 50.9997227]]}}, {"type": "Feature", "properties": {}, "geometry": {"type": "LineString", "coordinates": [[11.0256076, 50.9953837], [11.0256579, 50.9956077]]}}, {"type": "Feature", "properties": {}, "geometry": {"type": "LineString", "coordinates": [[11.0232952, 50.9959979], [11.0232708, 50.9959006]]}}, {"type": "Feature", "properties": {}, "geometry": {"type": "LineString", "coordinates": [[11.0244817, 50.9960289], [11.0244244, 50.9957702]]}}, {"type": "Feature", "properties": {}, "geometry": {"type": "LineString", "coordinates": [[11.0243115, 50.9965635], [11.0243646, 50.9965746]]}}, {"type": "Feature", "properties": {}, "geometry": {"type": "LineString", "coordinates": [[11.022596, 50.9971322], [11.0228092, 50.9970558]]}}, {"type": "Feature", "properties": {}, "geometry": {"type": "LineString", "coordinates": [[11.0229469, 50.9979268], [11.0232187, 50.9977677]]}}, {"type": "Feature", "properties": {}, "geometry": {"type": "LineString", "coordinates": [[11.0200901, 50.9999141], [11.0203564, 50.9999428]]}}, {"type": "Feature", "properties": {}, "geometry": {"type": "LineString", "coordinates": [[11.0216177, 50.9960642], [11.0216549, 50.9960076]]}}, {"type": "Feature", "properties": {}, "geometry": {"type": "LineString", "coordinates": [[11.0245581, 50.9958963], [11.0245838, 50.9958991]]}}, {"type": "Feature", "properties": {}, "geometry": {"type": "LineString", "coordinates": [[11.0232337, 50.9958999], [11.0232708, 50.9959006]]}}, {"type": "Feature", "properties": {}, "geometry": {"type": "LineString", "coordinates": [[11.0251834, 50.9959718], [11.0244244, 50.9957702]]}}, {"type": "Feature", "properties": {}, "geometry": {"type": "LineString", "coordinates": [[11.0248306, 50.9960016], [11.0244244, 50.9957702]]}}, {"type": "Feature", "properties": {}, "geometry": {"type": "LineString", "coordinates": [[11.0216764, 50.9959411], [11.0216549, 50.9960076]]}}, {"type": "Feature", "properties": {}, "geometry": {"type": "LineString", "coordinates": [[11.024677, 50.9952397], [11.0246224, 50.9953195]]}}, {"type": "Feature", "properties": {}, "geometry": {"type": "LineString", "coordinates": [[11.0245452, 50.9958519], [11.0245838, 50.9958991]]}}, {"type": "Feature", "properties": {}, "geometry": {"type": "LineString", "coordinates": [[11.0242215, 50.9954105], [11.0244244, 50.9957702]]}}, {"type": "Feature", "properties": {}, "geometry": {"type": "LineString", "coordinates": [[11.0257631, 50.9965076], [11.0259517, 50.9965377]]}}, {"type": "Feature", "properties": {}, "geometry": {"type": "LineString", "coordinates": [[11.0257631, 50.9965076], [11.0252898, 50.9967007]]}}, {"type": "Feature", "properties": {}, "geometry": {"type": "LineString", "coordinates": [[11.0249083, 50.9963683], [11.0249095, 50.9963178]]}}, {"type": "Feature", "properties": {}, "geometry": {"type": "LineString", "coordinates": [[11.0247665, 50.9962023], [11.0252857, 50.9961965]]}}, {"type": "Feature", "properties": {}, "geometry": {"type": "LineString", "coordinates": [[11.0255289, 50.9961435], [11.0252857, 50.9961965]]}}, {"type": "Feature", "properties": {}, "geometry": {"type": "LineString", "coordinates": [[11.0249212, 50.9961878], [11.0252857, 50.9961965]]}}, {"type": "Feature", "properties": {}, "geometry": {"type": "LineString", "coordinates": [[11.0257011, 50.9957759], [11.0256579, 50.9956077]]}}, {"type": "Feature", "properties": {}, "geometry": {"type": "LineString", "coordinates": [[11.0226931, 50.9970117], [11.0228092, 50.9970558]]}}, {"type": "Feature", "properties": {}, "geometry": {"type": "LineString", "coordinates": [[11.0242449, 50.9960472], [11.0244244, 50.9957702]]}}, {"type": "Feature", "properties": {}, "geometry": {"type": "LineString", "coordinates": [[11.0257973, 50.996118], [11.0252857, 50.9961965]]}}, {"type": "Feature", "properties": {}, "geometry": {"type": "LineString", "coordinates": [[11.0239617, 50.9965779], [11.0238207, 50.9966956]]}}, {"type": "Feature", "properties": {}, "geometry": {"type": "LineString", "coordinates": [[11.0225173, 50.9966686], [11.0225501, 50.9966755]]}}, {"type": "Feature", "properties": {}, "geometry": {"type": "LineString", "coordinates": [[11.0227109, 50.9964482], [11.022738, 50.9964531]]}}, {"type": "Feature", "properties": {}, "geometry": {"type": "LineString", "coordinates": [[11.0221729, 50.9965831], [11.0221895, 50.9965898]]}}, {"type": "Feature", "properties": {}, "geometry": {"type": "LineString", "coordinates": [[11.0254685, 50.9952095], [11.0256579, 50.9956077]]}}, {"type": "Feature", "properties": {}, "geometry": {"type": "LineString", "coordinates": [[11.0256435, 50.996121], [11.0252857, 50.9961965]]}}, {"type": "Feature", "properties": {}, "geometry": {"type": "LineString", "coordinates": [[11.0226122, 50.9932903], [11.0232062, 50.99351]]}}, {"type": "Feature", "properties": {}, "geometry": {"type": "LineString", "coordinates": [[11.0223368, 50.9953091], [11.022386, 50.9953145]]}}, {"type": "Feature", "properties": {}, "geometry": {"type": "LineString", "coordinates": [[11.0242518, 50.9949638], [11.024243, 50.9949772]]}}, {"type": "Feature", "properties": {}, "geometry": {"type": "LineString", "coordinates": [[11.0242518, 50.9949638], [11.024265, 50.9949161]]}}, {"type": "Feature", "properties": {}, "geometry": {"type": "LineString", "coordinates": [[11.0234637, 50.9947654], [11.0232721, 50.9948052]]}}, {"type": "Feature", "properties": {}, "geometry": {"type": "LineString", "coordinates": [[11.0245044, 50.9932337], [11.0247656, 50.9941455]]}}, {"type": "Feature", "properties": {}, "geometry": {"type": "LineString", "coordinates": [[11.0253072, 50.994162], [11.0247656, 50.9941455]]}}, {"type": "Feature", "properties": {}, "geometry": {"type": "LineString", "coordinates": [[11.0254243, 50.9949928], [11.0247656, 50.9941455]]}}, {"type": "Feature", "properties": {}, "geometry": {"type": "LineString", "coordinates": [[11.0253429, 50.9964798], [11.0254124, 50.9964976]]}}, {"type": "Feature", "properties": {}, "geometry": {"type": "LineString", "coordinates": [[11.0248953, 50.9963068], [11.0249095, 50.9963178]]}}, {"type": "Feature", "properties": {}, "geometry": {"type": "LineString", "coordinates": [[11.0252062, 50.9962732], [11.025236, 50.99628]]}}, {"type": "Feature", "properties": {}, "geometry": {"type": "LineString", "coordinates": [[11.0253897, 50.996153], [11.0252857, 50.9961965]]}}, {"type": "Feature", "properties": {}, "geometry": {"type": "LineString", "coordinates": [[11.0257426, 50.9962381], [11.0252857, 50.9961965]]}}, {"type": "Feature", "properties": {}, "geometry": {"type": "LineString", "coordinates": [[11.0251991, 50.9934654], [11.0247656, 50.9941455]]}}, {"type": "Feature", "properties": {}, "geometry": {"type": "LineString", "coordinates": [[11.0252589, 50.9938914], [11.0247656, 50.9941455]]}}, {"type": "Feature", "properties": {}, "geometry": {"type": "LineString", "coordinates": [[11.0240363, 50.9932487], [11.0247656, 50.9941455]]}}, {"type": "Feature", "properties": {}, "geometry": {"type": "LineString", "coordinates": [[11.023689, 50.9948955], [11.0236821, 50.9946368]]}}, {"type": "Feature", "properties": {}, "geometry": {"type": "LineString", "coordinates": [[11.023689, 50.9948955], [11.0235623, 50.9949629]]}}, {"type": "Feature", "properties": {}, "geometry": {"type": "LineString", "coordinates": [[11.0248811, 50.9949527], [11.0247656, 50.9941455]]}}, {"type": "Feature", "properties": {}, "geometry": {"type": "LineString", "coordinates": [[11.0230495, 50.9948812], [11.0232721, 50.9948052]]}}, {"type": "Feature", "properties": {}, "geometry": {"type": "LineString", "coordinates": [[11.0252615, 50.9944943], [11.0251715, 50.9945276]]}}, {"type": "Feature", "properties": {}, "geometry": {"type": "LineString", "coordinates": [[11.0251688, 50.9939895], [11.0249671, 50.9939514]]}}, {"type": "Feature", "properties": {}, "geometry": {"type": "LineString", "coordinates": [[11.0245385, 50.9950544], [11.0247656, 50.9941455]]}}, {"type": "Feature", "properties": {}, "geometry": {"type": "LineString", "coordinates": [[11.0241928, 50.9932439], [11.0247656, 50.9941455]]}}, {"type": "Feature", "properties": {}, "geometry": {"type": "LineString", "coordinates": [[11.0234929, 50.9940638], [11.0232062, 50.99351]]}}, {"type": "Feature", "properties": {}, "geometry": {"type": "LineString", "coordinates": [[11.0243164, 50.9934075], [11.0243117, 50.9933807]]}}, {"type": "Feature", "properties": {}, "geometry": {"type": "LineString", "coordinates": [[11.025411, 50.9948204], [11.0247656, 50.9941455]]}}, {"type": "Feature", "properties": {}, "geometry": {"type": "LineString", "coordinates": [[11.0234436, 50.9935102], [11.0232062, 50.99351]]}}, {"type": "Feature", "properties": {}, "geometry": {"type": "LineString", "coordinates": [[11.0235634, 50.9942799], [11.0236821, 50.9946368]]}}, {"type": "Feature", "properties": {}, "geometry": {"type": "LineString", "coordinates": [[11.0385144, 51.0027757], [11.0382261, 51.0029723]]}}, {"type": "Feature", "properties": {}, "geometry": {"type": "LineString", "coordinates": [[11.04279, 51.00232], [11.0428229, 51.0023647]]}}, {"type": "Feature", "properties": {}, "geometry": {"type": "LineString", "coordinates": [[11.0397014, 51.00345], [11.0397654, 51.0034843]]}}, {"type": "Feature", "properties": {}, "geometry": {"type": "LineString", "coordinates": [[11.0388223, 51.0026805], [11.0382261, 51.0029723]]}}, {"type": "Feature", "properties": {}, "geometry": {"type": "LineString", "coordinates": [[11.0370788, 51.0016996], [11.0372266, 51.0015775]]}}, {"type": "Feature", "properties": {}, "geometry": {"type": "LineString", "coordinates": [[11.0370788, 51.0016996], [11.0370304, 51.0018007]]}}, {"type": "Feature", "properties": {}, "geometry": {"type": "LineString", "coordinates": [[11.0319557, 51.0024954], [11.0320192, 51.0025045]]}}, {"type": "Feature", "properties": {}, "geometry": {"type": "LineString", "coordinates": [[11.0315759, 51.0022645], [11.0316291, 51.0022759]]}}, {"type": "Feature", "properties": {}, "geometry": {"type": "LineString", "coordinates": [[11.0338794, 51.0025007], [11.0338787, 51.0028934]]}}, {"type": "Feature", "properties": {}, "geometry": {"type": "LineString", "coordinates": [[11.0314461, 51.0026664], [11.0315265, 51.0031973]]}}, {"type": "Feature", "properties": {}, "geometry": {"type": "LineString", "coordinates": [[11.0369866, 51.0018234], [11.0370304, 51.0018007]]}}, {"type": "Feature", "properties": {}, "geometry": {"type": "LineString", "coordinates": [[11.0369866, 51.0018234], [11.0372266, 51.0015775]]}}, {"type": "Feature", "properties": {}, "geometry": {"type": "LineString", "coordinates": [[11.0317109, 51.002827], [11.0315265, 51.0031973]]}}, {"type": "Feature", "properties": {}, "geometry": {"type": "LineString", "coordinates": [[11.0311851, 51.0028611], [11.03115, 51.0028337]]}}, {"type": "Feature", "properties": {}, "geometry": {"type": "LineString", "coordinates": [[11.0325507, 51.0023569], [11.0327344, 51.0022018]]}}, {"type": "Feature", "properties": {}, "geometry": {"type": "LineString", "coordinates": [[11.0369869, 51.002964], [11.0364266, 51.0028874]]}}, {"type": "Feature", "properties": {}, "geometry": {"type": "LineString", "coordinates": [[11.0344928, 51.0027306], [11.0338787, 51.0028934]]}}, {"type": "Feature", "properties": {}, "geometry": {"type": "LineString", "coordinates": [[11.0341049, 51.0030269], [11.0338787, 51.0028934]]}}, {"type": "Feature", "properties": {}, "geometry": {"type": "LineString", "coordinates": [[11.0331776, 51.0024958], [11.0327344, 51.0022018]]}}, {"type": "Feature", "properties": {}, "geometry": {"type": "LineString", "coordinates": [[11.0310317, 51.0027678], [11.03115, 51.0028337]]}}, {"type": "Feature", "properties": {}, "geometry": {"type": "LineString", "coordinates": [[11.0310317, 51.0027678], [11.0315265, 51.0031973]]}}, {"type": "Feature", "properties": {}, "geometry": {"type": "LineString", "coordinates": [[11.0374802, 51.0024268], [11.0368219, 51.0022236]]}}, {"type": "Feature", "properties": {}, "geometry": {"type": "LineString", "coordinates": [[11.031843, 51.002907], [11.0315265, 51.0031973]]}}, {"type": "Feature", "properties": {}, "geometry": {"type": "LineString", "coordinates": [[11.0337422, 51.002073], [11.0344055, 51.0023243]]}}, {"type": "Feature", "properties": {}, "geometry": {"type": "LineString", "coordinates": [[11.0327773, 51.0016105], [11.0327986, 51.0016165]]}}, {"type": "Feature", "properties": {}, "geometry": {"type": "LineString", "coordinates": [[11.033043, 51.0016984], [11.0329383, 51.0017335]]}}, {"type": "Feature", "properties": {}, "geometry": {"type": "LineString", "coordinates": [[11.0313021, 51.0027954], [11.0312669, 51.0027693]]}}, {"type": "Feature", "properties": {}, "geometry": {"type": "LineString", "coordinates": [[11.0331862, 51.0014975], [11.0332315, 51.0015033]]}}, {"type": "Feature", "properties": {}, "geometry": {"type": "LineString", "coordinates": [[11.0335372, 51.0026875], [11.0338787, 51.0028934]]}}, {"type": "Feature", "properties": {}, "geometry": {"type": "LineString", "coordinates": [[11.0324818, 51.0019118], [11.0327344, 51.0022018]]}}, {"type": "Feature", "properties": {}, "geometry": {"type": "LineString", "coordinates": [[11.0328732, 51.001765], [11.0329383, 51.0017335]]}}, {"type": "Feature", "properties": {}, "geometry": {"type": "LineString", "coordinates": [[11.0312147, 51.0027443], [11.0312669, 51.0027693]]}}, {"type": "Feature", "properties": {}, "geometry": {"type": "LineString", "coordinates": [[11.0390695, 51.0007154], [11.0390836, 51.0007506]]}}, {"type": "Feature", "properties": {}, "geometry": {"type": "LineString", "coordinates": [[11.0358008, 50.9999693], [11.0355915, 51.0001557]]}}, {"type": "Feature", "properties": {}, "geometry": {"type": "LineString", "coordinates": [[11.0366045, 51.0008182], [11.036639, 51.000822]]}}, {"type": "Feature", "properties": {}, "geometry": {"type": "LineString", "coordinates": [[11.0369042, 51.0004437], [11.0369279, 51.0004458]]}}, {"type": "Feature", "properties": {}, "geometry": {"type": "LineString", "coordinates": [[11.0369042, 51.0004437], [11.0372435, 51.0002574]]}}, {"type": "Feature", "properties": {}, "geometry": {"type": "LineString", "coordinates": [[11.0360512, 51.0027371], [11.0364266, 51.0028874]]}}, {"type": "Feature", "properties": {}, "geometry": {"type": "LineString", "coordinates": [[11.0393281, 50.9973127], [11.0394254, 50.997217]]}}, {"type": "Feature", "properties": {}, "geometry": {"type": "LineString", "coordinates": [[11.0393281, 50.9973127], [11.039363, 50.9973187]]}}, {"type": "Feature", "properties": {}, "geometry": {"type": "LineString", "coordinates": [[11.0370569, 51.0008316], [11.0370991, 51.0008379]]}}, {"type": "Feature", "properties": {}, "geometry": {"type": "LineString", "coordinates": [[11.0351005, 51.0006346], [11.035179, 51.0006108]]}}, {"type": "Feature", "properties": {}, "geometry": {"type": "LineString", "coordinates": [[11.0391853, 50.9976633], [11.039274, 50.9976753]]}}, {"type": "Feature", "properties": {}, "geometry": {"type": "LineString", "coordinates": [[11.0315009, 50.9986896], [11.0313947, 50.9989801]]}}, {"type": "Feature", "properties": {}, "geometry": {"type": "LineString", "coordinates": [[11.0319124, 51.0009389], [11.0319893, 51.0009547]]}}, {"type": "Feature", "properties": {}, "geometry": {"type": "LineString", "coordinates": [[11.0311571, 51.0001965], [11.0312704, 51.0000042]]}}, {"type": "Feature", "properties": {}, "geometry": {"type": "LineString", "coordinates": [[11.0331541, 50.9967635], [11.032825, 50.9967983]]}}, {"type": "Feature", "properties": {}, "geometry": {"type": "LineString", "coordinates": [[11.0286055, 50.999627], [11.0284924, 50.9996592]]}}, {"type": "Feature", "properties": {}, "geometry": {"type": "LineString", "coordinates": [[11.029611, 50.9990086], [11.0286223, 50.9988202]]}}, {"type": "Feature", "properties": {}, "geometry": {"type": "LineString", "coordinates": [[11.0300763, 50.9986468], [11.0301405, 50.9985874]]}}, {"type": "Feature", "properties": {}, "geometry": {"type": "LineString", "coordinates": [[11.0322485, 51.0008017], [11.0316301, 51.0010126]]}}, {"type": "Feature", "properties": {}, "geometry": {"type": "LineString", "coordinates": [[11.0274928, 50.9990188], [11.0275767, 50.9989833]]}}, {"type": "Feature", "properties": {}, "geometry": {"type": "LineString", "coordinates": [[11.0291846, 50.9989928], [11.0286223, 50.9988202]]}}, {"type": "Feature", "properties": {}, "geometry": {"type": "LineString", "coordinates": [[11.0313056, 50.9980886], [11.0314363, 50.9978679]]}}, {"type": "Feature", "properties": {}, "geometry": {"type": "LineString", "coordinates": [[11.0315206, 50.9986417], [11.0313947, 50.9989801]]}}, {"type": "Feature", "properties": {}, "geometry": {"type": "LineString", "coordinates": [[11.0292137, 50.9996455], [11.0284924, 50.9996592]]}}, {"type": "Feature", "properties": {}, "geometry": {"type": "LineString", "coordinates": [[11.0296466, 50.9978983], [11.0290357, 50.9979793]]}}, {"type": "Feature", "properties": {}, "geometry": {"type": "LineString", "coordinates": [[11.0321645, 50.9977182], [11.0322232, 50.9977218]]}}, {"type": "Feature", "properties": {}, "geometry": {"type": "LineString", "coordinates": [[11.0312059, 51.0010961], [11.0316301, 51.0010126]]}}, {"type": "Feature", "properties": {}, "geometry": {"type": "LineString", "coordinates": [[11.033933, 50.9989353], [11.033964, 50.9989402]]}}, {"type": "Feature", "properties": {}, "geometry": {"type": "LineString", "coordinates": [[11.0278901, 50.9980151], [11.0280286, 50.9979174]]}}, {"type": "Feature", "properties": {}, "geometry": {"type": "LineString", "coordinates": [[11.0313439, 51.0003553], [11.0312704, 51.0000042]]}}, {"type": "Feature", "properties": {}, "geometry": {"type": "LineString", "coordinates": [[11.0305372, 50.9967543], [11.0306306, 50.9967617]]}}, {"type": "Feature", "properties": {}, "geometry": {"type": "LineString", "coordinates": [[11.0305372, 50.9967543], [11.030251, 50.9975068]]}}, {"type": "Feature", "properties": {}, "geometry": {"type": "LineString", "coordinates": [[11.0289106, 50.9997441], [11.028908, 50.9997951]]}}, {"type": "Feature", "properties": {}, "geometry": {"type": "LineString", "coordinates": [[11.0313603, 51.0011491], [11.0316301, 51.0010126]]}}, {"type": "Feature", "properties": {}, "geometry": {"type": "LineString", "coordinates": [[11.0291143, 50.9980409], [11.0291212, 50.9980412]]}}, {"type": "Feature", "properties": {}, "geometry": {"type": "LineString", "coordinates": [[11.0289818, 50.9981753], [11.0290357, 50.9979793]]}}, {"type": "Feature", "properties": {}, "geometry": {"type": "LineString", "coordinates": [[11.029181, 50.9981794], [11.0290357, 50.9979793]]}}, {"type": "Feature", "properties": {}, "geometry": {"type": "LineString", "coordinates": [[11.02758, 50.9989848], [11.0275767, 50.9989833]]}}, {"type": "Feature", "properties": {}, "geometry": {"type": "LineString", "coordinates": [[11.0313374, 50.9976734], [11.0314363, 50.9978679]]}}, {"type": "Feature", "properties": {}, "geometry": {"type": "LineString", "coordinates": [[11.0313374, 50.9976734], [11.0317157, 50.9977943]]}}, {"type": "Feature", "properties": {}, "geometry": {"type": "LineString", "coordinates": [[11.0313374, 50.9976734], [11.031629, 50.9975992]]}}, {"type": "Feature", "properties": {}, "geometry": {"type": "LineString", "coordinates": [[11.031351, 50.9974263], [11.0314363, 50.9978679]]}}, {"type": "Feature", "properties": {}, "geometry": {"type": "LineString", "coordinates": [[11.031351, 50.9974263], [11.0316325, 50.9973549]]}}, {"type": "Feature", "properties": {}, "geometry": {"type": "LineString", "coordinates": [[11.0314055, 50.9967675], [11.0317942, 50.9969134]]}}, {"type": "Feature", "properties": {}, "geometry": {"type": "LineString", "coordinates": [[11.0329583, 50.9977392], [11.0330165, 50.9977526]]}}, {"type": "Feature", "properties": {}, "geometry": {"type": "LineString", "coordinates": [[11.032046, 51.0012105], [11.0316301, 51.0010126]]}}, {"type": "Feature", "properties": {}, "geometry": {"type": "LineString", "coordinates": [[11.0313718, 50.9969096], [11.0317942, 50.9969134]]}}, {"type": "Feature", "properties": {}, "geometry": {"type": "LineString", "coordinates": [[11.0308921, 50.9973644], [11.0309409, 50.9972871]]}}, {"type": "Feature", "properties": {}, "geometry": {"type": "LineString", "coordinates": [[11.0337166, 50.9993842], [11.0338681, 50.9993896]]}}, {"type": "Feature", "properties": {}, "geometry": {"type": "LineString", "coordinates": [[11.03088, 50.9975372], [11.0309409, 50.9972871]]}}, {"type": "Feature", "properties": {}, "geometry": {"type": "LineString", "coordinates": [[11.0312592, 51.0005869], [11.0315094, 51.0005783]]}}, {"type": "Feature", "properties": {}, "geometry": {"type": "LineString", "coordinates": [[11.0283507, 50.9978446], [11.0286284, 50.9977441]]}}, {"type": "Feature", "properties": {}, "geometry": {"type": "LineString", "coordinates": [[11.0283507, 50.9978446], [11.0283735, 50.9979313]]}}, {"type": "Feature", "properties": {}, "geometry": {"type": "LineString", "coordinates": [[11.0314263, 50.9994921], [11.0313947, 50.9989801]]}}, {"type": "Feature", "properties": {}, "geometry": {"type": "LineString", "coordinates": [[11.0325245, 50.9985572], [11.0325879, 50.9985519]]}}, {"type": "Feature", "properties": {}, "geometry": {"type": "LineString", "coordinates": [[11.0281955, 50.9981587], [11.0290357, 50.9979793]]}}, {"type": "Feature", "properties": {}, "geometry": {"type": "LineString", "coordinates": [[11.0311016, 51.0008973], [11.0316301, 51.0010126]]}}, {"type": "Feature", "properties": {}, "geometry": {"type": "LineString", "coordinates": [[11.029217, 50.9967749], [11.0294549, 50.9970142]]}}, {"type": "Feature", "properties": {}, "geometry": {"type": "LineString", "coordinates": [[11.0313972, 51.0005766], [11.0315094, 51.0005783]]}}, {"type": "Feature", "properties": {}, "geometry": {"type": "LineString", "coordinates": [[11.0292897, 50.9998543], [11.0293027, 50.9997861]]}}, {"type": "Feature", "properties": {}, "geometry": {"type": "LineString", "coordinates": [[11.0292897, 50.9998543], [11.0293167, 50.9998893]]}}, {"type": "Feature", "properties": {}, "geometry": {"type": "LineString", "coordinates": [[11.0312509, 50.9990702], [11.0313947, 50.9989801]]}}, {"type": "Feature", "properties": {}, "geometry": {"type": "LineString", "coordinates": [[11.0287953, 50.9996331], [11.0284924, 50.9996592]]}}, {"type": "Feature", "properties": {}, "geometry": {"type": "LineString", "coordinates": [[11.0316074, 50.9994975], [11.0313947, 50.9989801]]}}, {"type": "Feature", "properties": {}, "geometry": {"type": "LineString", "coordinates": [[11.0316681, 51.0012673], [11.0316301, 51.0010126]]}}, {"type": "Feature", "properties": {}, "geometry": {"type": "LineString", "coordinates": [[11.0314648, 51.0007744], [11.0316301, 51.0010126]]}}, {"type": "Feature", "properties": {}, "geometry": {"type": "LineString", "coordinates": [[11.0313268, 50.9982449], [11.0314363, 50.9978679]]}}, {"type": "Feature", "properties": {}, "geometry": {"type": "LineString", "coordinates": [[11.0296383, 50.9984767], [11.0286223, 50.9988202]]}}, {"type": "Feature", "properties": {}, "geometry": {"type": "LineString", "coordinates": [[11.0298856, 50.9998909], [11.0300566, 50.9997706]]}}, {"type": "Feature", "properties": {}, "geometry": {"type": "LineString", "coordinates": [[11.0292423, 50.9984575], [11.0286223, 50.9988202]]}}, {"type": "Feature", "properties": {}, "geometry": {"type": "LineString", "coordinates": [[11.0304328, 50.9993244], [11.0304284, 50.9993245]]}}, {"type": "Feature", "properties": {}, "geometry": {"type": "LineString", "coordinates": [[11.0296033, 50.999207], [11.0286223, 50.9988202]]}}, {"type": "Feature", "properties": {}, "geometry": {"type": "LineString", "coordinates": [[11.0300921, 50.9996728], [11.0300566, 50.9997706]]}}, {"type": "Feature", "properties": {}, "geometry": {"type": "LineString", "coordinates": [[11.0315209, 50.9999274], [11.0315457, 50.9999028]]}}, {"type": "Feature", "properties": {}, "geometry": {"type": "LineString", "coordinates": [[11.031598, 51.0000629], [11.0316325, 51.0000106]]}}, {"type": "Feature", "properties": {}, "geometry": {"type": "LineString", "coordinates": [[11.031598, 51.0000629], [11.0314852, 51.0000355]]}}, {"type": "Feature", "properties": {}, "geometry": {"type": "LineString", "coordinates": [[11.031598, 51.0000629], [11.0315675, 51.0002284]]}}, {"type": "Feature", "properties": {}, "geometry": {"type": "LineString", "coordinates": [[11.0312645, 51.0005102], [11.0315094, 51.0005783]]}}, {"type": "Feature", "properties": {}, "geometry": {"type": "LineString", "coordinates": [[11.0320038, 51.0010551], [11.0320739, 51.0010848]]}}, {"type": "Feature", "properties": {}, "geometry": {"type": "LineString", "coordinates": [[11.0301563, 50.9971746], [11.030251, 50.9975068]]}}, {"type": "Feature", "properties": {}, "geometry": {"type": "LineString", "coordinates": [[11.0301662, 50.9970382], [11.030251, 50.9975068]]}}, {"type": "Feature", "properties": {}, "geometry": {"type": "LineString", "coordinates": [[11.0321673, 50.9969781], [11.0317942, 50.9969134]]}}, {"type": "Feature", "properties": {}, "geometry": {"type": "LineString", "coordinates": [[11.0316714, 51.0004141], [11.0316937, 51.0004208]]}}, {"type": "Feature", "properties": {}, "geometry": {"type": "LineString", "coordinates": [[11.0327852, 51.0003282], [11.0328041, 51.0003018]]}}, {"type": "Feature", "properties": {}, "geometry": {"type": "LineString", "coordinates": [[11.0315157, 50.9998756], [11.0315457, 50.9999028]]}}, {"type": "Feature", "properties": {}, "geometry": {"type": "LineString", "coordinates": [[11.0289008, 50.9994057], [11.0286223, 50.9988202]]}}, {"type": "Feature", "properties": {}, "geometry": {"type": "LineString", "coordinates": [[11.02959, 50.9996527], [11.0284924, 50.9996592]]}}, {"type": "Feature", "properties": {}, "geometry": {"type": "LineString", "coordinates": [[11.0293066, 50.9992911], [11.0293988, 50.9992356]]}}, {"type": "Feature", "properties": {}, "geometry": {"type": "LineString", "coordinates": [[11.0293066, 50.9992911], [11.0293112, 50.9992914]]}}, {"type": "Feature", "properties": {}, "geometry": {"type": "LineString", "coordinates": [[11.0301463, 50.9973151], [11.030251, 50.9975068]]}}, {"type": "Feature", "properties": {}, "geometry": {"type": "LineString", "coordinates": [[11.030128, 50.9976601], [11.030251, 50.9975068]]}}, {"type": "Feature", "properties": {}, "geometry": {"type": "LineString", "coordinates": [[11.0316152, 50.99973], [11.0312704, 51.0000042]]}}, {"type": "Feature", "properties": {}, "geometry": {"type": "LineString", "coordinates": [[11.0345602, 50.9991522], [11.0348049, 50.9991646]]}}, {"type": "Feature", "properties": {}, "geometry": {"type": "LineString", "coordinates": [[11.0281775, 50.9990264], [11.028177, 50.9990548]]}}, {"type": "Feature", "properties": {}, "geometry": {"type": "LineString", "coordinates": [[11.0279572, 50.9988863], [11.027978, 50.9988904]]}}, {"type": "Feature", "properties": {}, "geometry": {"type": "LineString", "coordinates": [[11.0279572, 50.9988863], [11.0278752, 50.998872]]}}, {"type": "Feature", "properties": {}, "geometry": {"type": "LineString", "coordinates": [[11.0317007, 50.9985227], [11.0313947, 50.9989801]]}}, {"type": "Feature", "properties": {}, "geometry": {"type": "LineString", "coordinates": [[11.0274872, 50.9989787], [11.0275767, 50.9989833]]}}, {"type": "Feature", "properties": {}, "geometry": {"type": "LineString", "coordinates": [[11.0266553, 50.9965051], [11.0266107, 50.9965412]]}}, {"type": "Feature", "properties": {}, "geometry": {"type": "LineString", "coordinates": [[11.0302706, 50.9941602], [11.0302844, 50.9941666]]}}, {"type": "Feature", "properties": {}, "geometry": {"type": "LineString", "coordinates": [[11.0258714, 50.9935309], [11.0260545, 50.9940739]]}}, {"type": "Feature", "properties": {}, "geometry": {"type": "LineString", "coordinates": [[11.0260507, 50.9948147], [11.0260545, 50.9940739]]}}, {"type": "Feature", "properties": {}, "geometry": {"type": "LineString", "coordinates": [[11.025844, 50.9932045], [11.0260545, 50.9940739]]}}, {"type": "Feature", "properties": {}, "geometry": {"type": "LineString", "coordinates": [[11.031035, 50.9942525], [11.0310885, 50.9942002]]}}, {"type": "Feature", "properties": {}, "geometry": {"type": "LineString", "coordinates": [[11.031035, 50.9942525], [11.0311024, 50.9945919]]}}, {"type": "Feature", "properties": {}, "geometry": {"type": "LineString", "coordinates": [[11.0325766, 50.9970292], [11.032743, 50.9970735]]}}, {"type": "Feature", "properties": {}, "geometry": {"type": "LineString", "coordinates": [[11.0293387, 50.9979692], [11.0293646, 50.9980154]]}}, {"type": "Feature", "properties": {}, "geometry": {"type": "LineString", "coordinates": [[11.0285103, 50.9958414], [11.0285702, 50.9958425]]}}, {"type": "Feature", "properties": {}, "geometry": {"type": "LineString", "coordinates": [[11.0285177, 50.9963108], [11.0285783, 50.9963147]]}}, {"type": "Feature", "properties": {}, "geometry": {"type": "LineString", "coordinates": [[11.027339, 50.9948188], [11.0275686, 50.9948284]]}}, {"type": "Feature", "properties": {}, "geometry": {"type": "LineString", "coordinates": [[11.0294362, 50.9947518], [11.0297434, 50.9944661]]}}, {"type": "Feature", "properties": {}, "geometry": {"type": "LineString", "coordinates": [[11.0294251, 50.9945551], [11.0297434, 50.9944661]]}}, {"type": "Feature", "properties": {}, "geometry": {"type": "LineString", "coordinates": [[11.0259303, 50.9939346], [11.0260545, 50.9940739]]}}, {"type": "Feature", "properties": {}, "geometry": {"type": "LineString", "coordinates": [[11.0259303, 50.9939346], [11.0261015, 50.9938475]]}}, {"type": "Feature", "properties": {}, "geometry": {"type": "LineString", "coordinates": [[11.0259303, 50.9939346], [11.026197, 50.9938447]]}}, {"type": "Feature", "properties": {}, "geometry": {"type": "LineString", "coordinates": [[11.0260795, 50.9949478], [11.0260545, 50.9940739]]}}, {"type": "Feature", "properties": {}, "geometry": {"type": "LineString", "coordinates": [[11.0265383, 50.9965334], [11.0266107, 50.9965412]]}}, {"type": "Feature", "properties": {}, "geometry": {"type": "LineString", "coordinates": [[11.0273155, 50.9949866], [11.0275686, 50.9948284]]}}, {"type": "Feature", "properties": {}, "geometry": {"type": "LineString", "coordinates": [[11.0274358, 50.9942406], [11.0274916, 50.9942465]]}}, {"type": "Feature", "properties": {}, "geometry": {"type": "LineString", "coordinates": [[11.0310588, 50.9944982], [11.0311024, 50.9945919]]}}, {"type": "Feature", "properties": {}, "geometry": {"type": "LineString", "coordinates": [[11.0310588, 50.9944982], [11.0310885, 50.9942002]]}}, {"type": "Feature", "properties": {}, "geometry": {"type": "LineString", "coordinates": [[11.025885, 50.9926656], [11.0262432, 50.9923981]]}}, {"type": "Feature", "properties": {}, "geometry": {"type": "LineString", "coordinates": [[11.0300972, 50.9937941], [11.0301348, 50.9937202]]}}, {"type": "Feature", "properties": {}, "geometry": {"type": "LineString", "coordinates": [[11.0260377, 50.9922947], [11.0262432, 50.9923981]]}}, {"type": "Feature", "properties": {}, "geometry": {"type": "LineString", "coordinates": [[11.0319061, 50.9953577], [11.0319691, 50.9953596]]}}, {"type": "Feature", "properties": {}, "geometry": {"type": "LineString", "coordinates": [[11.0262572, 50.9949681], [11.0260545, 50.9940739]]}}, {"type": "Feature", "properties": {}, "geometry": {"type": "LineString", "coordinates": [[11.026012, 50.9927903], [11.0262432, 50.9923981]]}}, {"type": "Feature", "properties": {}, "geometry": {"type": "LineString", "coordinates": [[11.0263793, 50.9920275], [11.0262432, 50.9923981]]}}, {"type": "Feature", "properties": {}, "geometry": {"type": "LineString", "coordinates": [[11.0264242, 50.9947414], [11.026443, 50.9946691]]}}, {"type": "Feature", "properties": {}, "geometry": {"type": "LineString", "coordinates": [[11.0264242, 50.9947414], [11.0264464, 50.9947486]]}}, {"type": "Feature", "properties": {}, "geometry": {"type": "LineString", "coordinates": [[11.0358259, 50.9947147], [11.0358513, 50.9947052]]}}, {"type": "Feature", "properties": {}, "geometry": {"type": "LineString", "coordinates": [[11.0358901, 50.9944262], [11.0358796, 50.9944066]]}}, {"type": "Feature", "properties": {}, "geometry": {"type": "LineString", "coordinates": [[11.0358901, 50.9944262], [11.0359198, 50.9944338]]}}, {"type": "Feature", "properties": {}, "geometry": {"type": "LineString", "coordinates": [[11.0262011, 50.994375], [11.0260545, 50.9940739]]}}, {"type": "Feature", "properties": {}, "geometry": {"type": "LineString", "coordinates": [[11.0262011, 50.994375], [11.026251, 50.9943705]]}}, {"type": "Feature", "properties": {}, "geometry": {"type": "LineString", "coordinates": [[11.0303274, 50.9930929], [11.0304611, 50.9931013]]}}, {"type": "Feature", "properties": {}, "geometry": {"type": "LineString", "coordinates": [[11.0258426, 50.9933129], [11.0260545, 50.9940739]]}}, {"type": "Feature", "properties": {}, "geometry": {"type": "LineString", "coordinates": [[11.026307, 50.9938223], [11.02633, 50.9938307]]}}, {"type": "Feature", "properties": {}, "geometry": {"type": "LineString", "coordinates": [[11.026307, 50.9938223], [11.026197, 50.9938447]]}}, {"type": "Feature", "properties": {}, "geometry": {"type": "LineString", "coordinates": [[11.0349948, 50.9938581], [11.035016, 50.9938622]]}}, {"type": "Feature", "properties": {}, "geometry": {"type": "LineString", "coordinates": [[11.0261817, 50.9931931], [11.0260545, 50.9940739]]}}, {"type": "Feature", "properties": {}, "geometry": {"type": "LineString", "coordinates": [[11.0259441, 50.9927882], [11.0262432, 50.9923981]]}}, {"type": "Feature", "properties": {}, "geometry": {"type": "LineString", "coordinates": [[11.0347592, 50.9937668], [11.0347808, 50.9937738]]}}, {"type": "Feature", "properties": {}, "geometry": {"type": "LineString", "coordinates": [[11.0218292, 50.9957536], [11.021862, 50.9957585]]}}, {"type": "Feature", "properties": {}, "geometry": {"type": "LineString", "coordinates": [[11.0262698, 50.9948442], [11.0260545, 50.9940739]]}}, {"type": "Feature", "properties": {}, "geometry": {"type": "LineString", "coordinates": [[11.0262015, 50.9943386], [11.0260545, 50.9940739]]}}, {"type": "Feature", "properties": {}, "geometry": {"type": "LineString", "coordinates": [[11.0262015, 50.9943386], [11.026251, 50.9943705]]}}, {"type": "Feature", "properties": {}, "geometry": {"type": "LineString", "coordinates": [[11.0262252, 50.9941409], [11.0260545, 50.9940739]]}}, {"type": "Feature", "properties": {}, "geometry": {"type": "LineString", "coordinates": [[11.0262252, 50.9941409], [11.0262701, 50.9941508]]}}, {"type": "Feature", "properties": {}, "geometry": {"type": "LineString", "coordinates": [[11.0209035, 50.9969439], [11.0208273, 50.9969318]]}}, {"type": "Feature", "properties": {}, "geometry": {"type": "LineString", "coordinates": [[11.0209035, 50.9969439], [11.0211037, 50.996892]]}}, {"type": "Feature", "properties": {}, "geometry": {"type": "LineString", "coordinates": [[11.0206156, 50.9968902], [11.0208273, 50.9969318]]}}, {"type": "Feature", "properties": {}, "geometry": {"type": "LineString", "coordinates": [[11.0209989, 50.9969617], [11.0208273, 50.9969318]]}}, {"type": "Feature", "properties": {}, "geometry": {"type": "LineString", "coordinates": [[11.0209989, 50.9969617], [11.0211037, 50.996892]]}}, {"type": "Feature", "properties": {}, "geometry": {"type": "LineString", "coordinates": [[11.0203962, 50.9951408], [11.0203045, 50.995205]]}}, {"type": "Feature", "properties": {}, "geometry": {"type": "LineString", "coordinates": [[11.0200218, 50.995684], [11.020285, 50.9957385]]}}, {"type": "Feature", "properties": {}, "geometry": {"type": "LineString", "coordinates": [[11.0201198, 50.9957028], [11.020285, 50.9957385]]}}, {"type": "Feature", "properties": {}, "geometry": {"type": "LineString", "coordinates": [[11.0203997, 50.9966478], [11.0204042, 50.9966868]]}}, {"type": "Feature", "properties": {}, "geometry": {"type": "LineString", "coordinates": [[11.0213511, 50.9956095], [11.0214489, 50.9955253]]}}, {"type": "Feature", "properties": {}, "geometry": {"type": "LineString", "coordinates": [[11.0215804, 50.9929776], [11.0213939, 50.9924749]]}}, {"type": "Feature", "properties": {}, "geometry": {"type": "LineString", "coordinates": [[11.0203489, 50.9961166], [11.0203051, 50.9962208]]}}, {"type": "Feature", "properties": {}, "geometry": {"type": "LineString", "coordinates": [[11.0202913, 50.9962357], [11.0203051, 50.9962208]]}}, {"type": "Feature", "properties": {}, "geometry": {"type": "LineString", "coordinates": [[11.0212969, 50.9965126], [11.0211761, 50.996584]]}}, {"type": "Feature", "properties": {}, "geometry": {"type": "LineString", "coordinates": [[11.0214779, 50.9948393], [11.0215929, 50.9948895]]}}, {"type": "Feature", "properties": {}, "geometry": {"type": "LineString", "coordinates": [[11.0203102, 50.9957401], [11.020285, 50.9957385]]}}, {"type": "Feature", "properties": {}, "geometry": {"type": "LineString", "coordinates": [[11.0204038, 50.9957586], [11.020285, 50.9957385]]}}, {"type": "Feature", "properties": {}, "geometry": {"type": "LineString", "coordinates": [[11.0211713, 50.9946711], [11.0212072, 50.994673]]}}, {"type": "Feature", "properties": {}, "geometry": {"type": "LineString", "coordinates": [[11.0205001, 50.9957776], [11.020285, 50.9957385]]}}, {"type": "Feature", "properties": {}, "geometry": {"type": "LineString", "coordinates": [[11.0220177, 50.9955171], [11.0220311, 50.995469]]}}, {"type": "Feature", "properties": {}, "geometry": {"type": "LineString", "coordinates": [[11.020006, 50.9978899], [11.0200372, 50.9978964]]}}, {"type": "Feature", "properties": {}, "geometry": {"type": "LineString", "coordinates": [[11.0207652, 50.9918555], [11.0213939, 50.9924749]]}}, {"type": "Feature", "properties": {}, "geometry": {"type": "LineString", "coordinates": [[11.0215239, 50.9953888], [11.0214489, 50.9955253]]}}, {"type": "Feature", "properties": {}, "geometry": {"type": "LineString", "coordinates": [[11.0213133, 50.9954556], [11.0214489, 50.9955253]]}}, {"type": "Feature", "properties": {}, "geometry": {"type": "LineString", "coordinates": [[11.0212788, 50.9924479], [11.0213939, 50.9924749]]}}, {"type": "Feature", "properties": {}, "geometry": {"type": "LineString", "coordinates": [[11.020147, 50.9965355], [11.0201042, 50.996619]]}}, {"type": "Feature", "properties": {}, "geometry": {"type": "LineString", "coordinates": [[11.0201184, 50.9965958], [11.0201042, 50.996619]]}}, {"type": "Feature", "properties": {}, "geometry": {"type": "LineString", "coordinates": [[11.0200893, 50.9966574], [11.0201042, 50.996619]]}}, {"type": "Feature", "properties": {}, "geometry": {"type": "LineString", "coordinates": [[11.0202618, 50.9962969], [11.0203051, 50.9962208]]}}, {"type": "Feature", "properties": {}, "geometry": {"type": "LineString", "coordinates": [[11.0208961, 50.9958935], [11.0208936, 50.9957628]]}}, {"type": "Feature", "properties": {}, "geometry": {"type": "LineString", "coordinates": [[11.0211189, 50.9959655], [11.0211671, 50.9959188]]}}, {"type": "Feature", "properties": {}, "geometry": {"type": "LineString", "coordinates": [[11.0211189, 50.9959655], [11.0211029, 50.9960306]]}}, {"type": "Feature", "properties": {}, "geometry": {"type": "LineString", "coordinates": [[11.0205476, 50.996867], [11.0208273, 50.9969318]]}}, {"type": "Feature", "properties": {}, "geometry": {"type": "LineString", "coordinates": [[11.0200853, 50.9964588], [11.0201042, 50.996619]]}}, {"type": "Feature", "properties": {}, "geometry": {"type": "LineString", "coordinates": [[11.0203659, 50.9953478], [11.020421, 50.9953257]]}}, {"type": "Feature", "properties": {}, "geometry": {"type": "LineString", "coordinates": [[11.0210781, 50.9922335], [11.0213939, 50.9924749]]}}, {"type": "Feature", "properties": {}, "geometry": {"type": "LineString", "coordinates": [[11.0199934, 50.9976994], [11.0200656, 50.9977159]]}}, {"type": "Feature", "properties": {}, "geometry": {"type": "LineString", "coordinates": [[11.0211697, 50.9957042], [11.0211837, 50.9957082]]}}, {"type": "Feature", "properties": {}, "geometry": {"type": "LineString", "coordinates": [[11.0203352, 50.9953646], [11.020421, 50.9953257]]}}, {"type": "Feature", "properties": {}, "geometry": {"type": "LineString", "coordinates": [[11.0206128, 50.9951792], [11.0207248, 50.9951947]]}}, {"type": "Feature", "properties": {}, "geometry": {"type": "LineString", "coordinates": [[11.0210862, 50.9919917], [11.0211781, 50.9919941]]}}, {"type": "Feature", "properties": {}, "geometry": {"type": "LineString", "coordinates": [[11.0210862, 50.9919917], [11.0213939, 50.9924749]]}}, {"type": "Feature", "properties": {}, "geometry": {"type": "LineString", "coordinates": [[11.0238375, 50.9940463], [11.0247656, 50.9941455]]}}, {"type": "Feature", "properties": {}, "geometry": {"type": "LineString", "coordinates": [[11.0229855, 50.9947267], [11.0230014, 50.9947351]]}}, {"type": "Feature", "properties": {}, "geometry": {"type": "LineString", "coordinates": [[11.0251314, 50.994519], [11.0251715, 50.9945276]]}}, {"type": "Feature", "properties": {}, "geometry": {"type": "LineString", "coordinates": [[11.0246211, 50.9943968], [11.0246561, 50.9944027]]}}, {"type": "Feature", "properties": {}, "geometry": {"type": "LineString", "coordinates": [[11.0249637, 50.994241], [11.0247656, 50.9941455]]}}, {"type": "Feature", "properties": {}, "geometry": {"type": "LineString", "coordinates": [[11.0238196, 50.9939313], [11.0247656, 50.9941455]]}}, {"type": "Feature", "properties": {}, "geometry": {"type": "LineString", "coordinates": [[11.0237716, 50.9936299], [11.0247656, 50.9941455]]}}, {"type": "Feature", "properties": {}, "geometry": {"type": "LineString", "coordinates": [[11.024245, 50.9933648], [11.0243117, 50.9933807]]}}, {"type": "Feature", "properties": {}, "geometry": {"type": "LineString", "coordinates": [[11.0237866, 50.9933286], [11.0247656, 50.9941455]]}}, {"type": "Feature", "properties": {}, "geometry": {"type": "LineString", "coordinates": [[11.0250708, 50.9933156], [11.0249404, 50.9933317]]}}, {"type": "Feature", "properties": {}, "geometry": {"type": "LineString", "coordinates": [[11.0250708, 50.9933156], [11.0247656, 50.9941455]]}}, {"type": "Feature", "properties": {}, "geometry": {"type": "LineString", "coordinates": [[11.0246995, 50.9932885], [11.0247656, 50.9941455]]}}, {"type": "Feature", "properties": {}, "geometry": {"type": "LineString", "coordinates": [[11.0246995, 50.9932885], [11.0249404, 50.9933317]]}}, {"type": "Feature", "properties": {}, "geometry": {"type": "LineString", "coordinates": [[11.0250095, 50.9932258], [11.0247656, 50.9941455]]}}, {"type": "Feature", "properties": {}, "geometry": {"type": "LineString", "coordinates": [[11.0224903, 50.9949403], [11.0225135, 50.9949415]]}}, {"type": "Feature", "properties": {}, "geometry": {"type": "LineString", "coordinates": [[11.0237544, 50.9935238], [11.0247656, 50.9941455]]}}, {"type": "Feature", "properties": {}, "geometry": {"type": "LineString", "coordinates": [[11.0252395, 50.9937147], [11.0247656, 50.9941455]]}}, {"type": "Feature", "properties": {}, "geometry": {"type": "LineString", "coordinates": [[11.0239042, 50.9933793], [11.023964, 50.9933787]]}}, {"type": "Feature", "properties": {}, "geometry": {"type": "LineString", "coordinates": [[11.0239042, 50.9933793], [11.0247656, 50.9941455]]}}, {"type": "Feature", "properties": {}, "geometry": {"type": "LineString", "coordinates": [[11.0234032, 50.9926725], [11.0233694, 50.9920256]]}}, {"type": "Feature", "properties": {}, "geometry": {"type": "LineString", "coordinates": [[11.0248974, 50.992747], [11.0247165, 50.992875]]}}, {"type": "Feature", "properties": {}, "geometry": {"type": "LineString", "coordinates": [[11.0248974, 50.992747], [11.0247199, 50.9926429]]}}, {"type": "Feature", "properties": {}, "geometry": {"type": "LineString", "coordinates": [[11.0248816, 50.9927025], [11.0247165, 50.992875]]}}, {"type": "Feature", "properties": {}, "geometry": {"type": "LineString", "coordinates": [[11.0248816, 50.9927025], [11.0247199, 50.9926429]]}}, {"type": "Feature", "properties": {}, "geometry": {"type": "LineString", "coordinates": [[11.0248816, 50.9927025], [11.0247164, 50.9926184]]}}, {"type": "Feature", "properties": {}, "geometry": {"type": "LineString", "coordinates": [[11.0217695, 50.9926816], [11.0219216, 50.9927726]]}}, {"type": "Feature", "properties": {}, "geometry": {"type": "LineString", "coordinates": [[11.0244998, 50.9949812], [11.0247656, 50.9941455]]}}, {"type": "Feature", "properties": {}, "geometry": {"type": "LineString", "coordinates": [[11.0229037, 50.9940074], [11.0223731, 50.9938631]]}}, {"type": "Feature", "properties": {}, "geometry": {"type": "LineString", "coordinates": [[11.0229037, 50.9940074], [11.0230903, 50.9940572]]}}, {"type": "Feature", "properties": {}, "geometry": {"type": "LineString", "coordinates": [[11.0232539, 50.994831], [11.0232721, 50.9948052]]}}, {"type": "Feature", "properties": {}, "geometry": {"type": "LineString", "coordinates": [[11.0232217, 50.9918019], [11.0231222, 50.9917597]]}}, {"type": "Feature", "properties": {}, "geometry": {"type": "LineString", "coordinates": [[11.0232217, 50.9918019], [11.0230415, 50.9918014]]}}, {"type": "Feature", "properties": {}, "geometry": {"type": "LineString", "coordinates": [[11.0234109, 50.9921987], [11.0233694, 50.9920256]]}}, {"type": "Feature", "properties": {}, "geometry": {"type": "LineString", "coordinates": [[11.0247686, 50.9930497], [11.0247165, 50.992875]]}}, {"type": "Feature", "properties": {}, "geometry": {"type": "LineString", "coordinates": [[11.0234107, 50.9921066], [11.0233694, 50.9920256]]}}, {"type": "Feature", "properties": {}, "geometry": {"type": "LineString", "coordinates": [[11.0250853, 50.9926717], [11.0247165, 50.992875]]}}, {"type": "Feature", "properties": {}, "geometry": {"type": "LineString", "coordinates": [[11.0227228, 50.9930493], [11.0227539, 50.9929478]]}}, {"type": "Feature", "properties": {}, "geometry": {"type": "LineString", "coordinates": [[11.024947, 50.9930393], [11.0247165, 50.992875]]}}, {"type": "Feature", "properties": {}, "geometry": {"type": "LineString", "coordinates": [[11.0239306, 50.9930663], [11.0247165, 50.992875]]}}, {"type": "Feature", "properties": {}, "geometry": {"type": "LineString", "coordinates": [[11.0239306, 50.9930663], [11.0239862, 50.9930016]]}}, {"type": "Feature", "properties": {}, "geometry": {"type": "LineString", "coordinates": [[11.0242681, 50.992951], [11.0247165, 50.992875]]}}, {"type": "Feature", "properties": {}, "geometry": {"type": "LineString", "coordinates": [[11.0242681, 50.992951], [11.024114, 50.992958]]}}, {"type": "Feature", "properties": {}, "geometry": {"type": "LineString", "coordinates": [[11.0234002, 50.9925202], [11.0233694, 50.9920256]]}}, {"type": "Feature", "properties": {}, "geometry": {"type": "LineString", "coordinates": [[11.0234015, 50.9924424], [11.0233694, 50.9920256]]}}, {"type": "Feature", "properties": {}, "geometry": {"type": "LineString", "coordinates": [[11.0232484, 50.9912399], [11.0233694, 50.9920256]]}}, {"type": "Feature", "properties": {}, "geometry": {"type": "LineString", "coordinates": [[11.0232238, 50.9924375], [11.0232467, 50.9924433]]}}, {"type": "Feature", "properties": {}, "geometry": {"type": "LineString", "coordinates": [[11.0241381, 50.9925486], [11.0241687, 50.9925536]]}}, {"type": "Feature", "properties": {}, "geometry": {"type": "LineString", "coordinates": [[11.0225705, 50.9915095], [11.0226051, 50.991565]]}}, {"type": "Feature", "properties": {}, "geometry": {"type": "LineString", "coordinates": [[11.023768, 50.9916691], [11.0238078, 50.9920313]]}}, {"type": "Feature", "properties": {}, "geometry": {"type": "LineString", "coordinates": [[11.0234105, 50.9915307], [11.0233694, 50.9920256]]}}, {"type": "Feature", "properties": {}, "geometry": {"type": "LineString", "coordinates": [[11.0227547, 50.9912184], [11.0233694, 50.9920256]]}}, {"type": "Feature", "properties": {}, "geometry": {"type": "LineString", "coordinates": [[11.0225493, 50.993022], [11.0227539, 50.9929478]]}}, {"type": "Feature", "properties": {}, "geometry": {"type": "LineString", "coordinates": [[11.0250717, 50.9927416], [11.0247165, 50.992875]]}}, {"type": "Feature", "properties": {}, "geometry": {"type": "LineString", "coordinates": [[11.038088, 51.0028951], [11.0382261, 51.0029723]]}}, {"type": "Feature", "properties": {}, "geometry": {"type": "LineString", "coordinates": [[11.0381963, 51.0028238], [11.0382261, 51.0029723]]}}, {"type": "Feature", "properties": {}, "geometry": {"type": "LineString", "coordinates": [[11.0398032, 51.0023445], [11.0396148, 51.0024607]]}}, {"type": "Feature", "properties": {}, "geometry": {"type": "LineString", "coordinates": [[11.0391995, 51.0002909], [11.0390836, 51.0007506]]}}, {"type": "Feature", "properties": {}, "geometry": {"type": "LineString", "coordinates": [[11.0293428, 51.0012107], [11.0292824, 51.0012209]]}}, {"type": "Feature", "properties": {}, "geometry": {"type": "LineString", "coordinates": [[11.0208093, 50.9994934], [11.0209816, 50.9990974]]}}, {"type": "Feature", "properties": {}, "geometry": {"type": "LineString", "coordinates": [[11.0234036, 51.0012688], [11.0234275, 51.0012834]]}}, {"type": "Feature", "properties": {}, "geometry": {"type": "LineString", "coordinates": [[11.0230625, 50.9917558], [11.0231222, 50.9917597]]}}, {"type": "Feature", "properties": {}, "geometry": {"type": "LineString", "coordinates": [[11.0230625, 50.9917558], [11.0230415, 50.9918014]]}}, {"type": "Feature", "properties": {}, "geometry": {"type": "LineString", "coordinates": [[11.0465067, 50.9931563], [11.0462874, 50.9929149]]}}, {"type": "Feature", "properties": {}, "geometry": {"type": "LineString", "coordinates": [[11.0412064, 50.9933675], [11.0410092, 50.9931075]]}}, {"type": "Feature", "properties": {}, "geometry": {"type": "LineString", "coordinates": [[11.0461565, 50.9944419], [11.0461354, 50.9944794]]}}, {"type": "Feature", "properties": {}, "geometry": {"type": "LineString", "coordinates": [[11.0445641, 50.9900762], [11.0447747, 50.9902677]]}}, {"type": "Feature", "properties": {}, "geometry": {"type": "LineString", "coordinates": [[11.0314588, 50.991003], [11.031483, 50.9909965]]}}, {"type": "Feature", "properties": {}, "geometry": {"type": "LineString", "coordinates": [[11.0314588, 50.991003], [11.0317274, 50.9910903]]}}, {"type": "Feature", "properties": {}, "geometry": {"type": "LineString", "coordinates": [[11.0327397, 50.991182], [11.0324045, 50.9911413]]}}, {"type": "Feature", "properties": {}, "geometry": {"type": "LineString", "coordinates": [[11.0312255, 50.9916232], [11.0312711, 50.9916266]]}}, {"type": "Feature", "properties": {}, "geometry": {"type": "LineString", "coordinates": [[11.0322708, 50.9917903], [11.0323093, 50.991797]]}}, {"type": "Feature", "properties": {}, "geometry": {"type": "LineString", "coordinates": [[11.0446293, 51.0009847], [11.0446377, 51.0009909]]}}, {"type": "Feature", "properties": {}, "geometry": {"type": "LineString", "coordinates": [[11.0490354, 51.001895], [11.0489417, 51.0018841]]}}, {"type": "Feature", "properties": {}, "geometry": {"type": "LineString", "coordinates": [[11.0426804, 51.0019599], [11.0426949, 51.0019633]]}}, {"type": "Feature", "properties": {}, "geometry": {"type": "LineString", "coordinates": [[11.0477958, 51.0002738], [11.0479592, 51.0003007]]}}, {"type": "Feature", "properties": {}, "geometry": {"type": "LineString", "coordinates": [[11.0418907, 50.9964719], [11.0420022, 50.9964571]]}}, {"type": "Feature", "properties": {}, "geometry": {"type": "LineString", "coordinates": [[11.0421609, 50.9978285], [11.0421407, 50.9978619]]}}, {"type": "Feature", "properties": {}, "geometry": {"type": "LineString", "coordinates": [[11.0446933, 51.0009283], [11.0446934, 51.0009372]]}}, {"type": "Feature", "properties": {}, "geometry": {"type": "LineString", "coordinates": [[11.0488852, 51.0021045], [11.0488853, 51.0021106]]}}, {"type": "Feature", "properties": {}, "geometry": {"type": "LineString", "coordinates": [[11.0383178, 51.0003609], [11.0390836, 51.0007506]]}}, {"type": "Feature", "properties": {}, "geometry": {"type": "LineString", "coordinates": [[11.0235504, 50.9992544], [11.0235902, 50.9992593]]}}, {"type": "Feature", "properties": {}, "geometry": {"type": "LineString", "coordinates": [[11.025299, 50.9959447], [11.0244244, 50.9957702]]}}, {"type": "Feature", "properties": {}, "geometry": {"type": "LineString", "coordinates": [[11.0248024, 50.9923815], [11.0248674, 50.992303]]}}, {"type": "Feature", "properties": {}, "geometry": {"type": "LineString", "coordinates": [[11.0301902, 50.9881304], [11.030541, 50.9880608]]}}, {"type": "Feature", "properties": {}, "geometry": {"type": "LineString", "coordinates": [[11.0307387, 50.9887887], [11.0306749, 50.9889826]]}}, {"type": "Feature", "properties": {}, "geometry": {"type": "LineString", "coordinates": [[11.0349536, 50.9974912], [11.0349827, 50.9975007]]}}, {"type": "Feature", "properties": {}, "geometry": {"type": "LineString", "coordinates": [[11.0282518, 51.0014205], [11.0283505, 51.0014793]]}}, {"type": "Feature", "properties": {}, "geometry": {"type": "LineString", "coordinates": [[11.0294873, 50.9870124], [11.0296505, 50.9871065]]}}, {"type": "Feature", "properties": {}, "geometry": {"type": "LineString", "coordinates": [[11.0279089, 50.9884427], [11.0278957, 50.9885094]]}}, {"type": "Feature", "properties": {}, "geometry": {"type": "LineString", "coordinates": [[11.0279089, 50.9884427], [11.0281093, 50.9883983]]}}, {"type": "Feature", "properties": {}, "geometry": {"type": "LineString", "coordinates": [[11.0339615, 50.9893204], [11.0338298, 50.9894712]]}}, {"type": "Feature", "properties": {}, "geometry": {"type": "LineString", "coordinates": [[11.0310177, 50.9909009], [11.0308007, 50.9909035]]}}, {"type": "Feature", "properties": {}, "geometry": {"type": "LineString", "coordinates": [[11.041959, 50.9930256], [11.0419187, 50.9922664]]}}, {"type": "Feature", "properties": {}, "geometry": {"type": "LineString", "coordinates": [[11.0352964, 50.9870961], [11.0355034, 50.9868477]]}}, {"type": "Feature", "properties": {}, "geometry": {"type": "LineString", "coordinates": [[11.0292774, 50.9856832], [11.0293229, 50.9857511]]}}, {"type": "Feature", "properties": {}, "geometry": {"type": "LineString", "coordinates": [[11.0401518, 51.002647], [11.0396148, 51.0024607]]}}, {"type": "Feature", "properties": {}, "geometry": {"type": "LineString", "coordinates": [[11.0394189, 51.0027032], [11.0396148, 51.0024607]]}}, {"type": "Feature", "properties": {}, "geometry": {"type": "LineString", "coordinates": [[11.0251594, 50.988115], [11.0252615, 50.9880134]]}}, {"type": "Feature", "properties": {}, "geometry": {"type": "LineString", "coordinates": [[11.0259235, 50.9884138], [11.0264949, 50.9879048]]}}, {"type": "Feature", "properties": {}, "geometry": {"type": "LineString", "coordinates": [[11.0246298, 50.9891026], [11.0246571, 50.9891165]]}}, {"type": "Feature", "properties": {}, "geometry": {"type": "LineString", "coordinates": [[11.0278535, 50.998474], [11.0286223, 50.9988202]]}}, {"type": "Feature", "properties": {}, "geometry": {"type": "LineString", "coordinates": [[11.0274527, 50.9986528], [11.0286223, 50.9988202]]}}, {"type": "Feature", "properties": {}, "geometry": {"type": "LineString", "coordinates": [[11.0246611, 50.9911671], [11.025252, 50.9907003]]}}, {"type": "Feature", "properties": {}, "geometry": {"type": "LineString", "coordinates": [[11.0324708, 50.9916518], [11.0324995, 50.9916582]]}}, {"type": "Feature", "properties": {}, "geometry": {"type": "LineString", "coordinates": [[11.0415495, 51.0009074], [11.0416071, 51.0008958]]}}, {"type": "Feature", "properties": {}, "geometry": {"type": "LineString", "coordinates": [[11.0315215, 50.9933142], [11.0315994, 50.9933051]]}}, {"type": "Feature", "properties": {}, "geometry": {"type": "LineString", "coordinates": [[11.0326822, 50.9933554], [11.0327507, 50.9933456]]}}, {"type": "Feature", "properties": {}, "geometry": {"type": "LineString", "coordinates": [[11.0424581, 50.990384], [11.0427545, 50.9902792]]}}, {"type": "Feature", "properties": {}, "geometry": {"type": "LineString", "coordinates": [[11.0489983, 50.9999318], [11.0489777, 50.9999791]]}}, {"type": "Feature", "properties": {}, "geometry": {"type": "LineString", "coordinates": [[11.0331538, 50.9937977], [11.0331726, 50.9937966]]}}, {"type": "Feature", "properties": {}, "geometry": {"type": "LineString", "coordinates": [[11.0396761, 50.9957251], [11.0397418, 50.9957775]]}}, {"type": "Feature", "properties": {}, "geometry": {"type": "LineString", "coordinates": [[11.0414948, 50.9919105], [11.0419187, 50.9922664]]}}, {"type": "Feature", "properties": {}, "geometry": {"type": "LineString", "coordinates": [[11.0410458, 50.991944], [11.0419187, 50.9922664]]}}, {"type": "Feature", "properties": {}, "geometry": {"type": "LineString", "coordinates": [[11.0412772, 50.9919452], [11.0419187, 50.9922664]]}}, {"type": "Feature", "properties": {}, "geometry": {"type": "LineString", "coordinates": [[11.0265222, 50.990865], [11.0269014, 50.9908566]]}}, {"type": "Feature", "properties": {}, "geometry": {"type": "LineString", "coordinates": [[11.0253075, 50.9957037], [11.0253721, 50.995725]]}}, {"type": "Feature", "properties": {}, "geometry": {"type": "LineString", "coordinates": [[11.0253075, 50.9957037], [11.0256579, 50.9956077]]}}, {"type": "Feature", "properties": {}, "geometry": {"type": "LineString", "coordinates": [[11.0250256, 50.9964692], [11.0250304, 50.9964516]]}}, {"type": "Feature", "properties": {}, "geometry": {"type": "LineString", "coordinates": [[11.025317, 50.9962663], [11.0253854, 50.9962908]]}}, {"type": "Feature", "properties": {}, "geometry": {"type": "LineString", "coordinates": [[11.0253853, 50.9962931], [11.0253854, 50.9962908]]}}, {"type": "Feature", "properties": {}, "geometry": {"type": "LineString", "coordinates": [[11.0249262, 50.9966661], [11.0252898, 50.9967007]]}}, {"type": "Feature", "properties": {}, "geometry": {"type": "LineString", "coordinates": [[11.0249262, 50.9966661], [11.0249922, 50.9966281]]}}, {"type": "Feature", "properties": {}, "geometry": {"type": "LineString", "coordinates": [[11.0247945, 50.9966128], [11.0248119, 50.9966169]]}}, {"type": "Feature", "properties": {}, "geometry": {"type": "LineString", "coordinates": [[11.025086, 50.9965778], [11.0251138, 50.9965831]]}}, {"type": "Feature", "properties": {}, "geometry": {"type": "LineString", "coordinates": [[11.0246143, 50.9963831], [11.0246293, 50.9963864]]}}, {"type": "Feature", "properties": {}, "geometry": {"type": "LineString", "coordinates": [[11.026613, 51.0015708], [11.0266508, 51.0015762]]}}, {"type": "Feature", "properties": {}, "geometry": {"type": "LineString", "coordinates": [[11.0261265, 50.9922208], [11.0262432, 50.9923981]]}}, {"type": "Feature", "properties": {}, "geometry": {"type": "LineString", "coordinates": [[11.0260404, 50.9896965], [11.0258957, 50.9894098]]}}, {"type": "Feature", "properties": {}, "geometry": {"type": "LineString", "coordinates": [[11.0250278, 50.9935386], [11.0250472, 50.9935479]]}}, {"type": "Feature", "properties": {}, "geometry": {"type": "LineString", "coordinates": [[11.0248942, 50.9934095], [11.0247656, 50.9941455]]}}, {"type": "Feature", "properties": {}, "geometry": {"type": "LineString", "coordinates": [[11.0248993, 50.9939356], [11.0249671, 50.9939514]]}}, {"type": "Feature", "properties": {}, "geometry": {"type": "LineString", "coordinates": [[11.0250589, 50.9939499], [11.0249671, 50.9939514]]}}, {"type": "Feature", "properties": {}, "geometry": {"type": "LineString", "coordinates": [[11.0385914, 50.9870792], [11.038648, 50.987096]]}}, {"type": "Feature", "properties": {}, "geometry": {"type": "LineString", "coordinates": [[11.0381819, 50.9872064], [11.0382638, 50.9872198]]}}, {"type": "Feature", "properties": {}, "geometry": {"type": "LineString", "coordinates": [[11.0381819, 50.9872064], [11.0382452, 50.9873397]]}}, {"type": "Feature", "properties": {}, "geometry": {"type": "LineString", "coordinates": [[11.028413, 51.0003666], [11.0284344, 51.000378]]}}, {"type": "Feature", "properties": {}, "geometry": {"type": "LineString", "coordinates": [[11.0308502, 51.0002227], [11.0307951, 51.0001737]]}}, {"type": "Feature", "properties": {}, "geometry": {"type": "LineString", "coordinates": [[11.0303539, 51.0005562], [11.0307037, 51.0005155]]}}, {"type": "Feature", "properties": {}, "geometry": {"type": "LineString", "coordinates": [[11.030676, 51.0005712], [11.0307037, 51.0005155]]}}, {"type": "Feature", "properties": {}, "geometry": {"type": "LineString", "coordinates": [[11.0298741, 51.000505], [11.0300281, 51.0005087]]}}, {"type": "Feature", "properties": {}, "geometry": {"type": "LineString", "coordinates": [[11.0298741, 51.000505], [11.0298764, 51.0005107]]}}, {"type": "Feature", "properties": {}, "geometry": {"type": "LineString", "coordinates": [[11.0298572, 51.000361], [11.0298943, 51.0003632]]}}, {"type": "Feature", "properties": {}, "geometry": {"type": "LineString", "coordinates": [[11.0308555, 51.0001095], [11.0307951, 51.0001737]]}}, {"type": "Feature", "properties": {}, "geometry": {"type": "LineString", "coordinates": [[11.0305228, 51.0005617], [11.0307037, 51.0005155]]}}, {"type": "Feature", "properties": {}, "geometry": {"type": "LineString", "coordinates": [[11.0308403, 51.0003983], [11.0307037, 51.0005155]]}}, {"type": "Feature", "properties": {}, "geometry": {"type": "LineString", "coordinates": [[11.0308315, 51.0005462], [11.0307037, 51.0005155]]}}, {"type": "Feature", "properties": {}, "geometry": {"type": "LineString", "coordinates": [[11.0332655, 51.0018763], [11.0334022, 51.0019123]]}}, {"type": "Feature", "properties": {}, "geometry": {"type": "LineString", "coordinates": [[11.0334176, 51.001943], [11.0334022, 51.0019123]]}}, {"type": "Feature", "properties": {}, "geometry": {"type": "LineString", "coordinates": [[11.0263112, 50.9999536], [11.0263801, 50.9999162]]}}, {"type": "Feature", "properties": {}, "geometry": {"type": "LineString", "coordinates": [[11.0273532, 50.9993749], [11.0273983, 50.9993811]]}}, {"type": "Feature", "properties": {}, "geometry": {"type": "LineString", "coordinates": [[11.0285709, 50.9971162], [11.0285713, 50.9971663]]}}, {"type": "Feature", "properties": {}, "geometry": {"type": "LineString", "coordinates": [[11.0278327, 50.9976022], [11.02795, 50.997561]]}}, {"type": "Feature", "properties": {}, "geometry": {"type": "LineString", "coordinates": [[11.0279627, 50.9975211], [11.02795, 50.997561]]}}, {"type": "Feature", "properties": {}, "geometry": {"type": "LineString", "coordinates": [[11.0284664, 50.9971979], [11.0285713, 50.9971663]]}}, {"type": "Feature", "properties": {}, "geometry": {"type": "LineString", "coordinates": [[11.0250532, 50.9967198], [11.0252898, 50.9967007]]}}, {"type": "Feature", "properties": {}, "geometry": {"type": "LineString", "coordinates": [[11.0252146, 50.9967048], [11.0252898, 50.9967007]]}}, {"type": "Feature", "properties": {}, "geometry": {"type": "LineString", "coordinates": [[11.0247288, 50.9967499], [11.0252898, 50.9967007]]}}, {"type": "Feature", "properties": {}, "geometry": {"type": "LineString", "coordinates": [[11.0248947, 50.9967345], [11.0252898, 50.9967007]]}}, {"type": "Feature", "properties": {}, "geometry": {"type": "LineString", "coordinates": [[11.0253827, 50.9966891], [11.0252898, 50.9967007]]}}, {"type": "Feature", "properties": {}, "geometry": {"type": "LineString", "coordinates": [[11.0254942, 50.9959462], [11.0256579, 50.9956077]]}}, {"type": "Feature", "properties": {}, "geometry": {"type": "LineString", "coordinates": [[11.0287474, 50.9972784], [11.0288942, 50.9973204]]}}, {"type": "Feature", "properties": {}, "geometry": {"type": "LineString", "coordinates": [[11.0288803, 50.9971643], [11.0289251, 50.9971797]]}}, {"type": "Feature", "properties": {}, "geometry": {"type": "LineString", "coordinates": [[11.0403875, 50.9885187], [11.040327, 50.9885301]]}}, {"type": "Feature", "properties": {}, "geometry": {"type": "LineString", "coordinates": [[11.0404182, 50.9885813], [11.040327, 50.9885301]]}}, {"type": "Feature", "properties": {}, "geometry": {"type": "LineString", "coordinates": [[11.0404428, 50.988624], [11.040327, 50.9885301]]}}, {"type": "Feature", "properties": {}, "geometry": {"type": "LineString", "coordinates": [[11.0456598, 50.9896047], [11.0456509, 50.9896171]]}}, {"type": "Feature", "properties": {}, "geometry": {"type": "LineString", "coordinates": [[11.0363148, 51.0002506], [11.0363603, 51.0002642]]}}, {"type": "Feature", "properties": {}, "geometry": {"type": "LineString", "coordinates": [[11.0281901, 50.9988652], [11.0282057, 50.9988723]]}}, {"type": "Feature", "properties": {}, "geometry": {"type": "LineString", "coordinates": [[11.0304898, 50.9999653], [11.0305176, 50.9999858]]}}, {"type": "Feature", "properties": {}, "geometry": {"type": "LineString", "coordinates": [[11.0301616, 51.0000261], [11.0301391, 50.9999821]]}}, {"type": "Feature", "properties": {}, "geometry": {"type": "LineString", "coordinates": [[11.0301616, 51.0000261], [11.0301832, 51.000034]]}}, {"type": "Feature", "properties": {}, "geometry": {"type": "LineString", "coordinates": [[11.0352852, 50.9889465], [11.0351908, 50.9889549]]}}, {"type": "Feature", "properties": {}, "geometry": {"type": "LineString", "coordinates": [[11.0354701, 50.9890493], [11.0355283, 50.98901]]}}, {"type": "Feature", "properties": {}, "geometry": {"type": "LineString", "coordinates": [[11.0408178, 51.0027869], [11.040842, 51.002792]]}}, {"type": "Feature", "properties": {}, "geometry": {"type": "LineString", "coordinates": [[11.0240557, 50.9938302], [11.0240727, 50.993833]]}}, {"type": "Feature", "properties": {}, "geometry": {"type": "LineString", "coordinates": [[11.0240035, 50.9940812], [11.0247656, 50.9941455]]}}, {"type": "Feature", "properties": {}, "geometry": {"type": "LineString", "coordinates": [[11.024193, 50.9940618], [11.0247656, 50.9941455]]}}, {"type": "Feature", "properties": {}, "geometry": {"type": "LineString", "coordinates": [[11.0239301, 50.9935439], [11.0247656, 50.9941455]]}}, {"type": "Feature", "properties": {}, "geometry": {"type": "LineString", "coordinates": [[11.0474128, 50.9959588], [11.0471949, 50.9959302]]}}, {"type": "Feature", "properties": {}, "geometry": {"type": "LineString", "coordinates": [[11.0242308, 50.9919188], [11.0242253, 50.9919057]]}}, {"type": "Feature", "properties": {}, "geometry": {"type": "LineString", "coordinates": [[11.0240216, 50.9918466], [11.0242253, 50.9919057]]}}, {"type": "Feature", "properties": {}, "geometry": {"type": "LineString", "coordinates": [[11.030963, 51.0017276], [11.0310284, 51.0014972]]}}, {"type": "Feature", "properties": {}, "geometry": {"type": "LineString", "coordinates": [[11.030963, 51.0017276], [11.0310754, 51.0016329]]}}, {"type": "Feature", "properties": {}, "geometry": {"type": "LineString", "coordinates": [[11.0309802, 51.0016453], [11.0310284, 51.0014972]]}}, {"type": "Feature", "properties": {}, "geometry": {"type": "LineString", "coordinates": [[11.0309802, 51.0016453], [11.0310754, 51.0016329]]}}, {"type": "Feature", "properties": {}, "geometry": {"type": "LineString", "coordinates": [[11.0462983, 50.9881946], [11.046292, 50.988205]]}}, {"type": "Feature", "properties": {}, "geometry": {"type": "LineString", "coordinates": [[11.0283284, 50.9916635], [11.0283683, 50.9916685]]}}, {"type": "Feature", "properties": {}, "geometry": {"type": "LineString", "coordinates": [[11.0457773, 50.9872325], [11.0457499, 50.987231]]}}, {"type": "Feature", "properties": {}, "geometry": {"type": "LineString", "coordinates": [[11.0402529, 50.995401], [11.0403073, 50.9954107]]}}, {"type": "Feature", "properties": {}, "geometry": {"type": "LineString", "coordinates": [[11.0414002, 50.9959568], [11.0413844, 50.9959306]]}}, {"type": "Feature", "properties": {}, "geometry": {"type": "LineString", "coordinates": [[11.0410417, 50.9963769], [11.0410838, 50.9963829]]}}, {"type": "Feature", "properties": {}, "geometry": {"type": "LineString", "coordinates": [[11.0400055, 50.9969652], [11.0400502, 50.9969717]]}}, {"type": "Feature", "properties": {}, "geometry": {"type": "LineString", "coordinates": [[11.0408734, 50.9966641], [11.0410021, 50.9969245]]}}, {"type": "Feature", "properties": {}, "geometry": {"type": "LineString", "coordinates": [[11.0403227, 50.996644], [11.0403528, 50.99665]]}}, {"type": "Feature", "properties": {}, "geometry": {"type": "LineString", "coordinates": [[11.0239349, 50.9927655], [11.0239216, 50.9928132]]}}, {"type": "Feature", "properties": {}, "geometry": {"type": "LineString", "coordinates": [[11.0238697, 50.9929724], [11.0238926, 50.9929798]]}}, {"type": "Feature", "properties": {}, "geometry": {"type": "LineString", "coordinates": [[11.0239376, 50.9928043], [11.0239216, 50.9928132]]}}, {"type": "Feature", "properties": {}, "geometry": {"type": "LineString", "coordinates": [[11.0239668, 50.9919896], [11.0240262, 50.9920085]]}}, {"type": "Feature", "properties": {}, "geometry": {"type": "LineString", "coordinates": [[11.0246545, 50.9917551], [11.024794, 50.9917767]]}}, {"type": "Feature", "properties": {}, "geometry": {"type": "LineString", "coordinates": [[11.0249842, 50.9917943], [11.024794, 50.9917767]]}}, {"type": "Feature", "properties": {}, "geometry": {"type": "LineString", "coordinates": [[11.0240744, 50.9922025], [11.0240876, 50.9922296]]}}, {"type": "Feature", "properties": {}, "geometry": {"type": "LineString", "coordinates": [[11.0240744, 50.9922025], [11.0238675, 50.9922617]]}}, {"type": "Feature", "properties": {}, "geometry": {"type": "LineString", "coordinates": [[11.024066, 50.9922519], [11.0240876, 50.9922296]]}}, {"type": "Feature", "properties": {}, "geometry": {"type": "LineString", "coordinates": [[11.024066, 50.9922519], [11.0238675, 50.9922617]]}}, {"type": "Feature", "properties": {}, "geometry": {"type": "LineString", "coordinates": [[11.0232115, 50.9992553], [11.0232546, 50.9991924]]}}, {"type": "Feature", "properties": {}, "geometry": {"type": "LineString", "coordinates": [[11.0233091, 50.9992653], [11.0232546, 50.9991924]]}}, {"type": "Feature", "properties": {}, "geometry": {"type": "LineString", "coordinates": [[11.0228718, 51.0001545], [11.022884, 51.0001622]]}}, {"type": "Feature", "properties": {}, "geometry": {"type": "LineString", "coordinates": [[11.0229661, 51.0000759], [11.0229729, 51.0000859]]}}, {"type": "Feature", "properties": {}, "geometry": {"type": "LineString", "coordinates": [[11.0241305, 50.9971479], [11.0241642, 50.9970983]]}}, {"type": "Feature", "properties": {}, "geometry": {"type": "LineString", "coordinates": [[11.0237946, 50.9971043], [11.0238652, 50.9970983]]}}, {"type": "Feature", "properties": {}, "geometry": {"type": "LineString", "coordinates": [[11.0238618, 50.9971372], [11.0238652, 50.9970983]]}}, {"type": "Feature", "properties": {}, "geometry": {"type": "LineString", "coordinates": [[11.0238697, 50.9970661], [11.0238652, 50.9970983]]}}, {"type": "Feature", "properties": {}, "geometry": {"type": "LineString", "coordinates": [[11.0230052, 50.9929379], [11.0230441, 50.9928776]]}}, {"type": "Feature", "properties": {}, "geometry": {"type": "LineString", "coordinates": [[11.0232125, 50.9919799], [11.0232201, 50.9919678]]}}, {"type": "Feature", "properties": {}, "geometry": {"type": "LineString", "coordinates": [[11.0240441, 50.9920115], [11.0240262, 50.9920085]]}}, {"type": "Feature", "properties": {}, "geometry": {"type": "LineString", "coordinates": [[11.0232401, 50.9916083], [11.0231866, 50.9916727]]}}, {"type": "Feature", "properties": {}, "geometry": {"type": "LineString", "coordinates": [[11.0231948, 50.9916467], [11.0231866, 50.9916727]]}}, {"type": "Feature", "properties": {}, "geometry": {"type": "LineString", "coordinates": [[11.0231706, 50.9916757], [11.0231866, 50.9916727]]}}, {"type": "Feature", "properties": {}, "geometry": {"type": "LineString", "coordinates": [[11.0227528, 50.992922], [11.0227731, 50.9929315]]}}, {"type": "Feature", "properties": {}, "geometry": {"type": "LineString", "coordinates": [[11.0220539, 50.9928924], [11.0219216, 50.9927726]]}}, {"type": "Feature", "properties": {}, "geometry": {"type": "LineString", "coordinates": [[11.0222013, 50.9927112], [11.0222144, 50.9927618]]}}, {"type": "Feature", "properties": {}, "geometry": {"type": "LineString", "coordinates": [[11.0222117, 50.9927989], [11.0222144, 50.9927618]]}}, {"type": "Feature", "properties": {}, "geometry": {"type": "LineString", "coordinates": [[11.022181, 50.9927563], [11.0222144, 50.9927618]]}}, {"type": "Feature", "properties": {}, "geometry": {"type": "LineString", "coordinates": [[11.0244442, 50.9920138], [11.0242253, 50.9919057]]}}, {"type": "Feature", "properties": {}, "geometry": {"type": "LineString", "coordinates": [[11.0244095, 50.9919991], [11.0242253, 50.9919057]]}}, {"type": "Feature", "properties": {}, "geometry": {"type": "LineString", "coordinates": [[11.0243543, 50.9919191], [11.0242253, 50.9919057]]}}, {"type": "Feature", "properties": {}, "geometry": {"type": "LineString", "coordinates": [[11.0242709, 50.9920542], [11.0242253, 50.9919057]]}}, {"type": "Feature", "properties": {}, "geometry": {"type": "LineString", "coordinates": [[11.0225053, 50.9924802], [11.0223088, 50.9924148]]}}, {"type": "Feature", "properties": {}, "geometry": {"type": "LineString", "coordinates": [[11.0220768, 50.9924651], [11.0223088, 50.9924148]]}}, {"type": "Feature", "properties": {}, "geometry": {"type": "LineString", "coordinates": [[11.0489286, 50.9856487], [11.0489994, 50.9855776]]}}, {"type": "Feature", "properties": {}, "geometry": {"type": "LineString", "coordinates": [[11.0400117, 51.0019513], [11.0399753, 51.0019375]]}}, {"type": "Feature", "properties": {}, "geometry": {"type": "LineString", "coordinates": [[11.0398185, 51.0020221], [11.0399753, 51.0019375]]}}, {"type": "Feature", "properties": {}, "geometry": {"type": "LineString", "coordinates": [[11.0398185, 51.0020221], [11.0399499, 51.0020436]]}}, {"type": "Feature", "properties": {}, "geometry": {"type": "LineString", "coordinates": [[11.0414733, 51.0021464], [11.041559, 51.0021444]]}}, {"type": "Feature", "properties": {}, "geometry": {"type": "LineString", "coordinates": [[11.0408926, 51.0023728], [11.0409089, 51.0023754]]}}, {"type": "Feature", "properties": {}, "geometry": {"type": "LineString", "coordinates": [[11.0288168, 51.0021486], [11.0288368, 51.002156]]}}, {"type": "Feature", "properties": {}, "geometry": {"type": "LineString", "coordinates": [[11.0288168, 51.0021486], [11.0287298, 51.0022007]]}}, {"type": "Feature", "properties": {}, "geometry": {"type": "LineString", "coordinates": [[11.0275554, 51.0021521], [11.0275787, 51.0020601]]}}, {"type": "Feature", "properties": {}, "geometry": {"type": "LineString", "coordinates": [[11.0275554, 51.0021521], [11.0277816, 51.0022505]]}}, {"type": "Feature", "properties": {}, "geometry": {"type": "LineString", "coordinates": [[11.0274078, 51.0019649], [11.0275787, 51.0020601]]}}, {"type": "Feature", "properties": {}, "geometry": {"type": "LineString", "coordinates": [[11.0300496, 51.0015949], [11.0300869, 51.0016051]]}}, {"type": "Feature", "properties": {}, "geometry": {"type": "LineString", "coordinates": [[11.0300496, 51.0015949], [11.0300378, 51.0016567]]}}, {"type": "Feature", "properties": {}, "geometry": {"type": "LineString", "coordinates": [[11.0284815, 51.0016591], [11.0283505, 51.0014793]]}}, {"type": "Feature", "properties": {}, "geometry": {"type": "LineString", "coordinates": [[11.0284815, 51.0016591], [11.0283927, 51.0017039]]}}, {"type": "Feature", "properties": {}, "geometry": {"type": "LineString", "coordinates": [[11.0275298, 51.0020435], [11.0275787, 51.0020601]]}}, {"type": "Feature", "properties": {}, "geometry": {"type": "LineString", "coordinates": [[11.0268964, 51.0025681], [11.0269106, 51.0025788]]}}, {"type": "Feature", "properties": {}, "geometry": {"type": "LineString", "coordinates": [[11.032356, 51.0000789], [11.0323761, 51.0001119]]}}, {"type": "Feature", "properties": {}, "geometry": {"type": "LineString", "coordinates": [[11.0321335, 51.0003068], [11.032155, 51.0002809]]}}, {"type": "Feature", "properties": {}, "geometry": {"type": "LineString", "coordinates": [[11.0323794, 51.0004858], [11.0323905, 51.0004665]]}}, {"type": "Feature", "properties": {}, "geometry": {"type": "LineString", "coordinates": [[11.0321381, 51.0002484], [11.032155, 51.0002809]]}}, {"type": "Feature", "properties": {}, "geometry": {"type": "LineString", "coordinates": [[11.032382, 51.0004292], [11.0323905, 51.0004665]]}}, {"type": "Feature", "properties": {}, "geometry": {"type": "LineString", "coordinates": [[11.0323601, 51.0001344], [11.0323761, 51.0001119]]}}, {"type": "Feature", "properties": {}, "geometry": {"type": "LineString", "coordinates": [[11.0327887, 51.0002633], [11.0328041, 51.0003018]]}}, {"type": "Feature", "properties": {}, "geometry": {"type": "LineString", "coordinates": [[11.0210403, 50.9990547], [11.0209816, 50.9990974]]}}, {"type": "Feature", "properties": {}, "geometry": {"type": "LineString", "coordinates": [[11.0214382, 50.999025], [11.0209816, 50.9990974]]}}, {"type": "Feature", "properties": {}, "geometry": {"type": "LineString", "coordinates": [[11.0406119, 50.9984359], [11.0407051, 50.9985015]]}}, {"type": "Feature", "properties": {}, "geometry": {"type": "LineString", "coordinates": [[11.0409686, 50.9991111], [11.0410237, 50.9991222]]}}, {"type": "Feature", "properties": {}, "geometry": {"type": "LineString", "coordinates": [[11.0407798, 50.9985654], [11.0407051, 50.9985015]]}}, {"type": "Feature", "properties": {}, "geometry": {"type": "LineString", "coordinates": [[11.0256312, 51.0001203], [11.0257079, 51.0001443]]}}, {"type": "Feature", "properties": {}, "geometry": {"type": "LineString", "coordinates": [[11.0282261, 50.9869329], [11.0282787, 50.9869486]]}}, {"type": "Feature", "properties": {}, "geometry": {"type": "LineString", "coordinates": [[11.039923, 50.9990092], [11.0399011, 50.999157]]}}, {"type": "Feature", "properties": {}, "geometry": {"type": "LineString", "coordinates": [[11.0384713, 50.9988938], [11.0385031, 50.9993486]]}}, {"type": "Feature", "properties": {}, "geometry": {"type": "LineString", "coordinates": [[11.0395337, 50.9995382], [11.0385031, 50.9993486]]}}, {"type": "Feature", "properties": {}, "geometry": {"type": "LineString", "coordinates": [[11.039513, 50.999746], [11.0385031, 50.9993486]]}}, {"type": "Feature", "properties": {}, "geometry": {"type": "LineString", "coordinates": [[11.0386427, 50.9988391], [11.0385031, 50.9993486]]}}, {"type": "Feature", "properties": {}, "geometry": {"type": "LineString", "coordinates": [[11.0371853, 50.9989365], [11.0385031, 50.9993486]]}}, {"type": "Feature", "properties": {}, "geometry": {"type": "LineString", "coordinates": [[11.0370564, 50.9992368], [11.0385031, 50.9993486]]}}, {"type": "Feature", "properties": {}, "geometry": {"type": "LineString", "coordinates": [[11.0382263, 50.9995322], [11.0385031, 50.9993486]]}}, {"type": "Feature", "properties": {}, "geometry": {"type": "LineString", "coordinates": [[11.0381731, 50.9996543], [11.0385031, 50.9993486]]}}, {"type": "Feature", "properties": {}, "geometry": {"type": "LineString", "coordinates": [[11.0369927, 50.9994641], [11.0385031, 50.9993486]]}}, {"type": "Feature", "properties": {}, "geometry": {"type": "LineString", "coordinates": [[11.0394976, 50.9989931], [11.0385031, 50.9993486]]}}, {"type": "Feature", "properties": {}, "geometry": {"type": "LineString", "coordinates": [[11.0364247, 50.9996655], [11.0362126, 50.9995988]]}}, {"type": "Feature", "properties": {}, "geometry": {"type": "LineString", "coordinates": [[11.0364704, 50.9993656], [11.0362126, 50.9995988]]}}, {"type": "Feature", "properties": {}, "geometry": {"type": "LineString", "coordinates": [[11.0364287, 50.999474], [11.0362126, 50.9995988]]}}, {"type": "Feature", "properties": {}, "geometry": {"type": "LineString", "coordinates": [[11.0358649, 50.999766], [11.0362126, 50.9995988]]}}, {"type": "Feature", "properties": {}, "geometry": {"type": "LineString", "coordinates": [[11.0362082, 50.9998171], [11.0362126, 50.9995988]]}}, {"type": "Feature", "properties": {}, "geometry": {"type": "LineString", "coordinates": [[11.037276, 51.0006278], [11.0372989, 51.0006345]]}}, {"type": "Feature", "properties": {}, "geometry": {"type": "LineString", "coordinates": [[11.0361956, 51.000641], [11.0361217, 51.0007068]]}}, {"type": "Feature", "properties": {}, "geometry": {"type": "LineString", "coordinates": [[11.0359358, 51.0008341], [11.0361217, 51.0007068]]}}, {"type": "Feature", "properties": {}, "geometry": {"type": "LineString", "coordinates": [[11.0359815, 51.0006386], [11.0361217, 51.0007068]]}}, {"type": "Feature", "properties": {}, "geometry": {"type": "LineString", "coordinates": [[11.0364389, 51.000298], [11.0363603, 51.0002642]]}}, {"type": "Feature", "properties": {}, "geometry": {"type": "LineString", "coordinates": [[11.0361865, 51.0001478], [11.0363603, 51.0002642]]}}, {"type": "Feature", "properties": {}, "geometry": {"type": "LineString", "coordinates": [[11.0352358, 51.0002315], [11.0355915, 51.0001557]]}}, {"type": "Feature", "properties": {}, "geometry": {"type": "LineString", "coordinates": [[11.0357626, 51.0001787], [11.0355915, 51.0001557]]}}, {"type": "Feature", "properties": {}, "geometry": {"type": "LineString", "coordinates": [[11.0397685, 51.001914], [11.0399753, 51.0019375]]}}, {"type": "Feature", "properties": {}, "geometry": {"type": "LineString", "coordinates": [[11.0430143, 51.0024355], [11.0430644, 51.0024522]]}}, {"type": "Feature", "properties": {}, "geometry": {"type": "LineString", "coordinates": [[11.0423826, 51.0029834], [11.0424668, 51.0034705]]}}, {"type": "Feature", "properties": {}, "geometry": {"type": "LineString", "coordinates": [[11.0412129, 51.0020589], [11.041559, 51.0021444]]}}, {"type": "Feature", "properties": {}, "geometry": {"type": "LineString", "coordinates": [[11.0423937, 50.9864474], [11.0423974, 50.9864551]]}}, {"type": "Feature", "properties": {}, "geometry": {"type": "LineString", "coordinates": [[11.0490316, 51.0016399], [11.0490129, 51.0016423]]}}, {"type": "Feature", "properties": {}, "geometry": {"type": "LineString", "coordinates": [[11.0490316, 51.0016399], [11.0489464, 51.0016192]]}}, {"type": "Feature", "properties": {}, "geometry": {"type": "LineString", "coordinates": [[11.047224, 51.0018253], [11.0472208, 51.0018324]]}}, {"type": "Feature", "properties": {}, "geometry": {"type": "LineString", "coordinates": [[11.0455221, 51.001501], [11.0455068, 51.0015046]]}}, {"type": "Feature", "properties": {}, "geometry": {"type": "LineString", "coordinates": [[11.0444593, 51.002211], [11.0444575, 51.0022163]]}}, {"type": "Feature", "properties": {}, "geometry": {"type": "LineString", "coordinates": [[11.0454776, 51.0023849], [11.0454646, 51.0023875]]}}, {"type": "Feature", "properties": {}, "geometry": {"type": "LineString", "coordinates": [[11.026225, 50.988116], [11.0264949, 50.9879048]]}}, {"type": "Feature", "properties": {}, "geometry": {"type": "LineString", "coordinates": [[11.0263301, 50.9878481], [11.0264949, 50.9879048]]}}, {"type": "Feature", "properties": {}, "geometry": {"type": "LineString", "coordinates": [[11.0264937, 50.9883181], [11.0264949, 50.9879048]]}}, {"type": "Feature", "properties": {}, "geometry": {"type": "LineString", "coordinates": [[11.0263769, 50.9880708], [11.0264949, 50.9879048]]}}, {"type": "Feature", "properties": {}, "geometry": {"type": "LineString", "coordinates": [[11.0265797, 50.9878053], [11.0264949, 50.9879048]]}}, {"type": "Feature", "properties": {}, "geometry": {"type": "LineString", "coordinates": [[11.0263088, 50.9877125], [11.0264949, 50.9879048]]}}, {"type": "Feature", "properties": {}, "geometry": {"type": "LineString", "coordinates": [[11.0264003, 50.9876703], [11.0264949, 50.9879048]]}}, {"type": "Feature", "properties": {}, "geometry": {"type": "LineString", "coordinates": [[11.0265047, 50.9876854], [11.0264949, 50.9879048]]}}, {"type": "Feature", "properties": {}, "geometry": {"type": "LineString", "coordinates": [[11.0264364, 50.9877944], [11.0264949, 50.9879048]]}}, {"type": "Feature", "properties": {}, "geometry": {"type": "LineString", "coordinates": [[11.0265499, 50.987518], [11.0264949, 50.9879048]]}}, {"type": "Feature", "properties": {}, "geometry": {"type": "LineString", "coordinates": [[11.0264945, 50.9876176], [11.0264949, 50.9879048]]}}, {"type": "Feature", "properties": {}, "geometry": {"type": "LineString", "coordinates": [[11.0266822, 50.987648], [11.0264949, 50.9879048]]}}, {"type": "Feature", "properties": {}, "geometry": {"type": "LineString", "coordinates": [[11.0266807, 50.9877472], [11.0264949, 50.9879048]]}}, {"type": "Feature", "properties": {}, "geometry": {"type": "LineString", "coordinates": [[11.026326, 50.9875689], [11.0264949, 50.9879048]]}}, {"type": "Feature", "properties": {}, "geometry": {"type": "LineString", "coordinates": [[11.0264601, 50.9875204], [11.0264949, 50.9879048]]}}, {"type": "Feature", "properties": {}, "geometry": {"type": "LineString", "coordinates": [[11.0425118, 51.0006182], [11.0425407, 51.0005965]]}}, {"type": "Feature", "properties": {}, "geometry": {"type": "LineString", "coordinates": [[11.0425118, 51.0006182], [11.0425579, 51.0007733]]}}, {"type": "Feature", "properties": {}, "geometry": {"type": "LineString", "coordinates": [[11.0314852, 50.9993405], [11.0315421, 50.9992488]]}}, {"type": "Feature", "properties": {}, "geometry": {"type": "LineString", "coordinates": [[11.0314852, 50.9993405], [11.0315859, 50.9993558]]}}, {"type": "Feature", "properties": {}, "geometry": {"type": "LineString", "coordinates": [[11.031617, 50.9993533], [11.0316921, 50.9993264]]}}, {"type": "Feature", "properties": {}, "geometry": {"type": "LineString", "coordinates": [[11.031617, 50.9993533], [11.0315859, 50.9993558]]}}, {"type": "Feature", "properties": {}, "geometry": {"type": "LineString", "coordinates": [[11.031617, 50.9993533], [11.0315421, 50.9992488]]}}, {"type": "Feature", "properties": {}, "geometry": {"type": "LineString", "coordinates": [[11.0314613, 50.9992816], [11.0315421, 50.9992488]]}}, {"type": "Feature", "properties": {}, "geometry": {"type": "LineString", "coordinates": [[11.0314613, 50.9992816], [11.0315859, 50.9993558]]}}, {"type": "Feature", "properties": {}, "geometry": {"type": "LineString", "coordinates": [[11.0315163, 50.9992205], [11.0315421, 50.9992488]]}}, {"type": "Feature", "properties": {}, "geometry": {"type": "LineString", "coordinates": [[11.0316067, 50.9989144], [11.0316252, 50.9989442]]}}, {"type": "Feature", "properties": {}, "geometry": {"type": "LineString", "coordinates": [[11.0316067, 50.9989144], [11.0313947, 50.9989801]]}}, {"type": "Feature", "properties": {}, "geometry": {"type": "LineString", "coordinates": [[11.0316025, 50.9988341], [11.0313947, 50.9989801]]}}, {"type": "Feature", "properties": {}, "geometry": {"type": "LineString", "coordinates": [[11.0316025, 50.9988341], [11.0316252, 50.9989442]]}}, {"type": "Feature", "properties": {}, "geometry": {"type": "LineString", "coordinates": [[11.0314664, 50.9988275], [11.0313947, 50.9989801]]}}, {"type": "Feature", "properties": {}, "geometry": {"type": "LineString", "coordinates": [[11.0314879, 50.9987682], [11.0313947, 50.9989801]]}}, {"type": "Feature", "properties": {}, "geometry": {"type": "LineString", "coordinates": [[11.0486347, 50.9879503], [11.0477303, 50.9882841]]}}, {"type": "Feature", "properties": {}, "geometry": {"type": "LineString", "coordinates": [[11.0483278, 50.9878866], [11.0477303, 50.9882841]]}}, {"type": "Feature", "properties": {}, "geometry": {"type": "LineString", "coordinates": [[11.0491285, 50.9877123], [11.0491781, 50.9877063]]}}, {"type": "Feature", "properties": {}, "geometry": {"type": "LineString", "coordinates": [[11.0487078, 50.9874849], [11.0486663, 50.9874665]]}}, {"type": "Feature", "properties": {}, "geometry": {"type": "LineString", "coordinates": [[11.0377996, 50.9898279], [11.0379299, 50.9899706]]}}, {"type": "Feature", "properties": {}, "geometry": {"type": "LineString", "coordinates": [[11.0378249, 50.9899176], [11.0379299, 50.9899706]]}}, {"type": "Feature", "properties": {}, "geometry": {"type": "LineString", "coordinates": [[11.0239307, 51.0025765], [11.0239584, 51.0025833]]}}, {"type": "Feature", "properties": {}, "geometry": {"type": "LineString", "coordinates": [[11.0229202, 51.0025317], [11.0229407, 51.0025397]]}}, {"type": "Feature", "properties": {}, "geometry": {"type": "LineString", "coordinates": [[11.0438007, 50.9947353], [11.0437994, 50.9947358]]}}, {"type": "Feature", "properties": {}, "geometry": {"type": "LineString", "coordinates": [[11.0446364, 51.0018951], [11.0446345, 51.0018968]]}}, {"type": "Feature", "properties": {}, "geometry": {"type": "LineString", "coordinates": [[11.0465062, 51.0025208], [11.046609, 51.0026003]]}}, {"type": "Feature", "properties": {}, "geometry": {"type": "LineString", "coordinates": [[11.0465062, 51.0025208], [11.046489, 51.0025413]]}}, {"type": "Feature", "properties": {}, "geometry": {"type": "LineString", "coordinates": [[11.0465062, 51.0025208], [11.0464555, 51.0026084]]}}, {"type": "Feature", "properties": {}, "geometry": {"type": "LineString", "coordinates": [[11.046355, 51.0026434], [11.0463492, 51.0026474]]}}, {"type": "Feature", "properties": {}, "geometry": {"type": "LineString", "coordinates": [[11.046355, 51.0026434], [11.0464555, 51.0026084]]}}, {"type": "Feature", "properties": {}, "geometry": {"type": "LineString", "coordinates": [[11.046355, 51.0026434], [11.046489, 51.0025413]]}}, {"type": "Feature", "properties": {}, "geometry": {"type": "LineString", "coordinates": [[11.0464419, 51.0025786], [11.046489, 51.0025413]]}}, {"type": "Feature", "properties": {}, "geometry": {"type": "LineString", "coordinates": [[11.0464419, 51.0025786], [11.0464555, 51.0026084]]}}, {"type": "Feature", "properties": {}, "geometry": {"type": "LineString", "coordinates": [[11.0464419, 51.0025786], [11.0463492, 51.0026474]]}}, {"type": "Feature", "properties": {}, "geometry": {"type": "LineString", "coordinates": [[11.0467561, 51.0022726], [11.0467337, 51.0022737]]}}, {"type": "Feature", "properties": {}, "geometry": {"type": "LineString", "coordinates": [[11.0451439, 51.0019999], [11.0451382, 51.0020004]]}}, {"type": "Feature", "properties": {}, "geometry": {"type": "LineString", "coordinates": [[11.0456694, 51.0020609], [11.0456301, 51.0020129]]}}, {"type": "Feature", "properties": {}, "geometry": {"type": "LineString", "coordinates": [[11.0456694, 51.0020609], [11.0456684, 51.0020597]]}}, {"type": "Feature", "properties": {}, "geometry": {"type": "LineString", "coordinates": [[11.0442546, 51.0022662], [11.0442505, 51.0022676]]}}, {"type": "Feature", "properties": {}, "geometry": {"type": "LineString", "coordinates": [[11.0458359, 51.0024442], [11.0458349, 51.0024445]]}}, {"type": "Feature", "properties": {}, "geometry": {"type": "LineString", "coordinates": [[11.0456407, 51.0024557], [11.0456319, 51.0024364]]}}, {"type": "Feature", "properties": {}, "geometry": {"type": "LineString", "coordinates": [[11.0470421, 51.0025881], [11.0470361, 51.0025868]]}}, {"type": "Feature", "properties": {}, "geometry": {"type": "LineString", "coordinates": [[11.0470421, 51.0025881], [11.0468993, 51.0026083]]}}, {"type": "Feature", "properties": {}, "geometry": {"type": "LineString", "coordinates": [[11.0469805, 51.0025989], [11.0470361, 51.0025868]]}}, {"type": "Feature", "properties": {}, "geometry": {"type": "LineString", "coordinates": [[11.0469805, 51.0025989], [11.0468993, 51.0026083]]}}, {"type": "Feature", "properties": {}, "geometry": {"type": "LineString", "coordinates": [[11.0468828, 51.0026111], [11.0468993, 51.0026083]]}}, {"type": "Feature", "properties": {}, "geometry": {"type": "LineString", "coordinates": [[11.0468828, 51.0026111], [11.0468564, 51.0026782]]}}, {"type": "Feature", "properties": {}, "geometry": {"type": "LineString", "coordinates": [[11.0468828, 51.0026111], [11.0470361, 51.0025868]]}}, {"type": "Feature", "properties": {}, "geometry": {"type": "LineString", "coordinates": [[11.0469942, 51.0022769], [11.0470005, 51.0022264]]}}, {"type": "Feature", "properties": {}, "geometry": {"type": "LineString", "coordinates": [[11.0469942, 51.0022769], [11.046979, 51.002282]]}}, {"type": "Feature", "properties": {}, "geometry": {"type": "LineString", "coordinates": [[11.0450244, 51.001907], [11.0450288, 51.0019055]]}}, {"type": "Feature", "properties": {}, "geometry": {"type": "LineString", "coordinates": [[11.0442568, 51.0018441], [11.044255, 51.0017912]]}}, {"type": "Feature", "properties": {}, "geometry": {"type": "LineString", "coordinates": [[11.0442568, 51.0018441], [11.0442427, 51.0018462]]}}, {"type": "Feature", "properties": {}, "geometry": {"type": "LineString", "coordinates": [[11.0442568, 51.0018441], [11.0444044, 51.0018556]]}}, {"type": "Feature", "properties": {}, "geometry": {"type": "LineString", "coordinates": [[11.0230868, 50.9967165], [11.0231138, 50.9967316]]}}, {"type": "Feature", "properties": {}, "geometry": {"type": "LineString", "coordinates": [[11.0233113, 50.9964695], [11.0233298, 50.9964839]]}}, {"type": "Feature", "properties": {}, "geometry": {"type": "LineString", "coordinates": [[11.0217176, 50.9899655], [11.0217462, 50.989935]]}}, {"type": "Feature", "properties": {}, "geometry": {"type": "LineString", "coordinates": [[11.023168, 50.993638], [11.0232141, 50.9936477]]}}, {"type": "Feature", "properties": {}, "geometry": {"type": "LineString", "coordinates": [[11.0231897, 50.9937019], [11.0232141, 50.9936477]]}}, {"type": "Feature", "properties": {}, "geometry": {"type": "LineString", "coordinates": [[11.0432019, 50.9955236], [11.0431684, 50.9954908]]}}, {"type": "Feature", "properties": {}, "geometry": {"type": "LineString", "coordinates": [[11.0435626, 50.9940075], [11.0437254, 50.9938892]]}}, {"type": "Feature", "properties": {}, "geometry": {"type": "LineString", "coordinates": [[11.0437878, 50.993842], [11.0437254, 50.9938892]]}}, {"type": "Feature", "properties": {}, "geometry": {"type": "LineString", "coordinates": [[11.0436742, 50.9939113], [11.0437254, 50.9938892]]}}, {"type": "Feature", "properties": {}, "geometry": {"type": "LineString", "coordinates": [[11.0454696, 50.9939872], [11.0454999, 50.99401]]}}, {"type": "Feature", "properties": {}, "geometry": {"type": "LineString", "coordinates": [[11.0293397, 50.9858234], [11.0293229, 50.9857511]]}}, {"type": "Feature", "properties": {}, "geometry": {"type": "LineString", "coordinates": [[11.0293936, 50.9857886], [11.0293229, 50.9857511]]}}, {"type": "Feature", "properties": {}, "geometry": {"type": "LineString", "coordinates": [[11.0339224, 50.991899], [11.0340197, 50.9918536]]}}, {"type": "Feature", "properties": {}, "geometry": {"type": "LineString", "coordinates": [[11.0339224, 50.991899], [11.033945, 50.9919023]]}}, {"type": "Feature", "properties": {}, "geometry": {"type": "LineString", "coordinates": [[11.0385793, 50.9936687], [11.0385986, 50.9936745]]}}, {"type": "Feature", "properties": {}, "geometry": {"type": "LineString", "coordinates": [[11.0372119, 50.9915209], [11.0372232, 50.9915306]]}}, {"type": "Feature", "properties": {}, "geometry": {"type": "LineString", "coordinates": [[11.0465203, 50.9903272], [11.0469141, 50.9903616]]}}, {"type": "Feature", "properties": {}, "geometry": {"type": "LineString", "coordinates": [[11.04647, 50.9903414], [11.0469141, 50.9903616]]}}, {"type": "Feature", "properties": {}, "geometry": {"type": "LineString", "coordinates": [[11.0470085, 50.9903314], [11.0469141, 50.9903616]]}}, {"type": "Feature", "properties": {}, "geometry": {"type": "LineString", "coordinates": [[11.0471268, 50.9900946], [11.0469141, 50.9903616]]}}, {"type": "Feature", "properties": {}, "geometry": {"type": "LineString", "coordinates": [[11.0466149, 50.9905782], [11.0469141, 50.9903616]]}}, {"type": "Feature", "properties": {}, "geometry": {"type": "LineString", "coordinates": [[11.0412636, 51.0002766], [11.0412991, 51.0002649]]}}, {"type": "Feature", "properties": {}, "geometry": {"type": "LineString", "coordinates": [[11.04203, 51.0002849], [11.0420377, 51.0002742]]}}, {"type": "Feature", "properties": {}, "geometry": {"type": "LineString", "coordinates": [[11.0399636, 51.0030692], [11.0397654, 51.0034843]]}}, {"type": "Feature", "properties": {}, "geometry": {"type": "LineString", "coordinates": [[11.0470886, 51.0026932], [11.0470838, 51.002703]]}}, {"type": "Feature", "properties": {}, "geometry": {"type": "LineString", "coordinates": [[11.0443284, 51.002951], [11.0443262, 51.0029596]]}}, {"type": "Feature", "properties": {}, "geometry": {"type": "LineString", "coordinates": [[11.044866, 51.0030452], [11.0448785, 51.0030617]]}}, {"type": "Feature", "properties": {}, "geometry": {"type": "LineString", "coordinates": [[11.044866, 51.0030452], [11.0447503, 51.0029802]]}}, {"type": "Feature", "properties": {}, "geometry": {"type": "LineString", "coordinates": [[11.0465075, 51.0029971], [11.0465094, 51.0030062]]}}, {"type": "Feature", "properties": {}, "geometry": {"type": "LineString", "coordinates": [[11.0465075, 51.0029971], [11.0466243, 51.0030202]]}}, {"type": "Feature", "properties": {}, "geometry": {"type": "LineString", "coordinates": [[11.0455325, 51.0027949], [11.045532, 51.0028149]]}}, {"type": "Feature", "properties": {}, "geometry": {"type": "LineString", "coordinates": [[11.0457416, 51.0028263], [11.0457158, 51.0028475]]}}, {"type": "Feature", "properties": {}, "geometry": {"type": "LineString", "coordinates": [[11.0453941, 51.0027226], [11.0453886, 51.0027284]]}}, {"type": "Feature", "properties": {}, "geometry": {"type": "LineString", "coordinates": [[11.0443419, 51.0025154], [11.0443399, 51.0025273]]}}, {"type": "Feature", "properties": {}, "geometry": {"type": "LineString", "coordinates": [[11.0443419, 51.0025154], [11.0442344, 51.002606]]}}, {"type": "Feature", "properties": {}, "geometry": {"type": "LineString", "coordinates": [[11.0469751, 51.001079], [11.0468832, 51.0011001]]}}, {"type": "Feature", "properties": {}, "geometry": {"type": "LineString", "coordinates": [[11.0469751, 51.001079], [11.0467967, 51.0010477]]}}, {"type": "Feature", "properties": {}, "geometry": {"type": "LineString", "coordinates": [[11.0471602, 51.0011187], [11.04717, 51.0011252]]}}, {"type": "Feature", "properties": {}, "geometry": {"type": "LineString", "coordinates": [[11.0471602, 51.0011187], [11.0471024, 51.0011791]]}}, {"type": "Feature", "properties": {}, "geometry": {"type": "LineString", "coordinates": [[11.0471023, 51.0011649], [11.0471024, 51.0011791]]}}, {"type": "Feature", "properties": {}, "geometry": {"type": "LineString", "coordinates": [[11.0471023, 51.0011649], [11.04717, 51.0011252]]}}, {"type": "Feature", "properties": {}, "geometry": {"type": "LineString", "coordinates": [[11.046942, 51.0011172], [11.0468832, 51.0011001]]}}, {"type": "Feature", "properties": {}, "geometry": {"type": "LineString", "coordinates": [[11.0460643, 51.0009517], [11.0460634, 51.0009225]]}}, {"type": "Feature", "properties": {}, "geometry": {"type": "LineString", "coordinates": [[11.046065, 51.000907], [11.0460634, 51.0009225]]}}, {"type": "Feature", "properties": {}, "geometry": {"type": "LineString", "coordinates": [[11.0474436, 51.000988], [11.0474479, 51.0009925]]}}, {"type": "Feature", "properties": {}, "geometry": {"type": "LineString", "coordinates": [[11.0476488, 51.0014328], [11.0476501, 51.0014449]]}}, {"type": "Feature", "properties": {}, "geometry": {"type": "LineString", "coordinates": [[11.0476488, 51.0014328], [11.0476249, 51.0014992]]}}, {"type": "Feature", "properties": {}, "geometry": {"type": "LineString", "coordinates": [[11.047624, 51.0014931], [11.0476501, 51.0014449]]}}, {"type": "Feature", "properties": {}, "geometry": {"type": "LineString", "coordinates": [[11.047624, 51.0014931], [11.0476249, 51.0014992]]}}, {"type": "Feature", "properties": {}, "geometry": {"type": "LineString", "coordinates": [[11.0465102, 51.0015556], [11.0464313, 51.0015643]]}}, {"type": "Feature", "properties": {}, "geometry": {"type": "LineString", "coordinates": [[11.0464666, 51.0016868], [11.0464886, 51.0017045]]}}, {"type": "Feature", "properties": {}, "geometry": {"type": "LineString", "coordinates": [[11.0463439, 51.0020119], [11.046407, 51.0020316]]}}, {"type": "Feature", "properties": {}, "geometry": {"type": "LineString", "coordinates": [[11.046419, 51.0020244], [11.046407, 51.0020316]]}}, {"type": "Feature", "properties": {}, "geometry": {"type": "LineString", "coordinates": [[11.0473041, 51.0027578], [11.0473155, 51.0027531]]}}, {"type": "Feature", "properties": {}, "geometry": {"type": "LineString", "coordinates": [[11.04763, 51.0026654], [11.0476472, 51.002669]]}}, {"type": "Feature", "properties": {}, "geometry": {"type": "LineString", "coordinates": [[11.04763, 51.0026654], [11.0477522, 51.0026179]]}}, {"type": "Feature", "properties": {}, "geometry": {"type": "LineString", "coordinates": [[11.04775, 51.0026088], [11.0476671, 51.0025209]]}}, {"type": "Feature", "properties": {}, "geometry": {"type": "LineString", "coordinates": [[11.04775, 51.0026088], [11.0477522, 51.0026179]]}}, {"type": "Feature", "properties": {}, "geometry": {"type": "LineString", "coordinates": [[11.0480726, 51.0021442], [11.0480737, 51.0021543]]}}, {"type": "Feature", "properties": {}, "geometry": {"type": "LineString", "coordinates": [[11.0477018, 51.001878], [11.0477098, 51.0018665]]}}, {"type": "Feature", "properties": {}, "geometry": {"type": "LineString", "coordinates": [[11.0482335, 51.001345], [11.0482375, 51.0013464]]}}, {"type": "Feature", "properties": {}, "geometry": {"type": "LineString", "coordinates": [[11.0483616, 51.0014442], [11.0483608, 51.0014562]]}}, {"type": "Feature", "properties": {}, "geometry": {"type": "LineString", "coordinates": [[11.0483294, 51.0015531], [11.0483608, 51.0014562]]}}, {"type": "Feature", "properties": {}, "geometry": {"type": "LineString", "coordinates": [[11.0483294, 51.0015531], [11.0483393, 51.0015554]]}}, {"type": "Feature", "properties": {}, "geometry": {"type": "LineString", "coordinates": [[11.0490656, 51.0014868], [11.0490565, 51.0014912]]}}, {"type": "Feature", "properties": {}, "geometry": {"type": "LineString", "coordinates": [[11.0489356, 51.0017666], [11.048955, 51.0017721]]}}, {"type": "Feature", "properties": {}, "geometry": {"type": "LineString", "coordinates": [[11.0484814, 51.0025914], [11.0485161, 51.0025985]]}}, {"type": "Feature", "properties": {}, "geometry": {"type": "LineString", "coordinates": [[11.0484814, 51.0025914], [11.0485513, 51.0026289]]}}, {"type": "Feature", "properties": {}, "geometry": {"type": "LineString", "coordinates": [[11.0485534, 51.0026042], [11.0485161, 51.0025985]]}}, {"type": "Feature", "properties": {}, "geometry": {"type": "LineString", "coordinates": [[11.0485534, 51.0026042], [11.0485513, 51.0026289]]}}, {"type": "Feature", "properties": {}, "geometry": {"type": "LineString", "coordinates": [[11.0485856, 51.0025401], [11.0486139, 51.0025484]]}}, {"type": "Feature", "properties": {}, "geometry": {"type": "LineString", "coordinates": [[11.0489168, 51.0029781], [11.0489184, 51.0029855]]}}, {"type": "Feature", "properties": {}, "geometry": {"type": "LineString", "coordinates": [[11.0489168, 51.0029781], [11.04903, 51.0029833]]}}, {"type": "Feature", "properties": {}, "geometry": {"type": "LineString", "coordinates": [[11.0464627, 51.0004605], [11.0464367, 51.0004658]]}}, {"type": "Feature", "properties": {}, "geometry": {"type": "LineString", "coordinates": [[11.0464627, 51.0004605], [11.0466859, 51.0004399]]}}, {"type": "Feature", "properties": {}, "geometry": {"type": "LineString", "coordinates": [[11.046315, 51.0004348], [11.0464367, 51.0004658]]}}, {"type": "Feature", "properties": {}, "geometry": {"type": "LineString", "coordinates": [[11.046022, 51.0003791], [11.0459039, 51.0003421]]}}, {"type": "Feature", "properties": {}, "geometry": {"type": "LineString", "coordinates": [[11.0446816, 51.000415], [11.0447877, 51.0004466]]}}, {"type": "Feature", "properties": {}, "geometry": {"type": "LineString", "coordinates": [[11.0446816, 51.000415], [11.0449152, 51.0003961]]}}, {"type": "Feature", "properties": {}, "geometry": {"type": "LineString", "coordinates": [[11.0449096, 51.0003901], [11.0449152, 51.0003961]]}}, {"type": "Feature", "properties": {}, "geometry": {"type": "LineString", "coordinates": [[11.0449096, 51.0003901], [11.0447877, 51.0004466]]}}, {"type": "Feature", "properties": {}, "geometry": {"type": "LineString", "coordinates": [[11.045267, 51.0005703], [11.0452679, 51.0005743]]}}, {"type": "Feature", "properties": {}, "geometry": {"type": "LineString", "coordinates": [[11.0449505, 51.0002601], [11.0449555, 51.0002641]]}}, {"type": "Feature", "properties": {}, "geometry": {"type": "LineString", "coordinates": [[11.0448358, 51.0000981], [11.0448362, 51.0001078]]}}, {"type": "Feature", "properties": {}, "geometry": {"type": "LineString", "coordinates": [[11.0448358, 51.0000981], [11.0449237, 51.000124]]}}, {"type": "Feature", "properties": {}, "geometry": {"type": "LineString", "coordinates": [[11.0450658, 51.0001361], [11.0450693, 51.000146]]}}, {"type": "Feature", "properties": {}, "geometry": {"type": "LineString", "coordinates": [[11.0450658, 51.0001361], [11.0451529, 51.0001506]]}}, {"type": "Feature", "properties": {}, "geometry": {"type": "LineString", "coordinates": [[11.0457605, 50.9999082], [11.0457676, 50.9999195]]}}, {"type": "Feature", "properties": {}, "geometry": {"type": "LineString", "coordinates": [[11.0457605, 50.9999082], [11.0456742, 50.9998973]]}}, {"type": "Feature", "properties": {}, "geometry": {"type": "LineString", "coordinates": [[11.0455607, 50.9998508], [11.045561, 50.9998516]]}}, {"type": "Feature", "properties": {}, "geometry": {"type": "LineString", "coordinates": [[11.0453615, 50.9998098], [11.0453628, 50.9997866]]}}, {"type": "Feature", "properties": {}, "geometry": {"type": "LineString", "coordinates": [[11.0453615, 50.9998098], [11.0453459, 50.9998271]]}}, {"type": "Feature", "properties": {}, "geometry": {"type": "LineString", "coordinates": [[11.045174, 50.9997742], [11.0451445, 50.9997716]]}}, {"type": "Feature", "properties": {}, "geometry": {"type": "LineString", "coordinates": [[11.0450875, 50.9997591], [11.0451445, 50.9997716]]}}, {"type": "Feature", "properties": {}, "geometry": {"type": "LineString", "coordinates": [[11.036145, 50.9980951], [11.0361379, 50.9982025]]}}, {"type": "Feature", "properties": {}, "geometry": {"type": "LineString", "coordinates": [[11.0295262, 51.0006753], [11.0294997, 51.0006795]]}}, {"type": "Feature", "properties": {}, "geometry": {"type": "LineString", "coordinates": [[11.0203061, 51.0027445], [11.0203321, 51.0027645]]}}, {"type": "Feature", "properties": {}, "geometry": {"type": "LineString", "coordinates": [[11.0280316, 51.0011484], [11.0280744, 51.0011556]]}}, {"type": "Feature", "properties": {}, "geometry": {"type": "LineString", "coordinates": [[11.0275538, 51.0008148], [11.0275973, 51.0008296]]}}, {"type": "Feature", "properties": {}, "geometry": {"type": "LineString", "coordinates": [[11.0271815, 51.0003458], [11.0273145, 51.0003562]]}}, {"type": "Feature", "properties": {}, "geometry": {"type": "LineString", "coordinates": [[11.0275097, 51.0009791], [11.0275575, 51.0009841]]}}, {"type": "Feature", "properties": {}, "geometry": {"type": "LineString", "coordinates": [[11.0275702, 50.9908948], [11.0276052, 50.9908999]]}}, {"type": "Feature", "properties": {}, "geometry": {"type": "LineString", "coordinates": [[11.0274738, 50.9915337], [11.0274887, 50.9915289]]}}, {"type": "Feature", "properties": {}, "geometry": {"type": "LineString", "coordinates": [[11.0201624, 50.9928253], [11.0201822, 50.9928273]]}}, {"type": "Feature", "properties": {}, "geometry": {"type": "LineString", "coordinates": [[11.0298364, 50.9900487], [11.0298668, 50.9900556]]}}, {"type": "Feature", "properties": {}, "geometry": {"type": "LineString", "coordinates": [[11.0278452, 50.9883184], [11.0279692, 50.9878933]]}}, {"type": "Feature", "properties": {}, "geometry": {"type": "LineString", "coordinates": [[11.0278817, 50.9882227], [11.0279692, 50.9878933]]}}, {"type": "Feature", "properties": {}, "geometry": {"type": "LineString", "coordinates": [[11.024007, 50.9991868], [11.0248064, 50.9990311]]}}, {"type": "Feature", "properties": {}, "geometry": {"type": "LineString", "coordinates": [[11.0243149, 50.9991401], [11.0248064, 50.9990311]]}}, {"type": "Feature", "properties": {}, "geometry": {"type": "LineString", "coordinates": [[11.0459633, 50.987274], [11.0460513, 50.9871852]]}}, {"type": "Feature", "properties": {}, "geometry": {"type": "LineString", "coordinates": [[11.0459633, 50.987274], [11.0459177, 50.9873313]]}}, {"type": "Feature", "properties": {}, "geometry": {"type": "LineString", "coordinates": [[11.0442743, 50.9868241], [11.044307, 50.9868445]]}}, {"type": "Feature", "properties": {}, "geometry": {"type": "LineString", "coordinates": [[11.045711, 50.9872101], [11.0457499, 50.987231]]}}, {"type": "Feature", "properties": {}, "geometry": {"type": "LineString", "coordinates": [[11.0438689, 50.9871993], [11.0438119, 50.9871799]]}}, {"type": "Feature", "properties": {}, "geometry": {"type": "LineString", "coordinates": [[11.0438689, 50.9871993], [11.0439475, 50.9872448]]}}, {"type": "Feature", "properties": {}, "geometry": {"type": "LineString", "coordinates": [[11.0439855, 50.9870368], [11.0439761, 50.9870688]]}}, {"type": "Feature", "properties": {}, "geometry": {"type": "LineString", "coordinates": [[11.0465098, 50.9856667], [11.0465136, 50.9856115]]}}, {"type": "Feature", "properties": {}, "geometry": {"type": "LineString", "coordinates": [[11.0464896, 50.9855327], [11.0465136, 50.9856115]]}}, {"type": "Feature", "properties": {}, "geometry": {"type": "LineString", "coordinates": [[11.0420953, 50.986635], [11.0420941, 50.9866387]]}}, {"type": "Feature", "properties": {}, "geometry": {"type": "LineString", "coordinates": [[11.0455199, 50.9852481], [11.045469, 50.9852547]]}}, {"type": "Feature", "properties": {}, "geometry": {"type": "LineString", "coordinates": [[11.0435793, 50.9861358], [11.0435673, 50.9861178]]}}, {"type": "Feature", "properties": {}, "geometry": {"type": "LineString", "coordinates": [[11.0441046, 50.986212], [11.0438659, 50.9863909]]}}, {"type": "Feature", "properties": {}, "geometry": {"type": "LineString", "coordinates": [[11.0437614, 50.9865039], [11.0438659, 50.9863909]]}}, {"type": "Feature", "properties": {}, "geometry": {"type": "LineString", "coordinates": [[11.0422062, 50.9861582], [11.0419585, 50.9860769]]}}, {"type": "Feature", "properties": {}, "geometry": {"type": "LineString", "coordinates": [[11.0422062, 50.9861582], [11.0415873, 50.9860652]]}}, {"type": "Feature", "properties": {}, "geometry": {"type": "LineString", "coordinates": [[11.0419236, 50.9860251], [11.0419585, 50.9860769]]}}, {"type": "Feature", "properties": {}, "geometry": {"type": "LineString", "coordinates": [[11.0419236, 50.9860251], [11.0415873, 50.9860652]]}}, {"type": "Feature", "properties": {}, "geometry": {"type": "LineString", "coordinates": [[11.0415588, 50.9860533], [11.0415873, 50.9860652]]}}, {"type": "Feature", "properties": {}, "geometry": {"type": "LineString", "coordinates": [[11.0415588, 50.9860533], [11.0419585, 50.9860769]]}}, {"type": "Feature", "properties": {}, "geometry": {"type": "LineString", "coordinates": [[11.0461463, 50.9866115], [11.0461285, 50.9866144]]}}, {"type": "Feature", "properties": {}, "geometry": {"type": "LineString", "coordinates": [[11.0461121, 50.9862275], [11.0461357, 50.9862499]]}}, {"type": "Feature", "properties": {}, "geometry": {"type": "LineString", "coordinates": [[11.0453371, 50.985798], [11.0452849, 50.9857977]]}}, {"type": "Feature", "properties": {}, "geometry": {"type": "LineString", "coordinates": [[11.0458773, 50.9861216], [11.0461357, 50.9862499]]}}, {"type": "Feature", "properties": {}, "geometry": {"type": "LineString", "coordinates": [[11.0465273, 50.9863869], [11.0461357, 50.9862499]]}}, {"type": "Feature", "properties": {}, "geometry": {"type": "LineString", "coordinates": [[11.0462, 50.9858102], [11.0461643, 50.9858169]]}}, {"type": "Feature", "properties": {}, "geometry": {"type": "LineString", "coordinates": [[11.0451189, 50.9871272], [11.0450249, 50.9871811]]}}, {"type": "Feature", "properties": {}, "geometry": {"type": "LineString", "coordinates": [[11.0445722, 50.9880149], [11.0447983, 50.9878899]]}}, {"type": "Feature", "properties": {}, "geometry": {"type": "LineString", "coordinates": [[11.0472024, 50.9959113], [11.0471949, 50.9959302]]}}, {"type": "Feature", "properties": {}, "geometry": {"type": "LineString", "coordinates": [[11.0477883, 50.9964035], [11.0478573, 50.9963511]]}}, {"type": "Feature", "properties": {}, "geometry": {"type": "LineString", "coordinates": [[11.047092, 50.9965317], [11.0470869, 50.996532]]}}, {"type": "Feature", "properties": {}, "geometry": {"type": "LineString", "coordinates": [[11.0361189, 50.9995067], [11.0362126, 50.9995988]]}}, {"type": "Feature", "properties": {}, "geometry": {"type": "LineString", "coordinates": [[11.0355176, 51.0001412], [11.0355915, 51.0001557]]}}, {"type": "Feature", "properties": {}, "geometry": {"type": "LineString", "coordinates": [[11.0350832, 51.0001554], [11.0351117, 51.0001615]]}}, {"type": "Feature", "properties": {}, "geometry": {"type": "LineString", "coordinates": [[11.0355498, 51.00234], [11.03558, 51.0023602]]}}, {"type": "Feature", "properties": {}, "geometry": {"type": "LineString", "coordinates": [[11.0385394, 50.9953943], [11.0385513, 50.9953887]]}}, {"type": "Feature", "properties": {}, "geometry": {"type": "LineString", "coordinates": [[11.0385203, 50.995538], [11.0385422, 50.995536]]}}, {"type": "Feature", "properties": {}, "geometry": {"type": "LineString", "coordinates": [[11.039558, 50.9954596], [11.0396043, 50.9954625]]}}, {"type": "Feature", "properties": {}, "geometry": {"type": "LineString", "coordinates": [[11.0384761, 50.9962211], [11.0385524, 50.9962174]]}}, {"type": "Feature", "properties": {}, "geometry": {"type": "LineString", "coordinates": [[11.0384895, 50.9957123], [11.0385552, 50.9957058]]}}, {"type": "Feature", "properties": {}, "geometry": {"type": "LineString", "coordinates": [[11.0384758, 50.996583], [11.0385346, 50.9965768]]}}, {"type": "Feature", "properties": {}, "geometry": {"type": "LineString", "coordinates": [[11.0382171, 50.9969293], [11.038239, 50.9969281]]}}, {"type": "Feature", "properties": {}, "geometry": {"type": "LineString", "coordinates": [[11.0384549, 50.9958773], [11.0385298, 50.9958757]]}}, {"type": "Feature", "properties": {}, "geometry": {"type": "LineString", "coordinates": [[11.038365, 50.9967478], [11.0383881, 50.9967408]]}}, {"type": "Feature", "properties": {}, "geometry": {"type": "LineString", "coordinates": [[11.0388556, 50.9954169], [11.038869, 50.9954146]]}}, {"type": "Feature", "properties": {}, "geometry": {"type": "LineString", "coordinates": [[11.036092, 50.9982201], [11.0361379, 50.9982025]]}}, {"type": "Feature", "properties": {}, "geometry": {"type": "LineString", "coordinates": [[11.039125, 50.9985362], [11.039173, 50.9985402]]}}, {"type": "Feature", "properties": {}, "geometry": {"type": "LineString", "coordinates": [[11.0410673, 50.9995901], [11.0411109, 50.9995938]]}}, {"type": "Feature", "properties": {}, "geometry": {"type": "LineString", "coordinates": [[11.0345033, 50.9954256], [11.0345419, 50.9954192]]}}, {"type": "Feature", "properties": {}, "geometry": {"type": "LineString", "coordinates": [[11.0345458, 50.9951568], [11.0345849, 50.9951478]]}}, {"type": "Feature", "properties": {}, "geometry": {"type": "LineString", "coordinates": [[11.0343142, 50.9952601], [11.0343355, 50.9952544]]}}, {"type": "Feature", "properties": {}, "geometry": {"type": "LineString", "coordinates": [[11.0391713, 50.9982507], [11.0392593, 50.998246]]}}, {"type": "Feature", "properties": {}, "geometry": {"type": "LineString", "coordinates": [[11.0397579, 50.9996673], [11.0385031, 50.9993486]]}}, {"type": "Feature", "properties": {}, "geometry": {"type": "LineString", "coordinates": [[11.0345485, 50.9952911], [11.0345855, 50.9952863]]}}, {"type": "Feature", "properties": {}, "geometry": {"type": "LineString", "coordinates": [[11.0398489, 50.9992265], [11.0399011, 50.999157]]}}, {"type": "Feature", "properties": {}, "geometry": {"type": "LineString", "coordinates": [[11.0383491, 50.9991984], [11.0385031, 50.9993486]]}}, {"type": "Feature", "properties": {}, "geometry": {"type": "LineString", "coordinates": [[11.0322177, 51.0026599], [11.0322883, 51.0026683]]}}, {"type": "Feature", "properties": {}, "geometry": {"type": "LineString", "coordinates": [[11.0326014, 51.0028939], [11.0326728, 51.0029012]]}}, {"type": "Feature", "properties": {}, "geometry": {"type": "LineString", "coordinates": [[11.0306352, 51.0028129], [11.0315265, 51.0031973]]}}, {"type": "Feature", "properties": {}, "geometry": {"type": "LineString", "coordinates": [[11.0307732, 51.0027217], [11.0315265, 51.0031973]]}}, {"type": "Feature", "properties": {}, "geometry": {"type": "LineString", "coordinates": [[11.0307732, 51.0027217], [11.03115, 51.0028337]]}}, {"type": "Feature", "properties": {}, "geometry": {"type": "LineString", "coordinates": [[11.0303385, 51.0030234], [11.0304439, 51.003097]]}}, {"type": "Feature", "properties": {}, "geometry": {"type": "LineString", "coordinates": [[11.0196667, 50.9985294], [11.0196798, 50.9985124]]}}, {"type": "Feature", "properties": {}, "geometry": {"type": "LineString", "coordinates": [[11.0199837, 51.0021529], [11.0200317, 51.0021658]]}}, {"type": "Feature", "properties": {}, "geometry": {"type": "LineString", "coordinates": [[11.0208701, 51.0023372], [11.020906, 51.0023502]]}}, {"type": "Feature", "properties": {}, "geometry": {"type": "LineString", "coordinates": [[11.021813, 51.0022405], [11.0218468, 51.0022437]]}}, {"type": "Feature", "properties": {}, "geometry": {"type": "LineString", "coordinates": [[11.0213139, 51.0019932], [11.0213472, 51.0020061]]}}, {"type": "Feature", "properties": {}, "geometry": {"type": "LineString", "coordinates": [[11.0372399, 50.9975692], [11.0372615, 50.9975728]]}}, {"type": "Feature", "properties": {}, "geometry": {"type": "LineString", "coordinates": [[11.0372399, 50.9975692], [11.0371472, 50.997596]]}}, {"type": "Feature", "properties": {}, "geometry": {"type": "LineString", "coordinates": [[11.0204547, 50.9971961], [11.020494, 50.9972049]]}}, {"type": "Feature", "properties": {}, "geometry": {"type": "LineString", "coordinates": [[11.0205946, 51.0018021], [11.0206308, 51.0018073]]}}, {"type": "Feature", "properties": {}, "geometry": {"type": "LineString", "coordinates": [[11.0199436, 51.0016194], [11.0199843, 51.0016299]]}}, {"type": "Feature", "properties": {}, "geometry": {"type": "LineString", "coordinates": [[11.0467036, 50.9929624], [11.0462874, 50.9929149]]}}, {"type": "Feature", "properties": {}, "geometry": {"type": "LineString", "coordinates": [[11.0466969, 50.9924588], [11.0466873, 50.9924529]]}}, {"type": "Feature", "properties": {}, "geometry": {"type": "LineString", "coordinates": [[11.0466927, 50.9905131], [11.0469141, 50.9903616]]}}, {"type": "Feature", "properties": {}, "geometry": {"type": "LineString", "coordinates": [[11.0435673, 50.9899774], [11.043369, 50.9898905]]}}, {"type": "Feature", "properties": {}, "geometry": {"type": "LineString", "coordinates": [[11.0460601, 50.9901449], [11.0460413, 50.9901457]]}}, {"type": "Feature", "properties": {}, "geometry": {"type": "LineString", "coordinates": [[11.0460601, 50.9901449], [11.0459152, 50.9902587]]}}, {"type": "Feature", "properties": {}, "geometry": {"type": "LineString", "coordinates": [[11.041116, 50.9913934], [11.0411103, 50.9913955]]}}, {"type": "Feature", "properties": {}, "geometry": {"type": "LineString", "coordinates": [[11.0461055, 50.990964], [11.0460641, 50.9909613]]}}, {"type": "Feature", "properties": {}, "geometry": {"type": "LineString", "coordinates": [[11.0411557, 50.9915619], [11.0419187, 50.9922664]]}}, {"type": "Feature", "properties": {}, "geometry": {"type": "LineString", "coordinates": [[11.0411635, 50.9919444], [11.0419187, 50.9922664]]}}, {"type": "Feature", "properties": {}, "geometry": {"type": "LineString", "coordinates": [[11.0409859, 50.9919435], [11.0419187, 50.9922664]]}}, {"type": "Feature", "properties": {}, "geometry": {"type": "LineString", "coordinates": [[11.0412193, 50.9919444], [11.0419187, 50.9922664]]}}, {"type": "Feature", "properties": {}, "geometry": {"type": "LineString", "coordinates": [[11.0411067, 50.9919448], [11.0419187, 50.9922664]]}}, {"type": "Feature", "properties": {}, "geometry": {"type": "LineString", "coordinates": [[11.0442869, 50.995295], [11.0442735, 50.9953017]]}}, {"type": "Feature", "properties": {}, "geometry": {"type": "LineString", "coordinates": [[11.0265891, 51.0021253], [11.026616, 51.0021295]]}}, {"type": "Feature", "properties": {}, "geometry": {"type": "LineString", "coordinates": [[11.0386316, 50.9874863], [11.0386957, 50.9874998]]}}, {"type": "Feature", "properties": {}, "geometry": {"type": "LineString", "coordinates": [[11.0424241, 50.9897652], [11.0424189, 50.989769]]}}, {"type": "Feature", "properties": {}, "geometry": {"type": "LineString", "coordinates": [[11.0425881, 50.9852429], [11.0423576, 50.9850893]]}}, {"type": "Feature", "properties": {}, "geometry": {"type": "LineString", "coordinates": [[11.0290357, 50.9939729], [11.0291411, 50.9939702]]}}, {"type": "Feature", "properties": {}, "geometry": {"type": "LineString", "coordinates": [[11.0274326, 50.9937696], [11.0274892, 50.9937766]]}}, {"type": "Feature", "properties": {}, "geometry": {"type": "LineString", "coordinates": [[11.0274295, 50.9933007], [11.0274839, 50.9933064]]}}, {"type": "Feature", "properties": {}, "geometry": {"type": "LineString", "coordinates": [[11.0362754, 50.9966575], [11.036329, 50.9966465]]}}, {"type": "Feature", "properties": {}, "geometry": {"type": "LineString", "coordinates": [[11.035493, 50.9973176], [11.0355178, 50.997317]]}}, {"type": "Feature", "properties": {}, "geometry": {"type": "LineString", "coordinates": [[11.0223411, 50.9976778], [11.0223559, 50.9976832]]}}, {"type": "Feature", "properties": {}, "geometry": {"type": "LineString", "coordinates": [[11.0376964, 51.0018555], [11.0377397, 51.0018568]]}}, {"type": "Feature", "properties": {}, "geometry": {"type": "LineString", "coordinates": [[11.0437736, 51.002102], [11.0437716, 51.0021078]]}}, {"type": "Feature", "properties": {}, "geometry": {"type": "LineString", "coordinates": [[11.0233275, 51.000137], [11.0233709, 51.0001434]]}}, {"type": "Feature", "properties": {}, "geometry": {"type": "LineString", "coordinates": [[11.0216471, 51.0002908], [11.0216785, 51.0002986]]}}, {"type": "Feature", "properties": {}, "geometry": {"type": "LineString", "coordinates": [[11.0432055, 50.9908779], [11.0432146, 50.9908199]]}}, {"type": "Feature", "properties": {}, "geometry": {"type": "LineString", "coordinates": [[11.0429998, 50.9920189], [11.0429632, 50.9920247]]}}, {"type": "Feature", "properties": {}, "geometry": {"type": "LineString", "coordinates": [[11.0237909, 50.9960746], [11.0235217, 50.9955943]]}}, {"type": "Feature", "properties": {}, "geometry": {"type": "LineString", "coordinates": [[11.0237909, 50.9960746], [11.0238295, 50.9960933]]}}, {"type": "Feature", "properties": {}, "geometry": {"type": "LineString", "coordinates": [[11.0236824, 50.9959071], [11.0235217, 50.9955943]]}}, {"type": "Feature", "properties": {}, "geometry": {"type": "LineString", "coordinates": [[11.0236824, 50.9959071], [11.0238295, 50.9960933]]}}, {"type": "Feature", "properties": {}, "geometry": {"type": "LineString", "coordinates": [[11.0236408, 50.9957513], [11.0235217, 50.9955943]]}}, {"type": "Feature", "properties": {}, "geometry": {"type": "LineString", "coordinates": [[11.0236186, 50.9955926], [11.0235217, 50.9955943]]}}, {"type": "Feature", "properties": {}, "geometry": {"type": "LineString", "coordinates": [[11.0236332, 50.9954138], [11.0235217, 50.9955943]]}}, {"type": "Feature", "properties": {}, "geometry": {"type": "LineString", "coordinates": [[11.0234102, 50.9954509], [11.0235217, 50.9955943]]}}, {"type": "Feature", "properties": {}, "geometry": {"type": "LineString", "coordinates": [[11.0231794, 50.9954817], [11.0235217, 50.9955943]]}}, {"type": "Feature", "properties": {}, "geometry": {"type": "LineString", "coordinates": [[11.022966, 50.9955276], [11.0235217, 50.9955943]]}}, {"type": "Feature", "properties": {}, "geometry": {"type": "LineString", "coordinates": [[11.0223097, 50.9959632], [11.0223395, 50.9959751]]}}, {"type": "Feature", "properties": {}, "geometry": {"type": "LineString", "coordinates": [[11.0226373, 50.9961364], [11.0226835, 50.9961444]]}}, {"type": "Feature", "properties": {}, "geometry": {"type": "LineString", "coordinates": [[11.0205999, 51.001441], [11.0206517, 51.0014617]]}}, {"type": "Feature", "properties": {}, "geometry": {"type": "LineString", "coordinates": [[11.0217443, 51.0016937], [11.021818, 51.0017995]]}}, {"type": "Feature", "properties": {}, "geometry": {"type": "LineString", "coordinates": [[11.0200025, 51.0002157], [11.0200064, 51.0002285]]}}, {"type": "Feature", "properties": {}, "geometry": {"type": "LineString", "coordinates": [[11.021825, 50.9951811], [11.0218477, 50.9951681]]}}, {"type": "Feature", "properties": {}, "geometry": {"type": "LineString", "coordinates": [[11.0222112, 50.995195], [11.0222425, 50.9952075]]}}, {"type": "Feature", "properties": {}, "geometry": {"type": "LineString", "coordinates": [[11.0209435, 50.9949531], [11.0211236, 50.9950727]]}}, {"type": "Feature", "properties": {}, "geometry": {"type": "LineString", "coordinates": [[11.0212222, 50.9951626], [11.0211236, 50.9950727]]}}, {"type": "Feature", "properties": {}, "geometry": {"type": "LineString", "coordinates": [[11.0209517, 50.9982036], [11.0209227, 50.9984209]]}}, {"type": "Feature", "properties": {}, "geometry": {"type": "LineString", "coordinates": [[11.0209517, 50.9982036], [11.0210351, 50.9981034]]}}, {"type": "Feature", "properties": {}, "geometry": {"type": "LineString", "coordinates": [[11.0209188, 50.9980782], [11.0210351, 50.9981034]]}}, {"type": "Feature", "properties": {}, "geometry": {"type": "LineString", "coordinates": [[11.0209188, 50.9980782], [11.0209227, 50.9984209]]}}, {"type": "Feature", "properties": {}, "geometry": {"type": "LineString", "coordinates": [[11.0210719, 50.9981227], [11.0210351, 50.9981034]]}}, {"type": "Feature", "properties": {}, "geometry": {"type": "LineString", "coordinates": [[11.0210719, 50.9981227], [11.0209227, 50.9984209]]}}, {"type": "Feature", "properties": {}, "geometry": {"type": "LineString", "coordinates": [[11.0199988, 50.9974864], [11.020008, 50.9975023]]}}, {"type": "Feature", "properties": {}, "geometry": {"type": "LineString", "coordinates": [[11.0201901, 50.9975325], [11.0201844, 50.9975484]]}}, {"type": "Feature", "properties": {}, "geometry": {"type": "LineString", "coordinates": [[11.022954, 50.9948238], [11.0229763, 50.9948185]]}}, {"type": "Feature", "properties": {}, "geometry": {"type": "LineString", "coordinates": [[11.022954, 50.9948238], [11.0228919, 50.9947832]]}}, {"type": "Feature", "properties": {}, "geometry": {"type": "LineString", "coordinates": [[11.0225241, 50.995255], [11.0225389, 50.9952368]]}}, {"type": "Feature", "properties": {}, "geometry": {"type": "LineString", "coordinates": [[11.0228694, 50.9948001], [11.0228919, 50.9947832]]}}, {"type": "Feature", "properties": {}, "geometry": {"type": "LineString", "coordinates": [[11.0228694, 50.9948001], [11.0229763, 50.9948185]]}}, {"type": "Feature", "properties": {}, "geometry": {"type": "LineString", "coordinates": [[11.0235674, 50.9951329], [11.0235993, 50.9951404]]}}, {"type": "Feature", "properties": {}, "geometry": {"type": "LineString", "coordinates": [[11.0229422, 50.9928992], [11.0230441, 50.9928776]]}}, {"type": "Feature", "properties": {}, "geometry": {"type": "LineString", "coordinates": [[11.0230323, 50.9928671], [11.0230441, 50.9928776]]}}, {"type": "Feature", "properties": {}, "geometry": {"type": "LineString", "coordinates": [[11.0205589, 50.9910485], [11.0207287, 50.9910691]]}}, {"type": "Feature", "properties": {}, "geometry": {"type": "LineString", "coordinates": [[11.0215776, 50.9917078], [11.0216264, 50.9917046]]}}, {"type": "Feature", "properties": {}, "geometry": {"type": "LineString", "coordinates": [[11.0215742, 50.9918391], [11.0215796, 50.9918617]]}}, {"type": "Feature", "properties": {}, "geometry": {"type": "LineString", "coordinates": [[11.0214718, 50.9919121], [11.0215796, 50.9918617]]}}, {"type": "Feature", "properties": {}, "geometry": {"type": "LineString", "coordinates": [[11.0290006, 50.9970776], [11.0290334, 50.997071]]}}, {"type": "Feature", "properties": {}, "geometry": {"type": "LineString", "coordinates": [[11.0295571, 51.0005069], [11.0295185, 51.0004329]]}}, {"type": "Feature", "properties": {}, "geometry": {"type": "LineString", "coordinates": [[11.029426, 51.0004891], [11.0295185, 51.0004329]]}}, {"type": "Feature", "properties": {}, "geometry": {"type": "LineString", "coordinates": [[11.0295933, 50.9998492], [11.029639, 50.9998367]]}}, {"type": "Feature", "properties": {}, "geometry": {"type": "LineString", "coordinates": [[11.0296172, 50.9997596], [11.029639, 50.9998367]]}}, {"type": "Feature", "properties": {}, "geometry": {"type": "LineString", "coordinates": [[11.0230188, 51.0017443], [11.0226312, 51.0016935]]}}, {"type": "Feature", "properties": {}, "geometry": {"type": "LineString", "coordinates": [[11.0230188, 51.0017443], [11.0231383, 51.0015951]]}}, {"type": "Feature", "properties": {}, "geometry": {"type": "LineString", "coordinates": [[11.0250304, 51.0006472], [11.0250659, 51.0006567]]}}, {"type": "Feature", "properties": {}, "geometry": {"type": "LineString", "coordinates": [[11.0250303, 51.000482], [11.0250714, 51.0004865]]}}, {"type": "Feature", "properties": {}, "geometry": {"type": "LineString", "coordinates": [[11.0231313, 51.0015906], [11.0231383, 51.0015951]]}}, {"type": "Feature", "properties": {}, "geometry": {"type": "LineString", "coordinates": [[11.0231313, 51.0015906], [11.0226312, 51.0016935]]}}, {"type": "Feature", "properties": {}, "geometry": {"type": "LineString", "coordinates": [[11.0224394, 50.9960892], [11.0223395, 50.9959751]]}}, {"type": "Feature", "properties": {}, "geometry": {"type": "LineString", "coordinates": [[11.0224394, 50.9960892], [11.0226835, 50.9961444]]}}, {"type": "Feature", "properties": {}, "geometry": {"type": "LineString", "coordinates": [[11.0408951, 50.9978701], [11.0409331, 50.9978786]]}}, {"type": "Feature", "properties": {}, "geometry": {"type": "LineString", "coordinates": [[11.0412896, 50.9958875], [11.0413844, 50.9959306]]}}, {"type": "Feature", "properties": {}, "geometry": {"type": "LineString", "coordinates": [[11.0305305, 50.9919368], [11.0305619, 50.9919423]]}}, {"type": "Feature", "properties": {}, "geometry": {"type": "LineString", "coordinates": [[11.0302714, 50.9958203], [11.0303982, 50.9958454]]}}, {"type": "Feature", "properties": {}, "geometry": {"type": "LineString", "coordinates": [[11.0319237, 50.9958279], [11.0319758, 50.995828]]}}, {"type": "Feature", "properties": {}, "geometry": {"type": "LineString", "coordinates": [[11.0310472, 50.9921114], [11.0310882, 50.9921138]]}}, {"type": "Feature", "properties": {}, "geometry": {"type": "LineString", "coordinates": [[11.0338629, 50.993964], [11.0340455, 50.9940319]]}}, {"type": "Feature", "properties": {}, "geometry": {"type": "LineString", "coordinates": [[11.0329907, 50.9915905], [11.0330236, 50.9915943]]}}, {"type": "Feature", "properties": {}, "geometry": {"type": "LineString", "coordinates": [[11.0319281, 50.9962987], [11.0319828, 50.996299]]}}, {"type": "Feature", "properties": {}, "geometry": {"type": "LineString", "coordinates": [[11.0270976, 50.9957725], [11.0271498, 50.9957864]]}}, {"type": "Feature", "properties": {}, "geometry": {"type": "LineString", "coordinates": [[11.0329483, 50.9920923], [11.0330035, 50.9920982]]}}, {"type": "Feature", "properties": {}, "geometry": {"type": "LineString", "coordinates": [[11.0329963, 50.9928483], [11.0330552, 50.9928513]]}}, {"type": "Feature", "properties": {}, "geometry": {"type": "LineString", "coordinates": [[11.0323926, 50.9922554], [11.0324316, 50.9922579]]}}, {"type": "Feature", "properties": {}, "geometry": {"type": "LineString", "coordinates": [[11.0285078, 50.9953719], [11.0285595, 50.9953729]]}}, {"type": "Feature", "properties": {}, "geometry": {"type": "LineString", "coordinates": [[11.0331804, 50.9957463], [11.0332634, 50.9957416]]}}, {"type": "Feature", "properties": {}, "geometry": {"type": "LineString", "coordinates": [[11.0317132, 50.9921953], [11.0317572, 50.9921985]]}}, {"type": "Feature", "properties": {}, "geometry": {"type": "LineString", "coordinates": [[11.0339211, 50.9961513], [11.0339561, 50.9961549]]}}, {"type": "Feature", "properties": {}, "geometry": {"type": "LineString", "coordinates": [[11.0339211, 50.9961513], [11.0342815, 50.9958785]]}}, {"type": "Feature", "properties": {}, "geometry": {"type": "LineString", "coordinates": [[11.0281403, 50.9924772], [11.028093, 50.9923976]]}}, {"type": "Feature", "properties": {}, "geometry": {"type": "LineString", "coordinates": [[11.0288186, 50.9922551], [11.028093, 50.9923976]]}}, {"type": "Feature", "properties": {}, "geometry": {"type": "LineString", "coordinates": [[11.0340369, 50.9952178], [11.0340773, 50.9952143]]}}, {"type": "Feature", "properties": {}, "geometry": {"type": "LineString", "coordinates": [[11.0274005, 50.9920619], [11.028093, 50.9923976]]}}, {"type": "Feature", "properties": {}, "geometry": {"type": "LineString", "coordinates": [[11.0271676, 50.9926608], [11.028093, 50.9923976]]}}, {"type": "Feature", "properties": {}, "geometry": {"type": "LineString", "coordinates": [[11.0302596, 50.9948165], [11.0303185, 50.9948341]]}}, {"type": "Feature", "properties": {}, "geometry": {"type": "LineString", "coordinates": [[11.0433794, 50.9953697], [11.0431684, 50.9954908]]}}, {"type": "Feature", "properties": {}, "geometry": {"type": "LineString", "coordinates": [[11.0423302, 50.9955183], [11.042364, 50.9955274]]}}, {"type": "Feature", "properties": {}, "geometry": {"type": "LineString", "coordinates": [[11.0271021, 50.989093], [11.0276985, 50.989133]]}}, {"type": "Feature", "properties": {}, "geometry": {"type": "LineString", "coordinates": [[11.0275708, 50.989093], [11.0276985, 50.989133]]}}, {"type": "Feature", "properties": {}, "geometry": {"type": "LineString", "coordinates": [[11.0237147, 50.9928394], [11.0237428, 50.9928214]]}}, {"type": "Feature", "properties": {}, "geometry": {"type": "LineString", "coordinates": [[11.0243057, 51.0025943], [11.0243246, 51.0026006]]}}, {"type": "Feature", "properties": {}, "geometry": {"type": "LineString", "coordinates": [[11.0330509, 51.0018241], [11.0329383, 51.0017335]]}}, {"type": "Feature", "properties": {}, "geometry": {"type": "LineString", "coordinates": [[11.0326733, 51.0016714], [11.0329383, 51.0017335]]}}, {"type": "Feature", "properties": {}, "geometry": {"type": "LineString", "coordinates": [[11.027388, 51.0003622], [11.0273145, 51.0003562]]}}, {"type": "Feature", "properties": {}, "geometry": {"type": "LineString", "coordinates": [[11.027388, 51.0003622], [11.0276004, 51.0004169]]}}, {"type": "Feature", "properties": {}, "geometry": {"type": "LineString", "coordinates": [[11.0239487, 51.0004882], [11.0239623, 51.0004951]]}}, {"type": "Feature", "properties": {}, "geometry": {"type": "LineString", "coordinates": [[11.0239872, 50.9924416], [11.0238078, 50.9920313]]}}, {"type": "Feature", "properties": {}, "geometry": {"type": "LineString", "coordinates": [[11.0396081, 50.9894858], [11.0396812, 50.9894968]]}}, {"type": "Feature", "properties": {}, "geometry": {"type": "LineString", "coordinates": [[11.0387515, 50.9881667], [11.0387805, 50.9881659]]}}, {"type": "Feature", "properties": {}, "geometry": {"type": "LineString", "coordinates": [[11.0387515, 50.9881667], [11.038895, 50.9881726]]}}, {"type": "Feature", "properties": {}, "geometry": {"type": "LineString", "coordinates": [[11.0402402, 50.9884943], [11.040327, 50.9885301]]}}, {"type": "Feature", "properties": {}, "geometry": {"type": "LineString", "coordinates": [[11.0402949, 50.9885546], [11.040327, 50.9885301]]}}, {"type": "Feature", "properties": {}, "geometry": {"type": "LineString", "coordinates": [[11.0403454, 50.9884654], [11.040327, 50.9885301]]}}, {"type": "Feature", "properties": {}, "geometry": {"type": "LineString", "coordinates": [[11.038349, 50.9878956], [11.0384117, 50.9879048]]}}, {"type": "Feature", "properties": {}, "geometry": {"type": "LineString", "coordinates": [[11.038349, 50.9878956], [11.0386255, 50.9877703]]}}, {"type": "Feature", "properties": {}, "geometry": {"type": "LineString", "coordinates": [[11.039507, 50.9891169], [11.0396574, 50.989118]]}}, {"type": "Feature", "properties": {}, "geometry": {"type": "LineString", "coordinates": [[11.039507, 50.9891169], [11.0395265, 50.9891263]]}}, {"type": "Feature", "properties": {}, "geometry": {"type": "LineString", "coordinates": [[11.0384817, 50.9882667], [11.0389032, 50.9887234]]}}, {"type": "Feature", "properties": {}, "geometry": {"type": "LineString", "coordinates": [[11.0392221, 50.989195], [11.0389032, 50.9887234]]}}, {"type": "Feature", "properties": {}, "geometry": {"type": "LineString", "coordinates": [[11.0389046, 50.988714], [11.0389032, 50.9887234]]}}, {"type": "Feature", "properties": {}, "geometry": {"type": "LineString", "coordinates": [[11.023395, 50.9899169], [11.0232505, 50.9904411]]}}, {"type": "Feature", "properties": {}, "geometry": {"type": "LineString", "coordinates": [[11.0265625, 50.9944236], [11.0265916, 50.9944288]]}}, {"type": "Feature", "properties": {}, "geometry": {"type": "LineString", "coordinates": [[11.0336943, 50.9876385], [11.0337525, 50.9876275]]}}, {"type": "Feature", "properties": {}, "geometry": {"type": "LineString", "coordinates": [[11.0336943, 50.9876385], [11.0342218, 50.987508]]}}, {"type": "Feature", "properties": {}, "geometry": {"type": "LineString", "coordinates": [[11.0448343, 50.9887919], [11.0448219, 50.9887909]]}}, {"type": "Feature", "properties": {}, "geometry": {"type": "LineString", "coordinates": [[11.0442801, 50.9884884], [11.0443915, 50.9886323]]}}, {"type": "Feature", "properties": {}, "geometry": {"type": "LineString", "coordinates": [[11.0442801, 50.9884884], [11.0438994, 50.9884219]]}}, {"type": "Feature", "properties": {}, "geometry": {"type": "LineString", "coordinates": [[11.0444256, 50.9886344], [11.0443915, 50.9886323]]}}, {"type": "Feature", "properties": {}, "geometry": {"type": "LineString", "coordinates": [[11.0444256, 50.9886344], [11.0438994, 50.9884219]]}}, {"type": "Feature", "properties": {}, "geometry": {"type": "LineString", "coordinates": [[11.0439482, 50.9884413], [11.0438994, 50.9884219]]}}, {"type": "Feature", "properties": {}, "geometry": {"type": "LineString", "coordinates": [[11.0439482, 50.9884413], [11.0443915, 50.9886323]]}}, {"type": "Feature", "properties": {}, "geometry": {"type": "LineString", "coordinates": [[11.0402243, 50.9869777], [11.0402434, 50.9869817]]}}, {"type": "Feature", "properties": {}, "geometry": {"type": "LineString", "coordinates": [[11.0426549, 50.9887849], [11.042672, 50.9888127]]}}, {"type": "Feature", "properties": {}, "geometry": {"type": "LineString", "coordinates": [[11.0383317, 50.9895417], [11.0384534, 50.9895399]]}}, {"type": "Feature", "properties": {}, "geometry": {"type": "LineString", "coordinates": [[11.0441764, 50.9906248], [11.044179, 50.9906147]]}}, {"type": "Feature", "properties": {}, "geometry": {"type": "LineString", "coordinates": [[11.0227025, 50.9979899], [11.0227265, 50.9979885]]}}, {"type": "Feature", "properties": {}, "geometry": {"type": "LineString", "coordinates": [[11.0454984, 50.9909154], [11.0454998, 50.9909168]]}}, {"type": "Feature", "properties": {}, "geometry": {"type": "LineString", "coordinates": [[11.0237089, 50.9909063], [11.0238134, 50.990902]]}}, {"type": "Feature", "properties": {}, "geometry": {"type": "LineString", "coordinates": [[11.0237089, 50.9909063], [11.0237289, 50.9909124]]}}, {"type": "Feature", "properties": {}, "geometry": {"type": "LineString", "coordinates": [[11.0227928, 50.9917783], [11.0228095, 50.9917791]]}}, {"type": "Feature", "properties": {}, "geometry": {"type": "LineString", "coordinates": [[11.0325392, 50.9902814], [11.0325756, 50.9902756]]}}, {"type": "Feature", "properties": {}, "geometry": {"type": "LineString", "coordinates": [[11.0322816, 50.9905177], [11.0323076, 50.9905298]]}}, {"type": "Feature", "properties": {}, "geometry": {"type": "LineString", "coordinates": [[11.0319386, 50.9902047], [11.0318951, 50.9903359]]}}, {"type": "Feature", "properties": {}, "geometry": {"type": "LineString", "coordinates": [[11.0309309, 50.990595], [11.0309781, 50.9906002]]}}, {"type": "Feature", "properties": {}, "geometry": {"type": "LineString", "coordinates": [[11.0319167, 50.9907518], [11.0319611, 50.9907651]]}}, {"type": "Feature", "properties": {}, "geometry": {"type": "LineString", "coordinates": [[11.0274726, 51.0010457], [11.0274759, 51.0010593]]}}, {"type": "Feature", "properties": {}, "geometry": {"type": "LineString", "coordinates": [[11.0274726, 51.0010457], [11.0275575, 51.0009841]]}}, {"type": "Feature", "properties": {}, "geometry": {"type": "LineString", "coordinates": [[11.0270741, 51.0011458], [11.0270762, 51.0011496]]}}, {"type": "Feature", "properties": {}, "geometry": {"type": "LineString", "coordinates": [[11.0263571, 51.0009698], [11.0263562, 51.0009742]]}}, {"type": "Feature", "properties": {}, "geometry": {"type": "LineString", "coordinates": [[11.0399686, 50.9899982], [11.0400031, 50.9900097]]}}, {"type": "Feature", "properties": {}, "geometry": {"type": "LineString", "coordinates": [[11.048007, 51.0002944], [11.0479592, 51.0003007]]}}, {"type": "Feature", "properties": {}, "geometry": {"type": "LineString", "coordinates": [[11.0239147, 50.986609], [11.0239476, 50.9866232]]}}, {"type": "Feature", "properties": {}, "geometry": {"type": "LineString", "coordinates": [[11.045803, 50.9942533], [11.0458117, 50.9942554]]}}, {"type": "Feature", "properties": {}, "geometry": {"type": "LineString", "coordinates": [[11.0459687, 50.9943648], [11.0459838, 50.9943674]]}}, {"type": "Feature", "properties": {}, "geometry": {"type": "LineString", "coordinates": [[11.0455239, 50.9940198], [11.0454999, 50.99401]]}}, {"type": "Feature", "properties": {}, "geometry": {"type": "LineString", "coordinates": [[11.0462115, 50.9946191], [11.0462327, 50.9946234]]}}, {"type": "Feature", "properties": {}, "geometry": {"type": "LineString", "coordinates": [[11.0456329, 50.994137], [11.0456578, 50.9941317]]}}, {"type": "Feature", "properties": {}, "geometry": {"type": "LineString", "coordinates": [[11.045181, 50.9940086], [11.0452023, 50.9940066]]}}, {"type": "Feature", "properties": {}, "geometry": {"type": "LineString", "coordinates": [[11.0262763, 50.9849739], [11.0263198, 50.9849796]]}}, {"type": "Feature", "properties": {}, "geometry": {"type": "LineString", "coordinates": [[11.0225266, 50.9863052], [11.0225571, 50.986315]]}}, {"type": "Feature", "properties": {}, "geometry": {"type": "LineString", "coordinates": [[11.0227223, 50.9862249], [11.0227612, 50.9862359]]}}, {"type": "Feature", "properties": {}, "geometry": {"type": "LineString", "coordinates": [[11.0334376, 50.9854843], [11.0334784, 50.9854989]]}}, {"type": "Feature", "properties": {}, "geometry": {"type": "LineString", "coordinates": [[11.0445652, 50.9890683], [11.044504, 50.9890551]]}}, {"type": "Feature", "properties": {}, "geometry": {"type": "LineString", "coordinates": [[11.0443805, 50.9890101], [11.044504, 50.9890551]]}}, {"type": "Feature", "properties": {}, "geometry": {"type": "LineString", "coordinates": [[11.0344339, 50.9852112], [11.0344392, 50.9852229]]}}, {"type": "Feature", "properties": {}, "geometry": {"type": "LineString", "coordinates": [[11.034354, 50.9852303], [11.0344392, 50.9852229]]}}, {"type": "Feature", "properties": {}, "geometry": {"type": "LineString", "coordinates": [[11.0353929, 50.9849974], [11.0354695, 50.9850008]]}}, {"type": "Feature", "properties": {}, "geometry": {"type": "LineString", "coordinates": [[11.0389662, 50.9853211], [11.0389304, 50.9852284]]}}, {"type": "Feature", "properties": {}, "geometry": {"type": "LineString", "coordinates": [[11.0388855, 50.985209], [11.0389304, 50.9852284]]}}, {"type": "Feature", "properties": {}, "geometry": {"type": "LineString", "coordinates": [[11.0434027, 50.9858283], [11.0437093, 50.9855481]]}}, {"type": "Feature", "properties": {}, "geometry": {"type": "LineString", "coordinates": [[11.0440814, 50.9852588], [11.0437093, 50.9855481]]}}, {"type": "Feature", "properties": {}, "geometry": {"type": "LineString", "coordinates": [[11.0430959, 50.9860857], [11.0437093, 50.9855481]]}}, {"type": "Feature", "properties": {}, "geometry": {"type": "LineString", "coordinates": [[11.0395212, 50.9855872], [11.0395615, 50.9855732]]}}, {"type": "Feature", "properties": {}, "geometry": {"type": "LineString", "coordinates": [[11.0281803, 50.9870197], [11.0282787, 50.9869486]]}}, {"type": "Feature", "properties": {}, "geometry": {"type": "LineString", "coordinates": [[11.038254, 50.9862416], [11.0381892, 50.9862237]]}}, {"type": "Feature", "properties": {}, "geometry": {"type": "LineString", "coordinates": [[11.0406804, 50.9857747], [11.0407739, 50.9861197]]}}, {"type": "Feature", "properties": {}, "geometry": {"type": "LineString", "coordinates": [[11.0393952, 50.9919228], [11.0394656, 50.9919096]]}}, {"type": "Feature", "properties": {}, "geometry": {"type": "LineString", "coordinates": [[11.0482113, 50.9945764], [11.0480904, 50.9946364]]}}, {"type": "Feature", "properties": {}, "geometry": {"type": "LineString", "coordinates": [[11.0490118, 50.9855747], [11.0489994, 50.9855776]]}}, {"type": "Feature", "properties": {}, "geometry": {"type": "LineString", "coordinates": [[11.0225396, 50.9987847], [11.022553, 50.9987904]]}}, {"type": "Feature", "properties": {}, "geometry": {"type": "LineString", "coordinates": [[11.0230465, 50.99891], [11.0230676, 50.9989213]]}}, {"type": "Feature", "properties": {}, "geometry": {"type": "LineString", "coordinates": [[11.0227603, 50.9988841], [11.0227702, 50.9988868]]}}, {"type": "Feature", "properties": {}, "geometry": {"type": "LineString", "coordinates": [[11.0227434, 50.999065], [11.0227554, 50.9990658]]}}, {"type": "Feature", "properties": {}, "geometry": {"type": "LineString", "coordinates": [[11.0229955, 50.9992525], [11.022991, 50.9992597]]}}, {"type": "Feature", "properties": {}, "geometry": {"type": "LineString", "coordinates": [[11.023389, 50.9996129], [11.023126, 50.9996626]]}}, {"type": "Feature", "properties": {}, "geometry": {"type": "LineString", "coordinates": [[11.0230867, 50.9996819], [11.023126, 50.9996626]]}}, {"type": "Feature", "properties": {}, "geometry": {"type": "LineString", "coordinates": [[11.0229389, 50.9994351], [11.0229318, 50.9994387]]}}, {"type": "Feature", "properties": {}, "geometry": {"type": "LineString", "coordinates": [[11.022686, 50.9994518], [11.0226788, 50.9994532]]}}, {"type": "Feature", "properties": {}, "geometry": {"type": "LineString", "coordinates": [[11.0226511, 50.9996721], [11.023126, 50.9996626]]}}, {"type": "Feature", "properties": {}, "geometry": {"type": "LineString", "coordinates": [[11.0222047, 50.9997529], [11.0223357, 50.9997428]]}}, {"type": "Feature", "properties": {}, "geometry": {"type": "LineString", "coordinates": [[11.0223037, 50.9995609], [11.0223003, 50.9995709]]}}, {"type": "Feature", "properties": {}, "geometry": {"type": "LineString", "coordinates": [[11.0222957, 50.999202], [11.0223232, 50.9991971]]}}, {"type": "Feature", "properties": {}, "geometry": {"type": "LineString", "coordinates": [[11.0223125, 50.9990842], [11.0223268, 50.9990876]]}}, {"type": "Feature", "properties": {}, "geometry": {"type": "LineString", "coordinates": [[11.0223005, 50.9988383], [11.022325, 50.9988337]]}}, {"type": "Feature", "properties": {}, "geometry": {"type": "LineString", "coordinates": [[11.030517, 50.9915142], [11.0305456, 50.9915137]]}}, {"type": "Feature", "properties": {}, "geometry": {"type": "LineString", "coordinates": [[11.0432342, 50.990634], [11.0432146, 50.9908199]]}}, {"type": "Feature", "properties": {}, "geometry": {"type": "LineString", "coordinates": [[11.0432101, 50.9910511], [11.0432146, 50.9908199]]}}, {"type": "Feature", "properties": {}, "geometry": {"type": "LineString", "coordinates": [[11.0408681, 50.9919568], [11.0419187, 50.9922664]]}}, {"type": "Feature", "properties": {}, "geometry": {"type": "LineString", "coordinates": [[11.0413349, 50.9919466], [11.0419187, 50.9922664]]}}, {"type": "Feature", "properties": {}, "geometry": {"type": "LineString", "coordinates": [[11.0414923, 50.9919449], [11.0419187, 50.9922664]]}}, {"type": "Feature", "properties": {}, "geometry": {"type": "LineString", "coordinates": [[11.041432, 50.9919453], [11.0419187, 50.9922664]]}}, {"type": "Feature", "properties": {}, "geometry": {"type": "LineString", "coordinates": [[11.0429905, 50.9955364], [11.0431684, 50.9954908]]}}, {"type": "Feature", "properties": {}, "geometry": {"type": "LineString", "coordinates": [[11.028145, 50.9976661], [11.0281887, 50.9976746]]}}, {"type": "Feature", "properties": {}, "geometry": {"type": "LineString", "coordinates": [[11.0302357, 50.9889717], [11.03023, 50.9887503]]}}, {"type": "Feature", "properties": {}, "geometry": {"type": "LineString", "coordinates": [[11.0312289, 50.9866508], [11.0325757, 50.9865496]]}}, {"type": "Feature", "properties": {}, "geometry": {"type": "LineString", "coordinates": [[11.0288559, 50.9881451], [11.0291666, 50.9884099]]}}, {"type": "Feature", "properties": {}, "geometry": {"type": "LineString", "coordinates": [[11.0289026, 50.9880298], [11.0291666, 50.9884099]]}}, {"type": "Feature", "properties": {}, "geometry": {"type": "LineString", "coordinates": [[11.0289265, 50.9879156], [11.0291666, 50.9884099]]}}, {"type": "Feature", "properties": {}, "geometry": {"type": "LineString", "coordinates": [[11.0309282, 50.9979019], [11.0309741, 50.9979888]]}}, {"type": "Feature", "properties": {}, "geometry": {"type": "LineString", "coordinates": [[11.0315378, 50.9973362], [11.0316325, 50.9973549]]}}, {"type": "Feature", "properties": {}, "geometry": {"type": "LineString", "coordinates": [[11.0315378, 50.9973362], [11.0314363, 50.9978679]]}}, {"type": "Feature", "properties": {}, "geometry": {"type": "LineString", "coordinates": [[11.0315666, 50.9975808], [11.031629, 50.9975992]]}}, {"type": "Feature", "properties": {}, "geometry": {"type": "LineString", "coordinates": [[11.0315666, 50.9975808], [11.0314363, 50.9978679]]}}, {"type": "Feature", "properties": {}, "geometry": {"type": "LineString", "coordinates": [[11.030538, 50.9981882], [11.0306006, 50.998202]]}}, {"type": "Feature", "properties": {}, "geometry": {"type": "LineString", "coordinates": [[11.0315955, 50.9970771], [11.0317942, 50.9969134]]}}, {"type": "Feature", "properties": {}, "geometry": {"type": "LineString", "coordinates": [[11.0317649, 50.997125], [11.0317942, 50.9969134]]}}, {"type": "Feature", "properties": {}, "geometry": {"type": "LineString", "coordinates": [[11.0315681, 50.9977328], [11.0314363, 50.9978679]]}}, {"type": "Feature", "properties": {}, "geometry": {"type": "LineString", "coordinates": [[11.0315681, 50.9977328], [11.0317157, 50.9977943]]}}, {"type": "Feature", "properties": {}, "geometry": {"type": "LineString", "coordinates": [[11.0315681, 50.9977328], [11.031629, 50.9975992]]}}, {"type": "Feature", "properties": {}, "geometry": {"type": "LineString", "coordinates": [[11.0317532, 50.99769], [11.0317157, 50.9977943]]}}, {"type": "Feature", "properties": {}, "geometry": {"type": "LineString", "coordinates": [[11.0317532, 50.99769], [11.031629, 50.9975992]]}}, {"type": "Feature", "properties": {}, "geometry": {"type": "LineString", "coordinates": [[11.0317532, 50.99769], [11.0317601, 50.9974381]]}}, {"type": "Feature", "properties": {}, "geometry": {"type": "LineString", "coordinates": [[11.0240242, 50.9943891], [11.0240692, 50.9943977]]}}, {"type": "Feature", "properties": {}, "geometry": {"type": "LineString", "coordinates": [[11.0218724, 50.9915355], [11.0219282, 50.9915281]]}}, {"type": "Feature", "properties": {}, "geometry": {"type": "LineString", "coordinates": [[11.0223605, 50.9940977], [11.0223876, 50.9941036]]}}, {"type": "Feature", "properties": {}, "geometry": {"type": "LineString", "coordinates": [[11.0271807, 50.9976609], [11.0272834, 50.9976598]]}}, {"type": "Feature", "properties": {}, "geometry": {"type": "LineString", "coordinates": [[11.0271807, 50.9976609], [11.0269408, 50.9977447]]}}, {"type": "Feature", "properties": {}, "geometry": {"type": "LineString", "coordinates": [[11.0285751, 51.0005848], [11.0285927, 51.00059]]}}, {"type": "Feature", "properties": {}, "geometry": {"type": "LineString", "coordinates": [[11.0285069, 51.0005373], [11.0284377, 51.000536]]}}, {"type": "Feature", "properties": {}, "geometry": {"type": "LineString", "coordinates": [[11.0285069, 51.0005373], [11.0285927, 51.00059]]}}, {"type": "Feature", "properties": {}, "geometry": {"type": "LineString", "coordinates": [[11.0283946, 51.0005262], [11.0284377, 51.000536]]}}, {"type": "Feature", "properties": {}, "geometry": {"type": "LineString", "coordinates": [[11.0283946, 51.0005262], [11.0285927, 51.00059]]}}, {"type": "Feature", "properties": {}, "geometry": {"type": "LineString", "coordinates": [[11.0380099, 50.9861691], [11.0381892, 50.9862237]]}}, {"type": "Feature", "properties": {}, "geometry": {"type": "LineString", "coordinates": [[11.0281788, 51.0000688], [11.0281973, 51.0000742]]}}, {"type": "Feature", "properties": {}, "geometry": {"type": "LineString", "coordinates": [[11.0326725, 50.9918098], [11.0326891, 50.9918172]]}}, {"type": "Feature", "properties": {}, "geometry": {"type": "LineString", "coordinates": [[11.0263418, 50.9875279], [11.0264949, 50.9879048]]}}, {"type": "Feature", "properties": {}, "geometry": {"type": "LineString", "coordinates": [[11.0260599, 50.9882959], [11.0264949, 50.9879048]]}}, {"type": "Feature", "properties": {}, "geometry": {"type": "LineString", "coordinates": [[11.0242949, 50.9889823], [11.0242573, 50.9891513]]}}, {"type": "Feature", "properties": {}, "geometry": {"type": "LineString", "coordinates": [[11.0242949, 50.9889823], [11.0247203, 50.9889268]]}}, {"type": "Feature", "properties": {}, "geometry": {"type": "LineString", "coordinates": [[11.0240223, 50.9889413], [11.0242573, 50.9891513]]}}, {"type": "Feature", "properties": {}, "geometry": {"type": "LineString", "coordinates": [[11.0241269, 50.9888174], [11.0242573, 50.9891513]]}}, {"type": "Feature", "properties": {}, "geometry": {"type": "LineString", "coordinates": [[11.0244557, 50.9887994], [11.0244795, 50.9888129]]}}, {"type": "Feature", "properties": {}, "geometry": {"type": "LineString", "coordinates": [[11.0333216, 50.987556], [11.0340585, 50.9879749]]}}, {"type": "Feature", "properties": {}, "geometry": {"type": "LineString", "coordinates": [[11.0341661, 50.9875018], [11.0342218, 50.987508]]}}, {"type": "Feature", "properties": {}, "geometry": {"type": "LineString", "coordinates": [[11.0341661, 50.9875018], [11.0337525, 50.9876275]]}}, {"type": "Feature", "properties": {}, "geometry": {"type": "LineString", "coordinates": [[11.0350369, 50.9875467], [11.0351024, 50.9875533]]}}, {"type": "Feature", "properties": {}, "geometry": {"type": "LineString", "coordinates": [[11.0237028, 50.9926666], [11.0237428, 50.9928214]]}}, {"type": "Feature", "properties": {}, "geometry": {"type": "LineString", "coordinates": [[11.0252168, 50.9922299], [11.0248674, 50.992303]]}}, {"type": "Feature", "properties": {}, "geometry": {"type": "LineString", "coordinates": [[11.0237083, 50.9927463], [11.0237428, 50.9928214]]}}, {"type": "Feature", "properties": {}, "geometry": {"type": "LineString", "coordinates": [[11.0251635, 50.9923506], [11.0248674, 50.992303]]}}, {"type": "Feature", "properties": {}, "geometry": {"type": "LineString", "coordinates": [[11.0230146, 50.9895138], [11.0235333, 50.9890865]]}}, {"type": "Feature", "properties": {}, "geometry": {"type": "LineString", "coordinates": [[11.0239025, 50.9885423], [11.0235333, 50.9890865]]}}, {"type": "Feature", "properties": {}, "geometry": {"type": "LineString", "coordinates": [[11.023212, 50.9892827], [11.0235333, 50.9890865]]}}, {"type": "Feature", "properties": {}, "geometry": {"type": "LineString", "coordinates": [[11.0233048, 50.9891788], [11.0235333, 50.9890865]]}}, {"type": "Feature", "properties": {}, "geometry": {"type": "LineString", "coordinates": [[11.0241162, 50.9885514], [11.0235333, 50.9890865]]}}, {"type": "Feature", "properties": {}, "geometry": {"type": "LineString", "coordinates": [[11.0234938, 50.9889672], [11.0235333, 50.9890865]]}}, {"type": "Feature", "properties": {}, "geometry": {"type": "LineString", "coordinates": [[11.0233987, 50.9890736], [11.0235333, 50.9890865]]}}, {"type": "Feature", "properties": {}, "geometry": {"type": "LineString", "coordinates": [[11.0235891, 50.9888604], [11.0235333, 50.9890865]]}}, {"type": "Feature", "properties": {}, "geometry": {"type": "LineString", "coordinates": [[11.023683, 50.9887554], [11.0235333, 50.9890865]]}}, {"type": "Feature", "properties": {}, "geometry": {"type": "LineString", "coordinates": [[11.0232472, 50.9895481], [11.0235333, 50.9890865]]}}, {"type": "Feature", "properties": {}, "geometry": {"type": "LineString", "coordinates": [[11.0231194, 50.9893903], [11.0235333, 50.9890865]]}}, {"type": "Feature", "properties": {}, "geometry": {"type": "LineString", "coordinates": [[11.0237679, 50.988663], [11.0235333, 50.9890865]]}}, {"type": "Feature", "properties": {}, "geometry": {"type": "LineString", "coordinates": [[11.0234292, 50.989574], [11.0235333, 50.9890865]]}}, {"type": "Feature", "properties": {}, "geometry": {"type": "LineString", "coordinates": [[11.0234292, 50.989574], [11.0247361, 50.9892721]]}}, {"type": "Feature", "properties": {}, "geometry": {"type": "LineString", "coordinates": [[11.0232355, 51.0028615], [11.0232514, 51.0028677]]}}, {"type": "Feature", "properties": {}, "geometry": {"type": "LineString", "coordinates": [[11.0240018, 51.0030758], [11.024018, 51.003084]]}}, {"type": "Feature", "properties": {}, "geometry": {"type": "LineString", "coordinates": [[11.0352022, 50.9888309], [11.0351908, 50.9889549]]}}, {"type": "Feature", "properties": {}, "geometry": {"type": "LineString", "coordinates": [[11.0350365, 50.9890751], [11.0351908, 50.9889549]]}}, {"type": "Feature", "properties": {}, "geometry": {"type": "LineString", "coordinates": [[11.0332658, 50.9896562], [11.0333122, 50.9896807]]}}, {"type": "Feature", "properties": {}, "geometry": {"type": "LineString", "coordinates": [[11.0355982, 50.9888431], [11.0355283, 50.98901]]}}, {"type": "Feature", "properties": {}, "geometry": {"type": "LineString", "coordinates": [[11.0331585, 50.9879062], [11.0340585, 50.9879749]]}}, {"type": "Feature", "properties": {}, "geometry": {"type": "LineString", "coordinates": [[11.0330906, 50.9880395], [11.0340585, 50.9879749]]}}, {"type": "Feature", "properties": {}, "geometry": {"type": "LineString", "coordinates": [[11.0334968, 50.9904444], [11.0334141, 50.9906603]]}}, {"type": "Feature", "properties": {}, "geometry": {"type": "LineString", "coordinates": [[11.0332684, 50.9908026], [11.0334141, 50.9906603]]}}, {"type": "Feature", "properties": {}, "geometry": {"type": "LineString", "coordinates": [[11.0364941, 50.9872675], [11.036539, 50.9872728]]}}, {"type": "Feature", "properties": {}, "geometry": {"type": "LineString", "coordinates": [[11.0465239, 50.9852388], [11.0464782, 50.985253]]}}, {"type": "Feature", "properties": {}, "geometry": {"type": "LineString", "coordinates": [[11.0473397, 50.985544], [11.0473113, 50.9855523]]}}, {"type": "Feature", "properties": {}, "geometry": {"type": "LineString", "coordinates": [[11.0456803, 50.9865473], [11.0456361, 50.9865474]]}}, {"type": "Feature", "properties": {}, "geometry": {"type": "LineString", "coordinates": [[11.0448745, 50.9873866], [11.0450249, 50.9871811]]}}, {"type": "Feature", "properties": {}, "geometry": {"type": "LineString", "coordinates": [[11.0457167, 50.9877276], [11.0457109, 50.9877378]]}}, {"type": "Feature", "properties": {}, "geometry": {"type": "LineString", "coordinates": [[11.0464315, 50.9870668], [11.046521, 50.986916]]}}, {"type": "Feature", "properties": {}, "geometry": {"type": "LineString", "coordinates": [[11.0448611, 50.9878682], [11.0447983, 50.9878899]]}}, {"type": "Feature", "properties": {}, "geometry": {"type": "LineString", "coordinates": [[11.0455471, 50.9878962], [11.0455466, 50.987907]]}}, {"type": "Feature", "properties": {}, "geometry": {"type": "LineString", "coordinates": [[11.0459475, 50.9876972], [11.0460483, 50.9875199]]}}, {"type": "Feature", "properties": {}, "geometry": {"type": "LineString", "coordinates": [[11.0465745, 50.9868798], [11.046521, 50.986916]]}}, {"type": "Feature", "properties": {}, "geometry": {"type": "LineString", "coordinates": [[11.0462866, 50.9872827], [11.0460483, 50.9875199]]}}, {"type": "Feature", "properties": {}, "geometry": {"type": "LineString", "coordinates": [[11.0461471, 50.9874274], [11.0460483, 50.9875199]]}}, {"type": "Feature", "properties": {}, "geometry": {"type": "LineString", "coordinates": [[11.0460273, 50.9890163], [11.0459746, 50.9890243]]}}, {"type": "Feature", "properties": {}, "geometry": {"type": "LineString", "coordinates": [[11.04287, 50.9864684], [11.0428446, 50.986476]]}}, {"type": "Feature", "properties": {}, "geometry": {"type": "LineString", "coordinates": [[11.0223597, 50.999739], [11.0223357, 50.9997428]]}}, {"type": "Feature", "properties": {}, "geometry": {"type": "LineString", "coordinates": [[11.0224639, 50.9997297], [11.0223357, 50.9997428]]}}, {"type": "Feature", "properties": {}, "geometry": {"type": "LineString", "coordinates": [[11.0229744, 50.9996941], [11.023126, 50.9996626]]}}, {"type": "Feature", "properties": {}, "geometry": {"type": "LineString", "coordinates": [[11.0231929, 50.9996742], [11.023126, 50.9996626]]}}, {"type": "Feature", "properties": {}, "geometry": {"type": "LineString", "coordinates": [[11.023307, 50.9996661], [11.023126, 50.9996626]]}}, {"type": "Feature", "properties": {}, "geometry": {"type": "LineString", "coordinates": [[11.0234069, 50.9995348], [11.023126, 50.9996626]]}}, {"type": "Feature", "properties": {}, "geometry": {"type": "LineString", "coordinates": [[11.0340446, 50.9876299], [11.034064, 50.9876422]]}}, {"type": "Feature", "properties": {}, "geometry": {"type": "LineString", "coordinates": [[11.0338152, 50.9875939], [11.0337525, 50.9876275]]}}, {"type": "Feature", "properties": {}, "geometry": {"type": "LineString", "coordinates": [[11.0338152, 50.9875939], [11.0342218, 50.987508]]}}, {"type": "Feature", "properties": {}, "geometry": {"type": "LineString", "coordinates": [[11.0411481, 50.9942294], [11.0411677, 50.9942313]]}}, {"type": "Feature", "properties": {}, "geometry": {"type": "LineString", "coordinates": [[11.0204953, 50.9976313], [11.0205376, 50.9976396]]}}, {"type": "Feature", "properties": {}, "geometry": {"type": "LineString", "coordinates": [[11.0309972, 51.0015203], [11.0310284, 51.0014972]]}}, {"type": "Feature", "properties": {}, "geometry": {"type": "LineString", "coordinates": [[11.0309972, 51.0015203], [11.0310754, 51.0016329]]}}, {"type": "Feature", "properties": {}, "geometry": {"type": "LineString", "coordinates": [[11.031037, 51.0013302], [11.0310284, 51.0014972]]}}, {"type": "Feature", "properties": {}, "geometry": {"type": "LineString", "coordinates": [[11.0352915, 51.00126], [11.0352887, 51.0012653]]}}, {"type": "Feature", "properties": {}, "geometry": {"type": "LineString", "coordinates": [[11.0437084, 50.9910332], [11.043658, 50.9906702]]}}, {"type": "Feature", "properties": {}, "geometry": {"type": "LineString", "coordinates": [[11.0437105, 50.9909261], [11.043658, 50.9906702]]}}, {"type": "Feature", "properties": {}, "geometry": {"type": "LineString", "coordinates": [[11.0437105, 50.9909261], [11.0435021, 50.9908372]]}}, {"type": "Feature", "properties": {}, "geometry": {"type": "LineString", "coordinates": [[11.043689, 50.9908606], [11.043658, 50.9906702]]}}, {"type": "Feature", "properties": {}, "geometry": {"type": "LineString", "coordinates": [[11.043689, 50.9908606], [11.0435021, 50.9908372]]}}, {"type": "Feature", "properties": {}, "geometry": {"type": "LineString", "coordinates": [[11.043691, 50.9907589], [11.043658, 50.9906702]]}}, {"type": "Feature", "properties": {}, "geometry": {"type": "LineString", "coordinates": [[11.043691, 50.9907589], [11.0435021, 50.9908372]]}}, {"type": "Feature", "properties": {}, "geometry": {"type": "LineString", "coordinates": [[11.0436788, 50.9906022], [11.043658, 50.9906702]]}}, {"type": "Feature", "properties": {}, "geometry": {"type": "LineString", "coordinates": [[11.0436518, 50.9904487], [11.043658, 50.9906702]]}}, {"type": "Feature", "properties": {}, "geometry": {"type": "LineString", "coordinates": [[11.0434684, 50.9885213], [11.0434662, 50.9885277]]}}, {"type": "Feature", "properties": {}, "geometry": {"type": "LineString", "coordinates": [[11.0286979, 50.9949373], [11.028736, 50.9949412]]}}, {"type": "Feature", "properties": {}, "geometry": {"type": "LineString", "coordinates": [[11.019988, 50.9892817], [11.0200157, 50.9892992]]}}, {"type": "Feature", "properties": {}, "geometry": {"type": "LineString", "coordinates": [[11.0355699, 50.9920962], [11.0356037, 50.9921003]]}}, {"type": "Feature", "properties": {}, "geometry": {"type": "LineString", "coordinates": [[11.0413747, 50.9944151], [11.0414355, 50.9944259]]}}, {"type": "Feature", "properties": {}, "geometry": {"type": "LineString", "coordinates": [[11.0461401, 50.991161], [11.0461307, 50.9911704]]}}, {"type": "Feature", "properties": {}, "geometry": {"type": "LineString", "coordinates": [[11.0455276, 50.9914866], [11.0454792, 50.9914958]]}}, {"type": "Feature", "properties": {}, "geometry": {"type": "LineString", "coordinates": [[11.0353208, 50.9919841], [11.0353534, 50.9919902]]}}, {"type": "Feature", "properties": {}, "geometry": {"type": "LineString", "coordinates": [[11.0352083, 50.9918659], [11.0352952, 50.9918711]]}}, {"type": "Feature", "properties": {}, "geometry": {"type": "LineString", "coordinates": [[11.0356127, 50.9921615], [11.0356354, 50.9921694]]}}, {"type": "Feature", "properties": {}, "geometry": {"type": "LineString", "coordinates": [[11.0356127, 50.9921615], [11.0356037, 50.9921003]]}}, {"type": "Feature", "properties": {}, "geometry": {"type": "LineString", "coordinates": [[11.0390915, 50.995268], [11.0391066, 50.9952658]]}}, {"type": "Feature", "properties": {}, "geometry": {"type": "LineString", "coordinates": [[11.0348271, 50.9948713], [11.0348496, 50.9948747]]}}, {"type": "Feature", "properties": {}, "geometry": {"type": "LineString", "coordinates": [[11.0382025, 50.9904577], [11.0382229, 50.9904693]]}}, {"type": "Feature", "properties": {}, "geometry": {"type": "LineString", "coordinates": [[11.0383521, 50.9916982], [11.0383822, 50.9917164]]}}, {"type": "Feature", "properties": {}, "geometry": {"type": "LineString", "coordinates": [[11.0325067, 50.9989556], [11.0325555, 50.9989578]]}}, {"type": "Feature", "properties": {}, "geometry": {"type": "LineString", "coordinates": [[11.0324673, 50.9993591], [11.0325323, 50.9993631]]}}, {"type": "Feature", "properties": {}, "geometry": {"type": "LineString", "coordinates": [[11.0324476, 50.9997701], [11.0325001, 50.9997709]]}}, {"type": "Feature", "properties": {}, "geometry": {"type": "LineString", "coordinates": [[11.0283431, 50.9970858], [11.028381, 50.9970957]]}}, {"type": "Feature", "properties": {}, "geometry": {"type": "LineString", "coordinates": [[11.0283431, 50.9970858], [11.0285713, 50.9971663]]}}, {"type": "Feature", "properties": {}, "geometry": {"type": "LineString", "coordinates": [[11.0260702, 50.9970182], [11.0259677, 50.997024]]}}, {"type": "Feature", "properties": {}, "geometry": {"type": "LineString", "coordinates": [[11.0259567, 50.9968416], [11.026003, 50.9968501]]}}, {"type": "Feature", "properties": {}, "geometry": {"type": "LineString", "coordinates": [[11.0254268, 51.0027738], [11.0254694, 51.0027911]]}}, {"type": "Feature", "properties": {}, "geometry": {"type": "LineString", "coordinates": [[11.0248053, 51.0026013], [11.0248424, 51.0026267]]}}, {"type": "Feature", "properties": {}, "geometry": {"type": "LineString", "coordinates": [[11.0260764, 51.0029604], [11.0261117, 51.0029718]]}}, {"type": "Feature", "properties": {}, "geometry": {"type": "LineString", "coordinates": [[11.0241305, 50.9970903], [11.0241642, 50.9970983]]}}, {"type": "Feature", "properties": {}, "geometry": {"type": "LineString", "coordinates": [[11.0258354, 50.9992509], [11.0258684, 50.9992532]]}}, {"type": "Feature", "properties": {}, "geometry": {"type": "LineString", "coordinates": [[11.0253189, 50.9969374], [11.0254579, 50.9969102]]}}, {"type": "Feature", "properties": {}, "geometry": {"type": "LineString", "coordinates": [[11.0253189, 50.9969374], [11.0255801, 50.9969898]]}}, {"type": "Feature", "properties": {}, "geometry": {"type": "LineString", "coordinates": [[11.0254528, 50.9968693], [11.0254579, 50.9969102]]}}, {"type": "Feature", "properties": {}, "geometry": {"type": "LineString", "coordinates": [[11.0254528, 50.9968693], [11.0255801, 50.9969898]]}}, {"type": "Feature", "properties": {}, "geometry": {"type": "LineString", "coordinates": [[11.031098, 51.0005693], [11.0311262, 51.0005755]]}}, {"type": "Feature", "properties": {}, "geometry": {"type": "LineString", "coordinates": [[11.0255823, 50.9968605], [11.0254579, 50.9969102]]}}, {"type": "Feature", "properties": {}, "geometry": {"type": "LineString", "coordinates": [[11.0255823, 50.9968605], [11.0255801, 50.9969898]]}}, {"type": "Feature", "properties": {}, "geometry": {"type": "LineString", "coordinates": [[11.0208926, 50.9984284], [11.0209227, 50.9984209]]}}, {"type": "Feature", "properties": {}, "geometry": {"type": "LineString", "coordinates": [[11.0208926, 50.9984284], [11.0210351, 50.9981034]]}}, {"type": "Feature", "properties": {}, "geometry": {"type": "LineString", "coordinates": [[11.0201974, 51.0006833], [11.0202257, 51.0006923]]}}, {"type": "Feature", "properties": {}, "geometry": {"type": "LineString", "coordinates": [[11.0225892, 50.9999066], [11.0226026, 50.9999266]]}}, {"type": "Feature", "properties": {}, "geometry": {"type": "LineString", "coordinates": [[11.0225892, 50.9999066], [11.0225395, 50.999958]]}}, {"type": "Feature", "properties": {}, "geometry": {"type": "LineString", "coordinates": [[11.0227674, 50.9999719], [11.0227904, 50.9999742]]}}, {"type": "Feature", "properties": {}, "geometry": {"type": "LineString", "coordinates": [[11.0205321, 51.0009091], [11.0206353, 51.000989]]}}, {"type": "Feature", "properties": {}, "geometry": {"type": "LineString", "coordinates": [[11.0235588, 50.9998302], [11.0236733, 50.9997227]]}}, {"type": "Feature", "properties": {}, "geometry": {"type": "LineString", "coordinates": [[11.0213282, 50.9985688], [11.0209816, 50.9990974]]}}, {"type": "Feature", "properties": {}, "geometry": {"type": "LineString", "coordinates": [[11.0239512, 50.9977769], [11.0239511, 50.9977909]]}}, {"type": "Feature", "properties": {}, "geometry": {"type": "LineString", "coordinates": [[11.0239512, 50.9977769], [11.0240044, 50.9977908]]}}, {"type": "Feature", "properties": {}, "geometry": {"type": "LineString", "coordinates": [[11.0239512, 50.9977769], [11.0239594, 50.9978941]]}}, {"type": "Feature", "properties": {}, "geometry": {"type": "LineString", "coordinates": [[11.0229827, 50.9982835], [11.0234106, 50.9983839]]}}, {"type": "Feature", "properties": {}, "geometry": {"type": "LineString", "coordinates": [[11.0239272, 50.9974898], [11.0239505, 50.9974959]]}}, {"type": "Feature", "properties": {}, "geometry": {"type": "LineString", "coordinates": [[11.0232822, 50.9983388], [11.0234106, 50.9983839]]}}, {"type": "Feature", "properties": {}, "geometry": {"type": "LineString", "coordinates": [[11.0237955, 50.9975574], [11.0239505, 50.9974959]]}}, {"type": "Feature", "properties": {}, "geometry": {"type": "LineString", "coordinates": [[11.0231135, 50.9981861], [11.0234106, 50.9983839]]}}, {"type": "Feature", "properties": {}, "geometry": {"type": "LineString", "coordinates": [[11.0221467, 50.9980935], [11.0221666, 50.9981007]]}}, {"type": "Feature", "properties": {}, "geometry": {"type": "LineString", "coordinates": [[11.0221467, 50.9980935], [11.0220881, 50.9981395]]}}, {"type": "Feature", "properties": {}, "geometry": {"type": "LineString", "coordinates": [[11.0239626, 50.9972519], [11.0239796, 50.9972641]]}}, {"type": "Feature", "properties": {}, "geometry": {"type": "LineString", "coordinates": [[11.0239486, 50.9978763], [11.0239511, 50.9977909]]}}, {"type": "Feature", "properties": {}, "geometry": {"type": "LineString", "coordinates": [[11.0239486, 50.9978763], [11.0240044, 50.9977908]]}}, {"type": "Feature", "properties": {}, "geometry": {"type": "LineString", "coordinates": [[11.0239486, 50.9978763], [11.0239594, 50.9978941]]}}, {"type": "Feature", "properties": {}, "geometry": {"type": "LineString", "coordinates": [[11.0325317, 50.9948914], [11.0325562, 50.9948043]]}}, {"type": "Feature", "properties": {}, "geometry": {"type": "LineString", "coordinates": [[11.032534, 50.9946764], [11.0325562, 50.9948043]]}}, {"type": "Feature", "properties": {}, "geometry": {"type": "LineString", "coordinates": [[11.0323464, 50.9947843], [11.0325562, 50.9948043]]}}, {"type": "Feature", "properties": {}, "geometry": {"type": "LineString", "coordinates": [[11.0327228, 50.9947819], [11.0325562, 50.9948043]]}}, {"type": "Feature", "properties": {}, "geometry": {"type": "LineString", "coordinates": [[11.0314099, 50.9927387], [11.0314472, 50.9927444]]}}, {"type": "Feature", "properties": {}, "geometry": {"type": "LineString", "coordinates": [[11.0319168, 50.9927627], [11.0319637, 50.9927736]]}}, {"type": "Feature", "properties": {}, "geometry": {"type": "LineString", "coordinates": [[11.0324288, 50.992801], [11.0324839, 50.9927997]]}}, {"type": "Feature", "properties": {}, "geometry": {"type": "LineString", "coordinates": [[11.0289796, 50.9893345], [11.0289845, 50.9893707]]}}, {"type": "Feature", "properties": {}, "geometry": {"type": "LineString", "coordinates": [[11.0289472, 50.9894128], [11.0289845, 50.9893707]]}}, {"type": "Feature", "properties": {}, "geometry": {"type": "LineString", "coordinates": [[11.0314455, 50.9919241], [11.0315045, 50.9919397]]}}, {"type": "Feature", "properties": {}, "geometry": {"type": "LineString", "coordinates": [[11.0306691, 50.9909212], [11.0308007, 50.9909035]]}}, {"type": "Feature", "properties": {}, "geometry": {"type": "LineString", "coordinates": [[11.0315523, 50.9913586], [11.031592, 50.9913707]]}}, {"type": "Feature", "properties": {}, "geometry": {"type": "LineString", "coordinates": [[11.031772, 50.9917075], [11.0318117, 50.9917091]]}}, {"type": "Feature", "properties": {}, "geometry": {"type": "LineString", "coordinates": [[11.0323117, 50.9914811], [11.0323512, 50.9914893]]}}, {"type": "Feature", "properties": {}, "geometry": {"type": "LineString", "coordinates": [[11.0317777, 50.9904359], [11.0318951, 50.9903359]]}}, {"type": "Feature", "properties": {}, "geometry": {"type": "LineString", "coordinates": [[11.0313538, 50.9903632], [11.0313745, 50.9903823]]}}, {"type": "Feature", "properties": {}, "geometry": {"type": "LineString", "coordinates": [[11.0314005, 50.9901222], [11.0314214, 50.9901384]]}}, {"type": "Feature", "properties": {}, "geometry": {"type": "LineString", "coordinates": [[11.0281449, 50.989189], [11.0276985, 50.989133]]}}, {"type": "Feature", "properties": {}, "geometry": {"type": "LineString", "coordinates": [[11.0339185, 50.9892323], [11.0338298, 50.9894712]]}}, {"type": "Feature", "properties": {}, "geometry": {"type": "LineString", "coordinates": [[11.0290107, 50.9885556], [11.0290663, 50.9885782]]}}, {"type": "Feature", "properties": {}, "geometry": {"type": "LineString", "coordinates": [[11.023046, 50.9951662], [11.0231865, 50.9951607]]}}, {"type": "Feature", "properties": {}, "geometry": {"type": "LineString", "coordinates": [[11.023046, 50.9951662], [11.0229796, 50.9951819]]}}, {"type": "Feature", "properties": {}, "geometry": {"type": "LineString", "coordinates": [[11.0341675, 50.9880739], [11.0341959, 50.9880826]]}}, {"type": "Feature", "properties": {}, "geometry": {"type": "LineString", "coordinates": [[11.0343861, 50.9881153], [11.034412, 50.9881243]]}}, {"type": "Feature", "properties": {}, "geometry": {"type": "LineString", "coordinates": [[11.0343861, 50.9881153], [11.0340585, 50.9879749]]}}, {"type": "Feature", "properties": {}, "geometry": {"type": "LineString", "coordinates": [[11.0316026, 51.0002598], [11.0315675, 51.0002284]]}}, {"type": "Feature", "properties": {}, "geometry": {"type": "LineString", "coordinates": [[11.0338999, 50.9967645], [11.0340592, 50.9967725]]}}, {"type": "Feature", "properties": {}, "geometry": {"type": "LineString", "coordinates": [[11.0338105, 50.9980786], [11.0339751, 50.998091]]}}, {"type": "Feature", "properties": {}, "geometry": {"type": "LineString", "coordinates": [[11.0345751, 50.985095], [11.0339187, 50.9849439]]}}, {"type": "Feature", "properties": {}, "geometry": {"type": "LineString", "coordinates": [[11.0412834, 50.9885006], [11.0413525, 50.9885812]]}}, {"type": "Feature", "properties": {}, "geometry": {"type": "LineString", "coordinates": [[11.0411549, 50.9879691], [11.0411848, 50.9879752]]}}, {"type": "Feature", "properties": {}, "geometry": {"type": "LineString", "coordinates": [[11.020891, 50.9963179], [11.0209057, 50.9963457]]}}, {"type": "Feature", "properties": {}, "geometry": {"type": "LineString", "coordinates": [[11.0205606, 50.9962837], [11.0205963, 50.9962888]]}}, {"type": "Feature", "properties": {}, "geometry": {"type": "LineString", "coordinates": [[11.0206209, 50.9961569], [11.0205963, 50.9962888]]}}, {"type": "Feature", "properties": {}, "geometry": {"type": "LineString", "coordinates": [[11.0205293, 50.9963508], [11.0205963, 50.9962888]]}}, {"type": "Feature", "properties": {}, "geometry": {"type": "LineString", "coordinates": [[11.0205908, 50.9962203], [11.0205963, 50.9962888]]}}, {"type": "Feature", "properties": {}, "geometry": {"type": "LineString", "coordinates": [[11.0210995, 50.9968807], [11.0211037, 50.996892]]}}, {"type": "Feature", "properties": {}, "geometry": {"type": "LineString", "coordinates": [[11.0210995, 50.9968807], [11.0208273, 50.9969318]]}}, {"type": "Feature", "properties": {}, "geometry": {"type": "LineString", "coordinates": [[11.0240888, 50.9983494], [11.0242163, 50.9983486]]}}, {"type": "Feature", "properties": {}, "geometry": {"type": "LineString", "coordinates": [[11.0222942, 50.9924128], [11.0223088, 50.9924148]]}}, {"type": "Feature", "properties": {}, "geometry": {"type": "LineString", "coordinates": [[11.0352343, 51.0022324], [11.0352352, 51.0022875]]}}, {"type": "Feature", "properties": {}, "geometry": {"type": "LineString", "coordinates": [[11.0309122, 50.9981588], [11.0309741, 50.9979888]]}}, {"type": "Feature", "properties": {}, "geometry": {"type": "LineString", "coordinates": [[11.0305517, 50.9969224], [11.030251, 50.9975068]]}}, {"type": "Feature", "properties": {}, "geometry": {"type": "LineString", "coordinates": [[11.0425647, 51.0016134], [11.042578, 51.0016195]]}}, {"type": "Feature", "properties": {}, "geometry": {"type": "LineString", "coordinates": [[11.0425335, 51.0015165], [11.0425561, 51.001522]]}}, {"type": "Feature", "properties": {}, "geometry": {"type": "LineString", "coordinates": [[11.0428704, 51.0011048], [11.0428915, 51.0011083]]}}, {"type": "Feature", "properties": {}, "geometry": {"type": "LineString", "coordinates": [[11.0428547, 51.0015995], [11.0428804, 51.001606]]}}, {"type": "Feature", "properties": {}, "geometry": {"type": "LineString", "coordinates": [[11.04444, 50.9880814], [11.0444099, 50.9880739]]}}, {"type": "Feature", "properties": {}, "geometry": {"type": "LineString", "coordinates": [[11.0443728, 50.9880561], [11.0444099, 50.9880739]]}}, {"type": "Feature", "properties": {}, "geometry": {"type": "LineString", "coordinates": [[11.0442183, 50.9879969], [11.0442213, 50.9880008]]}}, {"type": "Feature", "properties": {}, "geometry": {"type": "LineString", "coordinates": [[11.0444895, 51.0016982], [11.0445061, 51.0017128]]}}, {"type": "Feature", "properties": {}, "geometry": {"type": "LineString", "coordinates": [[11.0444895, 51.0016982], [11.0442827, 51.0016969]]}}, {"type": "Feature", "properties": {}, "geometry": {"type": "LineString", "coordinates": [[11.0442647, 51.0016632], [11.0442827, 51.0016969]]}}, {"type": "Feature", "properties": {}, "geometry": {"type": "LineString", "coordinates": [[11.0442647, 51.0016632], [11.0445061, 51.0017128]]}}, {"type": "Feature", "properties": {}, "geometry": {"type": "LineString", "coordinates": [[11.0443569, 51.0017215], [11.0442827, 51.0016969]]}}, {"type": "Feature", "properties": {}, "geometry": {"type": "LineString", "coordinates": [[11.0443569, 51.0017215], [11.0445061, 51.0017128]]}}, {"type": "Feature", "properties": {}, "geometry": {"type": "LineString", "coordinates": [[11.0445564, 51.0013146], [11.0445542, 51.0013241]]}}, {"type": "Feature", "properties": {}, "geometry": {"type": "LineString", "coordinates": [[11.0447306, 51.0013603], [11.0447226, 51.0013655]]}}, {"type": "Feature", "properties": {}, "geometry": {"type": "LineString", "coordinates": [[11.0448904, 51.0013801], [11.0448823, 51.0013837]]}}, {"type": "Feature", "properties": {}, "geometry": {"type": "LineString", "coordinates": [[11.0470707, 51.0022302], [11.0470005, 51.0022264]]}}, {"type": "Feature", "properties": {}, "geometry": {"type": "LineString", "coordinates": [[11.0472338, 51.0021741], [11.0472328, 51.0021825]]}}, {"type": "Feature", "properties": {}, "geometry": {"type": "LineString", "coordinates": [[11.023393, 50.9951638], [11.0234077, 50.9951703]]}}, {"type": "Feature", "properties": {}, "geometry": {"type": "LineString", "coordinates": [[11.0231186, 50.9951986], [11.0229796, 50.9951819]]}}, {"type": "Feature", "properties": {}, "geometry": {"type": "LineString", "coordinates": [[11.0231186, 50.9951986], [11.0231865, 50.9951607]]}}, {"type": "Feature", "properties": {}, "geometry": {"type": "LineString", "coordinates": [[11.0285273, 50.9992104], [11.028558, 50.9992169]]}}, {"type": "Feature", "properties": {}, "geometry": {"type": "LineString", "coordinates": [[11.028424, 50.9989343], [11.0284472, 50.9989379]]}}, {"type": "Feature", "properties": {}, "geometry": {"type": "LineString", "coordinates": [[11.0263564, 50.9998305], [11.0263801, 50.9999162]]}}, {"type": "Feature", "properties": {}, "geometry": {"type": "LineString", "coordinates": [[11.0214528, 51.0005053], [11.0214866, 51.000509]]}}, {"type": "Feature", "properties": {}, "geometry": {"type": "LineString", "coordinates": [[11.0211273, 51.0006116], [11.0211589, 51.0006154]]}}, {"type": "Feature", "properties": {}, "geometry": {"type": "LineString", "coordinates": [[11.0208042, 51.0007147], [11.0208372, 51.0007259]]}}, {"type": "Feature", "properties": {}, "geometry": {"type": "LineString", "coordinates": [[11.0242753, 50.9984815], [11.0242863, 50.9984892]]}}, {"type": "Feature", "properties": {}, "geometry": {"type": "LineString", "coordinates": [[11.0298793, 50.9924706], [11.0299816, 50.9924743]]}}, {"type": "Feature", "properties": {}, "geometry": {"type": "LineString", "coordinates": [[11.0247594, 50.9992242], [11.0247788, 50.9992292]]}}, {"type": "Feature", "properties": {}, "geometry": {"type": "LineString", "coordinates": [[11.0227774, 50.9851093], [11.0228008, 50.9851174]]}}, {"type": "Feature", "properties": {}, "geometry": {"type": "LineString", "coordinates": [[11.0226447, 50.9862121], [11.0227612, 50.9862359]]}}, {"type": "Feature", "properties": {}, "geometry": {"type": "LineString", "coordinates": [[11.0242258, 50.987949], [11.0244472, 50.9879993]]}}, {"type": "Feature", "properties": {}, "geometry": {"type": "LineString", "coordinates": [[11.0242258, 50.987949], [11.0242789, 50.988128]]}}, {"type": "Feature", "properties": {}, "geometry": {"type": "LineString", "coordinates": [[11.0242637, 50.9880265], [11.0244472, 50.9879993]]}}, {"type": "Feature", "properties": {}, "geometry": {"type": "LineString", "coordinates": [[11.0242637, 50.9880265], [11.0242789, 50.988128]]}}, {"type": "Feature", "properties": {}, "geometry": {"type": "LineString", "coordinates": [[11.0242388, 50.9880977], [11.0242789, 50.988128]]}}, {"type": "Feature", "properties": {}, "geometry": {"type": "LineString", "coordinates": [[11.0242388, 50.9880977], [11.0244472, 50.9879993]]}}, {"type": "Feature", "properties": {}, "geometry": {"type": "LineString", "coordinates": [[11.0228305, 50.9883279], [11.022796, 50.9885478]]}}, {"type": "Feature", "properties": {}, "geometry": {"type": "LineString", "coordinates": [[11.0231258, 50.9884466], [11.022796, 50.9885478]]}}, {"type": "Feature", "properties": {}, "geometry": {"type": "LineString", "coordinates": [[11.0229889, 50.9884304], [11.022796, 50.9885478]]}}, {"type": "Feature", "properties": {}, "geometry": {"type": "LineString", "coordinates": [[11.0227532, 50.9886917], [11.022796, 50.9885478]]}}, {"type": "Feature", "properties": {}, "geometry": {"type": "LineString", "coordinates": [[11.0226596, 50.9889177], [11.022796, 50.9885478]]}}, {"type": "Feature", "properties": {}, "geometry": {"type": "LineString", "coordinates": [[11.0225686, 50.9889917], [11.022796, 50.9885478]]}}, {"type": "Feature", "properties": {}, "geometry": {"type": "LineString", "coordinates": [[11.0226257, 50.9890523], [11.022796, 50.9885478]]}}, {"type": "Feature", "properties": {}, "geometry": {"type": "LineString", "coordinates": [[11.0224562, 50.9889597], [11.022796, 50.9885478]]}}, {"type": "Feature", "properties": {}, "geometry": {"type": "LineString", "coordinates": [[11.0222893, 50.9889607], [11.022796, 50.9885478]]}}, {"type": "Feature", "properties": {}, "geometry": {"type": "LineString", "coordinates": [[11.0221904, 50.9889334], [11.022796, 50.9885478]]}}, {"type": "Feature", "properties": {}, "geometry": {"type": "LineString", "coordinates": [[11.0224536, 50.9891369], [11.022796, 50.9885478]]}}, {"type": "Feature", "properties": {}, "geometry": {"type": "LineString", "coordinates": [[11.0223612, 50.9891709], [11.022796, 50.9885478]]}}, {"type": "Feature", "properties": {}, "geometry": {"type": "LineString", "coordinates": [[11.0247912, 50.9871046], [11.0249092, 50.9871134]]}}, {"type": "Feature", "properties": {}, "geometry": {"type": "LineString", "coordinates": [[11.044333, 50.986851], [11.044307, 50.9868445]]}}, {"type": "Feature", "properties": {}, "geometry": {"type": "LineString", "coordinates": [[11.0439422, 50.9870727], [11.0439761, 50.9870688]]}}, {"type": "Feature", "properties": {}, "geometry": {"type": "LineString", "coordinates": [[11.0243289, 50.9879295], [11.0244472, 50.9879993]]}}, {"type": "Feature", "properties": {}, "geometry": {"type": "LineString", "coordinates": [[11.0243289, 50.9879295], [11.0242789, 50.988128]]}}, {"type": "Feature", "properties": {}, "geometry": {"type": "LineString", "coordinates": [[11.0209605, 50.9910711], [11.0207287, 50.9910691]]}}, {"type": "Feature", "properties": {}, "geometry": {"type": "LineString", "coordinates": [[11.028577, 50.9968415], [11.0285954, 50.9968511]]}}, {"type": "Feature", "properties": {}, "geometry": {"type": "LineString", "coordinates": [[11.0284462, 50.997103], [11.028381, 50.9970957]]}}, {"type": "Feature", "properties": {}, "geometry": {"type": "LineString", "coordinates": [[11.0284462, 50.997103], [11.0285713, 50.9971663]]}}, {"type": "Feature", "properties": {}, "geometry": {"type": "LineString", "coordinates": [[11.0253099, 50.9903431], [11.025252, 50.9907003]]}}, {"type": "Feature", "properties": {}, "geometry": {"type": "LineString", "coordinates": [[11.0252173, 50.9903877], [11.025252, 50.9907003]]}}, {"type": "Feature", "properties": {}, "geometry": {"type": "LineString", "coordinates": [[11.0257994, 50.9985684], [11.0258284, 50.998569]]}}, {"type": "Feature", "properties": {}, "geometry": {"type": "LineString", "coordinates": [[11.0477863, 50.9939491], [11.0478023, 50.9939459]]}}, {"type": "Feature", "properties": {}, "geometry": {"type": "LineString", "coordinates": [[11.0478069, 50.9939253], [11.0478023, 50.9939459]]}}, {"type": "Feature", "properties": {}, "geometry": {"type": "LineString", "coordinates": [[11.0481037, 50.9940914], [11.0479968, 50.994074]]}}, {"type": "Feature", "properties": {}, "geometry": {"type": "LineString", "coordinates": [[11.0481022, 50.994036], [11.0479968, 50.994074]]}}, {"type": "Feature", "properties": {}, "geometry": {"type": "LineString", "coordinates": [[11.0488638, 50.994612], [11.0488535, 50.9946216]]}}, {"type": "Feature", "properties": {}, "geometry": {"type": "LineString", "coordinates": [[11.0478233, 50.9946966], [11.0480904, 50.9946364]]}}, {"type": "Feature", "properties": {}, "geometry": {"type": "LineString", "coordinates": [[11.0478321, 50.9943885], [11.0477174, 50.9943988]]}}, {"type": "Feature", "properties": {}, "geometry": {"type": "LineString", "coordinates": [[11.047692, 50.9943925], [11.0477174, 50.9943988]]}}, {"type": "Feature", "properties": {}, "geometry": {"type": "LineString", "coordinates": [[11.042769, 50.9901434], [11.0427545, 50.9902792]]}}, {"type": "Feature", "properties": {}, "geometry": {"type": "LineString", "coordinates": [[11.0323108, 50.9857077], [11.032448, 50.9857362]]}}, {"type": "Feature", "properties": {}, "geometry": {"type": "LineString", "coordinates": [[11.0324327, 50.9856822], [11.032448, 50.9857362]]}}, {"type": "Feature", "properties": {}, "geometry": {"type": "LineString", "coordinates": [[11.0324891, 50.9857653], [11.032448, 50.9857362]]}}, {"type": "Feature", "properties": {}, "geometry": {"type": "LineString", "coordinates": [[11.0239572, 50.9893367], [11.0239783, 50.9893161]]}}, {"type": "Feature", "properties": {}, "geometry": {"type": "LineString", "coordinates": [[11.0238765, 50.9892496], [11.0239783, 50.9893161]]}}, {"type": "Feature", "properties": {}, "geometry": {"type": "LineString", "coordinates": [[11.0239989, 50.9892694], [11.0239783, 50.9893161]]}}, {"type": "Feature", "properties": {}, "geometry": {"type": "LineString", "coordinates": [[11.0240579, 50.9892588], [11.0239783, 50.9893161]]}}, {"type": "Feature", "properties": {}, "geometry": {"type": "LineString", "coordinates": [[11.0238335, 50.9893138], [11.0239783, 50.9893161]]}}, {"type": "Feature", "properties": {}, "geometry": {"type": "LineString", "coordinates": [[11.0238938, 50.9890496], [11.0242573, 50.9891513]]}}, {"type": "Feature", "properties": {}, "geometry": {"type": "LineString", "coordinates": [[11.0241488, 50.9891539], [11.0242573, 50.9891513]]}}, {"type": "Feature", "properties": {}, "geometry": {"type": "LineString", "coordinates": [[11.0242478, 50.9891704], [11.0242573, 50.9891513]]}}, {"type": "Feature", "properties": {}, "geometry": {"type": "LineString", "coordinates": [[11.0240379, 50.9890735], [11.0242573, 50.9891513]]}}, {"type": "Feature", "properties": {}, "geometry": {"type": "LineString", "coordinates": [[11.0239878, 50.9891727], [11.0242573, 50.9891513]]}}, {"type": "Feature", "properties": {}, "geometry": {"type": "LineString", "coordinates": [[11.0243614, 50.9890795], [11.0247203, 50.9889268]]}}, {"type": "Feature", "properties": {}, "geometry": {"type": "LineString", "coordinates": [[11.0243614, 50.9890795], [11.0242573, 50.9891513]]}}, {"type": "Feature", "properties": {}, "geometry": {"type": "LineString", "coordinates": [[11.0243614, 50.9890795], [11.0246571, 50.9891165]]}}, {"type": "Feature", "properties": {}, "geometry": {"type": "LineString", "coordinates": [[11.0244424, 50.9892654], [11.0242573, 50.9891513]]}}, {"type": "Feature", "properties": {}, "geometry": {"type": "LineString", "coordinates": [[11.0244424, 50.9892654], [11.0247203, 50.9889268]]}}, {"type": "Feature", "properties": {}, "geometry": {"type": "LineString", "coordinates": [[11.0243311, 50.9892592], [11.0242573, 50.9891513]]}}, {"type": "Feature", "properties": {}, "geometry": {"type": "LineString", "coordinates": [[11.0252798, 51.0004871], [11.0253221, 51.0005042]]}}, {"type": "Feature", "properties": {}, "geometry": {"type": "LineString", "coordinates": [[11.0274566, 50.9976413], [11.0272834, 50.9976598]]}}, {"type": "Feature", "properties": {}, "geometry": {"type": "LineString", "coordinates": [[11.0297691, 51.000867], [11.0297902, 51.0008758]]}}, {"type": "Feature", "properties": {}, "geometry": {"type": "LineString", "coordinates": [[11.0294345, 51.0006642], [11.0294997, 51.0006795]]}}, {"type": "Feature", "properties": {}, "geometry": {"type": "LineString", "coordinates": [[11.0252908, 51.0004492], [11.0253221, 51.0005042]]}}, {"type": "Feature", "properties": {}, "geometry": {"type": "LineString", "coordinates": [[11.0293572, 51.0004797], [11.0295185, 51.0004329]]}}, {"type": "Feature", "properties": {}, "geometry": {"type": "LineString", "coordinates": [[11.0257492, 51.0001479], [11.0257079, 51.0001443]]}}, {"type": "Feature", "properties": {}, "geometry": {"type": "LineString", "coordinates": [[11.0242613, 50.9977897], [11.0242801, 50.9977946]]}}, {"type": "Feature", "properties": {}, "geometry": {"type": "LineString", "coordinates": [[11.024328, 50.9983499], [11.0242163, 50.9983486]]}}, {"type": "Feature", "properties": {}, "geometry": {"type": "LineString", "coordinates": [[11.0241777, 50.9983254], [11.0242163, 50.9983486]]}}, {"type": "Feature", "properties": {}, "geometry": {"type": "LineString", "coordinates": [[11.0241676, 50.9983557], [11.0242163, 50.9983486]]}}, {"type": "Feature", "properties": {}, "geometry": {"type": "LineString", "coordinates": [[11.0244791, 51.0003575], [11.0244945, 51.0003628]]}}, {"type": "Feature", "properties": {}, "geometry": {"type": "LineString", "coordinates": [[11.0250569, 50.9992748], [11.0250737, 50.999282]]}}, {"type": "Feature", "properties": {}, "geometry": {"type": "LineString", "coordinates": [[11.0247756, 50.9990423], [11.0248529, 50.9990535]]}}, {"type": "Feature", "properties": {}, "geometry": {"type": "LineString", "coordinates": [[11.0247756, 50.9990423], [11.0248064, 50.9990311]]}}, {"type": "Feature", "properties": {}, "geometry": {"type": "LineString", "coordinates": [[11.0245226, 50.9990188], [11.0248064, 50.9990311]]}}, {"type": "Feature", "properties": {}, "geometry": {"type": "LineString", "coordinates": [[11.0245226, 50.9990188], [11.0248529, 50.9990535]]}}, {"type": "Feature", "properties": {}, "geometry": {"type": "LineString", "coordinates": [[11.0250316, 50.999093], [11.0248529, 50.9990535]]}}, {"type": "Feature", "properties": {}, "geometry": {"type": "LineString", "coordinates": [[11.0250316, 50.999093], [11.0248064, 50.9990311]]}}, {"type": "Feature", "properties": {}, "geometry": {"type": "LineString", "coordinates": [[11.0232301, 50.9991456], [11.0232546, 50.9991924]]}}, {"type": "Feature", "properties": {}, "geometry": {"type": "LineString", "coordinates": [[11.0228621, 50.9996922], [11.023126, 50.9996626]]}}, {"type": "Feature", "properties": {}, "geometry": {"type": "LineString", "coordinates": [[11.0227567, 50.9996817], [11.023126, 50.9996626]]}}, {"type": "Feature", "properties": {}, "geometry": {"type": "LineString", "coordinates": [[11.0288627, 50.9980249], [11.0288997, 50.9980203]]}}, {"type": "Feature", "properties": {}, "geometry": {"type": "LineString", "coordinates": [[11.0286595, 50.9980216], [11.0286963, 50.9980326]]}}, {"type": "Feature", "properties": {}, "geometry": {"type": "LineString", "coordinates": [[11.0276843, 50.9975615], [11.0277054, 50.9975691]]}}, {"type": "Feature", "properties": {}, "geometry": {"type": "LineString", "coordinates": [[11.0256814, 50.9969667], [11.0259677, 50.997024]]}}, {"type": "Feature", "properties": {}, "geometry": {"type": "LineString", "coordinates": [[11.0258853, 50.9970245], [11.0259677, 50.997024]]}}, {"type": "Feature", "properties": {}, "geometry": {"type": "LineString", "coordinates": [[11.0258088, 50.9973535], [11.0258533, 50.997359]]}}, {"type": "Feature", "properties": {}, "geometry": {"type": "LineString", "coordinates": [[11.0254607, 50.9972997], [11.0254769, 50.9973054]]}}, {"type": "Feature", "properties": {}, "geometry": {"type": "LineString", "coordinates": [[11.0249564, 50.9970663], [11.0249731, 50.9970763]]}}, {"type": "Feature", "properties": {}, "geometry": {"type": "LineString", "coordinates": [[11.0249564, 50.9970663], [11.024863, 50.9971586]]}}, {"type": "Feature", "properties": {}, "geometry": {"type": "LineString", "coordinates": [[11.0252486, 50.997118], [11.025236, 50.9971407]]}}, {"type": "Feature", "properties": {}, "geometry": {"type": "LineString", "coordinates": [[11.0252486, 50.997118], [11.0251614, 50.9971772]]}}, {"type": "Feature", "properties": {}, "geometry": {"type": "LineString", "coordinates": [[11.0251419, 50.997173], [11.0251614, 50.9971772]]}}, {"type": "Feature", "properties": {}, "geometry": {"type": "LineString", "coordinates": [[11.0251419, 50.997173], [11.025236, 50.9971407]]}}, {"type": "Feature", "properties": {}, "geometry": {"type": "LineString", "coordinates": [[11.0255082, 50.9969475], [11.0254579, 50.9969102]]}}, {"type": "Feature", "properties": {}, "geometry": {"type": "LineString", "coordinates": [[11.0255082, 50.9969475], [11.0255801, 50.9969898]]}}, {"type": "Feature", "properties": {}, "geometry": {"type": "LineString", "coordinates": [[11.0255785, 50.9970132], [11.0254579, 50.9969102]]}}, {"type": "Feature", "properties": {}, "geometry": {"type": "LineString", "coordinates": [[11.0255785, 50.9970132], [11.0255801, 50.9969898]]}}, {"type": "Feature", "properties": {}, "geometry": {"type": "LineString", "coordinates": [[11.0237215, 50.99295], [11.0237428, 50.9928214]]}}, {"type": "Feature", "properties": {}, "geometry": {"type": "LineString", "coordinates": [[11.0471246, 50.9850123], [11.0472686, 50.9848918]]}}, {"type": "Feature", "properties": {}, "geometry": {"type": "LineString", "coordinates": [[11.0477518, 50.9884632], [11.0477303, 50.9882841]]}}, {"type": "Feature", "properties": {}, "geometry": {"type": "LineString", "coordinates": [[11.0484255, 50.9884309], [11.0477303, 50.9882841]]}}, {"type": "Feature", "properties": {}, "geometry": {"type": "LineString", "coordinates": [[11.0482984, 50.9883917], [11.0477303, 50.9882841]]}}, {"type": "Feature", "properties": {}, "geometry": {"type": "LineString", "coordinates": [[11.0423678, 50.9934372], [11.0419187, 50.9922664]]}}, {"type": "Feature", "properties": {}, "geometry": {"type": "LineString", "coordinates": [[11.0422969, 50.9934294], [11.0419187, 50.9922664]]}}, {"type": "Feature", "properties": {}, "geometry": {"type": "LineString", "coordinates": [[11.0422264, 50.9934211], [11.0419187, 50.9922664]]}}, {"type": "Feature", "properties": {}, "geometry": {"type": "LineString", "coordinates": [[11.0423086, 50.9933837], [11.0419187, 50.9922664]]}}, {"type": "Feature", "properties": {}, "geometry": {"type": "LineString", "coordinates": [[11.0422402, 50.9933764], [11.0419187, 50.9922664]]}}, {"type": "Feature", "properties": {}, "geometry": {"type": "LineString", "coordinates": [[11.0421685, 50.9933671], [11.0419187, 50.9922664]]}}, {"type": "Feature", "properties": {}, "geometry": {"type": "LineString", "coordinates": [[11.0469805, 51.0025989], [11.0468564, 51.0026782]]}}, {"type": "Feature", "properties": {}, "geometry": {"type": "LineString", "coordinates": [[11.0464419, 51.0025786], [11.046609, 51.0026003]]}}, {"type": "Feature", "properties": {}, "geometry": {"type": "LineString", "coordinates": [[11.0315666, 50.9975808], [11.0317601, 50.9974381]]}}, {"type": "Feature", "properties": {}, "geometry": {"type": "LineString", "coordinates": [[11.0444035, 51.0018508], [11.044255, 51.0017912]]}}, {"type": "Feature", "properties": {}, "geometry": {"type": "LineString", "coordinates": [[11.0443419, 51.0025154], [11.044147, 51.0025805]]}}, {"type": "Feature", "properties": {}, "geometry": {"type": "LineString", "coordinates": [[11.0248816, 50.9927025], [11.0246411, 50.9925559]]}}, {"type": "Feature", "properties": {}, "geometry": {"type": "LineString", "coordinates": [[11.0470707, 51.0022302], [11.046979, 51.002282]]}}, {"type": "Feature", "properties": {}, "geometry": {"type": "LineString", "coordinates": [[11.0468993, 51.0022012], [11.046979, 51.002282]]}}, {"type": "Feature", "properties": {}, "geometry": {"type": "LineString", "coordinates": [[11.0470707, 51.0022302], [11.0470565, 51.0021454]]}}, {"type": "Feature", "properties": {}, "geometry": {"type": "LineString", "coordinates": [[11.0418329, 50.998613], [11.0420758, 50.9985961]]}}, {"type": "Feature", "properties": {}, "geometry": {"type": "LineString", "coordinates": [[11.0248386, 50.9925435], [11.0247164, 50.9926184]]}}, {"type": "Feature", "properties": {}, "geometry": {"type": "LineString", "coordinates": [[11.0248386, 50.9925435], [11.0247199, 50.9926429]]}}]}