{"type": "FeatureCollection", "features": [{"type": "Feature", "properties": {"id": "120203133_13836638", "height": 8.047029495239258, "type": null, "floors": null}, "geometry": {"type": "Polygon", "coordinates": [[[11.0291549, 50.9850076], [11.0291082, 50.9848341], [11.0290679, 50.9848258], [11.029116, 50.9847335], [11.0290715, 50.9846981], [11.0290437, 50.984595], [11.0289477, 50.9845188], [11.0289156, 50.9845222], [11.0288567, 50.9845779], [11.028827, 50.9846347], [11.0287697, 50.9846408], [11.0286522, 50.9846165], [11.0286258, 50.9846415], [11.0285694, 50.9846298], [11.0286096, 50.9845529], [11.0286978, 50.9844695], [11.0287401, 50.984465], [11.0287575, 50.9844486], [11.0288143, 50.9844203], [11.0288934, 50.9843455], [11.0289554, 50.9843715], [11.0290198, 50.9844226], [11.0290064, 50.9844483], [11.0290683, 50.9844612], [11.0291105, 50.9844947], [11.0291154, 50.9845129], [11.0291589, 50.9845311], [11.0291471, 50.9845538], [11.0291647, 50.9845612], [11.0291951, 50.9845853], [11.029318, 50.9850413], [11.0291549, 50.9850076]]]}}, {"type": "Feature", "properties": {"id": "120203133_13704902", "height": 10.437933921813965, "type": null, "floors": null}, "geometry": {"type": "Polygon", "coordinates": [[[11.0399219, 50.9861303], [11.0405002, 50.98529], [11.0407538, 50.9853592], [11.040294, 50.9860274], [11.0402526, 50.9860161], [11.0402119, 50.9860753], [11.0403504, 50.9861131], [11.0405285, 50.9858543], [11.0407558, 50.9859163], [11.0407626, 50.9859064], [11.0417165, 50.9861665], [11.0415528, 50.9864044], [11.0413125, 50.9863389], [11.0412425, 50.9864408], [11.0414525, 50.9864981], [11.041383, 50.986599], [11.0414169, 50.9866082], [11.0413249, 50.9867419], [11.0408199, 50.9866041], [11.0409197, 50.9864591], [11.0398145, 50.9861577], [11.0398474, 50.9861099], [11.0399219, 50.9861303]]]}}, {"type": "Feature", "properties": {"id": "120203133_13752636", "height": 4.330601692199707, "type": null, "floors": null}, "geometry": {"type": "Polygon", "coordinates": [[[11.0414699, 50.9860059], [11.0418524, 50.9861152], [11.041815, 50.986167], [11.0413555, 50.9860356], [11.0414187, 50.985948], [11.0414958, 50.98597], [11.0414699, 50.9860059]]]}}, {"type": "Feature", "properties": {"id": "120203133_13823743", "height": 7.859097480773926, "type": null, "floors": null}, "geometry": {"type": "Polygon", "coordinates": [[[11.0402197, 50.9868083], [11.0401302, 50.9869122], [11.0398938, 50.9868316], [11.0398361, 50.9868987], [11.039861, 50.9869072], [11.0397918, 50.9869876], [11.0397047, 50.9869579], [11.039921, 50.9867065], [11.0402197, 50.9868083]]]}}, {"type": "Feature", "properties": {"id": "120203133_13704897", "height": 3.188098907470703, "type": null, "floors": null}, "geometry": {"type": "Polygon", "coordinates": [[[11.0383199, 50.9850584], [11.0380911, 50.9852839], [11.0380271, 50.9852582], [11.0382558, 50.9850327], [11.0383199, 50.9850584]]]}}, {"type": "Feature", "properties": {"id": "120203133_13766240", "height": 4.526801109313965, "type": null, "floors": null}, "geometry": {"type": "Polygon", "coordinates": [[[11.0387342, 50.9850949], [11.0391866, 50.9852223], [11.03908, 50.9853723], [11.0388936, 50.9853198], [11.0389206, 50.9852818], [11.0386546, 50.9852069], [11.0387342, 50.9850949]]]}}, {"type": "Feature", "properties": {"id": "120203133_13804838", "height": 5.63466215133667, "type": null, "floors": null}, "geometry": {"type": "Polygon", "coordinates": [[[11.038655, 50.9854929], [11.0385354, 50.985463], [11.038671, 50.985248], [11.0387906, 50.9852779], [11.038655, 50.9854929]]]}}, {"type": "Feature", "properties": {"id": "120203133_13676055", "height": 5.405817985534668, "type": null, "floors": null}, "geometry": {"type": "Polygon", "coordinates": [[[11.039163, 50.985542], [11.0393265, 50.9853682], [11.03996, 50.9856044], [11.0397966, 50.9857782], [11.039163, 50.985542]]]}}, {"type": "Feature", "properties": {"id": "120203133_13783268", "height": 4.989470958709717, "type": null, "floors": null}, "geometry": {"type": "Polygon", "coordinates": [[[11.0381842, 50.9862587], [11.0378633, 50.9861714], [11.0379102, 50.9861031], [11.0382402, 50.9861929], [11.0382861, 50.986126], [11.0384352, 50.9861666], [11.0382902, 50.9863777], [11.038132, 50.9863347], [11.0381842, 50.9862587]]]}}, {"type": "Feature", "properties": {"id": "120203133_13679583", "height": 13.925905227661133, "type": null, "floors": null}, "geometry": {"type": "Polygon", "coordinates": [[[11.0402159, 50.9864877], [11.0401363, 50.9866117], [11.0400055, 50.9866017], [11.0399743, 50.9865751], [11.0399181, 50.9865708], [11.0398101, 50.9865433], [11.0397748, 50.9865597], [11.039697, 50.9865399], [11.0396706, 50.986581], [11.0396195, 50.9866047], [11.0395871, 50.9866552], [11.0395523, 50.9866526], [11.0395109, 50.9867171], [11.0397481, 50.9867774], [11.039735, 50.986845], [11.039758, 50.9868646], [11.0395371, 50.9869671], [11.0394784, 50.9869627], [11.0394259, 50.9869178], [11.0394343, 50.9868745], [11.0393168, 50.9867742], [11.0393178, 50.986769], [11.0392883, 50.9867438], [11.0392059, 50.9867375], [11.0392084, 50.9867245], [11.0393887, 50.9864434], [11.0393795, 50.9864912], [11.0394255, 50.9864194], [11.039429, 50.9864015], [11.0394547, 50.9863614], [11.0395933, 50.986372], [11.0396526, 50.9863446], [11.0402159, 50.9864877]]]}}, {"type": "Feature", "properties": {"id": "120203133_13760215", "height": 15.80620288848877, "type": null, "floors": null}, "geometry": {"type": "Polygon", "coordinates": [[[11.0391202, 50.9865682], [11.0388512, 50.9866491], [11.0388668, 50.9866697], [11.0383495, 50.9868254], [11.0383278, 50.9868717], [11.0381, 50.9869402], [11.0379025, 50.9869035], [11.0378431, 50.9870301], [11.0376609, 50.9870849], [11.0374645, 50.9870484], [11.0369481, 50.9863682], [11.0372822, 50.9862677], [11.0374778, 50.9865254], [11.0376219, 50.986482], [11.0377269, 50.9866202], [11.0375631, 50.9866695], [11.0376205, 50.9867451], [11.0376586, 50.9867336], [11.0376799, 50.9866883], [11.037897, 50.9867286], [11.0379454, 50.9866254], [11.0382183, 50.9865433], [11.0382976, 50.9866478], [11.0385531, 50.9865709], [11.0385896, 50.986619], [11.0386901, 50.9865888], [11.0386744, 50.9865682], [11.0389923, 50.9864725], [11.0390505, 50.9863486], [11.0392093, 50.9863781], [11.0391202, 50.9865682]]]}}, {"type": "Feature", "properties": {"id": "120203133_13743281", "height": 9.627562522888184, "type": null, "floors": null}, "geometry": {"type": "Polygon", "coordinates": [[[11.0390384, 50.9867852], [11.0392558, 50.9870817], [11.0390678, 50.9871363], [11.0388504, 50.9868398], [11.0390384, 50.9867852]]]}}, {"type": "Feature", "properties": {"id": "120203133_13784093", "height": 10.786776542663574, "type": null, "floors": null}, "geometry": {"type": "Polygon", "coordinates": [[[11.0386385, 50.9869277], [11.0388444, 50.9872103], [11.0386574, 50.9872643], [11.0384515, 50.9869817], [11.0386385, 50.9869277]]]}}, {"type": "Feature", "properties": {"id": "120203133_13791923", "height": 8.30325984954834, "type": null, "floors": null}, "geometry": {"type": "Polygon", "coordinates": [[[11.0438571, 50.9852193], [11.0436847, 50.9852577], [11.0428692, 50.9860759], [11.0407703, 50.9852468], [11.0408588, 50.985158], [11.0408366, 50.9851185], [11.0409183, 50.9850365], [11.040981, 50.9850225], [11.0410179, 50.9850227], [11.0410531, 50.9849873], [11.0411386, 50.9849877], [11.0416358, 50.9844889], [11.0415723, 50.9844638], [11.0416999, 50.9843358], [11.0421502, 50.9845137], [11.0422376, 50.9844261], [11.0420143, 50.9840288], [11.0420516, 50.984029], [11.0423632, 50.9841521], [11.0424606, 50.9840543], [11.0424765, 50.9840543], [11.0434889, 50.9844542], [11.0432531, 50.9846907], [11.0431789, 50.9846904], [11.0424684, 50.9844098], [11.0423186, 50.98456], [11.0424925, 50.9846286], [11.0425169, 50.9846721], [11.0438051, 50.985181], [11.0438357, 50.9851811], [11.0438571, 50.9852193]]]}}, {"type": "Feature", "properties": {"id": "120203133_13788440", "height": 9.214329719543455, "type": null, "floors": null}, "geometry": {"type": "Polygon", "coordinates": [[[11.0421381, 50.9860855], [11.0421413, 50.9862254], [11.041952, 50.98614], [11.0419336, 50.9861401], [11.0418859, 50.9861186], [11.0418502, 50.9861189], [11.0418495, 50.9860887], [11.0417322, 50.9860357], [11.0418244, 50.9859547], [11.0418786, 50.9859543], [11.0419166, 50.9859714], [11.0419169, 50.9859857], [11.0421381, 50.9860855]]]}}, {"type": "Feature", "properties": {"id": "120203133_13700569", "height": 4.261471748352051, "type": null, "floors": null}, "geometry": {"type": "Polygon", "coordinates": [[[11.0424577, 50.9864356], [11.0423995, 50.9864978], [11.0423371, 50.9864746], [11.0423953, 50.9864124], [11.0424577, 50.9864356]]]}}, {"type": "Feature", "properties": {"id": "120203133_13757614", "height": 10.045173645019531, "type": null, "floors": null}, "geometry": {"type": "Polygon", "coordinates": [[[11.042628, 50.9863132], [11.0431842, 50.9865678], [11.0430891, 50.9866502], [11.0424988, 50.98638], [11.0425728, 50.986316], [11.0426068, 50.9863315], [11.042628, 50.9863132]]]}}, {"type": "Feature", "properties": {"id": "120203133_13727038", "height": 4.154869556427002, "type": null, "floors": null}, "geometry": {"type": "Polygon", "coordinates": [[[11.042199, 50.9865553], [11.0419085, 50.9868394], [11.0418383, 50.986811], [11.0421765, 50.9864803], [11.0423787, 50.9865622], [11.0423311, 50.9866087], [11.042199, 50.9865553]]]}}, {"type": "Feature", "properties": {"id": "120203133_13716024", "height": 9.740578651428224, "type": null, "floors": null}, "geometry": {"type": "Polygon", "coordinates": [[[11.0428012, 50.9866804], [11.0430082, 50.9867659], [11.0428389, 50.9869284], [11.0427891, 50.9869505], [11.0425341, 50.9871952], [11.0423873, 50.9872602], [11.0423111, 50.9872287], [11.0422421, 50.9872593], [11.0418976, 50.9871171], [11.0418096, 50.9870384], [11.0418412, 50.9870081], [11.0419443, 50.9869624], [11.042222, 50.9870771], [11.0423078, 50.9871539], [11.0428012, 50.9866804]]]}}, {"type": "Feature", "properties": {"id": "120203133_13758489", "height": 5.280529499053955, "type": null, "floors": null}, "geometry": {"type": "Polygon", "coordinates": [[[11.0431975, 50.9880867], [11.0429093, 50.9879759], [11.043027, 50.9878546], [11.0434011, 50.9879985], [11.0433408, 50.9880607], [11.0433896, 50.9880795], [11.043312, 50.9881594], [11.0431773, 50.9881076], [11.0431975, 50.9880867]]]}}, {"type": "Feature", "properties": {"id": "120203133_13773925", "height": 11.550816535949709, "type": null, "floors": null}, "geometry": {"type": "Polygon", "coordinates": [[[11.0459456, 50.985118], [11.0459536, 50.9850998], [11.0460689, 50.9849903], [11.0460788, 50.984992], [11.0465305, 50.9851805], [11.0464784, 50.9851714], [11.0465132, 50.9851859], [11.0465653, 50.985195], [11.0466205, 50.985218], [11.0466053, 50.9852526], [11.0466904, 50.9852674], [11.0467529, 50.9852935], [11.0467668, 50.9852959], [11.0468572, 50.9853336], [11.046885, 50.9853385], [11.0470031, 50.9853878], [11.0470031, 50.9853878], [11.0470361, 50.9854015], [11.0469171, 50.9855146], [11.0468815, 50.9855084], [11.0459456, 50.985118]]]}}, {"type": "Feature", "properties": {"id": "120203133_13699739", "height": 3.949769496917724, "type": null, "floors": null}, "geometry": {"type": "Polygon", "coordinates": [[[11.0476715, 50.9846462], [11.0471286, 50.9851367], [11.0469155, 50.9850432], [11.0471502, 50.9848312], [11.0472249, 50.984864], [11.0474464, 50.984664], [11.0475016, 50.9846882], [11.0475884, 50.9846098], [11.0476715, 50.9846462]]]}}, {"type": "Feature", "properties": {"id": "120203133_13790158", "height": 7.094064712524414, "type": null, "floors": null}, "geometry": {"type": "Polygon", "coordinates": [[[11.0476035, 50.9849069], [11.0480188, 50.9844861], [11.0480259, 50.9844675], [11.0483531, 50.9845169], [11.0480159, 50.9854021], [11.0479663, 50.9854524], [11.0472528, 50.9851733], [11.0472668, 50.9851366], [11.0473498, 50.9850525], [11.0473926, 50.9850693], [11.0474277, 50.9850746], [11.0475487, 50.9851219], [11.0475379, 50.9851503], [11.0475543, 50.9851528], [11.0476316, 50.985183], [11.0476035, 50.9851788], [11.0479025, 50.9852957], [11.04794, 50.9851973], [11.0478966, 50.9851803], [11.0479351, 50.9850791], [11.0479526, 50.9850614], [11.0479585, 50.9850458], [11.0476035, 50.9849069]]]}}, {"type": "Feature", "properties": {"id": "120203133_13710011", "height": 10.083636283874512, "type": null, "floors": null}, "geometry": {"type": "Polygon", "coordinates": [[[11.0447211, 50.9852652], [11.0445853, 50.9852097], [11.0451687, 50.9846446], [11.0452773, 50.984689], [11.0452552, 50.9847104], [11.0452824, 50.9847215], [11.0447211, 50.9852652]]]}}, {"type": "Feature", "properties": {"id": "120203133_13687693", "height": 8.042306900024414, "type": null, "floors": null}, "geometry": {"type": "Polygon", "coordinates": [[[11.0443821, 50.9848072], [11.0445422, 50.9848733], [11.0432356, 50.9861267], [11.0431831, 50.986105], [11.0430927, 50.9861917], [11.0430552, 50.9861762], [11.043006, 50.9862234], [11.0428535, 50.9861604], [11.0430639, 50.9859586], [11.0431464, 50.9859926], [11.0443821, 50.9848072]]]}}, {"type": "Feature", "properties": {"id": "120203133_13771337", "height": 9.753582000732422, "type": null, "floors": null}, "geometry": {"type": "Polygon", "coordinates": [[[11.0439874, 50.985868], [11.0438552, 50.9858099], [11.0444598, 50.9852654], [11.044592, 50.9853236], [11.0439874, 50.985868]]]}}, {"type": "Feature", "properties": {"id": "120203133_13679603", "height": 10.121899604797363, "type": null, "floors": null}, "geometry": {"type": "Polygon", "coordinates": [[[11.045348, 50.9862067], [11.0452373, 50.9863186], [11.0449641, 50.9862115], [11.0449761, 50.9861993], [11.0443294, 50.9859458], [11.0444281, 50.985846], [11.045348, 50.9862067]]]}}, {"type": "Feature", "properties": {"id": "120203133_13739037", "height": 10.428765296936035, "type": null, "floors": null}, "geometry": {"type": "Polygon", "coordinates": [[[11.0437653, 50.9858496], [11.0439546, 50.9859265], [11.0437651, 50.9861113], [11.0436951, 50.9860828], [11.0433932, 50.9863771], [11.0431263, 50.9862686], [11.0432123, 50.9861847], [11.04336, 50.9862447], [11.0437653, 50.9858496]]]}}, {"type": "Feature", "properties": {"id": "120203133_13733045", "height": 9.760147094726562, "type": null, "floors": null}, "geometry": {"type": "Polygon", "coordinates": [[[11.0434487, 50.9866607], [11.0441588, 50.9860517], [11.044225, 50.9860824], [11.0442071, 50.9860977], [11.0442751, 50.9861291], [11.0435829, 50.9867227], [11.0434487, 50.9866607]]]}}, {"type": "Feature", "properties": {"id": "120203133_13753485", "height": 2.399633407592773, "type": null, "floors": null}, "geometry": {"type": "Polygon", "coordinates": [[[11.0442494, 50.9866086], [11.0443064, 50.9866353], [11.0439769, 50.9869142], [11.0439199, 50.9868875], [11.0442494, 50.9866086]]]}}, {"type": "Feature", "properties": {"id": "120203133_13822843", "height": 10.052115440368652, "type": null, "floors": null}, "geometry": {"type": "Polygon", "coordinates": [[[11.0450486, 50.9863358], [11.0452685, 50.9864065], [11.0450473, 50.9866789], [11.0449934, 50.9866615], [11.0449265, 50.9867439], [11.0448699, 50.9867257], [11.0443857, 50.987322], [11.0442764, 50.9872869], [11.0450486, 50.9863358]]]}}, {"type": "Feature", "properties": {"id": "120203133_13812502", "height": 10.086709022521973, "type": null, "floors": null}, "geometry": {"type": "Polygon", "coordinates": [[[11.0458538, 50.9849955], [11.0452182, 50.9855724], [11.0450842, 50.9855139], [11.0457198, 50.984937], [11.0458538, 50.9849955]]]}}, {"type": "Feature", "properties": {"id": "120203133_13834025", "height": 4.898068904876709, "type": null, "floors": null}, "geometry": {"type": "Polygon", "coordinates": [[[11.0462221, 50.985595], [11.0463518, 50.985458], [11.0468051, 50.985628], [11.0466754, 50.9857651], [11.0462221, 50.985595]]]}}, {"type": "Feature", "properties": {"id": "120203133_13830624", "height": 10.49801254272461, "type": null, "floors": null}, "geometry": {"type": "Polygon", "coordinates": [[[11.0449481, 50.9857295], [11.0450325, 50.9856417], [11.0456217, 50.985866], [11.0455374, 50.9859538], [11.0449481, 50.9857295]]]}}, {"type": "Feature", "properties": {"id": "120203133_13701454", "height": 10.292591094970703, "type": null, "floors": null}, "geometry": {"type": "Polygon", "coordinates": [[[11.0457711, 50.9857194], [11.0458573, 50.985634], [11.0465576, 50.9859143], [11.0464713, 50.9859997], [11.0457711, 50.9857194]]]}}, {"type": "Feature", "properties": {"id": "120203133_13773052", "height": 5.711695671081543, "type": null, "floors": null}, "geometry": {"type": "Polygon", "coordinates": [[[11.0458217, 50.985815], [11.0458934, 50.985843], [11.0458164, 50.985921], [11.0457448, 50.985893], [11.0458217, 50.985815]]]}}, {"type": "Feature", "properties": {"id": "120203133_13739044", "height": 8.961811065673828, "type": null, "floors": null}, "geometry": {"type": "Polygon", "coordinates": [[[11.046844, 50.9864283], [11.0467913, 50.9865031], [11.0456147, 50.9861745], [11.0456768, 50.9860864], [11.0456588, 50.9860813], [11.0457101, 50.9860086], [11.0459812, 50.9860844], [11.0459544, 50.9861225], [11.0462062, 50.9861928], [11.0461724, 50.9862408], [11.046844, 50.9864283]]]}}, {"type": "Feature", "properties": {"id": "120203133_13827961", "height": 9.645171165466309, "type": null, "floors": null}, "geometry": {"type": "Polygon", "coordinates": [[[11.0456716, 50.9863825], [11.0459338, 50.9864914], [11.0458407, 50.9865802], [11.0457099, 50.9865259], [11.0454904, 50.9867353], [11.0453589, 50.9866807], [11.0456716, 50.9863825]]]}}, {"type": "Feature", "properties": {"id": "120203133_13714248", "height": 5.389787673950195, "type": null, "floors": null}, "geometry": {"type": "Polygon", "coordinates": [[[11.046244, 50.9866191], [11.0461996, 50.9866719], [11.0460131, 50.9866098], [11.0460575, 50.986557], [11.046244, 50.9866191]]]}}, {"type": "Feature", "properties": {"id": "120203133_13690239", "height": 9.375543594360352, "type": null, "floors": null}, "geometry": {"type": "Polygon", "coordinates": [[[11.0455789, 50.9868338], [11.0456428, 50.9867524], [11.0459554, 50.9868496], [11.045957, 50.9868476], [11.0462437, 50.9869368], [11.0461782, 50.9870202], [11.0455789, 50.9868338]]]}}, {"type": "Feature", "properties": {"id": "120203133_13749303", "height": 8.622553825378418, "type": null, "floors": null}, "geometry": {"type": "Polygon", "coordinates": [[[11.0465417, 50.9870381], [11.0464898, 50.9870251], [11.0464249, 50.9871279], [11.0463183, 50.9871012], [11.0465586, 50.9867206], [11.046717, 50.9867603], [11.0465417, 50.9870381]]]}}, {"type": "Feature", "properties": {"id": "120203133_13801411", "height": 10.199787139892578, "type": null, "floors": null}, "geometry": {"type": "Polygon", "coordinates": [[[11.0451789, 50.9868852], [11.0453144, 50.9869287], [11.0448708, 50.9874771], [11.0447353, 50.9874336], [11.0451789, 50.9868852]]]}}, {"type": "Feature", "properties": {"id": "120203133_13759338", "height": 3.277717351913452, "type": null, "floors": null}, "geometry": {"type": "Polygon", "coordinates": [[[11.0460608, 50.9871272], [11.0461284, 50.9871529], [11.0460417, 50.9872432], [11.0459741, 50.9872175], [11.0460608, 50.9871272]]]}}, {"type": "Feature", "properties": {"id": "120203133_13691105", "height": 3.56803035736084, "type": null, "floors": null}, "geometry": {"type": "Polygon", "coordinates": [[[11.0457696, 50.9870841], [11.0459184, 50.9871285], [11.0457303, 50.9873779], [11.0455815, 50.9873335], [11.0457696, 50.9870841]]]}}, {"type": "Feature", "properties": {"id": "120203133_13751005", "height": 3.942475080490112, "type": null, "floors": null}, "geometry": {"type": "Polygon", "coordinates": [[[11.0458246, 50.9874129], [11.0459419, 50.987232], [11.0460109, 50.9872497], [11.0458936, 50.9874306], [11.0458246, 50.9874129]]]}}, {"type": "Feature", "properties": {"id": "120203133_13715125", "height": 9.66244411468506, "type": null, "floors": null}, "geometry": {"type": "Polygon", "coordinates": [[[11.045008, 50.9874775], [11.0450762, 50.9873897], [11.0457167, 50.9875871], [11.0456484, 50.9876749], [11.045008, 50.9874775]]]}}, {"type": "Feature", "properties": {"id": "120203133_13720288", "height": 10.513779640197754, "type": null, "floors": null}, "geometry": {"type": "Polygon", "coordinates": [[[11.0457643, 50.9878206], [11.0461605, 50.987207], [11.0463746, 50.9872617], [11.0463208, 50.9873451], [11.0462426, 50.987325], [11.0459507, 50.9877771], [11.0459737, 50.987783], [11.0459232, 50.9878613], [11.0457643, 50.9878206]]]}}, {"type": "Feature", "properties": {"id": "120203133_13817656", "height": 4.060606002807617, "type": null, "floors": null}, "geometry": {"type": "Polygon", "coordinates": [[[11.0456417, 50.9877598], [11.0457, 50.9876895], [11.0457801, 50.9877158], [11.0457218, 50.9877862], [11.0456417, 50.9877598]]]}}, {"type": "Feature", "properties": {"id": "120203133_13744186", "height": 4.728174686431885, "type": null, "floors": null}, "geometry": {"type": "Polygon", "coordinates": [[[11.0453936, 50.9879036], [11.0453628, 50.9878945], [11.0454081, 50.9878336], [11.0454389, 50.9878427], [11.0453936, 50.9879036]]]}}, {"type": "Feature", "properties": {"id": "120203133_13739039", "height": 3.348350286483764, "type": null, "floors": null}, "geometry": {"type": "Polygon", "coordinates": [[[11.0456252, 50.9879002], [11.0455906, 50.9879485], [11.045468, 50.9879138], [11.0455026, 50.9878654], [11.0456252, 50.9879002]]]}}, {"type": "Feature", "properties": {"id": "120203133_13734785", "height": 9.274779319763184, "type": null, "floors": null}, "geometry": {"type": "Polygon", "coordinates": [[[11.0452629, 50.988039], [11.045117, 50.988236], [11.0449684, 50.9881924], [11.0452663, 50.9877901], [11.0454007, 50.9878296], [11.0452487, 50.9880349], [11.0452629, 50.988039]]]}}, {"type": "Feature", "properties": {"id": "120203133_13705689", "height": 12.885089874267578, "type": null, "floors": null}, "geometry": {"type": "Polygon", "coordinates": [[[11.0325693, 50.9851909], [11.0331485, 50.9856613], [11.0330078, 50.9857299], [11.0325662, 50.9853714], [11.0316717, 50.985808], [11.0315444, 50.9857047], [11.031794, 50.9855828], [11.0317836, 50.9855744], [11.0325693, 50.9851909]]]}}, {"type": "Feature", "properties": {"id": "120203133_13824560", "height": 3.572508811950683, "type": null, "floors": null}, "geometry": {"type": "Polygon", "coordinates": [[[11.0324312, 50.985726], [11.0322811, 50.9857618], [11.0322482, 50.9857072], [11.0323866, 50.9856742], [11.0323723, 50.9856506], [11.0324286, 50.9856371], [11.0324491, 50.9856711], [11.0325039, 50.985658], [11.0326053, 50.9858263], [11.0325059, 50.98585], [11.0324312, 50.985726]]]}}, {"type": "Feature", "properties": {"id": "120203133_13679547", "height": 11.155877113342283, "type": null, "floors": null}, "geometry": {"type": "Polygon", "coordinates": [[[11.0323337, 50.9858267], [11.0323895, 50.9859256], [11.0328821, 50.9858156], [11.0329879, 50.9857666], [11.033223, 50.9857141], [11.033279, 50.985762], [11.0333189, 50.9858328], [11.0321811, 50.986087], [11.0321963, 50.986114], [11.0315112, 50.9862671], [11.0314865, 50.9862459], [11.0314304, 50.9861464], [11.0314716, 50.9861273], [11.0315421, 50.9861116], [11.0315323, 50.9861161], [11.0316875, 50.9860815], [11.0316883, 50.9860811], [11.0316534, 50.9860513], [11.0316173, 50.9860593], [11.031592, 50.9860143], [11.0317114, 50.9859876], [11.0318031, 50.9859452], [11.0323337, 50.9858267]]]}}, {"type": "Feature", "properties": {"id": "120203133_13773898", "height": 10.331090927124023, "type": null, "floors": null}, "geometry": {"type": "Polygon", "coordinates": [[[11.0310536, 50.9866263], [11.0311449, 50.986623], [11.0332108, 50.9861042], [11.0331575, 50.9860972], [11.0330326, 50.9861017], [11.0331458, 50.9860733], [11.03324, 50.9860699], [11.0334126, 50.9860265], [11.0335512, 50.9860215], [11.0335793, 50.9860659], [11.0335688, 50.9860976], [11.0335253, 50.9860992], [11.0335077, 50.9861524], [11.0335376, 50.9861563], [11.0335266, 50.9861896], [11.0334886, 50.986191], [11.0334379, 50.9863437], [11.0334291, 50.9863298], [11.0332352, 50.9869145], [11.0332314, 50.9868725], [11.0331984, 50.9869721], [11.0310332, 50.9866877], [11.0310536, 50.9866263]]]}}, {"type": "Feature", "properties": {"id": "120203133_13789267", "height": 13.224446296691896, "type": null, "floors": null}, "geometry": {"type": "Polygon", "coordinates": [[[11.0361152, 50.9851276], [11.0341423, 50.9855888], [11.0340776, 50.9855857], [11.0340196, 50.9854875], [11.0354797, 50.9851461], [11.0355225, 50.9851214], [11.0357306, 50.9851314], [11.0357751, 50.985121], [11.0357781, 50.9850958], [11.0358048, 50.9850896], [11.0350167, 50.9845493], [11.0349702, 50.9845762], [11.034923, 50.9845439], [11.0348652, 50.9845411], [11.0348226, 50.984469], [11.0346026, 50.9845962], [11.0346323, 50.9846466], [11.0345704, 50.9846823], [11.0345426, 50.984681], [11.0344308, 50.9846044], [11.0347237, 50.984435], [11.0346962, 50.9843884], [11.0346026, 50.9843242], [11.0345515, 50.9843218], [11.0340903, 50.9845884], [11.0340144, 50.9845848], [11.0338956, 50.9845034], [11.0339693, 50.9844861], [11.0344571, 50.9842041], [11.034689, 50.9841499], [11.0361152, 50.9851276]]]}}, {"type": "Feature", "properties": {"id": "120203133_13827103", "height": 7.469453811645508, "type": null, "floors": null}, "geometry": {"type": "Polygon", "coordinates": [[[11.0331762, 50.9848614], [11.0338629, 50.9845172], [11.0345287, 50.9848158], [11.0344947, 50.9848459], [11.0344607, 50.9848442], [11.0344918, 50.9848688], [11.0345776, 50.984793], [11.0346997, 50.9848478], [11.0347783, 50.985068], [11.034685, 50.9851147], [11.0346037, 50.984887], [11.0343473, 50.9850156], [11.0341812, 50.984941], [11.0343216, 50.9848706], [11.0340611, 50.9847538], [11.0339418, 50.9848136], [11.0340563, 50.9848192], [11.03418, 50.9849171], [11.0338912, 50.9850619], [11.0339481, 50.9851069], [11.0340736, 50.9850439], [11.0341646, 50.9850848], [11.0341716, 50.9850286], [11.0342416, 50.9849935], [11.0342944, 50.9850171], [11.0341978, 50.9851024], [11.0342671, 50.9852964], [11.0339505, 50.9854552], [11.0336953, 50.9852535], [11.0337842, 50.9851749], [11.0336186, 50.9851006], [11.033533, 50.9851435], [11.0331762, 50.9848614]]]}}, {"type": "Feature", "properties": {"id": "120203133_13685946", "height": 7.967406749725342, "type": null, "floors": null}, "geometry": {"type": "Polygon", "coordinates": [[[11.0355616, 50.9850135], [11.0354972, 50.9850523], [11.0354516, 50.9850223], [11.0354329, 50.9850336], [11.0353766, 50.9849966], [11.0354598, 50.9849465], [11.0355616, 50.9850135]]]}}, {"type": "Feature", "properties": {"id": "120203133_13740720", "height": 6.371889591217041, "type": null, "floors": null}, "geometry": {"type": "Polygon", "coordinates": [[[11.0348093, 50.9850382], [11.035033, 50.9850018], [11.0350626, 50.9850738], [11.0351606, 50.9850578], [11.035184, 50.9851148], [11.0351428, 50.9851215], [11.035161, 50.9851658], [11.0350137, 50.9851898], [11.0349659, 50.9850735], [11.0348844, 50.9850868], [11.0348935, 50.9851089], [11.0348744, 50.985112], [11.0348923, 50.9851555], [11.0348596, 50.9851608], [11.0348093, 50.9850382]]]}}, {"type": "Feature", "properties": {"id": "120203133_13750980", "height": 6.18053674697876, "type": null, "floors": null}, "geometry": {"type": "Polygon", "coordinates": [[[11.0345714, 50.9852802], [11.0343889, 50.985316], [11.0343079, 50.9851521], [11.0343877, 50.9851364], [11.0343991, 50.9851595], [11.0345018, 50.9851394], [11.0345714, 50.9852802]]]}}, {"type": "Feature", "properties": {"id": "120203133_13798825", "height": 6.465402126312256, "type": null, "floors": null}, "geometry": {"type": "Polygon", "coordinates": [[[11.033416, 50.9852652], [11.0335065, 50.9853472], [11.033559, 50.9853243], [11.0336168, 50.9853767], [11.0335896, 50.9853886], [11.0338384, 50.9856142], [11.0335415, 50.9857439], [11.0332613, 50.9854898], [11.0331943, 50.985519], [11.0331403, 50.98547], [11.0331729, 50.9854558], [11.0331101, 50.9853988], [11.033416, 50.9852652]]]}}, {"type": "Feature", "properties": {"id": "120203133_13715098", "height": 11.04914379119873, "type": null, "floors": null}, "geometry": {"type": "Polygon", "coordinates": [[[11.0361997, 50.9860988], [11.0361247, 50.9861126], [11.0360215, 50.9860999], [11.0359795, 50.9860092], [11.0358465, 50.9860336], [11.0357549, 50.9860224], [11.0357071, 50.9859191], [11.0353809, 50.9859789], [11.0353425, 50.9859742], [11.035344, 50.9859693], [11.0351251, 50.9859423], [11.0350518, 50.9857839], [11.035031, 50.9857814], [11.0348436, 50.9858157], [11.0348242, 50.9858134], [11.0346398, 50.9858472], [11.0345976, 50.985842], [11.034584, 50.9858859], [11.0344138, 50.985865], [11.0342824, 50.9858891], [11.0342945, 50.9859154], [11.0344518, 50.9859347], [11.0344324, 50.9859973], [11.0338884, 50.9859304], [11.0338523, 50.9858524], [11.0362598, 50.9854107], [11.0363094, 50.9854168], [11.0362849, 50.9854956], [11.036393, 50.9854758], [11.0361997, 50.9860988]]]}}, {"type": "Feature", "properties": {"id": "120203133_13760211", "height": 5.179653644561768, "type": null, "floors": null}, "geometry": {"type": "Polygon", "coordinates": [[[11.0351093, 50.9859481], [11.0351007, 50.9859686], [11.0350054, 50.9859529], [11.0350139, 50.9859324], [11.0351093, 50.9859481]]]}}, {"type": "Feature", "properties": {"id": "120203133_13813326", "height": 10.953730583190918, "type": null, "floors": null}, "geometry": {"type": "Polygon", "coordinates": [[[11.034979, 50.9862441], [11.0349821, 50.9862924], [11.0349318, 50.9864322], [11.0349109, 50.9864327], [11.0349099, 50.9864184], [11.0346227, 50.9872165], [11.0334412, 50.987048], [11.0334328, 50.9869203], [11.0334744, 50.9869193], [11.0335327, 50.9867573], [11.0336302, 50.9867548], [11.0337467, 50.986431], [11.033738, 50.9862987], [11.033704, 50.9863932], [11.0337011, 50.9863491], [11.0337598, 50.9861858], [11.0338945, 50.9861823], [11.0338144, 50.9861709], [11.0337296, 50.9861731], [11.0337498, 50.9861168], [11.033777, 50.9861161], [11.0337753, 50.9860908], [11.0340246, 50.9860843], [11.0341247, 50.9860986], [11.0339846, 50.9861023], [11.034979, 50.9862441]]]}}, {"type": "Feature", "properties": {"id": "120203133_13735636", "height": 10.197261810302734, "type": null, "floors": null}, "geometry": {"type": "Polygon", "coordinates": [[[11.0361849, 50.9864262], [11.0359383, 50.9872522], [11.0357761, 50.987233], [11.0357635, 50.9872754], [11.0358064, 50.9872805], [11.0357957, 50.9873164], [11.0357502, 50.987311], [11.0357295, 50.9873803], [11.0347269, 50.9872617], [11.0347665, 50.9871288], [11.0349012, 50.9871447], [11.0351521, 50.986304], [11.0361849, 50.9864262]]]}}, {"type": "Feature", "properties": {"id": "120203133_13808251", "height": 2.617841482162475, "type": null, "floors": null}, "geometry": {"type": "Polygon", "coordinates": [[[11.0295273, 50.9855935], [11.0296247, 50.9856298], [11.0295659, 50.9856923], [11.0294685, 50.9856561], [11.0295273, 50.9855935]]]}}, {"type": "Feature", "properties": {"id": "120203133_13767088", "height": 6.282769203186035, "type": null, "floors": null}, "geometry": {"type": "Polygon", "coordinates": [[[11.0292992, 50.985602], [11.0293916, 50.985619], [11.0293719, 50.9856616], [11.029408, 50.9856682], [11.0293712, 50.9857476], [11.0294726, 50.9857662], [11.0294375, 50.9858419], [11.0293288, 50.9858219], [11.0293069, 50.9858692], [11.0291857, 50.9858469], [11.0292992, 50.985602]]]}}, {"type": "Feature", "properties": {"id": "120203133_13740715", "height": 11.067123413085938, "type": null, "floors": null}, "geometry": {"type": "Polygon", "coordinates": [[[11.0290515, 50.9874777], [11.0293089, 50.9867571], [11.0293819, 50.9867674], [11.0294386, 50.9866089], [11.0302412, 50.9867225], [11.0299272, 50.9876017], [11.0290515, 50.9874777]]]}}, {"type": "Feature", "properties": {"id": "120203133_13727004", "height": 3.756950616836548, "type": null, "floors": null}, "geometry": {"type": "Polygon", "coordinates": [[[11.029232, 50.9879409], [11.0290962, 50.987913], [11.0291136, 50.9878794], [11.0292494, 50.9879073], [11.029232, 50.9879409]]]}}, {"type": "Feature", "properties": {"id": "120203133_13781577", "height": 10.132830619812012, "type": null, "floors": null}, "geometry": {"type": "Polygon", "coordinates": [[[11.0300771, 50.9878648], [11.0314571, 50.9880634], [11.0314192, 50.9881677], [11.031302, 50.9881509], [11.0313023, 50.9881499], [11.0305988, 50.9880486], [11.0305367, 50.9882196], [11.0304056, 50.9882008], [11.0304691, 50.9880259], [11.0303683, 50.9880114], [11.0303762, 50.9879895], [11.030263, 50.9879732], [11.0302206, 50.9880897], [11.0302869, 50.9880993], [11.0302453, 50.9882137], [11.0302005, 50.9882073], [11.0301727, 50.9882837], [11.0299881, 50.9882572], [11.0299963, 50.9882347], [11.0299376, 50.9882263], [11.0300074, 50.9880343], [11.0300405, 50.9880391], [11.0300551, 50.9879989], [11.0300296, 50.9879953], [11.0300771, 50.9878648]]]}}, {"type": "Feature", "properties": {"id": "120203133_13783254", "height": 4.398881435394287, "type": null, "floors": null}, "geometry": {"type": "Polygon", "coordinates": [[[11.0294958, 50.9881119], [11.0294723, 50.9881501], [11.0293616, 50.9881232], [11.0293851, 50.988085], [11.0294958, 50.9881119]]]}}, {"type": "Feature", "properties": {"id": "120203133_13706496", "height": 6.432573795318603, "type": null, "floors": null}, "geometry": {"type": "Polygon", "coordinates": [[[11.0306472, 50.988056], [11.0307509, 50.9880721], [11.0306932, 50.9882202], [11.0306679, 50.9882162], [11.0306548, 50.9882497], [11.0305764, 50.9882376], [11.0306472, 50.988056]]]}}, {"type": "Feature", "properties": {"id": "120203133_13763580", "height": 4.747603893280029, "type": null, "floors": null}, "geometry": {"type": "Polygon", "coordinates": [[[11.0302383, 50.9881912], [11.0302183, 50.9882299], [11.0301854, 50.9882232], [11.0302054, 50.9881845], [11.0302383, 50.9881912]]]}}, {"type": "Feature", "properties": {"id": "120203133_13820226", "height": 5.549707412719727, "type": null, "floors": null}, "geometry": {"type": "Polygon", "coordinates": [[[11.0300773, 50.9882464], [11.0301158, 50.9882516], [11.0301092, 50.988271], [11.0300707, 50.9882658], [11.0300773, 50.9882464]]]}}, {"type": "Feature", "properties": {"id": "120203133_13674482", "height": 3.741976022720337, "type": null, "floors": null}, "geometry": {"type": "Polygon", "coordinates": [[[11.0289592, 50.9883907], [11.0289906, 50.9882893], [11.029059, 50.9882976], [11.0290276, 50.9883991], [11.0289592, 50.9883907]]]}}, {"type": "Feature", "properties": {"id": "120203133_13805707", "height": 3.713013648986816, "type": null, "floors": null}, "geometry": {"type": "Polygon", "coordinates": [[[11.035809, 50.9860974], [11.0358061, 50.9860307], [11.0359053, 50.986029], [11.0359082, 50.9860956], [11.035809, 50.9860974]]]}}, {"type": "Feature", "properties": {"id": "120203133_13704894", "height": 15.587894439697266, "type": null, "floors": null}, "geometry": {"type": "Polygon", "coordinates": [[[11.0359712, 50.9875346], [11.0362417, 50.9868621], [11.0363246, 50.9868428], [11.0363756, 50.9867161], [11.0365672, 50.9866715], [11.0367682, 50.9867035], [11.0371044, 50.9872758], [11.0369251, 50.9873175], [11.036675, 50.9868919], [11.0366716, 50.9869004], [11.0365964, 50.9869179], [11.0365646, 50.9868637], [11.0363809, 50.9873202], [11.0361971, 50.9874584], [11.0362967, 50.9874743], [11.0362884, 50.9874805], [11.0372797, 50.9876385], [11.03728, 50.9876385], [11.0372724, 50.9876256], [11.0371191, 50.9876011], [11.0370882, 50.9875849], [11.0371163, 50.9875151], [11.0370933, 50.9874759], [11.0370815, 50.9874787], [11.0370492, 50.9874237], [11.0371247, 50.9874061], [11.0371134, 50.9873868], [11.0372431, 50.9873566], [11.0374569, 50.9877205], [11.037327, 50.9877508], [11.0359712, 50.9875346]]]}}, {"type": "Feature", "properties": {"id": "120203133_13796297", "height": 5.8077473640441895, "type": null, "floors": null}, "geometry": {"type": "Polygon", "coordinates": [[[11.0364714, 50.9872875], [11.0365027, 50.987234], [11.0366066, 50.9872581], [11.0365752, 50.9873116], [11.0364714, 50.9872875]]]}}, {"type": "Feature", "properties": {"id": "120203133_13767953", "height": 9.27979850769043, "type": null, "floors": null}, "geometry": {"type": "Polygon", "coordinates": [[[11.0381937, 50.9887578], [11.0365639, 50.9892144], [11.036522, 50.9891552], [11.036587, 50.989137], [11.0365731, 50.9890745], [11.0360245, 50.988658], [11.0353792, 50.9885286], [11.0354056, 50.9884764], [11.0353558, 50.9884558], [11.0356585, 50.9881657], [11.0356478, 50.9881173], [11.0356125, 50.9881102], [11.0356399, 50.988056], [11.035682, 50.9880523], [11.035667, 50.9880818], [11.0357557, 50.9879968], [11.0357819, 50.9879946], [11.0357985, 50.9880181], [11.0358407, 50.9879348], [11.0358203, 50.9878425], [11.0358535, 50.9878106], [11.0357951, 50.9877865], [11.0358188, 50.9877396], [11.035842, 50.9877723], [11.0358818, 50.9877688], [11.0358997, 50.9877334], [11.0358687, 50.9877099], [11.0358603, 50.9876719], [11.0359319, 50.9876657], [11.0359489, 50.9876568], [11.0371604, 50.9878997], [11.0375621, 50.9878645], [11.0381937, 50.9887578]]]}}, {"type": "Feature", "properties": {"id": "120203133_13708246", "height": 13.360514640808104, "type": null, "floors": null}, "geometry": {"type": "Polygon", "coordinates": [[[11.0372315, 50.9891805], [11.0378882, 50.9889981], [11.0378953, 50.9889987], [11.0378991, 50.9889782], [11.0381663, 50.9889041], [11.0382775, 50.9889123], [11.0384382, 50.9891417], [11.038317, 50.9891753], [11.0382829, 50.9891727], [11.0382623, 50.9891434], [11.0382646, 50.9891313], [11.0381979, 50.9890361], [11.0377945, 50.9891482], [11.0378259, 50.9891505], [11.0375916, 50.9892156], [11.0375883, 50.9892334], [11.0375286, 50.9892499], [11.0375116, 50.9892487], [11.0373966, 50.9892806], [11.0372965, 50.9892732], [11.0372315, 50.9891805]]]}}, {"type": "Feature", "properties": {"id": "120203133_13732198", "height": 11.52711582183838, "type": null, "floors": null}, "geometry": {"type": "Polygon", "coordinates": [[[11.0363761, 50.9893013], [11.0358921, 50.989468], [11.0358434, 50.9894451], [11.0357973, 50.989461], [11.0357717, 50.9894314], [11.0357985, 50.9894088], [11.0357812, 50.9894007], [11.0357377, 50.9893507], [11.0360906, 50.9892291], [11.036121, 50.9892034], [11.0361373, 50.9891978], [11.0361007, 50.9891557], [11.036082, 50.9891469], [11.0360992, 50.9891324], [11.0360333, 50.9890565], [11.0358983, 50.9889931], [11.0358959, 50.988994], [11.035997, 50.9889086], [11.0362013, 50.9890046], [11.036237, 50.9890456], [11.0362153, 50.9890639], [11.036263, 50.9891188], [11.036322, 50.9891465], [11.0364108, 50.9892487], [11.0363643, 50.9892878], [11.0363761, 50.9893013]]]}}, {"type": "Feature", "properties": {"id": "120203133_13710832", "height": 6.869786262512207, "type": null, "floors": null}, "geometry": {"type": "Polygon", "coordinates": [[[11.0377075, 50.9893678], [11.0378821, 50.9893218], [11.0379514, 50.989426], [11.0377768, 50.989472], [11.0377075, 50.9893678]]]}}, {"type": "Feature", "properties": {"id": "120203133_13827938", "height": 2.606590509414673, "type": null, "floors": null}, "geometry": {"type": "Polygon", "coordinates": [[[11.0359736, 50.9897174], [11.0359165, 50.989729], [11.0358957, 50.9896884], [11.0360124, 50.9896648], [11.0360449, 50.9897282], [11.0359853, 50.9897403], [11.0359736, 50.9897174]]]}}, {"type": "Feature", "properties": {"id": "120203133_13695338", "height": 1.049881219863891, "type": null, "floors": null}, "geometry": {"type": "Polygon", "coordinates": [[[11.0372073, 50.9897833], [11.0371248, 50.9898093], [11.0370367, 50.9896986], [11.0371193, 50.9896725], [11.0372073, 50.9897833]]]}}, {"type": "Feature", "properties": {"id": "120203133_13789263", "height": 11.212723731994627, "type": null, "floors": null}, "geometry": {"type": "Polygon", "coordinates": [[[11.0346161, 50.9875117], [11.0345815, 50.9876098], [11.0338275, 50.9875044], [11.0338621, 50.9874062], [11.0346161, 50.9875117]]]}}, {"type": "Feature", "properties": {"id": "120203133_13828805", "height": 11.567496299743652, "type": null, "floors": null}, "geometry": {"type": "Polygon", "coordinates": [[[11.0346699, 50.9875511], [11.034702, 50.9874504], [11.0355348, 50.9875555], [11.0355028, 50.9876562], [11.0346699, 50.9875511]]]}}, {"type": "Feature", "properties": {"id": "120203133_13806575", "height": 4.554996013641357, "type": null, "floors": null}, "geometry": {"type": "Polygon", "coordinates": [[[11.033719, 50.9874933], [11.0338415, 50.9875107], [11.0338266, 50.9875525], [11.0338955, 50.9875623], [11.0338598, 50.9876619], [11.0337872, 50.9876516], [11.0337441, 50.9877721], [11.0336252, 50.9877552], [11.033719, 50.9874933]]]}}, {"type": "Feature", "properties": {"id": "120203133_13790993", "height": 4.3541998863220215, "type": null, "floors": null}, "geometry": {"type": "Polygon", "coordinates": [[[11.0340465, 50.9875849], [11.0341242, 50.9875977], [11.0340816, 50.9876995], [11.0340039, 50.9876866], [11.0340465, 50.9875849]]]}}, {"type": "Feature", "properties": {"id": "120203133_13809937", "height": 12.625421524047852, "type": null, "floors": null}, "geometry": {"type": "Polygon", "coordinates": [[[11.0333516, 50.9872459], [11.0335876, 50.9872735], [11.0333782, 50.9879835], [11.0332641, 50.9879702], [11.0332448, 50.9880354], [11.0334185, 50.9880557], [11.0334619, 50.9879089], [11.0337626, 50.987944], [11.0337458, 50.9880011], [11.0336161, 50.987986], [11.0335831, 50.9880979], [11.0344103, 50.9881945], [11.0344033, 50.9882181], [11.0349322, 50.9882799], [11.0349394, 50.9882555], [11.0349732, 50.9882594], [11.0350868, 50.9878742], [11.0351594, 50.9878827], [11.0352085, 50.9877162], [11.0353822, 50.9877365], [11.0351872, 50.9883975], [11.0330067, 50.9881427], [11.0330307, 50.9880611], [11.0331085, 50.9880702], [11.0333516, 50.9872459]]]}}, {"type": "Feature", "properties": {"id": "120203133_13745866", "height": 3.5358407497406, "type": null, "floors": null}, "geometry": {"type": "Polygon", "coordinates": [[[11.0350038, 50.9878094], [11.0349832, 50.987861], [11.0350337, 50.987869], [11.035001, 50.9879508], [11.0345758, 50.9878835], [11.034629, 50.9877501], [11.0350038, 50.9878094]]]}}, {"type": "Feature", "properties": {"id": "120203133_13750121", "height": 5.214102745056152, "type": null, "floors": null}, "geometry": {"type": "Polygon", "coordinates": [[[11.0342766, 50.9880275], [11.0342378, 50.9881528], [11.0341152, 50.9881377], [11.034154, 50.9880125], [11.0342766, 50.9880275]]]}}, {"type": "Feature", "properties": {"id": "120203133_13779045", "height": 6.957233905792236, "type": null, "floors": null}, "geometry": {"type": "Polygon", "coordinates": [[[11.0343789, 50.988059], [11.0344564, 50.9880617], [11.0344452, 50.9881896], [11.0343676, 50.9881869], [11.0343789, 50.988059]]]}}, {"type": "Feature", "properties": {"id": "120203133_13798823", "height": 10.239212036132812, "type": null, "floors": null}, "geometry": {"type": "Polygon", "coordinates": [[[11.0329212, 50.9883501], [11.0349383, 50.9885885], [11.0348524, 50.9888764], [11.0346564, 50.9888533], [11.0346971, 50.9888707], [11.0346186, 50.9891341], [11.0344412, 50.9891132], [11.0345258, 50.9888294], [11.0344792, 50.9888239], [11.0345025, 50.9887456], [11.0345996, 50.9887571], [11.0346067, 50.9887504], [11.0346879, 50.988746], [11.0347863, 50.988655], [11.034702, 50.988645], [11.034659, 50.9886847], [11.0340842, 50.9886168], [11.0341482, 50.9886133], [11.0337446, 50.9885656], [11.033628, 50.9885157], [11.033603, 50.9885388], [11.0335334, 50.9885305], [11.0335272, 50.9884849], [11.0334881, 50.9885211], [11.0334184, 50.9885128], [11.0334131, 50.9884744], [11.0330596, 50.9884936], [11.0330429, 50.9885495], [11.0328762, 50.9885298], [11.0328735, 50.9885101], [11.0329212, 50.9883501]]]}}, {"type": "Feature", "properties": {"id": "120203133_13689367", "height": 6.203592300415039, "type": null, "floors": null}, "geometry": {"type": "Polygon", "coordinates": [[[11.0330866, 50.9890165], [11.0331962, 50.9887024], [11.0332985, 50.9887166], [11.0332246, 50.9889285], [11.0333532, 50.9889135], [11.0333833, 50.9888273], [11.0334348, 50.9888213], [11.0334312, 50.9888092], [11.0334698, 50.9886988], [11.0333539, 50.9886828], [11.0333369, 50.9886247], [11.0339847, 50.9887143], [11.0339956, 50.988683], [11.0341507, 50.9887044], [11.0342086, 50.9886977], [11.0342094, 50.9887006], [11.0341878, 50.9887627], [11.0344679, 50.9888014], [11.0343827, 50.9890455], [11.0342177, 50.9890227], [11.0341983, 50.9890782], [11.0336892, 50.9890077], [11.0336895, 50.9890087], [11.0337566, 50.989018], [11.0337369, 50.9890744], [11.033655, 50.989063], [11.0336485, 50.9890818], [11.0335999, 50.9890875], [11.0330866, 50.9890165]]]}}, {"type": "Feature", "properties": {"id": "120203133_13701428", "height": 11.273179054260254, "type": null, "floors": null}, "geometry": {"type": "Polygon", "coordinates": [[[11.0319213, 50.9869107], [11.0318119, 50.9872419], [11.0317903, 50.987239], [11.0315874, 50.9878531], [11.0302531, 50.9876783], [11.0302704, 50.987626], [11.0302858, 50.987628], [11.0303316, 50.9874894], [11.0304088, 50.9874995], [11.0304574, 50.9873522], [11.0304652, 50.9873532], [11.0304678, 50.9873451], [11.030419, 50.9873387], [11.0304527, 50.9872368], [11.0305144, 50.9872449], [11.0305352, 50.9871817], [11.0305224, 50.9871801], [11.0305336, 50.9871461], [11.0305835, 50.9871526], [11.0306658, 50.9869034], [11.0306134, 50.9868965], [11.0306631, 50.986746], [11.0319213, 50.9869107]]]}}, {"type": "Feature", "properties": {"id": "120203133_13836643", "height": 9.613999366760254, "type": null, "floors": null}, "geometry": {"type": "Polygon", "coordinates": [[[11.0320998, 50.9869736], [11.0331245, 50.9871094], [11.032917, 50.9877293], [11.0328862, 50.9877252], [11.032778, 50.9880486], [11.0316788, 50.9879027], [11.0317004, 50.9878381], [11.0318057, 50.987852], [11.0320998, 50.9869736]]]}}, {"type": "Feature", "properties": {"id": "120203133_13792804", "height": 13.810379028320312, "type": null, "floors": null}, "geometry": {"type": "Polygon", "coordinates": [[[11.031394, 50.9882016], [11.0309713, 50.9893961], [11.0304935, 50.9893292], [11.0305333, 50.9892166], [11.0306513, 50.9892331], [11.0308334, 50.9892215], [11.03074, 50.9892084], [11.0307808, 50.9890931], [11.0308897, 50.9890862], [11.030887, 50.9890697], [11.0309694, 50.988837], [11.0309016, 50.9888275], [11.0309262, 50.988758], [11.0310011, 50.9887532], [11.0309965, 50.9887243], [11.0309485, 50.9887176], [11.0309684, 50.9886614], [11.031037, 50.988657], [11.0310431, 50.9886398], [11.0310312, 50.9885656], [11.0311562, 50.9885576], [11.0310215, 50.9885387], [11.0310168, 50.9885095], [11.0310766, 50.9883405], [11.0309948, 50.988329], [11.0310079, 50.988292], [11.0311025, 50.9883053], [11.0311512, 50.9881675], [11.031394, 50.9882016]]]}}, {"type": "Feature", "properties": {"id": "120203133_13725351", "height": 10.569201469421388, "type": null, "floors": null}, "geometry": {"type": "Polygon", "coordinates": [[[11.0311705, 50.9894425], [11.0314756, 50.9885106], [11.0314499, 50.9885073], [11.0314584, 50.9884814], [11.031533, 50.9884911], [11.0316545, 50.9881202], [11.0326656, 50.9882513], [11.0322305, 50.98958], [11.0311705, 50.9894425]]]}}, {"type": "Feature", "properties": {"id": "120203133_13784954", "height": 13.228387832641602, "type": null, "floors": null}, "geometry": {"type": "Polygon", "coordinates": [[[11.0324339, 50.9896382], [11.0326103, 50.9891289], [11.0326679, 50.9891367], [11.0328025, 50.9887476], [11.0328244, 50.9887506], [11.0328908, 50.9885588], [11.0330598, 50.988582], [11.0328576, 50.9891662], [11.0327577, 50.9891525], [11.0325825, 50.9896586], [11.0324339, 50.9896382]]]}}, {"type": "Feature", "properties": {"id": "120203133_13679555", "height": 10.787569999694824, "type": null, "floors": null}, "geometry": {"type": "Polygon", "coordinates": [[[11.0331797, 50.9892146], [11.032999, 50.9897209], [11.032593, 50.9896635], [11.032612, 50.9896104], [11.0328137, 50.989639], [11.0329494, 50.9892587], [11.0330171, 50.9892683], [11.0330431, 50.9891953], [11.0331797, 50.9892146]]]}}, {"type": "Feature", "properties": {"id": "120203133_13839267", "height": 2.088578701019287, "type": null, "floors": null}, "geometry": {"type": "Polygon", "coordinates": [[[11.0317425, 50.9898352], [11.0316945, 50.9899763], [11.0320254, 50.9900209], [11.0320091, 50.9900687], [11.0315911, 50.9900123], [11.0316553, 50.9898235], [11.0317425, 50.9898352]]]}}, {"type": "Feature", "properties": {"id": "120203133_13785858", "height": 8.682846069335938, "type": null, "floors": null}, "geometry": {"type": "Polygon", "coordinates": [[[11.0320018, 50.9899345], [11.0320324, 50.9898399], [11.0337076, 50.9900548], [11.0336769, 50.9901496], [11.0320018, 50.9899345]]]}}, {"type": "Feature", "properties": {"id": "120203133_13687665", "height": 14.034656524658203, "type": null, "floors": null}, "geometry": {"type": "Polygon", "coordinates": [[[11.0309462, 50.9904229], [11.0307413, 50.9903967], [11.0306775, 50.9903994], [11.0307295, 50.9902382], [11.0308325, 50.9902513], [11.0309648, 50.9898415], [11.0309636, 50.9898308], [11.0309201, 50.9898253], [11.0309185, 50.9898102], [11.0309307, 50.9897725], [11.0309898, 50.98977], [11.0309287, 50.9897622], [11.0309777, 50.9896101], [11.0310396, 50.9896075], [11.0318846, 50.9897156], [11.0317994, 50.9897191], [11.0318011, 50.9897351], [11.0317707, 50.9898293], [11.031204, 50.9897569], [11.0311579, 50.9898997], [11.0311144, 50.9899015], [11.0310932, 50.9899673], [11.0311061, 50.9899689], [11.0309645, 50.9904076], [11.0309612, 50.9903763], [11.0309462, 50.9904229]]]}}, {"type": "Feature", "properties": {"id": "120203133_13750975", "height": 11.457988739013672, "type": null, "floors": null}, "geometry": {"type": "Polygon", "coordinates": [[[11.0315839, 50.9900441], [11.031504, 50.9902674], [11.0312589, 50.9902327], [11.0313388, 50.9900093], [11.0315839, 50.9900441]]]}}, {"type": "Feature", "properties": {"id": "120203133_13754257", "height": 12.676628112792969, "type": null, "floors": null}, "geometry": {"type": "Polygon", "coordinates": [[[11.0349201, 50.9891952], [11.0351602, 50.9886807], [11.0354787, 50.9887396], [11.0354178, 50.9888701], [11.0353697, 50.9888613], [11.0353418, 50.9889211], [11.0353825, 50.9889286], [11.0353219, 50.9890584], [11.0352725, 50.9890493], [11.0351819, 50.9892435], [11.0349201, 50.9891952]]]}}, {"type": "Feature", "properties": {"id": "120203133_13755974", "height": 7.09417724609375, "type": null, "floors": null}, "geometry": {"type": "Polygon", "coordinates": [[[11.0357474, 50.9888226], [11.0356987, 50.9889165], [11.0356648, 50.9889095], [11.0355205, 50.989188], [11.0355242, 50.9891888], [11.0354929, 50.989249], [11.0353256, 50.9892147], [11.0353691, 50.9891308], [11.0353716, 50.9891313], [11.0355523, 50.9887826], [11.0357474, 50.9888226]]]}}, {"type": "Feature", "properties": {"id": "120203133_13736471", "height": 8.338760375976562, "type": null, "floors": null}, "geometry": {"type": "Polygon", "coordinates": [[[11.0336756, 50.989347], [11.0336406, 50.9894486], [11.0334626, 50.9894243], [11.0334653, 50.9894163], [11.0332014, 50.9893803], [11.0332336, 50.9892868], [11.0336756, 50.989347]]]}}, {"type": "Feature", "properties": {"id": "120203133_13692815", "height": 4.892438888549805, "type": null, "floors": null}, "geometry": {"type": "Polygon", "coordinates": [[[11.0344155, 50.9893608], [11.0343991, 50.9893957], [11.0342868, 50.9893748], [11.0343032, 50.9893399], [11.0344155, 50.9893608]]]}}, {"type": "Feature", "properties": {"id": "120203133_13743276", "height": 2.355072498321533, "type": null, "floors": null}, "geometry": {"type": "Polygon", "coordinates": [[[11.0351943, 50.9894341], [11.0352313, 50.9893503], [11.0352935, 50.9893611], [11.0352566, 50.989445], [11.0351943, 50.9894341]]]}}, {"type": "Feature", "properties": {"id": "120203133_13720264", "height": 2.331536293029785, "type": null, "floors": null}, "geometry": {"type": "Polygon", "coordinates": [[[11.035203, 50.9894791], [11.0351871, 50.9895214], [11.0351121, 50.9895103], [11.035128, 50.9894679], [11.035203, 50.9894791]]]}}, {"type": "Feature", "properties": {"id": "120203133_13837505", "height": 7.878223896026611, "type": null, "floors": null}, "geometry": {"type": "Polygon", "coordinates": [[[11.0341511, 50.9892165], [11.0341105, 50.9893369], [11.0340656, 50.989331], [11.0340545, 50.989364], [11.0339557, 50.9893508], [11.0337877, 50.9898501], [11.0335874, 50.9898234], [11.0337603, 50.9893096], [11.0337244, 50.9893048], [11.0337711, 50.9891658], [11.0341511, 50.9892165]]]}}, {"type": "Feature", "properties": {"id": "120203133_13785865", "height": 3.028414249420166, "type": null, "floors": null}, "geometry": {"type": "Polygon", "coordinates": [[[11.0351727, 50.9895437], [11.0351397, 50.9895963], [11.0350585, 50.9895761], [11.0350914, 50.9895235], [11.0351727, 50.9895437]]]}}, {"type": "Feature", "properties": {"id": "120203133_13797121", "height": 7.777782440185547, "type": null, "floors": null}, "geometry": {"type": "Polygon", "coordinates": [[[11.0344331, 50.9894236], [11.0341354, 50.9899193], [11.0337963, 50.9898386], [11.0338185, 50.9898017], [11.0339593, 50.9898352], [11.0341372, 50.9895389], [11.0341736, 50.9895476], [11.0342711, 50.9893851], [11.0344331, 50.9894236]]]}}, {"type": "Feature", "properties": {"id": "120203133_13814204", "height": 2.438654422760009, "type": null, "floors": null}, "geometry": {"type": "Polygon", "coordinates": [[[11.0353305, 50.9896386], [11.035431, 50.9896178], [11.0354632, 50.9896795], [11.0353627, 50.9897003], [11.0353305, 50.9896386]]]}}, {"type": "Feature", "properties": {"id": "120203133_13809936", "height": 8.002361297607422, "type": null, "floors": null}, "geometry": {"type": "Polygon", "coordinates": [[[11.0330746, 50.9896971], [11.0331081, 50.9896032], [11.0332434, 50.9896223], [11.0332446, 50.9896191], [11.0334284, 50.9896451], [11.033427, 50.989649], [11.0335496, 50.9896663], [11.0335163, 50.9897595], [11.0330746, 50.9896971]]]}}, {"type": "Feature", "properties": {"id": "120203133_13702254", "height": 2.8449196815490723, "type": null, "floors": null}, "geometry": {"type": "Polygon", "coordinates": [[[11.0349961, 50.9896974], [11.0350206, 50.9896598], [11.035117, 50.9896848], [11.0350924, 50.9897223], [11.0349961, 50.9896974]]]}}, {"type": "Feature", "properties": {"id": "120203133_13716818", "height": 2.0, "type": null, "floors": null}, "geometry": {"type": "Polygon", "coordinates": [[[11.0355979, 50.9897776], [11.0356304, 50.9898285], [11.0355669, 50.9898446], [11.0355344, 50.9897937], [11.0355979, 50.9897776]]]}}, {"type": "Feature", "properties": {"id": "120203133_13697099", "height": 2.15625, "type": null, "floors": null}, "geometry": {"type": "Polygon", "coordinates": [[[11.0355109, 50.989805], [11.0355362, 50.989849], [11.035446, 50.9898695], [11.0354207, 50.9898255], [11.0355109, 50.989805]]]}}, {"type": "Feature", "properties": {"id": "120203133_13791905", "height": 2.484916925430298, "type": null, "floors": null}, "geometry": {"type": "Polygon", "coordinates": [[[11.0346664, 50.9898081], [11.0347002, 50.9898484], [11.0345836, 50.9898871], [11.0345498, 50.9898467], [11.0346664, 50.9898081]]]}}, {"type": "Feature", "properties": {"id": "120203133_13687669", "height": 2.213114738464355, "type": null, "floors": null}, "geometry": {"type": "Polygon", "coordinates": [[[11.0349731, 50.9899888], [11.0350548, 50.9899641], [11.0350799, 50.989997], [11.0349983, 50.9900217], [11.0349731, 50.9899888]]]}}, {"type": "Feature", "properties": {"id": "120203133_13784961", "height": 2.026618719100952, "type": null, "floors": null}, "geometry": {"type": "Polygon", "coordinates": [[[11.0348364, 50.989995], [11.0349274, 50.9899751], [11.0349615, 50.9900368], [11.0348705, 50.9900567], [11.0348364, 50.989995]]]}}, {"type": "Feature", "properties": {"id": "120203133_13773903", "height": 2.263606548309326, "type": null, "floors": null}, "geometry": {"type": "Polygon", "coordinates": [[[11.035035, 50.990015], [11.0350905, 50.9900866], [11.0350124, 50.9901106], [11.034957, 50.9900389], [11.035035, 50.990015]]]}}, {"type": "Feature", "properties": {"id": "120203133_13750981", "height": 1.042382597923278, "type": null, "floors": null}, "geometry": {"type": "Polygon", "coordinates": [[[11.0346784, 50.9900487], [11.0347814, 50.9900181], [11.0348286, 50.9900808], [11.0347255, 50.9901115], [11.0346784, 50.9900487]]]}}, {"type": "Feature", "properties": {"id": "120203133_13703088", "height": 1.819057822227478, "type": null, "floors": null}, "geometry": {"type": "Polygon", "coordinates": [[[11.0354385, 50.9900762], [11.0353578, 50.9900987], [11.035327, 50.9900549], [11.0354078, 50.9900324], [11.0354385, 50.9900762]]]}}, {"type": "Feature", "properties": {"id": "120203133_13727846", "height": 1.801025629043579, "type": null, "floors": null}, "geometry": {"type": "Polygon", "coordinates": [[[11.0353687, 50.9901248], [11.0354571, 50.9900991], [11.0354872, 50.9901402], [11.0353988, 50.9901659], [11.0353687, 50.9901248]]]}}, {"type": "Feature", "properties": {"id": "120203133_13697098", "height": 2.0, "type": null, "floors": null}, "geometry": {"type": "Polygon", "coordinates": [[[11.0344373, 50.9901589], [11.0345466, 50.9901261], [11.0345705, 50.9901578], [11.0344612, 50.9901905], [11.0344373, 50.9901589]]]}}, {"type": "Feature", "properties": {"id": "120203133_13759308", "height": 2.510110378265381, "type": null, "floors": null}, "geometry": {"type": "Polygon", "coordinates": [[[11.0352875, 50.9901295], [11.0353157, 50.9901749], [11.0352215, 50.9901981], [11.0351933, 50.9901527], [11.0352875, 50.9901295]]]}}, {"type": "Feature", "properties": {"id": "120203133_13768788", "height": 5.455392837524414, "type": null, "floors": null}, "geometry": {"type": "Polygon", "coordinates": [[[11.0344144, 50.9902078], [11.0343424, 50.9902233], [11.0343194, 50.990181], [11.0343913, 50.9901655], [11.0344144, 50.9902078]]]}}, {"type": "Feature", "properties": {"id": "120203133_13773026", "height": 2.0, "type": null, "floors": null}, "geometry": {"type": "Polygon", "coordinates": [[[11.0350693, 50.9902302], [11.0349864, 50.9902419], [11.0349764, 50.9902138], [11.0350593, 50.9902021], [11.0350693, 50.9902302]]]}}, {"type": "Feature", "properties": {"id": "120203133_13760207", "height": 4.065610885620117, "type": null, "floors": null}, "geometry": {"type": "Polygon", "coordinates": [[[11.034314, 50.9902478], [11.034384, 50.9902236], [11.0344033, 50.9902456], [11.0343333, 50.9902698], [11.034314, 50.9902478]]]}}, {"type": "Feature", "properties": {"id": "120203133_13837507", "height": 1.962177157402038, "type": null, "floors": null}, "geometry": {"type": "Polygon", "coordinates": [[[11.0346717, 50.9902737], [11.0347004, 50.9902636], [11.0347272, 50.9902939], [11.0346516, 50.9903205], [11.0345973, 50.9902594], [11.0346443, 50.9902428], [11.0346717, 50.9902737]]]}}, {"type": "Feature", "properties": {"id": "120203133_13682983", "height": 1.999099135398864, "type": null, "floors": null}, "geometry": {"type": "Polygon", "coordinates": [[[11.034879, 50.9903088], [11.0349085, 50.9903533], [11.0348125, 50.9903785], [11.034783, 50.9903339], [11.034879, 50.9903088]]]}}, {"type": "Feature", "properties": {"id": "120203133_13811619", "height": 3.052271842956543, "type": null, "floors": null}, "geometry": {"type": "Polygon", "coordinates": [[[11.0353783, 50.9903506], [11.0355317, 50.9903015], [11.0355789, 50.9903598], [11.0354254, 50.9904089], [11.0353783, 50.9903506]]]}}, {"type": "Feature", "properties": {"id": "120203133_13762752", "height": 1.188059687614441, "type": null, "floors": null}, "geometry": {"type": "Polygon", "coordinates": [[[11.0346819, 50.9904206], [11.0346431, 50.9904327], [11.0346186, 50.9904015], [11.0346574, 50.9903894], [11.0346819, 50.9904206]]]}}, {"type": "Feature", "properties": {"id": "120203133_13761099", "height": 2.145397186279297, "type": null, "floors": null}, "geometry": {"type": "Polygon", "coordinates": [[[11.0374238, 50.990427], [11.0373228, 50.990457], [11.0372923, 50.9904161], [11.0373153, 50.9904093], [11.0372832, 50.9903665], [11.0373546, 50.9903453], [11.0373763, 50.9903743], [11.037429, 50.9903587], [11.0374683, 50.9904112], [11.0375056, 50.9904002], [11.0375346, 50.9904388], [11.0374512, 50.9904636], [11.0374238, 50.990427]]]}}, {"type": "Feature", "properties": {"id": "120203133_13821116", "height": 1.685039401054382, "type": null, "floors": null}, "geometry": {"type": "Polygon", "coordinates": [[[11.0364124, 50.9904314], [11.0363776, 50.99044], [11.0363598, 50.9904114], [11.0363946, 50.9904028], [11.0364124, 50.9904314]]]}}, {"type": "Feature", "properties": {"id": "120203133_13733023", "height": 1.986244797706604, "type": null, "floors": null}, "geometry": {"type": "Polygon", "coordinates": [[[11.03609, 50.9904666], [11.0361712, 50.9904498], [11.0361903, 50.9904864], [11.0361091, 50.9905032], [11.03609, 50.9904666]]]}}, {"type": "Feature", "properties": {"id": "120203133_13735640", "height": 1.996578216552734, "type": null, "floors": null}, "geometry": {"type": "Polygon", "coordinates": [[[11.0374945, 50.990523], [11.0374048, 50.9905414], [11.0373771, 50.990488], [11.0374667, 50.9904696], [11.0374945, 50.990523]]]}}, {"type": "Feature", "properties": {"id": "120203133_13710827", "height": 3.205078125, "type": null, "floors": null}, "geometry": {"type": "Polygon", "coordinates": [[[11.0364319, 50.9905318], [11.0363487, 50.9905505], [11.0363206, 50.9905011], [11.0364039, 50.9904824], [11.0364319, 50.9905318]]]}}, {"type": "Feature", "properties": {"id": "120203133_13803957", "height": 2.508212566375732, "type": null, "floors": null}, "geometry": {"type": "Polygon", "coordinates": [[[11.0362702, 50.9905107], [11.036305, 50.9905622], [11.0362278, 50.9905829], [11.036193, 50.9905314], [11.0362702, 50.9905107]]]}}, {"type": "Feature", "properties": {"id": "120203133_13774779", "height": 2.790697574615478, "type": null, "floors": null}, "geometry": {"type": "Polygon", "coordinates": [[[11.0374498, 50.9905489], [11.0375704, 50.9905188], [11.0376338, 50.9906194], [11.0376732, 50.9906096], [11.0377127, 50.9906723], [11.0376362, 50.9906914], [11.0375976, 50.9906301], [11.0375466, 50.9906429], [11.0375292, 50.9906152], [11.0374967, 50.9906233], [11.0374498, 50.9905489]]]}}, {"type": "Feature", "properties": {"id": "120203133_13805711", "height": 1.739495754241943, "type": null, "floors": null}, "geometry": {"type": "Polygon", "coordinates": [[[11.037027, 50.9905736], [11.037065, 50.9906169], [11.0369983, 50.9906401], [11.0369603, 50.9905968], [11.037027, 50.9905736]]]}}, {"type": "Feature", "properties": {"id": "120203133_13825448", "height": 2.710826158523559, "type": null, "floors": null}, "geometry": {"type": "Polygon", "coordinates": [[[11.0363703, 50.9905929], [11.0364065, 50.9906412], [11.0362988, 50.9906731], [11.0362627, 50.9906247], [11.0363703, 50.9905929]]]}}, {"type": "Feature", "properties": {"id": "120203133_13672832", "height": 2.401820659637451, "type": null, "floors": null}, "geometry": {"type": "Polygon", "coordinates": [[[11.0364669, 50.9906309], [11.0364873, 50.9906669], [11.0364301, 50.9906797], [11.0364394, 50.9906962], [11.0363608, 50.9907137], [11.0363312, 50.9906613], [11.0364669, 50.9906309]]]}}, {"type": "Feature", "properties": {"id": "120203133_13689388", "height": 4.909643173217773, "type": null, "floors": null}, "geometry": {"type": "Polygon", "coordinates": [[[11.0401298, 50.9869514], [11.0398146, 50.9870474], [11.0397793, 50.9870014], [11.0400945, 50.9869054], [11.0401298, 50.9869514]]]}}, {"type": "Feature", "properties": {"id": "120203133_13755140", "height": 2.651842355728149, "type": null, "floors": null}, "geometry": {"type": "Polygon", "coordinates": [[[11.0401525, 50.9870231], [11.0402663, 50.9869126], [11.0403343, 50.9869403], [11.0402204, 50.9870509], [11.0401525, 50.9870231]]]}}, {"type": "Feature", "properties": {"id": "120203133_13716018", "height": 2.475630283355713, "type": null, "floors": null}, "geometry": {"type": "Polygon", "coordinates": [[[11.0401191, 50.9873296], [11.0400748, 50.9873424], [11.0400489, 50.987307], [11.0401388, 50.987281], [11.040185, 50.9873442], [11.0401395, 50.9873574], [11.0401191, 50.9873296]]]}}, {"type": "Feature", "properties": {"id": "120203133_13731356", "height": 3.5728235244750968, "type": null, "floors": null}, "geometry": {"type": "Polygon", "coordinates": [[[11.0401218, 50.9873946], [11.0402247, 50.9873698], [11.0402534, 50.9874169], [11.0401504, 50.9874417], [11.0401218, 50.9873946]]]}}, {"type": "Feature", "properties": {"id": "120203133_13812489", "height": 7.119375705718994, "type": null, "floors": null}, "geometry": {"type": "Polygon", "coordinates": [[[11.0412963, 50.9876849], [11.0412374, 50.9876645], [11.0411186, 50.9878008], [11.0407982, 50.9876902], [11.0410391, 50.9874137], [11.0409801, 50.9873934], [11.0411305, 50.9872207], [11.0412245, 50.9872532], [11.0413598, 50.9870979], [11.0417042, 50.9872168], [11.0412963, 50.9876849]]]}}, {"type": "Feature", "properties": {"id": "120203133_13795439", "height": 1.8237179517745967, "type": null, "floors": null}, "geometry": {"type": "Polygon", "coordinates": [[[11.0403243, 50.9875093], [11.040224, 50.9875289], [11.040205, 50.9874904], [11.0403054, 50.9874708], [11.0403243, 50.9875093]]]}}, {"type": "Feature", "properties": {"id": "120203133_13764503", "height": 1.997695803642273, "type": null, "floors": null}, "geometry": {"type": "Polygon", "coordinates": [[[11.0402805, 50.9875872], [11.04037, 50.9875613], [11.0403964, 50.9875976], [11.0403069, 50.9876234], [11.0402805, 50.9875872]]]}}, {"type": "Feature", "properties": {"id": "120203133_13834009", "height": 1.870101571083068, "type": null, "floors": null}, "geometry": {"type": "Polygon", "coordinates": [[[11.0398334, 50.9876638], [11.039803, 50.9876218], [11.0399262, 50.9875866], [11.0399565, 50.9876285], [11.0398334, 50.9876638]]]}}, {"type": "Feature", "properties": {"id": "120203133_13727033", "height": 2.514905214309692, "type": null, "floors": null}, "geometry": {"type": "Polygon", "coordinates": [[[11.0403473, 50.987671], [11.0404334, 50.9876478], [11.0404557, 50.9876806], [11.0403696, 50.9877038], [11.0403473, 50.987671]]]}}, {"type": "Feature", "properties": {"id": "120203133_13705701", "height": 1.534407019615173, "type": null, "floors": null}, "geometry": {"type": "Polygon", "coordinates": [[[11.0398843, 50.9877618], [11.0398593, 50.9877246], [11.0400002, 50.9876869], [11.0400252, 50.9877241], [11.0398843, 50.9877618]]]}}, {"type": "Feature", "properties": {"id": "120203133_13698861", "height": 8.616665840148926, "type": null, "floors": null}, "geometry": {"type": "Polygon", "coordinates": [[[11.0399668, 50.9871765], [11.0394706, 50.98732], [11.0394065, 50.9872321], [11.0398938, 50.9870912], [11.039906, 50.987108], [11.040112, 50.9870484], [11.0401466, 50.9870958], [11.0399495, 50.9871528], [11.0399668, 50.9871765]]]}}, {"type": "Feature", "properties": {"id": "120203133_13750989", "height": 12.71267318725586, "type": null, "floors": null}, "geometry": {"type": "Polygon", "coordinates": [[[11.0382295, 50.9870572], [11.0384377, 50.987342], [11.0382982, 50.9873824], [11.03809, 50.9870976], [11.0382295, 50.9870572]]]}}, {"type": "Feature", "properties": {"id": "120203133_13766238", "height": 10.709269523620604, "type": null, "floors": null}, "geometry": {"type": "Polygon", "coordinates": [[[11.0382363, 50.9873004], [11.0382923, 50.9873659], [11.038254, 50.9873789], [11.038198, 50.9873134], [11.0382363, 50.9873004]]]}}, {"type": "Feature", "properties": {"id": "120203133_13784971", "height": 2.760121345520019, "type": null, "floors": null}, "geometry": {"type": "Polygon", "coordinates": [[[11.039788, 50.9874432], [11.0396775, 50.9874578], [11.0396646, 50.987419], [11.039775, 50.9874044], [11.039788, 50.9874432]]]}}, {"type": "Feature", "properties": {"id": "120203133_13798837", "height": 5.257310390472412, "type": null, "floors": null}, "geometry": {"type": "Polygon", "coordinates": [[[11.03836, 50.9874484], [11.0384222, 50.9874345], [11.0384722, 50.9874333], [11.0384886, 50.9874624], [11.0385064, 50.9874619], [11.0385475, 50.9874527], [11.038528, 50.9874182], [11.0385942, 50.9874034], [11.0390061, 50.9873937], [11.0390706, 50.9875077], [11.0387421, 50.9875813], [11.0387265, 50.9875537], [11.0386088, 50.9875801], [11.0386096, 50.9875937], [11.0386341, 50.9876369], [11.0385112, 50.9876644], [11.038489, 50.987665], [11.0384654, 50.9876233], [11.0384662, 50.9876361], [11.03836, 50.9874484]]]}}, {"type": "Feature", "properties": {"id": "120203133_13740731", "height": 2.8258132934570312, "type": null, "floors": null}, "geometry": {"type": "Polygon", "coordinates": [[[11.0389418, 50.9876561], [11.0390284, 50.9876341], [11.039056, 50.987677], [11.0389695, 50.987699], [11.0389418, 50.9876561]]]}}, {"type": "Feature", "properties": {"id": "120203133_13761105", "height": 1.0, "type": null, "floors": null}, "geometry": {"type": "Polygon", "coordinates": [[[11.0390052, 50.9877389], [11.0390416, 50.9877284], [11.0390538, 50.9877452], [11.0390982, 50.9877325], [11.0391225, 50.987766], [11.0390416, 50.9877892], [11.0390052, 50.9877389]]]}}, {"type": "Feature", "properties": {"id": "120203133_13756782", "height": 2.0, "type": null, "floors": null}, "geometry": {"type": "Polygon", "coordinates": [[[11.0386896, 50.9877713], [11.0385722, 50.9877926], [11.0385615, 50.9877692], [11.0386789, 50.9877479], [11.0386896, 50.9877713]]]}}, {"type": "Feature", "properties": {"id": "120203133_13780747", "height": 9.917069435119627, "type": null, "floors": null}, "geometry": {"type": "Polygon", "coordinates": [[[11.0386602, 50.9878917], [11.0382354, 50.9880159], [11.0381631, 50.987918], [11.0385879, 50.9877937], [11.0386602, 50.9878917]]]}}, {"type": "Feature", "properties": {"id": "120203133_13769618", "height": 1.9713740348815911, "type": null, "floors": null}, "geometry": {"type": "Polygon", "coordinates": [[[11.0393321, 50.9880517], [11.0392692, 50.9880709], [11.0392454, 50.9880401], [11.0393083, 50.9880208], [11.0393321, 50.9880517]]]}}, {"type": "Feature", "properties": {"id": "120203133_13776571", "height": 3.403165102005005, "type": null, "floors": null}, "geometry": {"type": "Polygon", "coordinates": [[[11.0405275, 50.9877516], [11.0405487, 50.9878014], [11.0404361, 50.9878204], [11.0404148, 50.9877706], [11.0405275, 50.9877516]]]}}, {"type": "Feature", "properties": {"id": "120203133_13781594", "height": 1.812142014503479, "type": null, "floors": null}, "geometry": {"type": "Polygon", "coordinates": [[[11.040623, 50.9878795], [11.0405363, 50.9879123], [11.0405043, 50.9878788], [11.0405911, 50.9878461], [11.040623, 50.9878795]]]}}, {"type": "Feature", "properties": {"id": "120203133_13818512", "height": 2.0, "type": null, "floors": null}, "geometry": {"type": "Polygon", "coordinates": [[[11.040095, 50.9878885], [11.0401486, 50.9878742], [11.040164, 50.9878972], [11.0400649, 50.9879236], [11.0400332, 50.9878763], [11.0400786, 50.9878642], [11.040095, 50.9878885]]]}}, {"type": "Feature", "properties": {"id": "120203133_13811628", "height": 3.436692476272583, "type": null, "floors": null}, "geometry": {"type": "Polygon", "coordinates": [[[11.041123, 50.9879629], [11.0411978, 50.9879352], [11.0412466, 50.9879874], [11.0411717, 50.9880151], [11.041123, 50.9879629]]]}}, {"type": "Feature", "properties": {"id": "120203133_13754268", "height": 1.0, "type": null, "floors": null}, "geometry": {"type": "Polygon", "coordinates": [[[11.0402491, 50.9880003], [11.0401639, 50.9880276], [11.04014, 50.9879981], [11.0402253, 50.9879708], [11.0402491, 50.9880003]]]}}, {"type": "Feature", "properties": {"id": "120203133_13727032", "height": 1.314709186553955, "type": null, "floors": null}, "geometry": {"type": "Polygon", "coordinates": [[[11.0402207, 50.9880551], [11.0403201, 50.9880292], [11.0403425, 50.9880632], [11.0402431, 50.9880891], [11.0402207, 50.9880551]]]}}, {"type": "Feature", "properties": {"id": "120203133_13827948", "height": 4.153068542480469, "type": null, "floors": null}, "geometry": {"type": "Polygon", "coordinates": [[[11.0413373, 50.9881301], [11.0414611, 50.988095], [11.0414913, 50.988137], [11.0413674, 50.9881722], [11.0413373, 50.9881301]]]}}, {"type": "Feature", "properties": {"id": "120203133_13824572", "height": 3.186652660369873, "type": null, "floors": null}, "geometry": {"type": "Polygon", "coordinates": [[[11.0415677, 50.988213], [11.0416275, 50.9881977], [11.0416678, 50.9882599], [11.041608, 50.9882753], [11.0415677, 50.988213]]]}}, {"type": "Feature", "properties": {"id": "120203133_13800525", "height": 1.908827781677246, "type": null, "floors": null}, "geometry": {"type": "Polygon", "coordinates": [[[11.0401831, 50.9883026], [11.0402377, 50.988287], [11.0402721, 50.9883345], [11.0402175, 50.9883501], [11.0401831, 50.9883026]]]}}, {"type": "Feature", "properties": {"id": "120203133_13743287", "height": 1.796551704406738, "type": null, "floors": null}, "geometry": {"type": "Polygon", "coordinates": [[[11.0405551, 50.9883563], [11.0406421, 50.9883282], [11.0406617, 50.9883522], [11.0405748, 50.9883804], [11.0405551, 50.9883563]]]}}, {"type": "Feature", "properties": {"id": "120203133_13724533", "height": 2.305717706680298, "type": null, "floors": null}, "geometry": {"type": "Polygon", "coordinates": [[[11.0394119, 50.9881093], [11.0394354, 50.9881434], [11.0393397, 50.9881696], [11.0393161, 50.9881355], [11.0394119, 50.9881093]]]}}, {"type": "Feature", "properties": {"id": "120203133_13753468", "height": 1.5923476219177242, "type": null, "floors": null}, "geometry": {"type": "Polygon", "coordinates": [[[11.0385972, 50.9880036], [11.038676, 50.9879819], [11.038744, 50.9880797], [11.0388858, 50.9880406], [11.0389085, 50.9880732], [11.0387869, 50.9881067], [11.0389446, 50.9883334], [11.0388455, 50.9883607], [11.0385972, 50.9880036]]]}}, {"type": "Feature", "properties": {"id": "120203133_13733850", "height": 1.920305728912353, "type": null, "floors": null}, "geometry": {"type": "Polygon", "coordinates": [[[11.0388307, 50.9881679], [11.0389404, 50.9881435], [11.0389593, 50.9881772], [11.0388496, 50.9882016], [11.0388307, 50.9881679]]]}}, {"type": "Feature", "properties": {"id": "120203133_13669270", "height": 2.200793743133545, "type": null, "floors": null}, "geometry": {"type": "Polygon", "coordinates": [[[11.0395032, 50.9882022], [11.0395831, 50.9883352], [11.0394892, 50.9883575], [11.0394626, 50.9883132], [11.0394344, 50.9883199], [11.0393812, 50.9882313], [11.0395032, 50.9882022]]]}}, {"type": "Feature", "properties": {"id": "120203133_13742431", "height": 3.068421125411987, "type": null, "floors": null}, "geometry": {"type": "Polygon", "coordinates": [[[11.0391072, 50.9883212], [11.039134, 50.9883571], [11.039036, 50.9883861], [11.0390092, 50.9883501], [11.0391072, 50.9883212]]]}}, {"type": "Feature", "properties": {"id": "120203133_13755983", "height": 2.0, "type": null, "floors": null}, "geometry": {"type": "Polygon", "coordinates": [[[11.0395485, 50.9884163], [11.0396437, 50.988395], [11.0396649, 50.9884324], [11.0395697, 50.9884538], [11.0395485, 50.9884163]]]}}, {"type": "Feature", "properties": {"id": "120203133_13815939", "height": 2.761329412460327, "type": null, "floors": null}, "geometry": {"type": "Polygon", "coordinates": [[[11.0391807, 50.9884141], [11.0392163, 50.9884572], [11.0391889, 50.9884662], [11.0391533, 50.9884231], [11.0391807, 50.9884141]]]}}, {"type": "Feature", "properties": {"id": "120203133_13714222", "height": 2.77689242362976, "type": null, "floors": null}, "geometry": {"type": "Polygon", "coordinates": [[[11.0391526, 50.9884259], [11.0391832, 50.988471], [11.0390765, 50.9884996], [11.039046, 50.9884545], [11.0391526, 50.9884259]]]}}, {"type": "Feature", "properties": {"id": "120203133_13733033", "height": 2.072826147079467, "type": null, "floors": null}, "geometry": {"type": "Polygon", "coordinates": [[[11.0396218, 50.988517], [11.0397086, 50.9884872], [11.0397407, 50.9885242], [11.0396538, 50.988554], [11.0396218, 50.988517]]]}}, {"type": "Feature", "properties": {"id": "120203133_13768798", "height": 1.998008012771606, "type": null, "floors": null}, "geometry": {"type": "Polygon", "coordinates": [[[11.0398165, 50.988629], [11.0397168, 50.9886503], [11.0396948, 50.9886094], [11.0397945, 50.9885881], [11.0398165, 50.988629]]]}}, {"type": "Feature", "properties": {"id": "120203133_13688551", "height": 2.9093904495239262, "type": null, "floors": null}, "geometry": {"type": "Polygon", "coordinates": [[[11.0407718, 50.9885217], [11.0409983, 50.9884549], [11.0410282, 50.988495], [11.0410599, 50.9884857], [11.0410854, 50.9885198], [11.0410184, 50.9885395], [11.0409926, 50.9885049], [11.0408013, 50.9885614], [11.0407718, 50.9885217]]]}}, {"type": "Feature", "properties": {"id": "120203133_13769619", "height": 3.4463999271392822, "type": null, "floors": null}, "geometry": {"type": "Polygon", "coordinates": [[[11.0404969, 50.9886438], [11.0404319, 50.9886565], [11.0403955, 50.9885825], [11.0402658, 50.9886079], [11.04024, 50.9885555], [11.0401997, 50.9885634], [11.0401546, 50.988472], [11.0401815, 50.9884667], [11.0401694, 50.9884421], [11.0402121, 50.9884337], [11.0402283, 50.9884666], [11.0403935, 50.9884343], [11.0404969, 50.9886438]]]}}, {"type": "Feature", "properties": {"id": "120203133_13704908", "height": 4.300000190734863, "type": null, "floors": null}, "geometry": {"type": "Polygon", "coordinates": [[[11.0412635, 50.9886222], [11.0411902, 50.9885134], [11.0412347, 50.9885016], [11.0412803, 50.9885694], [11.0414428, 50.988526], [11.0414983, 50.9886085], [11.0413414, 50.9886504], [11.0413135, 50.9886089], [11.0412635, 50.9886222]]]}}, {"type": "Feature", "properties": {"id": "120203133_13747617", "height": 2.268901109695434, "type": null, "floors": null}, "geometry": {"type": "Polygon", "coordinates": [[[11.040739, 50.9885806], [11.0407741, 50.9886254], [11.0406706, 50.9886575], [11.0406355, 50.9886127], [11.040739, 50.9885806]]]}}, {"type": "Feature", "properties": {"id": "120203133_13697110", "height": 1.786476850509643, "type": null, "floors": null}, "geometry": {"type": "Polygon", "coordinates": [[[11.0407442, 50.9887611], [11.0408279, 50.9887331], [11.0408579, 50.9887687], [11.0407742, 50.9887966], [11.0407442, 50.9887611]]]}}, {"type": "Feature", "properties": {"id": "120203133_13773039", "height": 1.51518440246582, "type": null, "floors": null}, "geometry": {"type": "Polygon", "coordinates": [[[11.039966, 50.9888121], [11.0398745, 50.988837], [11.0398482, 50.9887986], [11.0399397, 50.9887737], [11.039966, 50.9888121]]]}}, {"type": "Feature", "properties": {"id": "120203133_13807413", "height": 4.10674524307251, "type": null, "floors": null}, "geometry": {"type": "Polygon", "coordinates": [[[11.0416161, 50.9887809], [11.0417042, 50.9888878], [11.0415963, 50.988923], [11.0415083, 50.988816], [11.0416161, 50.9887809]]]}}, {"type": "Feature", "properties": {"id": "120203133_13773041", "height": 1.612359523773193, "type": null, "floors": null}, "geometry": {"type": "Polygon", "coordinates": [[[11.0409043, 50.9888238], [11.0409314, 50.9888549], [11.0408121, 50.9888963], [11.0407849, 50.9888652], [11.0409043, 50.9888238]]]}}, {"type": "Feature", "properties": {"id": "120203133_13765404", "height": 1.213114738464355, "type": null, "floors": null}, "geometry": {"type": "Polygon", "coordinates": [[[11.0399869, 50.988844], [11.0400303, 50.9889063], [11.0399448, 50.9889299], [11.0399014, 50.9888676], [11.0399869, 50.988844]]]}}, {"type": "Feature", "properties": {"id": "120203133_13815096", "height": 2.0, "type": null, "floors": null}, "geometry": {"type": "Polygon", "coordinates": [[[11.0400033, 50.9889912], [11.0400644, 50.9889746], [11.0400859, 50.9890059], [11.0400248, 50.9890225], [11.0400033, 50.9889912]]]}}, {"type": "Feature", "properties": {"id": "120203133_13805720", "height": 3.619726419448852, "type": null, "floors": null}, "geometry": {"type": "Polygon", "coordinates": [[[11.0392019, 50.9886096], [11.0392625, 50.9885927], [11.0392823, 50.988621], [11.0393699, 50.9885966], [11.0393932, 50.98863], [11.0392451, 50.9886712], [11.0392019, 50.9886096]]]}}, {"type": "Feature", "properties": {"id": "120203133_13778174", "height": 3.894495487213134, "type": null, "floors": null}, "geometry": {"type": "Polygon", "coordinates": [[[11.0397747, 50.9887057], [11.0398647, 50.988679], [11.0398916, 50.9887149], [11.0398016, 50.9887416], [11.0397747, 50.9887057]]]}}, {"type": "Feature", "properties": {"id": "120203133_13741588", "height": 6.946780681610107, "type": null, "floors": null}, "geometry": {"type": "Polygon", "coordinates": [[[11.0382935, 50.9880757], [11.0384031, 50.9880488], [11.038474, 50.9880454], [11.0384726, 50.9880333], [11.0387331, 50.9884536], [11.0387823, 50.9884513], [11.0388555, 50.9884333], [11.0388528, 50.9884111], [11.0392031, 50.988976], [11.0391141, 50.9889979], [11.0392138, 50.9889932], [11.0392397, 50.9890349], [11.0392362, 50.9890054], [11.0394852, 50.9894071], [11.0393727, 50.9894348], [11.0393019, 50.9894381], [11.0390351, 50.9890078], [11.0390503, 50.9890041], [11.038925, 50.9888019], [11.0389221, 50.988778], [11.0388688, 50.988692], [11.0387972, 50.9886954], [11.0386762, 50.9885002], [11.0385601, 50.9885057], [11.0382935, 50.9880757]]]}}, {"type": "Feature", "properties": {"id": "120203133_13827111", "height": 1.512195110321045, "type": null, "floors": null}, "geometry": {"type": "Polygon", "coordinates": [[[11.0394801, 50.9888218], [11.0393835, 50.9888496], [11.0393004, 50.988735], [11.0394147, 50.9887021], [11.039438, 50.9887343], [11.0394114, 50.9887419], [11.0394331, 50.9887718], [11.039442, 50.9887693], [11.0394801, 50.9888218]]]}}, {"type": "Feature", "properties": {"id": "120203133_13797963", "height": 2.872832298278808, "type": null, "floors": null}, "geometry": {"type": "Polygon", "coordinates": [[[11.0395611, 50.9888956], [11.0395882, 50.9889313], [11.0394812, 50.9889635], [11.0394541, 50.9889278], [11.0395611, 50.9888956]]]}}, {"type": "Feature", "properties": {"id": "120203133_13792819", "height": 2.249639272689819, "type": null, "floors": null}, "geometry": {"type": "Polygon", "coordinates": [[[11.0395525, 50.9890195], [11.0396333, 50.9889897], [11.0396602, 50.9890186], [11.0395794, 50.9890484], [11.0395525, 50.9890195]]]}}, {"type": "Feature", "properties": {"id": "120203133_13719386", "height": 1.058510661125183, "type": null, "floors": null}, "geometry": {"type": "Polygon", "coordinates": [[[11.0395825, 50.9891183], [11.0397087, 50.9890836], [11.0397323, 50.9891177], [11.0396061, 50.9891523], [11.0395825, 50.9891183]]]}}, {"type": "Feature", "properties": {"id": "120203133_13818509", "height": 2.184973239898681, "type": null, "floors": null}, "geometry": {"type": "Polygon", "coordinates": [[[11.039356, 50.9889555], [11.0394451, 50.9889312], [11.039697, 50.9892971], [11.0396078, 50.9893214], [11.039356, 50.9889555]]]}}, {"type": "Feature", "properties": {"id": "120203133_13722015", "height": 2.0, "type": null, "floors": null}, "geometry": {"type": "Polygon", "coordinates": [[[11.039692, 50.9892038], [11.0397769, 50.9891772], [11.0398058, 50.9892138], [11.0397209, 50.9892404], [11.039692, 50.9892038]]]}}, {"type": "Feature", "properties": {"id": "120203133_13703984", "height": 2.900748968124389, "type": null, "floors": null}, "geometry": {"type": "Polygon", "coordinates": [[[11.0398614, 50.9892712], [11.0398956, 50.9893122], [11.0398031, 50.9893428], [11.0397689, 50.9893017], [11.0398614, 50.9892712]]]}}, {"type": "Feature", "properties": {"id": "120203133_13684215", "height": 8.729701042175293, "type": null, "floors": null}, "geometry": {"type": "Polygon", "coordinates": [[[11.0399214, 50.9894853], [11.0394761, 50.9896176], [11.0394057, 50.9895237], [11.0399365, 50.989366], [11.0399651, 50.9894041], [11.0398795, 50.9894295], [11.0399214, 50.9894853]]]}}, {"type": "Feature", "properties": {"id": "120203133_13813333", "height": 12.192049026489258, "type": null, "floors": null}, "geometry": {"type": "Polygon", "coordinates": [[[11.0389657, 50.9897554], [11.0389402, 50.9897623], [11.0389037, 50.9897806], [11.0387459, 50.9898235], [11.0387188, 50.9898021], [11.0386555, 50.9898193], [11.0385589, 50.9896784], [11.038492, 50.9896257], [11.0382333, 50.9896959], [11.0381167, 50.9897545], [11.0380315, 50.9897777], [11.0378575, 50.9895237], [11.0378754, 50.9895146], [11.0378392, 50.9894618], [11.03788, 50.9894508], [11.0379141, 50.9895006], [11.0379718, 50.9894849], [11.0380176, 50.9895518], [11.038367, 50.989457], [11.0382422, 50.9892748], [11.0382698, 50.9892673], [11.0383353, 50.9892343], [11.0385051, 50.9891882], [11.0385625, 50.9892334], [11.0385918, 50.9892761], [11.0386302, 50.9892657], [11.0389657, 50.9897554]]]}}, {"type": "Feature", "properties": {"id": "120203133_13770478", "height": 2.169265985488891, "type": null, "floors": null}, "geometry": {"type": "Polygon", "coordinates": [[[11.0390524, 50.9898901], [11.0391148, 50.9899683], [11.0390141, 50.9900002], [11.0389517, 50.9899219], [11.0390524, 50.9898901]]]}}, {"type": "Feature", "properties": {"id": "120203133_13679784", "height": 2.80474042892456, "type": null, "floors": null}, "geometry": {"type": "Polygon", "coordinates": [[[11.039066, 50.9900359], [11.039138, 50.990018], [11.0391681, 50.9900663], [11.0390961, 50.9900841], [11.039066, 50.9900359]]]}}, {"type": "Feature", "properties": {"id": "120203133_13761103", "height": 2.294663667678833, "type": null, "floors": null}, "geometry": {"type": "Polygon", "coordinates": [[[11.0385928, 50.9900846], [11.038684, 50.9900626], [11.0387181, 50.9901186], [11.0386268, 50.9901405], [11.0385928, 50.9900846]]]}}, {"type": "Feature", "properties": {"id": "120203133_13833164", "height": 2.504504442214966, "type": null, "floors": null}, "geometry": {"type": "Polygon", "coordinates": [[[11.0392855, 50.9901608], [11.0391261, 50.9901954], [11.0391029, 50.9901532], [11.0392624, 50.9901185], [11.0392855, 50.9901608]]]}}, {"type": "Feature", "properties": {"id": "120203133_13713357", "height": 2.746824026107788, "type": null, "floors": null}, "geometry": {"type": "Polygon", "coordinates": [[[11.0386411, 50.9901789], [11.0386735, 50.9902278], [11.0385866, 50.9902506], [11.0385542, 50.9902016], [11.0386411, 50.9901789]]]}}, {"type": "Feature", "properties": {"id": "120203133_13733029", "height": 2.95339298248291, "type": null, "floors": null}, "geometry": {"type": "Polygon", "coordinates": [[[11.0388175, 50.9902526], [11.0388661, 50.9903196], [11.0387163, 50.9903627], [11.0386677, 50.9902956], [11.0388175, 50.9902526]]]}}, {"type": "Feature", "properties": {"id": "120203133_13762757", "height": 2.110061168670654, "type": null, "floors": null}, "geometry": {"type": "Polygon", "coordinates": [[[11.0382125, 50.9903658], [11.0381128, 50.9903981], [11.0380599, 50.9903334], [11.0381596, 50.9903011], [11.0382125, 50.9903658]]]}}, {"type": "Feature", "properties": {"id": "120203133_13767954", "height": 2.251082181930542, "type": null, "floors": null}, "geometry": {"type": "Polygon", "coordinates": [[[11.0383279, 50.9903522], [11.0383944, 50.9903289], [11.0384263, 50.990365], [11.0383599, 50.9903883], [11.0383279, 50.9903522]]]}}, {"type": "Feature", "properties": {"id": "120203133_13791908", "height": 2.602301836013794, "type": null, "floors": null}, "geometry": {"type": "Polygon", "coordinates": [[[11.0358089, 50.9897784], [11.0358788, 50.9897624], [11.0359047, 50.9898071], [11.0358348, 50.9898231], [11.0358089, 50.9897784]]]}}, {"type": "Feature", "properties": {"id": "120203133_13739868", "height": 3.218080997467041, "type": null, "floors": null}, "geometry": {"type": "Polygon", "coordinates": [[[11.0360108, 50.9898634], [11.0359798, 50.9898724], [11.0359966, 50.9898954], [11.0359291, 50.9899149], [11.0358889, 50.9898599], [11.0359874, 50.9898314], [11.0360108, 50.9898634]]]}}, {"type": "Feature", "properties": {"id": "120203133_13718553", "height": 1.912685394287109, "type": null, "floors": null}, "geometry": {"type": "Polygon", "coordinates": [[[11.0357724, 50.9899273], [11.0358196, 50.9899124], [11.0358566, 50.989959], [11.0358094, 50.9899739], [11.0357724, 50.9899273]]]}}, {"type": "Feature", "properties": {"id": "120203133_13829713", "height": 0.935468018054962, "type": null, "floors": null}, "geometry": {"type": "Polygon", "coordinates": [[[11.0381752, 50.9897939], [11.0382997, 50.98997], [11.0376739, 50.9901453], [11.0375554, 50.9899776], [11.0378733, 50.9898885], [11.0378673, 50.9898801], [11.0381752, 50.9897939]]]}}, {"type": "Feature", "properties": {"id": "120203133_13805709", "height": 3.134564638137817, "type": null, "floors": null}, "geometry": {"type": "Polygon", "coordinates": [[[11.0362651, 50.9902273], [11.0361685, 50.9902551], [11.0361366, 50.990211], [11.0362332, 50.9901833], [11.0362651, 50.9902273]]]}}, {"type": "Feature", "properties": {"id": "120203133_13821115", "height": 2.803611755371093, "type": null, "floors": null}, "geometry": {"type": "Polygon", "coordinates": [[[11.0361323, 50.9902109], [11.0361572, 50.9902512], [11.0361141, 50.9902618], [11.0360891, 50.9902215], [11.0361323, 50.9902109]]]}}, {"type": "Feature", "properties": {"id": "120203133_13695340", "height": 1.100039482116699, "type": null, "floors": null}, "geometry": {"type": "Polygon", "coordinates": [[[11.0380252, 50.9901682], [11.0380631, 50.9903146], [11.0380253, 50.9903184], [11.0380104, 50.9902609], [11.0379489, 50.9902672], [11.0379374, 50.9902228], [11.0379335, 50.9902232], [11.037922, 50.9901788], [11.0380252, 50.9901682]]]}}, {"type": "Feature", "properties": {"id": "120203133_13711692", "height": 1.998731017112732, "type": null, "floors": null}, "geometry": {"type": "Polygon", "coordinates": [[[11.0379124, 50.9902857], [11.0379912, 50.9902612], [11.0380199, 50.9902979], [11.0379411, 50.9903224], [11.0379124, 50.9902857]]]}}, {"type": "Feature", "properties": {"id": "120203133_13678010", "height": 1.986784100532531, "type": null, "floors": null}, "geometry": {"type": "Polygon", "coordinates": [[[11.0363764, 50.9902907], [11.0364019, 50.9903233], [11.0363263, 50.9903467], [11.0363008, 50.9903141], [11.0363764, 50.9902907]]]}}, {"type": "Feature", "properties": {"id": "120203133_13711689", "height": 2.0, "type": null, "floors": null}, "geometry": {"type": "Polygon", "coordinates": [[[11.0360224, 50.9903097], [11.0360426, 50.9903438], [11.0359612, 50.9903629], [11.035941, 50.9903288], [11.0360224, 50.9903097]]]}}, {"type": "Feature", "properties": {"id": "120203133_13743282", "height": 3.097611665725708, "type": null, "floors": null}, "geometry": {"type": "Polygon", "coordinates": [[[11.0393786, 50.9903435], [11.0393581, 50.9903463], [11.0393753, 50.990397], [11.0393292, 50.9904032], [11.0393026, 50.990325], [11.0393693, 50.9903161], [11.0393786, 50.9903435]]]}}, {"type": "Feature", "properties": {"id": "120203133_13779054", "height": 3.113024711608886, "type": null, "floors": null}, "geometry": {"type": "Polygon", "coordinates": [[[11.0394565, 50.9904014], [11.0393924, 50.9904134], [11.0393638, 50.9903529], [11.0394278, 50.9903409], [11.0394565, 50.9904014]]]}}, {"type": "Feature", "properties": {"id": "120203133_13676344", "height": 1.164000034332275, "type": null, "floors": null}, "geometry": {"type": "Polygon", "coordinates": [[[11.0388358, 50.9904093], [11.0388966, 50.9903899], [11.0389443, 50.9904488], [11.0388836, 50.9904683], [11.0388358, 50.9904093]]]}}, {"type": "Feature", "properties": {"id": "120203133_13765402", "height": 2.808828592300415, "type": null, "floors": null}, "geometry": {"type": "Polygon", "coordinates": [[[11.0381168, 50.990399], [11.0382066, 50.990376], [11.0382187, 50.9903949], [11.0382579, 50.9903849], [11.0382999, 50.9904501], [11.0382758, 50.9904563], [11.0383001, 50.990494], [11.0383519, 50.9904808], [11.0383752, 50.990517], [11.0382416, 50.9905511], [11.0382252, 50.9905257], [11.0381561, 50.9905433], [11.0381071, 50.9904673], [11.0381532, 50.9904555], [11.0381168, 50.990399]]]}}, {"type": "Feature", "properties": {"id": "120203133_13821989", "height": 1.864724278450012, "type": null, "floors": null}, "geometry": {"type": "Polygon", "coordinates": [[[11.0387696, 50.9904536], [11.0388532, 50.9904328], [11.038877, 50.9904708], [11.0389629, 50.9904495], [11.038979, 50.9904752], [11.0388095, 50.9905173], [11.0387696, 50.9904536]]]}}, {"type": "Feature", "properties": {"id": "120203133_13805717", "height": 2.161557674407959, "type": null, "floors": null}, "geometry": {"type": "Polygon", "coordinates": [[[11.0390297, 50.9905393], [11.0389434, 50.9905613], [11.0389253, 50.9905331], [11.0389391, 50.9905296], [11.038919, 50.9904983], [11.0389915, 50.9904798], [11.0390297, 50.9905393]]]}}, {"type": "Feature", "properties": {"id": "120203133_13748417", "height": 2.582497835159301, "type": null, "floors": null}, "geometry": {"type": "Polygon", "coordinates": [[[11.03954, 50.9905524], [11.0394385, 50.9905747], [11.0394143, 50.9905311], [11.0395157, 50.9905088], [11.03954, 50.9905524]]]}}, {"type": "Feature", "properties": {"id": "120203133_13755134", "height": 2.5, "type": null, "floors": null}, "geometry": {"type": "Polygon", "coordinates": [[[11.038835, 50.990553], [11.0389243, 50.9905343], [11.0389501, 50.9905829], [11.0388608, 50.9906017], [11.038835, 50.990553]]]}}, {"type": "Feature", "properties": {"id": "120203133_13722869", "height": 2.322377681732177, "type": null, "floors": null}, "geometry": {"type": "Polygon", "coordinates": [[[11.0395532, 50.9905487], [11.0395973, 50.9906017], [11.0395014, 50.9906333], [11.0394573, 50.9905803], [11.0395532, 50.9905487]]]}}, {"type": "Feature", "properties": {"id": "120203133_13806588", "height": 2.512635469436645, "type": null, "floors": null}, "geometry": {"type": "Polygon", "coordinates": [[[11.0383531, 50.9905926], [11.0384007, 50.990646], [11.0382578, 50.9906964], [11.0382102, 50.990643], [11.0383531, 50.9905926]]]}}, {"type": "Feature", "properties": {"id": "120203133_13805723", "height": 2.0, "type": null, "floors": null}, "geometry": {"type": "Polygon", "coordinates": [[[11.0400821, 50.9890792], [11.0401808, 50.9890609], [11.0401982, 50.9890982], [11.0400995, 50.9891165], [11.0400821, 50.9890792]]]}}, {"type": "Feature", "properties": {"id": "120203133_13811627", "height": 1.9019824266433711, "type": null, "floors": null}, "geometry": {"type": "Polygon", "coordinates": [[[11.0403189, 50.9892539], [11.0403404, 50.9892931], [11.0402468, 50.9893134], [11.0402254, 50.9892741], [11.0403189, 50.9892539]]]}}, {"type": "Feature", "properties": {"id": "120203133_13794604", "height": 6.623055934906006, "type": null, "floors": null}, "geometry": {"type": "Polygon", "coordinates": [[[11.0400287, 50.9903213], [11.0396339, 50.9897817], [11.0397501, 50.989748], [11.0397821, 50.9897918], [11.0400089, 50.989726], [11.0402402, 50.9900422], [11.0402955, 50.9900262], [11.0403237, 50.9900647], [11.0402783, 50.9900778], [11.0403408, 50.9901633], [11.0402036, 50.9902031], [11.0402444, 50.9902588], [11.0400287, 50.9903213]]]}}, {"type": "Feature", "properties": {"id": "120203133_13769625", "height": 13.82419776916504, "type": null, "floors": null}, "geometry": {"type": "Polygon", "coordinates": [[[11.0418581, 50.9904746], [11.0420366, 50.9907233], [11.0420802, 50.9907109], [11.0421204, 50.990767], [11.0417172, 50.9908816], [11.0417857, 50.9909769], [11.0414659, 50.9910679], [11.0414887, 50.9910996], [11.0411679, 50.9911908], [11.0411216, 50.9911264], [11.0407175, 50.9912413], [11.0404692, 50.9908955], [11.0405259, 50.9908793], [11.0404863, 50.9908242], [11.0407358, 50.9907532], [11.04076, 50.9907869], [11.0418581, 50.9904746]]]}}, {"type": "Feature", "properties": {"id": "120203133_13694498", "height": 3.178637266159057, "type": null, "floors": null}, "geometry": {"type": "Polygon", "coordinates": [[[11.0398631, 50.9912076], [11.0399543, 50.9911937], [11.039974, 50.9912446], [11.0398829, 50.9912586], [11.0398631, 50.9912076]]]}}, {"type": "Feature", "properties": {"id": "120203133_13733037", "height": 5.236741542816162, "type": null, "floors": null}, "geometry": {"type": "Polygon", "coordinates": [[[11.0413031, 50.9912793], [11.0413772, 50.9913915], [11.0409176, 50.9915118], [11.0408434, 50.9913996], [11.0413031, 50.9912793]]]}}, {"type": "Feature", "properties": {"id": "120203133_13825451", "height": 2.596868991851806, "type": null, "floors": null}, "geometry": {"type": "Polygon", "coordinates": [[[11.0401531, 50.9914522], [11.0400283, 50.9914929], [11.0399922, 50.991449], [11.040117, 50.9914083], [11.0401531, 50.9914522]]]}}, {"type": "Feature", "properties": {"id": "120203133_13784096", "height": 1.9983606338500968, "type": null, "floors": null}, "geometry": {"type": "Polygon", "coordinates": [[[11.0400779, 50.9916584], [11.0400139, 50.9916825], [11.0399836, 50.9916507], [11.0400477, 50.9916266], [11.0400779, 50.9916584]]]}}, {"type": "Feature", "properties": {"id": "120203133_13767955", "height": 3.165145874023437, "type": null, "floors": null}, "geometry": {"type": "Polygon", "coordinates": [[[11.0400055, 50.9919622], [11.0400217, 50.9919956], [11.0398855, 50.992022], [11.0398692, 50.9919886], [11.0400055, 50.9919622]]]}}, {"type": "Feature", "properties": {"id": "120203133_13677803", "height": 3.411373615264892, "type": null, "floors": null}, "geometry": {"type": "Polygon", "coordinates": [[[11.0399951, 50.9920029], [11.0400366, 50.9920536], [11.0399411, 50.9920845], [11.0398997, 50.9920338], [11.0399951, 50.9920029]]]}}, {"type": "Feature", "properties": {"id": "120203133_13782428", "height": 10.01730728149414, "type": null, "floors": null}, "geometry": {"type": "Polygon", "coordinates": [[[11.0323527, 50.9901913], [11.0324301, 50.990201], [11.0324332, 50.9901912], [11.0328307, 50.9902407], [11.0327909, 50.9903674], [11.0323159, 50.9903083], [11.0323527, 50.9901913]]]}}, {"type": "Feature", "properties": {"id": "120203133_13750977", "height": 7.952669143676758, "type": null, "floors": null}, "geometry": {"type": "Polygon", "coordinates": [[[11.0318825, 50.9900951], [11.0321225, 50.9901307], [11.0321094, 50.9901659], [11.0321297, 50.9901689], [11.032074, 50.9903177], [11.0320474, 50.9903137], [11.0320322, 50.9903544], [11.0319978, 50.9903493], [11.0319259, 50.9905412], [11.0319005, 50.9905374], [11.0318864, 50.9905752], [11.031654, 50.9905407], [11.0317388, 50.9903142], [11.0317972, 50.9903229], [11.0318825, 50.9900951]]]}}, {"type": "Feature", "properties": {"id": "120203133_13760204", "height": 10.962797164916992, "type": null, "floors": null}, "geometry": {"type": "Polygon", "coordinates": [[[11.0315404, 50.9902843], [11.0314691, 50.9905065], [11.0311959, 50.9904718], [11.0312308, 50.9903631], [11.0312617, 50.990367], [11.0312982, 50.9902535], [11.0315404, 50.9902843]]]}}, {"type": "Feature", "properties": {"id": "120203133_13676027", "height": 5.176129817962646, "type": null, "floors": null}, "geometry": {"type": "Polygon", "coordinates": [[[11.0323884, 50.9906705], [11.0321374, 50.9906361], [11.0322054, 50.9904394], [11.0322247, 50.9904421], [11.0322434, 50.9903879], [11.0324751, 50.9904196], [11.0323884, 50.9906705]]]}}, {"type": "Feature", "properties": {"id": "120203133_13790990", "height": 11.17820644378662, "type": null, "floors": null}, "geometry": {"type": "Polygon", "coordinates": [[[11.0314286, 50.9906118], [11.0313913, 50.9907226], [11.0305878, 50.9906155], [11.0306452, 50.9904448], [11.0308209, 50.9904683], [11.0308008, 50.9905281], [11.0314286, 50.9906118]]]}}, {"type": "Feature", "properties": {"id": "120203133_13703967", "height": 4.168822288513184, "type": null, "floors": null}, "geometry": {"type": "Polygon", "coordinates": [[[11.0329153, 50.9904922], [11.0328313, 50.9907392], [11.0325697, 50.990704], [11.0326537, 50.990457], [11.0329153, 50.9904922]]]}}, {"type": "Feature", "properties": {"id": "120203133_13827935", "height": 6.035100936889648, "type": null, "floors": null}, "geometry": {"type": "Polygon", "coordinates": [[[11.0315309, 50.9907642], [11.0315695, 50.990653], [11.0323913, 50.990766], [11.0323527, 50.9908772], [11.0315309, 50.9907642]]]}}, {"type": "Feature", "properties": {"id": "120203133_13686814", "height": 6.594793796539307, "type": null, "floors": null}, "geometry": {"type": "Polygon", "coordinates": [[[11.0325111, 50.9907745], [11.0328193, 50.9908111], [11.0328092, 50.9908446], [11.0328521, 50.9908497], [11.0328448, 50.9908742], [11.0328007, 50.990869], [11.032778, 50.9909446], [11.032471, 50.9909081], [11.0325111, 50.9907745]]]}}, {"type": "Feature", "properties": {"id": "120203133_13676302", "height": 20.27509307861328, "type": null, "floors": null}, "geometry": {"type": "Polygon", "coordinates": [[[11.0310848, 50.9908388], [11.0310127, 50.9910306], [11.0308295, 50.9910034], [11.0308104, 50.9910039], [11.0306924, 50.9909864], [11.0305151, 50.9909914], [11.0305646, 50.9908596], [11.0305621, 50.9908236], [11.030573, 50.9907945], [11.0307532, 50.9907894], [11.0310848, 50.9908388]]]}}, {"type": "Feature", "properties": {"id": "120203133_13713339", "height": 11.532601356506348, "type": null, "floors": null}, "geometry": {"type": "Polygon", "coordinates": [[[11.0311054, 50.9910109], [11.0311466, 50.9908863], [11.031815, 50.9909739], [11.0318041, 50.9910069], [11.0318658, 50.991015], [11.0318355, 50.9911066], [11.0311054, 50.9910109]]]}}, {"type": "Feature", "properties": {"id": "120203133_13767099", "height": 2.972068786621093, "type": null, "floors": null}, "geometry": {"type": "Polygon", "coordinates": [[[11.0346426, 50.9904707], [11.0345263, 50.9905034], [11.0344554, 50.9904035], [11.0345716, 50.9903708], [11.0346426, 50.9904707]]]}}, {"type": "Feature", "properties": {"id": "120203133_13741580", "height": 3.159586668014526, "type": null, "floors": null}, "geometry": {"type": "Polygon", "coordinates": [[[11.0344007, 50.9904506], [11.0344403, 50.990488], [11.0343667, 50.9905188], [11.0343271, 50.9904813], [11.0344007, 50.9904506]]]}}, {"type": "Feature", "properties": {"id": "120203133_13785864", "height": 1.9899777173995967, "type": null, "floors": null}, "geometry": {"type": "Polygon", "coordinates": [[[11.0351093, 50.9904976], [11.0351726, 50.9904804], [11.0352097, 50.9905345], [11.0351464, 50.9905517], [11.0351093, 50.9904976]]]}}, {"type": "Feature", "properties": {"id": "120203133_13714209", "height": 3.69461727142334, "type": null, "floors": null}, "geometry": {"type": "Polygon", "coordinates": [[[11.0343229, 50.9906483], [11.0341929, 50.9905945], [11.0342268, 50.990562], [11.0342988, 50.9905918], [11.0343265, 50.9905654], [11.0344342, 50.99061], [11.0343739, 50.9906677], [11.0343242, 50.9906471], [11.0343229, 50.9906483]]]}}, {"type": "Feature", "properties": {"id": "120203133_13706506", "height": 1.97523808479309, "type": null, "floors": null}, "geometry": {"type": "Polygon", "coordinates": [[[11.0350228, 50.990633], [11.0349532, 50.9906567], [11.0349077, 50.9906038], [11.0349773, 50.9905801], [11.0350228, 50.990633]]]}}, {"type": "Feature", "properties": {"id": "120203133_13794593", "height": 9.93829345703125, "type": null, "floors": null}, "geometry": {"type": "Polygon", "coordinates": [[[11.0337286, 50.9903033], [11.0335387, 50.990635], [11.033512, 50.9906347], [11.0332872, 50.9910274], [11.0332299, 50.9910268], [11.0330904, 50.9909951], [11.0330908, 50.9909816], [11.0331399, 50.9908958], [11.0331896, 50.9908964], [11.0331906, 50.9908609], [11.0332102, 50.9908265], [11.0332107, 50.9908088], [11.0332348, 50.990809], [11.0332346, 50.9908194], [11.0333865, 50.9905541], [11.0333876, 50.9905101], [11.033401, 50.9905103], [11.0334011, 50.9905073], [11.0334225, 50.99047], [11.0334611, 50.9904704], [11.0334624, 50.9904215], [11.0334893, 50.9903745], [11.0335199, 50.9903748], [11.0335509, 50.9903206], [11.0335508, 50.9903255], [11.0335764, 50.9902808], [11.0336323, 50.9902814], [11.0337286, 50.9903033]]]}}, {"type": "Feature", "properties": {"id": "120203133_13826265", "height": 1.609182476997375, "type": null, "floors": null}, "geometry": {"type": "Polygon", "coordinates": [[[11.0353011, 50.9906537], [11.0353334, 50.9907096], [11.0352695, 50.9907242], [11.0352371, 50.9906683], [11.0353011, 50.9906537]]]}}, {"type": "Feature", "properties": {"id": "120203133_13791906", "height": 2.063765287399292, "type": null, "floors": null}, "geometry": {"type": "Polygon", "coordinates": [[[11.0356875, 50.9907234], [11.0355945, 50.9907451], [11.0355695, 50.9907028], [11.0356625, 50.9906811], [11.0356875, 50.9907234]]]}}, {"type": "Feature", "properties": {"id": "120203133_13804831", "height": 2.704112291336059, "type": null, "floors": null}, "geometry": {"type": "Polygon", "coordinates": [[[11.0340575, 50.9906823], [11.0341374, 50.9907188], [11.0340946, 50.9907559], [11.0340148, 50.9907194], [11.0340575, 50.9906823]]]}}, {"type": "Feature", "properties": {"id": "120203133_13763585", "height": 2.311588048934936, "type": null, "floors": null}, "geometry": {"type": "Polygon", "coordinates": [[[11.0339392, 50.9907872], [11.033988, 50.9907424], [11.0340682, 50.9907771], [11.0340194, 50.9908219], [11.0339392, 50.9907872]]]}}, {"type": "Feature", "properties": {"id": "120203133_13782441", "height": 2.123966932296753, "type": null, "floors": null}, "geometry": {"type": "Polygon", "coordinates": [[[11.0375574, 50.9906636], [11.0376188, 50.9906533], [11.0376507, 50.9907282], [11.0375892, 50.9907385], [11.0375574, 50.9906636]]]}}, {"type": "Feature", "properties": {"id": "120203133_13696204", "height": 0.9567535519599912, "type": null, "floors": null}, "geometry": {"type": "Polygon", "coordinates": [[[11.0369926, 50.9906661], [11.0370521, 50.9906487], [11.0371302, 50.9907541], [11.0370706, 50.9907716], [11.0369926, 50.9906661]]]}}, {"type": "Feature", "properties": {"id": "120203133_13807400", "height": 3.617647171020508, "type": null, "floors": null}, "geometry": {"type": "Polygon", "coordinates": [[[11.0364919, 50.9907433], [11.0365582, 50.990724], [11.0365976, 50.9907776], [11.0365313, 50.9907969], [11.0364919, 50.9907433]]]}}, {"type": "Feature", "properties": {"id": "120203133_13776561", "height": 1.962703943252563, "type": null, "floors": null}, "geometry": {"type": "Polygon", "coordinates": [[[11.0377612, 50.9907709], [11.0377957, 50.9908183], [11.0377426, 50.9908337], [11.0377538, 50.990849], [11.0376917, 50.990867], [11.037646, 50.9908042], [11.0377612, 50.9907709]]]}}, {"type": "Feature", "properties": {"id": "120203133_13821114", "height": 2.295934915542602, "type": null, "floors": null}, "geometry": {"type": "Polygon", "coordinates": [[[11.0357407, 50.9908237], [11.0358421, 50.9907979], [11.0358724, 50.990845], [11.035771, 50.9908709], [11.0357407, 50.9908237]]]}}, {"type": "Feature", "properties": {"id": "120203133_13744172", "height": 1.5998573303222652, "type": null, "floors": null}, "geometry": {"type": "Polygon", "coordinates": [[[11.0371566, 50.9908421], [11.0372144, 50.9908288], [11.0372707, 50.9909256], [11.0372129, 50.9909389], [11.0371566, 50.9908421]]]}}, {"type": "Feature", "properties": {"id": "120203133_13822820", "height": 3.086546659469604, "type": null, "floors": null}, "geometry": {"type": "Polygon", "coordinates": [[[11.0367133, 50.9908488], [11.0367475, 50.9909007], [11.0366605, 50.9909234], [11.0366264, 50.9908715], [11.0367133, 50.9908488]]]}}, {"type": "Feature", "properties": {"id": "120203133_13718557", "height": 1.9953863620758048, "type": null, "floors": null}, "geometry": {"type": "Polygon", "coordinates": [[[11.0377958, 50.9908839], [11.0378548, 50.9908662], [11.0378959, 50.9909205], [11.0378369, 50.9909382], [11.0377958, 50.9908839]]]}}, {"type": "Feature", "properties": {"id": "120203133_13681560", "height": 1.990283370018005, "type": null, "floors": null}, "geometry": {"type": "Polygon", "coordinates": [[[11.0377873, 50.9908639], [11.0378143, 50.9909412], [11.0377452, 50.9909508], [11.0377182, 50.9908734], [11.0377873, 50.9908639]]]}}, {"type": "Feature", "properties": {"id": "120203133_13787610", "height": 2.503243684768676, "type": null, "floors": null}, "geometry": {"type": "Polygon", "coordinates": [[[11.0359282, 50.9909132], [11.0359749, 50.9909685], [11.035906, 50.9909916], [11.0358592, 50.9909363], [11.0359282, 50.9909132]]]}}, {"type": "Feature", "properties": {"id": "120203133_13698847", "height": 2.415593147277832, "type": null, "floors": null}, "geometry": {"type": "Polygon", "coordinates": [[[11.0357567, 50.9907609], [11.0357792, 50.9908053], [11.0356429, 50.9908327], [11.0356204, 50.9907882], [11.0357567, 50.9907609]]]}}, {"type": "Feature", "properties": {"id": "120203133_13785866", "height": 1.986636996269226, "type": null, "floors": null}, "geometry": {"type": "Polygon", "coordinates": [[[11.0355108, 50.9908356], [11.0355275, 50.9908685], [11.0354715, 50.9908798], [11.0354548, 50.9908468], [11.0355108, 50.9908356]]]}}, {"type": "Feature", "properties": {"id": "120203133_13761917", "height": 3.120225429534912, "type": null, "floors": null}, "geometry": {"type": "Polygon", "coordinates": [[[11.035101, 50.990864], [11.0352135, 50.9908163], [11.0352607, 50.9908604], [11.0351482, 50.9909081], [11.035101, 50.990864]]]}}, {"type": "Feature", "properties": {"id": "120203133_13696198", "height": 2.525767564773559, "type": null, "floors": null}, "geometry": {"type": "Polygon", "coordinates": [[[11.0354686, 50.9908858], [11.0353447, 50.9909148], [11.0353101, 50.9908561], [11.035434, 50.9908272], [11.0354686, 50.9908858]]]}}, {"type": "Feature", "properties": {"id": "120203133_13676037", "height": 2.840579748153686, "type": null, "floors": null}, "geometry": {"type": "Polygon", "coordinates": [[[11.0342614, 50.9908729], [11.0343287, 50.9909134], [11.0342476, 50.9909668], [11.0341803, 50.9909264], [11.0342614, 50.9908729]]]}}, {"type": "Feature", "properties": {"id": "120203133_13732195", "height": 2.489105463027954, "type": null, "floors": null}, "geometry": {"type": "Polygon", "coordinates": [[[11.0351249, 50.9909182], [11.0349475, 50.990977], [11.0349436, 50.9909724], [11.0348395, 50.9910068], [11.0347759, 50.9909308], [11.0348348, 50.9909113], [11.034837, 50.9909139], [11.0349369, 50.9908809], [11.0349579, 50.990906], [11.0350806, 50.9908653], [11.0351249, 50.9909182]]]}}, {"type": "Feature", "properties": {"id": "120203133_13803109", "height": 2.944962739944458, "type": null, "floors": null}, "geometry": {"type": "Polygon", "coordinates": [[[11.0349225, 50.9909905], [11.0350024, 50.9909676], [11.0350389, 50.9910179], [11.034959, 50.9910408], [11.0349225, 50.9909905]]]}}, {"type": "Feature", "properties": {"id": "120203133_13815083", "height": 2.494401454925537, "type": null, "floors": null}, "geometry": {"type": "Polygon", "coordinates": [[[11.034671, 50.9910031], [11.034753, 50.9909676], [11.0348005, 50.9910112], [11.0347185, 50.9910467], [11.034671, 50.9910031]]]}}, {"type": "Feature", "properties": {"id": "120203133_13693660", "height": 2.306236028671264, "type": null, "floors": null}, "geometry": {"type": "Polygon", "coordinates": [[[11.0343461, 50.9910151], [11.0344011, 50.9909793], [11.0344599, 50.9910151], [11.034405, 50.9910509], [11.0343461, 50.9910151]]]}}, {"type": "Feature", "properties": {"id": "120203133_13810764", "height": 2.875251531600952, "type": null, "floors": null}, "geometry": {"type": "Polygon", "coordinates": [[[11.0346058, 50.9909916], [11.0346732, 50.9910469], [11.0345962, 50.991084], [11.0345289, 50.9910288], [11.0346058, 50.9909916]]]}}, {"type": "Feature", "properties": {"id": "120203133_13788432", "height": 2.9827699661254883, "type": null, "floors": null}, "geometry": {"type": "Polygon", "coordinates": [[[11.0339372, 50.9910546], [11.0338197, 50.9910825], [11.0337892, 50.9910315], [11.0339067, 50.9910037], [11.0339372, 50.9910546]]]}}, {"type": "Feature", "properties": {"id": "120203133_13676039", "height": 2.710622787475586, "type": null, "floors": null}, "geometry": {"type": "Polygon", "coordinates": [[[11.0350628, 50.9910325], [11.035094, 50.9910738], [11.0350207, 50.9910958], [11.0349894, 50.9910545], [11.0350628, 50.9910325]]]}}, {"type": "Feature", "properties": {"id": "120203133_13669262", "height": 2.966686248779297, "type": null, "floors": null}, "geometry": {"type": "Polygon", "coordinates": [[[11.0352285, 50.991101], [11.0352502, 50.9911421], [11.03508, 50.9911777], [11.0350584, 50.9911366], [11.0352285, 50.991101]]]}}, {"type": "Feature", "properties": {"id": "120203133_13707395", "height": 2.599160432815551, "type": null, "floors": null}, "geometry": {"type": "Polygon", "coordinates": [[[11.0337395, 50.9911601], [11.0338232, 50.9911291], [11.033859, 50.9911674], [11.0337754, 50.9911984], [11.0337395, 50.9911601]]]}}, {"type": "Feature", "properties": {"id": "120203133_13839273", "height": 2.87231183052063, "type": null, "floors": null}, "geometry": {"type": "Polygon", "coordinates": [[[11.0351547, 50.9911825], [11.0351752, 50.9912184], [11.035092, 50.9912372], [11.0350716, 50.9912013], [11.0351547, 50.9911825]]]}}, {"type": "Feature", "properties": {"id": "120203133_13677791", "height": 2.777348756790161, "type": null, "floors": null}, "geometry": {"type": "Polygon", "coordinates": [[[11.0340951, 50.9912299], [11.0340281, 50.9912614], [11.0339882, 50.9912279], [11.0340552, 50.9911963], [11.0340951, 50.9912299]]]}}, {"type": "Feature", "properties": {"id": "120203133_13717706", "height": 2.725027561187744, "type": null, "floors": null}, "geometry": {"type": "Polygon", "coordinates": [[[11.0355622, 50.9912543], [11.0353963, 50.9912912], [11.0353714, 50.9912469], [11.0355373, 50.99121], [11.0355622, 50.9912543]]]}}, {"type": "Feature", "properties": {"id": "120203133_13836645", "height": 2.900670289993286, "type": null, "floors": null}, "geometry": {"type": "Polygon", "coordinates": [[[11.0342065, 50.991274], [11.034086, 50.9913133], [11.0340459, 50.9912647], [11.0341664, 50.9912254], [11.0342065, 50.991274]]]}}, {"type": "Feature", "properties": {"id": "120203133_13781582", "height": 2.601075172424316, "type": null, "floors": null}, "geometry": {"type": "Polygon", "coordinates": [[[11.0350546, 50.9913256], [11.035168, 50.9912994], [11.0351871, 50.9913321], [11.0350737, 50.9913583], [11.0350546, 50.9913256]]]}}, {"type": "Feature", "properties": {"id": "120203133_13703085", "height": 2.841635704040527, "type": null, "floors": null}, "geometry": {"type": "Polygon", "coordinates": [[[11.0342492, 50.9913515], [11.0341416, 50.9913928], [11.0341016, 50.9913514], [11.0342092, 50.9913102], [11.0342492, 50.9913515]]]}}, {"type": "Feature", "properties": {"id": "120203133_13803113", "height": 1.933534741401672, "type": null, "floors": null}, "geometry": {"type": "Polygon", "coordinates": [[[11.0375549, 50.9912298], [11.0375041, 50.9912493], [11.0374623, 50.9912063], [11.0375131, 50.9911867], [11.0375549, 50.9912298]]]}}, {"type": "Feature", "properties": {"id": "120203133_13681556", "height": 1.29353928565979, "type": null, "floors": null}, "geometry": {"type": "Polygon", "coordinates": [[[11.0359214, 50.9912397], [11.0359338, 50.9912715], [11.0359147, 50.9912745], [11.0359284, 50.9913095], [11.0358287, 50.991325], [11.0357982, 50.991247], [11.0357501, 50.9912544], [11.0357364, 50.9912194], [11.0358538, 50.9912012], [11.0358719, 50.9912473], [11.0359214, 50.9912397]]]}}, {"type": "Feature", "properties": {"id": "120203133_13802269", "height": 2.003289461135864, "type": null, "floors": null}, "geometry": {"type": "Polygon", "coordinates": [[[11.0368957, 50.9912339], [11.036927, 50.9912865], [11.0368353, 50.9913082], [11.036804, 50.9912556], [11.0368957, 50.9912339]]]}}, {"type": "Feature", "properties": {"id": "120203133_13827107", "height": 1.0, "type": null, "floors": null}, "geometry": {"type": "Polygon", "coordinates": [[[11.0369814, 50.9912804], [11.0370635, 50.9912525], [11.037091, 50.9912845], [11.0370089, 50.9913125], [11.0369814, 50.9912804]]]}}, {"type": "Feature", "properties": {"id": "120203133_13678008", "height": 3.034133911132812, "type": null, "floors": null}, "geometry": {"type": "Polygon", "coordinates": [[[11.0362077, 50.9913158], [11.0360949, 50.9913388], [11.0360506, 50.9912524], [11.0361634, 50.9912294], [11.0362077, 50.9913158]]]}}, {"type": "Feature", "properties": {"id": "120203133_13718555", "height": 1.0, "type": null, "floors": null}, "geometry": {"type": "Polygon", "coordinates": [[[11.0362621, 50.9913388], [11.036283, 50.9913705], [11.0362313, 50.991384], [11.0362104, 50.9913523], [11.0362621, 50.9913388]]]}}, {"type": "Feature", "properties": {"id": "120203133_13733024", "height": 2.083769559860229, "type": null, "floors": null}, "geometry": {"type": "Polygon", "coordinates": [[[11.0369709, 50.9913409], [11.0370416, 50.9913244], [11.0370797, 50.9913888], [11.037009, 50.9914054], [11.0369709, 50.9913409]]]}}, {"type": "Feature", "properties": {"id": "120203133_13755979", "height": 1.984126925468444, "type": null, "floors": null}, "geometry": {"type": "Polygon", "coordinates": [[[11.0376034, 50.99137], [11.0376588, 50.9913472], [11.0376963, 50.9913834], [11.0376409, 50.9914061], [11.0376034, 50.99137]]]}}, {"type": "Feature", "properties": {"id": "120203133_13699705", "height": 2.601737976074218, "type": null, "floors": null}, "geometry": {"type": "Polygon", "coordinates": [[[11.0358218, 50.9913505], [11.0358628, 50.9914061], [11.0357702, 50.9914332], [11.0357292, 50.9913776], [11.0358218, 50.9913505]]]}}, {"type": "Feature", "properties": {"id": "120203133_13740725", "height": 2.893214702606201, "type": null, "floors": null}, "geometry": {"type": "Polygon", "coordinates": [[[11.0362608, 50.9914242], [11.0363438, 50.9914031], [11.0363708, 50.9914452], [11.0362878, 50.9914663], [11.0362608, 50.9914242]]]}}, {"type": "Feature", "properties": {"id": "120203133_13685090", "height": 5.541092872619629, "type": null, "floors": null}, "geometry": {"type": "Polygon", "coordinates": [[[11.0314643, 50.991062], [11.0318349, 50.9911175], [11.031872, 50.9910194], [11.0319013, 50.9910237], [11.0318585, 50.9911372], [11.0314585, 50.9910773], [11.0314643, 50.991062]]]}}, {"type": "Feature", "properties": {"id": "120203133_13722000", "height": 4.768775939941406, "type": null, "floors": null}, "geometry": {"type": "Polygon", "coordinates": [[[11.0319902, 50.9911597], [11.032027, 50.9910333], [11.032751, 50.9911168], [11.0327524, 50.9911119], [11.032838, 50.9911218], [11.0328236, 50.9911715], [11.0327898, 50.9911676], [11.0327661, 50.9912492], [11.0319902, 50.9911597]]]}}, {"type": "Feature", "properties": {"id": "120203133_13716009", "height": 1.0, "type": null, "floors": null}, "geometry": {"type": "Polygon", "coordinates": [[[11.031778, 50.9911766], [11.031759, 50.9912188], [11.0316895, 50.9912064], [11.0317085, 50.9911642], [11.031778, 50.9911766]]]}}, {"type": "Feature", "properties": {"id": "120203133_13679768", "height": 1.982876658439636, "type": null, "floors": null}, "geometry": {"type": "Polygon", "coordinates": [[[11.0319821, 50.9912103], [11.0320447, 50.9912209], [11.0320279, 50.9912602], [11.0319653, 50.9912497], [11.0319821, 50.9912103]]]}}, {"type": "Feature", "properties": {"id": "120203133_13672808", "height": 7.772651672363281, "type": null, "floors": null}, "geometry": {"type": "Polygon", "coordinates": [[[11.0316874, 50.9915104], [11.0314025, 50.991465], [11.0314966, 50.9912311], [11.0317814, 50.9912765], [11.0316874, 50.9915104]]]}}, {"type": "Feature", "properties": {"id": "120203133_13676023", "height": 2.0, "type": null, "floors": null}, "geometry": {"type": "Polygon", "coordinates": [[[11.0312231, 50.9914712], [11.0312403, 50.9914302], [11.0313055, 50.991441], [11.0312884, 50.991482], [11.0312231, 50.9914712]]]}}, {"type": "Feature", "properties": {"id": "120203133_13764483", "height": 11.161786079406738, "type": null, "floors": null}, "geometry": {"type": "Polygon", "coordinates": [[[11.0325422, 50.9913968], [11.0324601, 50.9916248], [11.0321601, 50.9915819], [11.0322423, 50.9913539], [11.0325422, 50.9913968]]]}}, {"type": "Feature", "properties": {"id": "120203133_13679764", "height": 9.05115032196045, "type": null, "floors": null}, "geometry": {"type": "Polygon", "coordinates": [[[11.0314633, 50.9915309], [11.0313838, 50.9917579], [11.031082, 50.9917161], [11.0311619, 50.991488], [11.0312386, 50.9914987], [11.031236, 50.9915061], [11.0313065, 50.9915159], [11.0312979, 50.9915407], [11.0313527, 50.9915483], [11.0313636, 50.9915171], [11.0314633, 50.9915309]]]}}, {"type": "Feature", "properties": {"id": "120203133_13672810", "height": 2.569911479949951, "type": null, "floors": null}, "geometry": {"type": "Polygon", "coordinates": [[[11.0325382, 50.9916435], [11.0325206, 50.9916833], [11.0324608, 50.9916728], [11.0324785, 50.991633], [11.0325382, 50.9916435]]]}}, {"type": "Feature", "properties": {"id": "120203133_13705686", "height": 10.031526565551758, "type": null, "floors": null}, "geometry": {"type": "Polygon", "coordinates": [[[11.03192, 50.991845], [11.0316185, 50.9918004], [11.0317034, 50.9915733], [11.0320048, 50.9916179], [11.03192, 50.991845]]]}}, {"type": "Feature", "properties": {"id": "120203133_13839272", "height": 1.921550035476684, "type": null, "floors": null}, "geometry": {"type": "Polygon", "coordinates": [[[11.0351435, 50.9913674], [11.0352672, 50.9913361], [11.0352886, 50.9913695], [11.0351649, 50.9914008], [11.0351435, 50.9913674]]]}}, {"type": "Feature", "properties": {"id": "120203133_13705692", "height": 2.273764371871948, "type": null, "floors": null}, "geometry": {"type": "Polygon", "coordinates": [[[11.0343237, 50.9914185], [11.0342545, 50.9914399], [11.0342222, 50.9913984], [11.0342915, 50.991377], [11.0343237, 50.9914185]]]}}, {"type": "Feature", "properties": {"id": "120203133_13792811", "height": 2.601405620574951, "type": null, "floors": null}, "geometry": {"type": "Polygon", "coordinates": [[[11.0343743, 50.9914811], [11.0343076, 50.9915071], [11.0342595, 50.9914583], [11.0343263, 50.9914323], [11.0343743, 50.9914811]]]}}, {"type": "Feature", "properties": {"id": "120203133_13692817", "height": 2.5903983116149902, "type": null, "floors": null}, "geometry": {"type": "Polygon", "coordinates": [[[11.0353912, 50.9915001], [11.0353243, 50.9915208], [11.0352823, 50.9914672], [11.0353492, 50.9914464], [11.0353912, 50.9915001]]]}}, {"type": "Feature", "properties": {"id": "120203133_13746712", "height": 2.119413375854492, "type": null, "floors": null}, "geometry": {"type": "Polygon", "coordinates": [[[11.0343364, 50.9915089], [11.0344546, 50.9914693], [11.0344908, 50.9915121], [11.0343726, 50.9915517], [11.0343364, 50.9915089]]]}}, {"type": "Feature", "properties": {"id": "120203133_13817632", "height": 2.366689920425415, "type": null, "floors": null}, "geometry": {"type": "Polygon", "coordinates": [[[11.0355709, 50.9915611], [11.0354582, 50.9915997], [11.0354199, 50.9915554], [11.0355326, 50.9915168], [11.0355709, 50.9915611]]]}}, {"type": "Feature", "properties": {"id": "120203133_13776555", "height": 2.682950258255005, "type": null, "floors": null}, "geometry": {"type": "Polygon", "coordinates": [[[11.03469, 50.9915509], [11.0347656, 50.9915389], [11.0347891, 50.9915977], [11.0347135, 50.9916097], [11.03469, 50.9915509]]]}}, {"type": "Feature", "properties": {"id": "120203133_13773024", "height": 12.204584121704102, "type": null, "floors": null}, "geometry": {"type": "Polygon", "coordinates": [[[11.0328939, 50.9917549], [11.0329363, 50.9914227], [11.0331533, 50.9914337], [11.0331109, 50.9917659], [11.0328939, 50.9917549]]]}}, {"type": "Feature", "properties": {"id": "120203133_13801389", "height": 2.9790940284729, "type": null, "floors": null}, "geometry": {"type": "Polygon", "coordinates": [[[11.0346556, 50.9916122], [11.0345649, 50.9916393], [11.0345296, 50.9915924], [11.0346203, 50.9915654], [11.0346556, 50.9916122]]]}}, {"type": "Feature", "properties": {"id": "120203133_13669245", "height": 1.998862385749817, "type": null, "floors": null}, "geometry": {"type": "Polygon", "coordinates": [[[11.0336107, 50.9916177], [11.0336441, 50.9915818], [11.0337268, 50.9916123], [11.0336934, 50.9916482], [11.0336107, 50.9916177]]]}}, {"type": "Feature", "properties": {"id": "120203133_13684206", "height": 2.924369812011718, "type": null, "floors": null}, "geometry": {"type": "Polygon", "coordinates": [[[11.0365099, 50.9914974], [11.0365771, 50.9914758], [11.0366184, 50.9915267], [11.0365512, 50.9915483], [11.0365099, 50.9914974]]]}}, {"type": "Feature", "properties": {"id": "120203133_13807405", "height": 2.039353370666504, "type": null, "floors": null}, "geometry": {"type": "Polygon", "coordinates": [[[11.0378092, 50.9915124], [11.037896, 50.9914859], [11.0379424, 50.991546], [11.0378556, 50.9915725], [11.0378092, 50.9915124]]]}}, {"type": "Feature", "properties": {"id": "120203133_13835760", "height": 2.003937005996704, "type": null, "floors": null}, "geometry": {"type": "Polygon", "coordinates": [[[11.037283, 50.9915409], [11.037189, 50.9915632], [11.0371634, 50.9915203], [11.0372573, 50.991498], [11.037283, 50.9915409]]]}}, {"type": "Feature", "properties": {"id": "120203133_13812475", "height": 5.230602264404297, "type": null, "floors": null}, "geometry": {"type": "Polygon", "coordinates": [[[11.0360586, 50.9914922], [11.0361007, 50.9915614], [11.0359954, 50.9915867], [11.0359533, 50.9915175], [11.0360586, 50.9914922]]]}}, {"type": "Feature", "properties": {"id": "120203133_13682993", "height": 2.0, "type": null, "floors": null}, "geometry": {"type": "Polygon", "coordinates": [[[11.0379715, 50.9915729], [11.0380052, 50.9916166], [11.0379197, 50.9916428], [11.0378859, 50.9915991], [11.0379715, 50.9915729]]]}}, {"type": "Feature", "properties": {"id": "120203133_13709998", "height": 5.620498180389404, "type": null, "floors": null}, "geometry": {"type": "Polygon", "coordinates": [[[11.0355194, 50.9916573], [11.0359696, 50.99156], [11.035986, 50.9915902], [11.036058, 50.9915747], [11.0360922, 50.9916374], [11.0361138, 50.9916327], [11.0361727, 50.9917407], [11.0360671, 50.9917635], [11.0360164, 50.9916706], [11.0358398, 50.9917088], [11.0358213, 50.9916748], [11.0355598, 50.9917313], [11.0355194, 50.9916573]]]}}, {"type": "Feature", "properties": {"id": "120203133_13775676", "height": 2.6809277534484863, "type": null, "floors": null}, "geometry": {"type": "Polygon", "coordinates": [[[11.0373357, 50.9917019], [11.0373478, 50.9917228], [11.0372862, 50.9917369], [11.0372595, 50.9916907], [11.0372367, 50.9916959], [11.0372152, 50.9916586], [11.0373279, 50.9916328], [11.0373641, 50.9916954], [11.0373357, 50.9917019]]]}}, {"type": "Feature", "properties": {"id": "120203133_13672838", "height": 1.95041811466217, "type": null, "floors": null}, "geometry": {"type": "Polygon", "coordinates": [[[11.0378744, 50.9916823], [11.037966, 50.991652], [11.0380201, 50.9917169], [11.0379285, 50.9917471], [11.0378744, 50.9916823]]]}}, {"type": "Feature", "properties": {"id": "120203133_13802268", "height": 2.579235076904297, "type": null, "floors": null}, "geometry": {"type": "Polygon", "coordinates": [[[11.0365721, 50.9916777], [11.036611, 50.9917347], [11.0365251, 50.991758], [11.0364861, 50.991701], [11.0365721, 50.9916777]]]}}, {"type": "Feature", "properties": {"id": "120203133_13754259", "height": 2.441358089447021, "type": null, "floors": null}, "geometry": {"type": "Polygon", "coordinates": [[[11.0368467, 50.991773], [11.0367552, 50.9917969], [11.0367282, 50.9917558], [11.0368197, 50.991732], [11.0368467, 50.991773]]]}}, {"type": "Feature", "properties": {"id": "120203133_13676322", "height": 2.690173387527466, "type": null, "floors": null}, "geometry": {"type": "Polygon", "coordinates": [[[11.0349983, 50.9916748], [11.0349075, 50.9916992], [11.0348828, 50.9916628], [11.0349736, 50.9916384], [11.0349983, 50.9916748]]]}}, {"type": "Feature", "properties": {"id": "120203133_13670967", "height": 2.909381628036499, "type": null, "floors": null}, "geometry": {"type": "Polygon", "coordinates": [[[11.0337808, 50.9916914], [11.0338331, 50.9917177], [11.0337704, 50.9917672], [11.033718, 50.9917409], [11.0337808, 50.9916914]]]}}, {"type": "Feature", "properties": {"id": "120203133_13758472", "height": 2.346897363662719, "type": null, "floors": null}, "geometry": {"type": "Polygon", "coordinates": [[[11.0344767, 50.9917296], [11.034538, 50.9917004], [11.0345935, 50.9917466], [11.0345322, 50.9917758], [11.0344767, 50.9917296]]]}}, {"type": "Feature", "properties": {"id": "120203133_13701431", "height": 2.96500277519226, "type": null, "floors": null}, "geometry": {"type": "Polygon", "coordinates": [[[11.0349541, 50.9916979], [11.0349887, 50.9917495], [11.0348589, 50.9917839], [11.0348243, 50.9917323], [11.0349541, 50.9916979]]]}}, {"type": "Feature", "properties": {"id": "120203133_13714211", "height": 3.664798259735107, "type": null, "floors": null}, "geometry": {"type": "Polygon", "coordinates": [[[11.0349415, 50.9917677], [11.0350782, 50.9917315], [11.0351118, 50.9917816], [11.0349751, 50.9918179], [11.0349415, 50.9917677]]]}}, {"type": "Feature", "properties": {"id": "120203133_13775673", "height": 3.6757678985595694, "type": null, "floors": null}, "geometry": {"type": "Polygon", "coordinates": [[[11.0350353, 50.9918165], [11.0351278, 50.9917912], [11.0351362, 50.9918033], [11.0350436, 50.9918286], [11.0350353, 50.9918165]]]}}, {"type": "Feature", "properties": {"id": "120203133_13779874", "height": 5.599999904632568, "type": null, "floors": null}, "geometry": {"type": "Polygon", "coordinates": [[[11.0330361, 50.9918619], [11.032969, 50.9918613], [11.0329699, 50.9918191], [11.0330369, 50.9918197], [11.0330361, 50.9918619]]]}}, {"type": "Feature", "properties": {"id": "120203133_13743274", "height": 3.290728569030761, "type": null, "floors": null}, "geometry": {"type": "Polygon", "coordinates": [[[11.0340986, 50.9918579], [11.0340533, 50.9918988], [11.0339408, 50.9918494], [11.0339861, 50.9918085], [11.0340986, 50.9918579]]]}}, {"type": "Feature", "properties": {"id": "120203133_13826262", "height": 3.402707815170288, "type": null, "floors": null}, "geometry": {"type": "Polygon", "coordinates": [[[11.0348937, 50.9918788], [11.0351457, 50.9918063], [11.0351736, 50.9918447], [11.0349216, 50.9919172], [11.0348937, 50.9918788]]]}}, {"type": "Feature", "properties": {"id": "120203133_13816755", "height": 3.2964117527008048, "type": null, "floors": null}, "geometry": {"type": "Polygon", "coordinates": [[[11.0351357, 50.9918728], [11.0352609, 50.9918407], [11.0352548, 50.9918313], [11.0353698, 50.9918018], [11.0354288, 50.9918931], [11.0352839, 50.9919302], [11.0352614, 50.9918955], [11.0351661, 50.9919199], [11.0351357, 50.9918728]]]}}, {"type": "Feature", "properties": {"id": "120203133_13669197", "height": 12.761968612670898, "type": null, "floors": null}, "geometry": {"type": "Polygon", "coordinates": [[[11.0205679, 50.9832531], [11.0203392, 50.9834899], [11.0203177, 50.9834816], [11.0202127, 50.9835903], [11.0202359, 50.9835864], [11.0208851, 50.9851405], [11.0207973, 50.985155], [11.0208124, 50.9851913], [11.0206895, 50.9852117], [11.0200081, 50.9835802], [11.0200255, 50.9835773], [11.02047, 50.9831171], [11.0206042, 50.9830949], [11.0206207, 50.9831011], [11.0206271, 50.9831165], [11.0221246, 50.9841617], [11.0209372, 50.9853911], [11.020874, 50.9853669], [11.0208273, 50.9853746], [11.0207725, 50.9852435], [11.0208872, 50.9852245], [11.0219026, 50.9841734], [11.0213968, 50.9838204], [11.0212998, 50.9837832], [11.0212879, 50.9837548], [11.0211516, 50.9836596], [11.0211091, 50.9835577], [11.0210514, 50.9835905], [11.0205679, 50.9832531]]]}}, {"type": "Feature", "properties": {"id": "120203133_13707377", "height": 13.308197975158691, "type": null, "floors": null}, "geometry": {"type": "Polygon", "coordinates": [[[11.0226268, 50.9847], [11.0228815, 50.9847954], [11.0224302, 50.9852731], [11.0221794, 50.9851791], [11.0222395, 50.9851155], [11.022314, 50.9851434], [11.0225809, 50.9848608], [11.0225025, 50.9848315], [11.0226268, 50.9847]]]}}, {"type": "Feature", "properties": {"id": "120203133_13804812", "height": 5.404398918151856, "type": null, "floors": null}, "geometry": {"type": "Polygon", "coordinates": [[[11.0228117, 50.9850308], [11.022912, 50.985066], [11.02279, 50.9852039], [11.0226897, 50.9851687], [11.0228117, 50.9850308]]]}}, {"type": "Feature", "properties": {"id": "120203133_13768764", "height": 13.673973083496094, "type": null, "floors": null}, "geometry": {"type": "Polygon", "coordinates": [[[11.0199593, 50.9839595], [11.0207342, 50.9856442], [11.0206354, 50.9856622], [11.0188539, 50.9845568], [11.0188617, 50.9845518], [11.0191235, 50.9845041], [11.0191637, 50.9845914], [11.0192414, 50.9845772], [11.0192678, 50.9846347], [11.019743, 50.9849295], [11.0197974, 50.9848947], [11.0198423, 50.9849225], [11.01979, 50.9849559], [11.0204131, 50.9853426], [11.0204649, 50.9853095], [11.0204412, 50.9852579], [11.020362, 50.9852723], [11.0199364, 50.9843469], [11.0198681, 50.9843594], [11.0198352, 50.9842877], [11.019866, 50.9842821], [11.019808, 50.9842461], [11.0197975, 50.9842232], [11.019818, 50.9842101], [11.0198617, 50.9842372], [11.0197868, 50.9840743], [11.0198374, 50.984065], [11.019802, 50.9839881], [11.0199593, 50.9839595]]]}}, {"type": "Feature", "properties": {"id": "120203133_13776534", "height": 12.272245407104492, "type": null, "floors": null}, "geometry": {"type": "Polygon", "coordinates": [[[11.0202783, 50.985816], [11.0200536, 50.985673], [11.0200124, 50.985687], [11.0198902, 50.9855451], [11.0192866, 50.9851609], [11.0192605, 50.9851772], [11.0190465, 50.9851009], [11.0190856, 50.9850574], [11.0189556, 50.9850111], [11.018789, 50.9848175], [11.0185562, 50.9850764], [11.0185364, 50.9850694], [11.0186539, 50.9852058], [11.0185107, 50.9851548], [11.0184775, 50.9851162], [11.018456, 50.9851401], [11.0185567, 50.9852041], [11.0184883, 50.9852802], [11.0183766, 50.9852404], [11.0181776, 50.9854616], [11.0179725, 50.9853885], [11.0182208, 50.9851123], [11.0181799, 50.9850977], [11.0181317, 50.9850417], [11.0183001, 50.9851017], [11.0187098, 50.9846461], [11.0205051, 50.9857886], [11.0200215, 50.9863263], [11.0197396, 50.9862259], [11.0198703, 50.9861813], [11.0199294, 50.9861155], [11.0200442, 50.9860764], [11.0202783, 50.985816]]]}}, {"type": "Feature", "properties": {"id": "120203133_13736442", "height": 7.669172763824463, "type": null, "floors": null}, "geometry": {"type": "Polygon", "coordinates": [[[11.0198251, 50.9858465], [11.0199016, 50.9857421], [11.0200063, 50.9857726], [11.0199298, 50.985877], [11.0198251, 50.9858465]]]}}, {"type": "Feature", "properties": {"id": "120203133_13793672", "height": 6.990728855133057, "type": null, "floors": null}, "geometry": {"type": "Polygon", "coordinates": [[[11.0253493, 50.9849315], [11.025419, 50.9848902], [11.0253842, 50.9848669], [11.0254577, 50.9848234], [11.0255809, 50.9849059], [11.0253977, 50.9850143], [11.0251314, 50.9848359], [11.0251855, 50.9848038], [11.0253033, 50.9848827], [11.025289, 50.9848912], [11.0253493, 50.9849315]]]}}, {"type": "Feature", "properties": {"id": "120203133_13682965", "height": 14.039124488830566, "type": null, "floors": null}, "geometry": {"type": "Polygon", "coordinates": [[[11.026046, 50.9845656], [11.0261766, 50.9850654], [11.0260261, 50.985081], [11.026059, 50.9852068], [11.0252657, 50.9852889], [11.024328, 50.9848836], [11.0244029, 50.9848758], [11.024426, 50.9847662], [11.0252396, 50.984682], [11.0252696, 50.9847971], [11.0248843, 50.984837], [11.0248827, 50.9848363], [11.0247889, 50.984846], [11.0247809, 50.9848156], [11.0246347, 50.9848307], [11.024654, 50.9849046], [11.0246967, 50.9849231], [11.0247503, 50.9849175], [11.0254246, 50.985209], [11.0254184, 50.985238], [11.0255757, 50.9850938], [11.0259225, 50.985058], [11.0259057, 50.9849938], [11.0259841, 50.9849857], [11.0258958, 50.9846477], [11.0258781, 50.9846463], [11.0258676, 50.9846964], [11.0254974, 50.9847347], [11.025491, 50.9847103], [11.0254252, 50.9847048], [11.0254062, 50.9846319], [11.026046, 50.9845656]]]}}, {"type": "Feature", "properties": {"id": "120203133_13713336", "height": 7.515626430511475, "type": null, "floors": null}, "geometry": {"type": "Polygon", "coordinates": [[[11.0295182, 50.9846355], [11.0296599, 50.9846365], [11.0296895, 50.9846568], [11.0296887, 50.9847004], [11.0297824, 50.9847342], [11.0298222, 50.9847615], [11.0298683, 50.9847781], [11.0299095, 50.9847784], [11.0302723, 50.9849095], [11.0302733, 50.9848556], [11.0304437, 50.984757], [11.0304677, 50.9847571], [11.0305828, 50.9847987], [11.0305824, 50.9848215], [11.0304677, 50.9849474], [11.0304075, 50.9849822], [11.0303717, 50.9850216], [11.030339, 50.9850405], [11.0302726, 50.98504], [11.0302729, 50.9850245], [11.0300528, 50.984945], [11.0300111, 50.9849164], [11.0299572, 50.984897], [11.0299303, 50.9848968], [11.0299218, 50.9848909], [11.0297821, 50.9848405], [11.0297351, 50.9848083], [11.0295898, 50.9847559], [11.0295161, 50.9847553], [11.0295182, 50.9846355]]]}}, {"type": "Feature", "properties": {"id": "120203133_13688527", "height": 3.339506149291992, "type": null, "floors": null}, "geometry": {"type": "Polygon", "coordinates": [[[11.0291634, 50.9850155], [11.0292299, 50.9850247], [11.0292189, 50.9850563], [11.0291523, 50.9850471], [11.0291634, 50.9850155]]]}}, {"type": "Feature", "properties": {"id": "120203133_13819386", "height": 9.232364654541016, "type": null, "floors": null}, "geometry": {"type": "Polygon", "coordinates": [[[11.0296008, 50.9848792], [11.0302062, 50.9850663], [11.0301988, 50.9850996], [11.0301473, 50.9851657], [11.0299777, 50.9851133], [11.0300131, 50.9851164], [11.029929, 50.9850904], [11.0299443, 50.9850917], [11.0297097, 50.9850192], [11.0296745, 50.9851777], [11.0296587, 50.9851763], [11.0296516, 50.9852084], [11.0295996, 50.985275], [11.029542, 50.9852572], [11.0294704, 50.9852509], [11.0294514, 50.985245], [11.0294627, 50.9851939], [11.029525, 50.985114], [11.0295261, 50.9851092], [11.0295449, 50.9850852], [11.0295716, 50.9849649], [11.0295791, 50.9849553], [11.0295941, 50.9848879], [11.0296008, 50.9848792]]]}}, {"type": "Feature", "properties": {"id": "120203133_13831476", "height": 4.085667133331299, "type": null, "floors": null}, "geometry": {"type": "Polygon", "coordinates": [[[11.029975, 50.9851651], [11.0299494, 50.9851998], [11.0297542, 50.9851425], [11.0297799, 50.9851078], [11.029975, 50.9851651]]]}}, {"type": "Feature", "properties": {"id": "120203133_13765394", "height": 10.061418533325195, "type": null, "floors": null}, "geometry": {"type": "Polygon", "coordinates": [[[11.0292099, 50.9853606], [11.0291257, 50.9853533], [11.0291183, 50.9853871], [11.0289893, 50.985376], [11.0290441, 50.985124], [11.0292574, 50.9851424], [11.0292099, 50.9853606]]]}}, {"type": "Feature", "properties": {"id": "120203133_13695327", "height": 2.340329885482788, "type": null, "floors": null}, "geometry": {"type": "Polygon", "coordinates": [[[11.0297278, 50.9853643], [11.0298492, 50.9854005], [11.0297729, 50.9855021], [11.0296515, 50.9854659], [11.0297278, 50.9853643]]]}}, {"type": "Feature", "properties": {"id": "120203133_13827094", "height": 7.461823463439941, "type": null, "floors": null}, "geometry": {"type": "Polygon", "coordinates": [[[11.0294913, 50.9855356], [11.0293997, 50.9855236], [11.0293912, 50.9855495], [11.0293362, 50.9855423], [11.0293474, 50.9855083], [11.0293423, 50.9855076], [11.0293947, 50.985349], [11.029549, 50.9853692], [11.0295372, 50.9854048], [11.0295629, 50.9854082], [11.0295335, 50.9854972], [11.0295052, 50.9854935], [11.0294913, 50.9855356]]]}}, {"type": "Feature", "properties": {"id": "120203133_13786749", "height": 10.992525100708008, "type": null, "floors": null}, "geometry": {"type": "Polygon", "coordinates": [[[11.0283748, 50.9855297], [11.0284722, 50.9847463], [11.0287936, 50.9850089], [11.0287851, 50.9850771], [11.0286331, 50.9850696], [11.0286086, 50.9852666], [11.0290258, 50.9852872], [11.0289633, 50.9853628], [11.0286549, 50.9853476], [11.0286388, 50.9854768], [11.0290307, 50.9854961], [11.0290226, 50.9855618], [11.0290989, 50.9856242], [11.0288875, 50.9858801], [11.0287294, 50.9859568], [11.0287214, 50.9860212], [11.0285961, 50.986015], [11.0285915, 50.986052], [11.0286442, 50.9860546], [11.0285553, 50.9861623], [11.028327, 50.9861511], [11.0284041, 50.9855311], [11.0283748, 50.9855297]]]}}, {"type": "Feature", "properties": {"id": "120203133_13780729", "height": 15.130918502807615, "type": null, "floors": null}, "geometry": {"type": "Polygon", "coordinates": [[[11.0238472, 50.985948], [11.0234313, 50.9861171], [11.0234458, 50.98615], [11.0234089, 50.986165], [11.0233816, 50.9861384], [11.0233419, 50.9861454], [11.0233674, 50.9862031], [11.0227317, 50.9855833], [11.0229009, 50.9855145], [11.0231277, 50.9857356], [11.0230768, 50.9857563], [11.0231552, 50.9857426], [11.0233491, 50.9859315], [11.0233584, 50.9859526], [11.0233159, 50.9859698], [11.0233465, 50.9859996], [11.0235447, 50.985919], [11.0236398, 50.9859023], [11.0236711, 50.9858896], [11.023647, 50.9858352], [11.0235617, 50.9858502], [11.0235537, 50.9858424], [11.0233416, 50.9853637], [11.0234113, 50.9853515], [11.0233981, 50.9853217], [11.0233001, 50.9853389], [11.0232304, 50.9852709], [11.0234246, 50.9851919], [11.0234987, 50.9852642], [11.023513, 50.9852965], [11.0235553, 50.985289], [11.0238472, 50.985948]]]}}, {"type": "Feature", "properties": {"id": "120203133_13726207", "height": 15.245019912719728, "type": null, "floors": null}, "geometry": {"type": "Polygon", "coordinates": [[[11.0215519, 50.9852424], [11.0223347, 50.9855566], [11.0222399, 50.9856502], [11.0215269, 50.9853641], [11.021517, 50.9854688], [11.0214123, 50.9855722], [11.0214086, 50.9856113], [11.021387, 50.9856105], [11.0212942, 50.9857021], [11.0213291, 50.9857778], [11.0213662, 50.985771], [11.0214976, 50.9860564], [11.021654, 50.9861192], [11.0216392, 50.9862761], [11.0213296, 50.9861518], [11.0213057, 50.9860998], [11.0213275, 50.9861006], [11.0212131, 50.9858522], [11.0211231, 50.9858488], [11.0210967, 50.9857915], [11.0211586, 50.9857802], [11.0211233, 50.9857036], [11.0210087, 50.9856993], [11.0209933, 50.985666], [11.0210466, 50.985668], [11.0210478, 50.9856552], [11.0211253, 50.9856411], [11.0215238, 50.9852476], [11.0215519, 50.9852424]]]}}, {"type": "Feature", "properties": {"id": "120203133_13806555", "height": 5.276766300201416, "type": null, "floors": null}, "geometry": {"type": "Polygon", "coordinates": [[[11.0228462, 50.9862264], [11.0227075, 50.9862784], [11.0226762, 50.9862453], [11.0228149, 50.9861933], [11.0228462, 50.9862264]]]}}, {"type": "Feature", "properties": {"id": "120203133_13798810", "height": 13.546719551086426, "type": null, "floors": null}, "geometry": {"type": "Polygon", "coordinates": [[[11.0228726, 50.9859148], [11.022898, 50.9859429], [11.0229486, 50.9859514], [11.0232449, 50.9862788], [11.0227024, 50.9866368], [11.0222782, 50.9865654], [11.0221377, 50.986481], [11.0220936, 50.9864736], [11.0221196, 50.9864122], [11.0221608, 50.9863975], [11.0222472, 50.9861938], [11.02244, 50.9862263], [11.0223959, 50.98633], [11.0223643, 50.9863414], [11.0223535, 50.9863668], [11.0223651, 50.9863796], [11.0223319, 50.986458], [11.0226123, 50.9865051], [11.0229074, 50.9863104], [11.0229874, 50.9862817], [11.0228847, 50.9861683], [11.0228968, 50.9861639], [11.0228409, 50.9861021], [11.0228078, 50.9860966], [11.0227906, 50.9861079], [11.0228726, 50.9859148]]]}}, {"type": "Feature", "properties": {"id": "120203133_13698827", "height": 5.160146236419678, "type": null, "floors": null}, "geometry": {"type": "Polygon", "coordinates": [[[11.0225262, 50.9863155], [11.0224738, 50.9862843], [11.0225313, 50.9862459], [11.0226533, 50.9863184], [11.0225556, 50.9863836], [11.0224861, 50.9863423], [11.0225262, 50.9863155]]]}}, {"type": "Feature", "properties": {"id": "120203133_13703068", "height": 15.499537467956545, "type": null, "floors": null}, "geometry": {"type": "Polygon", "coordinates": [[[11.0214066, 50.9864205], [11.0211772, 50.9869079], [11.0210046, 50.9868757], [11.0211478, 50.9865715], [11.021165, 50.9865747], [11.0212512, 50.9863915], [11.0214066, 50.9864205]]]}}, {"type": "Feature", "properties": {"id": "120203133_13816738", "height": 7.596071243286133, "type": null, "floors": null}, "geometry": {"type": "Polygon", "coordinates": [[[11.0221818, 50.9870696], [11.02236, 50.9868884], [11.0224829, 50.9869363], [11.0222885, 50.9871341], [11.0223253, 50.9871485], [11.0222917, 50.9871826], [11.0220881, 50.9871033], [11.0221379, 50.9870526], [11.0221818, 50.9870696]]]}}, {"type": "Feature", "properties": {"id": "120203133_13697076", "height": 9.715824127197266, "type": null, "floors": null}, "geometry": {"type": "Polygon", "coordinates": [[[11.0208493, 50.9870626], [11.0208896, 50.9869681], [11.0214625, 50.987065], [11.0214222, 50.9871595], [11.0208493, 50.9870626]]]}}, {"type": "Feature", "properties": {"id": "120203133_13697078", "height": 10.305988311767578, "type": null, "floors": null}, "geometry": {"type": "Polygon", "coordinates": [[[11.0210124, 50.9871935], [11.0207929, 50.9876627], [11.0206349, 50.9876334], [11.0208544, 50.9871642], [11.0210124, 50.9871935]]]}}, {"type": "Feature", "properties": {"id": "120203133_13831461", "height": 10.546709060668944, "type": null, "floors": null}, "geometry": {"type": "Polygon", "coordinates": [[[11.0214036, 50.9878774], [11.0213648, 50.9879706], [11.0204587, 50.9878212], [11.0204975, 50.987728], [11.0214036, 50.9878774]]]}}, {"type": "Feature", "properties": {"id": "120203133_13810756", "height": 14.176084518432615, "type": null, "floors": null}, "geometry": {"type": "Polygon", "coordinates": [[[11.0279312, 50.9844891], [11.027971, 50.9848461], [11.0279977, 50.9848449], [11.0280094, 50.98495], [11.0266135, 50.9850117], [11.0266102, 50.9849822], [11.0265851, 50.9849833], [11.0265757, 50.9848993], [11.0277832, 50.9848459], [11.0277772, 50.9847914], [11.0277387, 50.9847931], [11.0277192, 50.9846184], [11.0264365, 50.984675], [11.0264631, 50.9849136], [11.0262271, 50.984924], [11.0262166, 50.9848299], [11.0262711, 50.9848275], [11.026261, 50.9847368], [11.026221, 50.9847386], [11.0262017, 50.9845655], [11.0279312, 50.9844891]]]}}, {"type": "Feature", "properties": {"id": "120203133_13787599", "height": 10.84805393218994, "type": null, "floors": null}, "geometry": {"type": "Polygon", "coordinates": [[[11.0262324, 50.9849382], [11.0264039, 50.9849356], [11.0264071, 50.9850209], [11.0262356, 50.9850235], [11.0262324, 50.9849382]]]}}, {"type": "Feature", "properties": {"id": "120203133_13778150", "height": 6.146780967712402, "type": null, "floors": null}, "geometry": {"type": "Polygon", "coordinates": [[[11.0275328, 50.9853428], [11.0274374, 50.9853456], [11.0274246, 50.9851728], [11.027528, 50.9851697], [11.0275293, 50.9851882], [11.0278034, 50.9851802], [11.02781, 50.9852688], [11.0275279, 50.9852771], [11.0275328, 50.9853428]]]}}, {"type": "Feature", "properties": {"id": "120203133_13685935", "height": 11.970497131347656, "type": null, "floors": null}, "geometry": {"type": "Polygon", "coordinates": [[[11.0263376, 50.9858704], [11.0265062, 50.9851982], [11.0273781, 50.9851151], [11.027426, 50.9853141], [11.0266975, 50.9852417], [11.0265604, 50.9857881], [11.026761, 50.985769], [11.0277658, 50.9858689], [11.0277852, 50.9858783], [11.0279389, 50.9858636], [11.0279574, 50.98579], [11.0276848, 50.9856582], [11.0270709, 50.9857168], [11.0270915, 50.9856345], [11.0278331, 50.9855637], [11.0277979, 50.9855467], [11.0279098, 50.985455], [11.0278027, 50.9854444], [11.0277734, 50.9855613], [11.0276602, 50.9855501], [11.0275962, 50.9855191], [11.0276071, 50.9854756], [11.027436, 50.9854586], [11.0275323, 50.9853797], [11.0278958, 50.985345], [11.0278619, 50.985204], [11.0279668, 50.985118], [11.0274455, 50.9851677], [11.0274278, 50.9850942], [11.0282399, 50.9850167], [11.0279847, 50.9860342], [11.0263376, 50.9858704]]]}}, {"type": "Feature", "properties": {"id": "120203133_13685083", "height": 9.467734336853027, "type": null, "floors": null}, "geometry": {"type": "Polygon", "coordinates": [[[11.0261166, 50.9860472], [11.0261366, 50.9859664], [11.0262597, 50.9859785], [11.0262397, 50.9860593], [11.0261166, 50.9860472]]]}}, {"type": "Feature", "properties": {"id": "120203133_13758462", "height": 12.08784294128418, "type": null, "floors": null}, "geometry": {"type": "Polygon", "coordinates": [[[11.0287423, 50.9868702], [11.0287409, 50.9869749], [11.0286404, 50.9869744], [11.0286317, 50.9869936], [11.0285756, 50.9869933], [11.0285424, 50.9869874], [11.0282837, 50.986986], [11.0282838, 50.9869766], [11.0281746, 50.986976], [11.0281184, 50.9871008], [11.0278785, 50.987058], [11.0279401, 50.9869214], [11.0279771, 50.986928], [11.0279773, 50.9869101], [11.0280085, 50.9869103], [11.0280083, 50.9869186], [11.0280364, 50.9868564], [11.0282598, 50.9868576], [11.0283183, 50.986868], [11.0287423, 50.9868702]]]}}, {"type": "Feature", "properties": {"id": "120203133_13741564", "height": 13.258244514465332, "type": null, "floors": null}, "geometry": {"type": "Polygon", "coordinates": [[[11.0277702, 50.9872911], [11.0278074, 50.987169], [11.0278799, 50.9871777], [11.0278972, 50.9871207], [11.0287442, 50.9872231], [11.0287591, 50.9871743], [11.0290529, 50.9872098], [11.0290316, 50.9872798], [11.0290005, 50.9872761], [11.0289523, 50.987434], [11.0277702, 50.9872911]]]}}, {"type": "Feature", "properties": {"id": "120203133_13811608", "height": 4.685131072998047, "type": null, "floors": null}, "geometry": {"type": "Polygon", "coordinates": [[[11.0278689, 50.987691], [11.0279906, 50.9876933], [11.0279853, 50.9878053], [11.0279022, 50.9878038], [11.0279057, 50.9877312], [11.027867, 50.9877305], [11.0278689, 50.987691]]]}}, {"type": "Feature", "properties": {"id": "120203133_13728703", "height": 2.901798009872436, "type": null, "floors": null}, "geometry": {"type": "Polygon", "coordinates": [[[11.0282405, 50.9877146], [11.0282903, 50.9877195], [11.0282745, 50.9877838], [11.0282247, 50.9877789], [11.0282405, 50.9877146]]]}}, {"type": "Feature", "properties": {"id": "120203133_13700535", "height": 7.300493717193603, "type": null, "floors": null}, "geometry": {"type": "Polygon", "coordinates": [[[11.0262383, 50.9870739], [11.0273262, 50.9872421], [11.0268014, 50.9885874], [11.0268057, 50.9886174], [11.0267617, 50.9887301], [11.0256629, 50.9885603], [11.0256617, 50.9885523], [11.0257008, 50.988452], [11.025724, 50.9884506], [11.0257715, 50.9883289], [11.0257275, 50.9883221], [11.0257242, 50.988299], [11.0257357, 50.9882693], [11.0257877, 50.9882774], [11.0258349, 50.9881565], [11.0258221, 50.9880685], [11.0259158, 50.9878284], [11.0259761, 50.9878249], [11.0260238, 50.9877027], [11.0260223, 50.9876923], [11.0259845, 50.9876865], [11.0260295, 50.9875711], [11.0260751, 50.9875781], [11.0262341, 50.9871704], [11.0261546, 50.9871582], [11.0261686, 50.9871224], [11.0262447, 50.987118], [11.0262383, 50.9870739]]]}}, {"type": "Feature", "properties": {"id": "120203133_13738149", "height": 5.892587661743164, "type": null, "floors": null}, "geometry": {"type": "Polygon", "coordinates": [[[11.025806, 50.985011], [11.0256942, 50.9850564], [11.0256234, 50.9849873], [11.0255117, 50.9850327], [11.0254603, 50.9849826], [11.0255399, 50.9849503], [11.0255545, 50.9849646], [11.0256132, 50.9849408], [11.0255814, 50.9849098], [11.0256667, 50.9848752], [11.025806, 50.985011]]]}}, {"type": "Feature", "properties": {"id": "120203133_13821092", "height": 15.617207527160645, "type": null, "floors": null}, "geometry": {"type": "Polygon", "coordinates": [[[11.0241945, 50.9854228], [11.0241857, 50.9854312], [11.0241207, 50.9854357], [11.0240557, 50.9854083], [11.024052, 50.9853873], [11.0240786, 50.9853855], [11.0241762, 50.9852935], [11.0239741, 50.9852085], [11.024067, 50.985121], [11.0241393, 50.9851514], [11.0241604, 50.9851315], [11.0242308, 50.9851612], [11.0242116, 50.9851793], [11.0244397, 50.9852752], [11.0243747, 50.9853365], [11.0245842, 50.9854246], [11.0246313, 50.9853803], [11.0246925, 50.985406], [11.0246342, 50.9854609], [11.0248419, 50.9855482], [11.0248921, 50.985501], [11.025033, 50.9855602], [11.0248899, 50.9856951], [11.0248295, 50.9856697], [11.0248354, 50.9857034], [11.0247995, 50.9857373], [11.0247837, 50.9857306], [11.0247269, 50.9857346], [11.0246474, 50.9857011], [11.0247119, 50.9856404], [11.0241945, 50.9854228]]]}}, {"type": "Feature", "properties": {"id": "120203133_13779863", "height": 4.03038215637207, "type": null, "floors": null}, "geometry": {"type": "Polygon", "coordinates": [[[11.0251693, 50.9856884], [11.0251293, 50.9857282], [11.0250355, 50.9856908], [11.0250755, 50.985651], [11.0251693, 50.9856884]]]}}, {"type": "Feature", "properties": {"id": "120203133_13745851", "height": 8.517946243286133, "type": null, "floors": null}, "geometry": {"type": "Polygon", "coordinates": [[[11.0257507, 50.9865246], [11.0254837, 50.9864962], [11.0255088, 50.9864027], [11.0256288, 50.9864154], [11.0256649, 50.9862808], [11.0258119, 50.9862965], [11.0257507, 50.9865246]]]}}, {"type": "Feature", "properties": {"id": "120203133_13745850", "height": 14.784601211547852, "type": null, "floors": null}, "geometry": {"type": "Polygon", "coordinates": [[[11.024915, 50.9865477], [11.0242854, 50.986652], [11.0242082, 50.9864672], [11.0248378, 50.9863629], [11.024915, 50.9865477]]]}}, {"type": "Feature", "properties": {"id": "120203133_13761902", "height": 4.88258171081543, "type": null, "floors": null}, "geometry": {"type": "Polygon", "coordinates": [[[11.0238336, 50.9865954], [11.0239951, 50.9865639], [11.0240111, 50.9865962], [11.0240429, 50.98659], [11.0240702, 50.9866454], [11.0238769, 50.9866832], [11.0238336, 50.9865954]]]}}, {"type": "Feature", "properties": {"id": "120203133_13804816", "height": 7.754804134368896, "type": null, "floors": null}, "geometry": {"type": "Polygon", "coordinates": [[[11.0249643, 50.9871879], [11.0246758, 50.9871682], [11.0246399, 50.9870808], [11.0248571, 50.9870455], [11.0249011, 50.9870485], [11.0249523, 50.9870402], [11.024945, 50.9870397], [11.0250848, 50.987017], [11.0251581, 50.9871959], [11.025128, 50.9872007], [11.0250451, 50.9871951], [11.0249873, 50.9870541], [11.0249643, 50.9871879]]]}}, {"type": "Feature", "properties": {"id": "120203133_13790981", "height": 9.136938095092772, "type": null, "floors": null}, "geometry": {"type": "Polygon", "coordinates": [[[11.0253772, 50.9873163], [11.0253983, 50.987234], [11.0255342, 50.9872478], [11.0255131, 50.9873301], [11.0253772, 50.9873163]]]}}, {"type": "Feature", "properties": {"id": "120203133_13767937", "height": 8.377291679382324, "type": null, "floors": null}, "geometry": {"type": "Polygon", "coordinates": [[[11.0251008, 50.9875257], [11.0251117, 50.9874572], [11.0252047, 50.9874631], [11.0251937, 50.9875316], [11.0251008, 50.9875257]]]}}, {"type": "Feature", "properties": {"id": "120203133_13740709", "height": 15.51654815673828, "type": null, "floors": null}, "geometry": {"type": "Polygon", "coordinates": [[[11.0240374, 50.988318], [11.0237828, 50.9877456], [11.0237814, 50.9877496], [11.0237329, 50.9877432], [11.0237743, 50.9877359], [11.0237445, 50.9877257], [11.0237604, 50.9877073], [11.0236638, 50.9874902], [11.0236392, 50.9874817], [11.023624, 50.9875273], [11.0235273, 50.9873099], [11.0235871, 50.987241], [11.0249316, 50.9877035], [11.0248323, 50.9878179], [11.0238669, 50.9874858], [11.0238704, 50.9874818], [11.0238246, 50.9874899], [11.0238727, 50.9875979], [11.0239154, 50.9876036], [11.0241812, 50.988201], [11.0245118, 50.9882448], [11.0245321, 50.9882904], [11.0247493, 50.9880401], [11.0248468, 50.9880737], [11.0247724, 50.9882962], [11.0251218, 50.9883425], [11.0251291, 50.9883207], [11.0252138, 50.9883319], [11.0252368, 50.9882632], [11.0254845, 50.988296], [11.0254162, 50.9885005], [11.0240374, 50.988318]]]}}, {"type": "Feature", "properties": {"id": "120203133_13694477", "height": 12.16209602355957, "type": null, "floors": null}, "geometry": {"type": "Polygon", "coordinates": [[[11.0246043, 50.9879425], [11.0244405, 50.9881132], [11.0242902, 50.9880561], [11.024454, 50.9878854], [11.0246043, 50.9879425]]]}}, {"type": "Feature", "properties": {"id": "120203133_13677769", "height": 9.183634757995604, "type": null, "floors": null}, "geometry": {"type": "Polygon", "coordinates": [[[11.0256537, 50.9878711], [11.0255329, 50.9882032], [11.0253888, 50.9881824], [11.0253646, 50.9882489], [11.0249913, 50.9881951], [11.0250348, 50.9880756], [11.0247913, 50.9880405], [11.024819, 50.9879643], [11.0251962, 50.9880187], [11.0251752, 50.9880764], [11.0253051, 50.9880952], [11.0253162, 50.9880647], [11.0253952, 50.9880761], [11.0254504, 50.9879245], [11.0253255, 50.9879065], [11.0253167, 50.9879306], [11.0249166, 50.9878729], [11.0249539, 50.9877702], [11.0256537, 50.9878711]]]}}, {"type": "Feature", "properties": {"id": "120203133_13682957", "height": 6.410590648651123, "type": null, "floors": null}, "geometry": {"type": "Polygon", "coordinates": [[[11.0243333, 50.9880778], [11.0243371, 50.9881765], [11.0242245, 50.9881782], [11.0242207, 50.9880796], [11.0243333, 50.9880778]]]}}, {"type": "Feature", "properties": {"id": "120203133_13831469", "height": 3.365349769592285, "type": null, "floors": null}, "geometry": {"type": "Polygon", "coordinates": [[[11.0245655, 50.9887476], [11.0245042, 50.9888963], [11.0243936, 50.9888782], [11.0244549, 50.9887295], [11.0245655, 50.9887476]]]}}, {"type": "Feature", "properties": {"id": "120203133_13732174", "height": 3.928301811218261, "type": null, "floors": null}, "geometry": {"type": "Polygon", "coordinates": [[[11.0239352, 50.9888559], [11.023909, 50.9888954], [11.0238313, 50.988875], [11.0238575, 50.9888355], [11.0239352, 50.9888559]]]}}, {"type": "Feature", "properties": {"id": "120203133_13742416", "height": 4.273208141326904, "type": null, "floors": null}, "geometry": {"type": "Polygon", "coordinates": [[[11.0246371, 50.9888692], [11.0246756, 50.9887491], [11.0247606, 50.9887599], [11.024731, 50.9888524], [11.024816, 50.9888632], [11.0247916, 50.9889395], [11.0249102, 50.9889545], [11.0248847, 50.989034], [11.0247237, 50.9890136], [11.0246992, 50.9890898], [11.0246219, 50.98908], [11.0246562, 50.9889729], [11.0246832, 50.9889763], [11.0246991, 50.9889269], [11.0245161, 50.9889036], [11.0245314, 50.9888558], [11.0246371, 50.9888692]]]}}, {"type": "Feature", "properties": {"id": "120203133_13816740", "height": 4.0, "type": null, "floors": null}, "geometry": {"type": "Polygon", "coordinates": [[[11.023731, 50.9889768], [11.023759, 50.9889343], [11.0238597, 50.9889605], [11.0238318, 50.989003], [11.023731, 50.9889768]]]}}, {"type": "Feature", "properties": {"id": "120203133_13669206", "height": 13.923288345336914, "type": null, "floors": null}, "geometry": {"type": "Polygon", "coordinates": [[[11.0229657, 50.9895119], [11.0233311, 50.9890577], [11.0233674, 50.9890693], [11.0235674, 50.9888207], [11.0235397, 50.9888118], [11.0235645, 50.9887809], [11.0236115, 50.9887959], [11.0237769, 50.9885903], [11.023779, 50.988591], [11.0239023, 50.9884378], [11.0243036, 50.9885657], [11.0242247, 50.9886638], [11.0239578, 50.9885787], [11.023907, 50.9886419], [11.0239241, 50.9886473], [11.0232744, 50.9894549], [11.0236223, 50.9895659], [11.0235229, 50.9896895], [11.0229657, 50.9895119]]]}}, {"type": "Feature", "properties": {"id": "120203133_13790977", "height": 2.333969354629516, "type": null, "floors": null}, "geometry": {"type": "Polygon", "coordinates": [[[11.0246225, 50.9891333], [11.0246367, 50.9890922], [11.0246918, 50.9890998], [11.0246775, 50.9891409], [11.0246225, 50.9891333]]]}}, {"type": "Feature", "properties": {"id": "120203133_13677968", "height": 4.807817459106445, "type": null, "floors": null}, "geometry": {"type": "Polygon", "coordinates": [[[11.0238286, 50.9891503], [11.0238686, 50.9890257], [11.0239263, 50.9889601], [11.0239801, 50.988967], [11.0239991, 50.9889078], [11.0241807, 50.9887013], [11.0242875, 50.9887385], [11.0241159, 50.9889336], [11.0245291, 50.9889862], [11.0245046, 50.9890625], [11.0246192, 50.9890771], [11.0245283, 50.9893601], [11.0245927, 50.9893683], [11.0245708, 50.9894364], [11.0244987, 50.9894273], [11.0244648, 50.9895327], [11.0240422, 50.9894789], [11.024052, 50.9894483], [11.02399, 50.9894267], [11.0241928, 50.9894525], [11.0242192, 50.9893705], [11.0242424, 50.9893735], [11.0242601, 50.9893184], [11.0243219, 50.9893262], [11.0243756, 50.9891592], [11.0243382, 50.9891462], [11.0243109, 50.9892311], [11.0241993, 50.9892169], [11.0241953, 50.9892215], [11.0238983, 50.9891837], [11.0239059, 50.9891601], [11.0238286, 50.9891503]]]}}, {"type": "Feature", "properties": {"id": "120203133_13711673", "height": 9.676919937133787, "type": null, "floors": null}, "geometry": {"type": "Polygon", "coordinates": [[[11.0276733, 50.9874889], [11.028856, 50.9876436], [11.0288202, 50.9877521], [11.0278432, 50.9876242], [11.0277379, 50.9879431], [11.027986, 50.9879755], [11.027984, 50.9879584], [11.0278764, 50.9879443], [11.027991, 50.9879391], [11.0279946, 50.9879699], [11.0280491, 50.9878048], [11.0282676, 50.9878334], [11.0281891, 50.9880713], [11.028065, 50.9880551], [11.0280457, 50.9880762], [11.0281265, 50.9880868], [11.0281122, 50.9881298], [11.0283411, 50.9881597], [11.0283146, 50.9882397], [11.0280278, 50.9882022], [11.0279688, 50.9883808], [11.0278673, 50.9883854], [11.027765, 50.9883483], [11.0278259, 50.9881639], [11.0280124, 50.9881883], [11.0280372, 50.9881132], [11.0278044, 50.9880828], [11.0277604, 50.9882161], [11.0274467, 50.9881751], [11.0276733, 50.9874889]]]}}, {"type": "Feature", "properties": {"id": "120203133_13794582", "height": 10.894264221191406, "type": null, "floors": null}, "geometry": {"type": "Polygon", "coordinates": [[[11.0287685, 50.9878163], [11.0284736, 50.9886786], [11.0283967, 50.9886682], [11.0282926, 50.9889725], [11.0280107, 50.9889343], [11.0280311, 50.9888746], [11.0281208, 50.9888867], [11.0282058, 50.9886382], [11.0282699, 50.9886469], [11.0283024, 50.9885517], [11.0282486, 50.9885444], [11.0284269, 50.9880232], [11.0284986, 50.988033], [11.0285503, 50.9878819], [11.0285657, 50.987884], [11.0285968, 50.987793], [11.0287685, 50.9878163]]]}}, {"type": "Feature", "properties": {"id": "120203133_13773893", "height": 4.012696743011475, "type": null, "floors": null}, "geometry": {"type": "Polygon", "coordinates": [[[11.0282376, 50.9884227], [11.0281176, 50.9884058], [11.0280984, 50.9884598], [11.0279987, 50.9884457], [11.0280346, 50.9883451], [11.0282542, 50.9883761], [11.0282376, 50.9884227]]]}}, {"type": "Feature", "properties": {"id": "120203133_13720253", "height": 7.173398494720459, "type": null, "floors": null}, "geometry": {"type": "Polygon", "coordinates": [[[11.0278185, 50.9884526], [11.0278705, 50.9884584], [11.0278809, 50.9884214], [11.0280005, 50.9884347], [11.027956, 50.9885929], [11.0277844, 50.9885737], [11.0278185, 50.9884526]]]}}, {"type": "Feature", "properties": {"id": "120203133_13796284", "height": 8.819899559020996, "type": null, "floors": null}, "geometry": {"type": "Polygon", "coordinates": [[[11.0271554, 50.9888028], [11.027225, 50.9885959], [11.0272983, 50.9885932], [11.0273537, 50.9884284], [11.0273359, 50.9882342], [11.0276234, 50.9882725], [11.0276058, 50.9883247], [11.0275361, 50.9883272], [11.0275446, 50.98842], [11.0276561, 50.9884349], [11.027608, 50.9885778], [11.0275328, 50.9885677], [11.0275229, 50.9884597], [11.0274838, 50.9885759], [11.0274614, 50.9886426], [11.027512, 50.9886494], [11.0275086, 50.9886118], [11.0276633, 50.9886324], [11.0276676, 50.9886786], [11.0275627, 50.9886646], [11.0275353, 50.9887463], [11.027457, 50.9887359], [11.0274615, 50.9887848], [11.027629, 50.9887788], [11.0276205, 50.988804], [11.0276727, 50.9888109], [11.027692, 50.9888102], [11.027704, 50.9887746], [11.0280044, 50.9888146], [11.0279718, 50.9889116], [11.0271554, 50.9888028]]]}}, {"type": "Feature", "properties": {"id": "120203133_13751811", "height": 6.341946125030518, "type": null, "floors": null}, "geometry": {"type": "Polygon", "coordinates": [[[11.0272331, 50.9891108], [11.0272153, 50.9891667], [11.0270219, 50.9891423], [11.0270539, 50.9890417], [11.027197, 50.9890598], [11.0272099, 50.9890192], [11.0284077, 50.9891703], [11.0283805, 50.9892557], [11.0272331, 50.9891108]]]}}, {"type": "Feature", "properties": {"id": "120203133_13834898", "height": 8.378008842468262, "type": null, "floors": null}, "geometry": {"type": "Polygon", "coordinates": [[[11.0269968, 50.9892435], [11.0284616, 50.9894443], [11.0284419, 50.9895013], [11.0284931, 50.9895083], [11.0285045, 50.9894755], [11.0291447, 50.9895632], [11.028973, 50.9900597], [11.0285466, 50.9900012], [11.0284613, 50.9902479], [11.028177, 50.9902089], [11.0282679, 50.9899462], [11.0277839, 50.9898798], [11.0276989, 50.9901255], [11.027416, 50.9900868], [11.0274792, 50.9899039], [11.0275189, 50.9899093], [11.0275571, 50.9897988], [11.0275238, 50.9897943], [11.0275129, 50.9898258], [11.02702, 50.9897582], [11.0269317, 50.9900136], [11.0266858, 50.98998], [11.0267555, 50.9897785], [11.0267862, 50.9897827], [11.0268409, 50.9896247], [11.0268639, 50.9896279], [11.0269968, 50.9892435]]]}}, {"type": "Feature", "properties": {"id": "120203133_13703075", "height": 13.94459342956543, "type": null, "floors": null}, "geometry": {"type": "Polygon", "coordinates": [[[11.0270104, 50.99083], [11.0270826, 50.9905504], [11.0272786, 50.9905704], [11.0272637, 50.990628], [11.0272323, 50.9906248], [11.0271933, 50.9907761], [11.0271462, 50.9907713], [11.0270902, 50.9909884], [11.0270667, 50.990986], [11.0270467, 50.9910633], [11.0265998, 50.9910176], [11.0266185, 50.9909452], [11.0265009, 50.9909332], [11.0265092, 50.9909012], [11.0264883, 50.9908991], [11.0265072, 50.9908258], [11.026549, 50.9908301], [11.0265609, 50.990784], [11.0270104, 50.99083]]]}}, {"type": "Feature", "properties": {"id": "120203133_13832340", "height": 4.11168622970581, "type": null, "floors": null}, "geometry": {"type": "Polygon", "coordinates": [[[11.0276447, 50.9909924], [11.0275152, 50.9909771], [11.0275657, 50.9908075], [11.0276953, 50.9908228], [11.0276447, 50.9909924]]]}}, {"type": "Feature", "properties": {"id": "120203133_13815915", "height": 0.131147533655166, "type": null, "floors": null}, "geometry": {"type": "Polygon", "coordinates": [[[11.0281839, 50.99129], [11.027981, 50.9913071], [11.0279598, 50.9912076], [11.0279124, 50.9912116], [11.0278983, 50.9911453], [11.0279299, 50.9911426], [11.0278487, 50.9907611], [11.0280674, 50.9907427], [11.0281839, 50.99129]]]}}, {"type": "Feature", "properties": {"id": "120203133_13749255", "height": 10.122329711914062, "type": null, "floors": null}, "geometry": {"type": "Polygon", "coordinates": [[[11.0212599, 50.9863258], [11.0201366, 50.9876459], [11.019353, 50.9873816], [11.0194022, 50.9873238], [11.0195235, 50.9872537], [11.0198512, 50.9868685], [11.0199178, 50.9868301], [11.0200478, 50.9866773], [11.0201078, 50.9866427], [11.020123, 50.9866248], [11.0201705, 50.9865974], [11.0202129, 50.9865476], [11.0202762, 50.986511], [11.0204757, 50.9862765], [11.020502, 50.9862613], [11.0205345, 50.9862231], [11.0205142, 50.9862092], [11.0205405, 50.9861783], [11.0205774, 50.986157], [11.0205983, 50.9861324], [11.0206427, 50.9861068], [11.020621, 50.9860994], [11.0206742, 50.9860369], [11.0207154, 50.9860131], [11.0207505, 50.9860249], [11.0207752, 50.9860106], [11.0208249, 50.9860274], [11.0212599, 50.9863258]]]}}, {"type": "Feature", "properties": {"id": "120203133_13681510", "height": 7.37288236618042, "type": null, "floors": null}, "geometry": {"type": "Polygon", "coordinates": [[[11.0205145, 50.9879444], [11.0192852, 50.989215], [11.0192765, 50.9892116], [11.0193118, 50.9891751], [11.0180332, 50.9886849], [11.0192272, 50.9874509], [11.0205145, 50.9879444]]]}}, {"type": "Feature", "properties": {"id": "120203133_13800494", "height": 7.25248908996582, "type": null, "floors": null}, "geometry": {"type": "Polygon", "coordinates": [[[11.0201596, 50.9885327], [11.0209828, 50.9886765], [11.0209319, 50.9887919], [11.0204474, 50.9887073], [11.02047, 50.9886561], [11.0203429, 50.9886339], [11.0203246, 50.9886757], [11.020332, 50.988677], [11.0202249, 50.98892], [11.0202, 50.9889156], [11.02018, 50.9889611], [11.0202909, 50.9889805], [11.0203068, 50.9889444], [11.0206541, 50.9890051], [11.0206071, 50.9891117], [11.0199322, 50.9889938], [11.0199861, 50.9888715], [11.0200085, 50.9888754], [11.0201596, 50.9885327]]]}}, {"type": "Feature", "properties": {"id": "120203133_13808227", "height": 5.144912242889404, "type": null, "floors": null}, "geometry": {"type": "Polygon", "coordinates": [[[11.0197271, 50.9893656], [11.019849, 50.9890898], [11.0200531, 50.9891255], [11.0200206, 50.9891992], [11.0201463, 50.9892212], [11.0201082, 50.9893074], [11.0204044, 50.9893593], [11.0203681, 50.9894414], [11.0202797, 50.9894259], [11.0202648, 50.9894598], [11.0197271, 50.9893656]]]}}, {"type": "Feature", "properties": {"id": "120203133_13813302", "height": 7.747768402099609, "type": null, "floors": null}, "geometry": {"type": "Polygon", "coordinates": [[[11.0202289, 50.9884514], [11.0204098, 50.9880206], [11.02046, 50.988029], [11.0204745, 50.9879943], [11.0212606, 50.9881251], [11.0212129, 50.9882387], [11.0207352, 50.9881592], [11.0207575, 50.9881062], [11.0206271, 50.9880845], [11.0205074, 50.9883695], [11.0204773, 50.9883645], [11.0204581, 50.9884102], [11.0205809, 50.9884307], [11.0205955, 50.988396], [11.0209904, 50.9884617], [11.0209997, 50.9884396], [11.0210535, 50.9884486], [11.0210403, 50.9884801], [11.0210804, 50.9884868], [11.0210386, 50.9885862], [11.0202289, 50.9884514]]]}}, {"type": "Feature", "properties": {"id": "120203133_13677761", "height": 10.789464950561523, "type": null, "floors": null}, "geometry": {"type": "Polygon", "coordinates": [[[11.023718, 50.9882953], [11.0226208, 50.9895856], [11.0216221, 50.9892491], [11.0218048, 50.9890343], [11.0217958, 50.9890087], [11.0218672, 50.9889988], [11.0220136, 50.9888266], [11.0219939, 50.9888063], [11.0220297, 50.9888013], [11.0220731, 50.9887502], [11.0221932, 50.9887043], [11.0221562, 50.9885989], [11.0227603, 50.9878886], [11.0227299, 50.9879002], [11.0227208, 50.9878971], [11.0227445, 50.9878693], [11.0227445, 50.9878693], [11.0228696, 50.9877221], [11.0228325, 50.9876837], [11.0229346, 50.9875637], [11.0229732, 50.9875584], [11.0229384, 50.9875466], [11.0230902, 50.9873681], [11.0231308, 50.9873526], [11.0231203, 50.9873226], [11.0231363, 50.987328], [11.0233315, 50.9873008], [11.0236729, 50.9882737], [11.0236894, 50.9882674], [11.0237107, 50.9882746], [11.023718, 50.9882953]]]}}, {"type": "Feature", "properties": {"id": "120203133_13832326", "height": 11.22441577911377, "type": null, "floors": null}, "geometry": {"type": "Polygon", "coordinates": [[[11.0215516, 50.9894901], [11.0217193, 50.9895419], [11.0217276, 50.9895465], [11.0217452, 50.9895339], [11.0217939, 50.989549], [11.0218186, 50.9895313], [11.0220664, 50.9896077], [11.0218468, 50.9894859], [11.0224864, 50.9896832], [11.0224376, 50.989746], [11.022459, 50.9897579], [11.0222962, 50.9898743], [11.0219045, 50.9903773], [11.0217741, 50.9904705], [11.0217402, 50.9904516], [11.0217195, 50.9904664], [11.021645, 50.9904434], [11.0215973, 50.990417], [11.0216188, 50.9903894], [11.0214997, 50.9903234], [11.0215135, 50.9903276], [11.0213871, 50.9902575], [11.0214077, 50.9902639], [11.0213047, 50.9902068], [11.0212882, 50.9902017], [11.0212128, 50.9901598], [11.0210646, 50.9901141], [11.0210431, 50.9901022], [11.0214795, 50.9895417], [11.0215516, 50.9894901]]]}}, {"type": "Feature", "properties": {"id": "120203133_13669211", "height": 6.073073863983154, "type": null, "floors": null}, "geometry": {"type": "Polygon", "coordinates": [[[11.022849, 50.9901635], [11.0229159, 50.9900692], [11.0230132, 50.9900966], [11.0229023, 50.9902528], [11.0227436, 50.9902082], [11.0227875, 50.9901463], [11.022849, 50.9901635]]]}}, {"type": "Feature", "properties": {"id": "120203133_13774755", "height": 12.575215339660645, "type": null, "floors": null}, "geometry": {"type": "Polygon", "coordinates": [[[11.0219322, 50.9906262], [11.0220426, 50.9904764], [11.0221627, 50.9904008], [11.0221952, 50.9903567], [11.0222803, 50.9903032], [11.0226377, 50.9898182], [11.0227177, 50.9897678], [11.022727, 50.9897552], [11.0228344, 50.9896876], [11.0231468, 50.9897788], [11.023114, 50.9898233], [11.0232663, 50.9898677], [11.0231686, 50.9900004], [11.0231265, 50.9899881], [11.0230905, 50.9899654], [11.0229975, 50.9900239], [11.0228768, 50.9899887], [11.0229997, 50.9898219], [11.0229014, 50.9897933], [11.0226286, 50.9901634], [11.0227257, 50.9901918], [11.022695, 50.9902335], [11.0225734, 50.990198], [11.0224937, 50.9902481], [11.0222418, 50.99059], [11.0223338, 50.9906169], [11.0224508, 50.9906905], [11.0223562, 50.99075], [11.0219322, 50.9906262]]]}}, {"type": "Feature", "properties": {"id": "120203133_13717694", "height": 3.942561149597168, "type": null, "floors": null}, "geometry": {"type": "Polygon", "coordinates": [[[11.0226019, 50.990241], [11.0226967, 50.9902752], [11.022662, 50.9903133], [11.0225672, 50.9902791], [11.0226019, 50.990241]]]}}, {"type": "Feature", "properties": {"id": "120203133_13818477", "height": 3.071773290634155, "type": null, "floors": null}, "geometry": {"type": "Polygon", "coordinates": [[[11.022838, 50.9903213], [11.0228056, 50.9903651], [11.0226646, 50.9903237], [11.022697, 50.9902799], [11.022838, 50.9903213]]]}}, {"type": "Feature", "properties": {"id": "120203133_13759289", "height": 10.998076438903809, "type": null, "floors": null}, "geometry": {"type": "Polygon", "coordinates": [[[11.0228968, 50.9908381], [11.0234498, 50.9902034], [11.0234436, 50.9902012], [11.0234763, 50.9901637], [11.023393, 50.9901652], [11.0232478, 50.990115], [11.0232446, 50.9900432], [11.023437, 50.9898224], [11.0235437, 50.9898593], [11.0235444, 50.9898747], [11.0234154, 50.9900227], [11.0234157, 50.9900295], [11.0235089, 50.9900617], [11.0234468, 50.9901329], [11.0235585, 50.990131], [11.0236845, 50.9899863], [11.02377, 50.9900159], [11.0235998, 50.9902112], [11.0236348, 50.9902233], [11.0230743, 50.9908667], [11.023073, 50.990839], [11.0229862, 50.9909386], [11.0229862, 50.9909386], [11.0229481, 50.9909824], [11.0228502, 50.9909841], [11.0228486, 50.990947], [11.0226193, 50.990951], [11.0226146, 50.990843], [11.0228968, 50.9908381]]]}}, {"type": "Feature", "properties": {"id": "120203133_13715070", "height": 13.468413352966309, "type": null, "floors": null}, "geometry": {"type": "Polygon", "coordinates": [[[11.0208892, 50.9902609], [11.0219555, 50.9908052], [11.0218831, 50.9907858], [11.0219765, 50.9908335], [11.0218807, 50.9909079], [11.0210608, 50.9904893], [11.0210789, 50.9904624], [11.0209618, 50.9904027], [11.0209595, 50.990402], [11.0209186, 50.9904338], [11.0208175, 50.9905835], [11.0206603, 50.9905415], [11.0206387, 50.9905305], [11.020666, 50.99049], [11.0206888, 50.9904961], [11.0207662, 50.9903813], [11.0207944, 50.9903594], [11.0208299, 50.9903069], [11.0208892, 50.9902609]]]}}, {"type": "Feature", "properties": {"id": "120203133_13748392", "height": 6.146674633026123, "type": null, "floors": null}, "geometry": {"type": "Polygon", "coordinates": [[[11.022784, 50.990726], [11.0227364, 50.9907741], [11.0225277, 50.9906923], [11.0225801, 50.9906393], [11.0226999, 50.9906863], [11.0227312, 50.9906546], [11.0228781, 50.9907122], [11.022842, 50.9907487], [11.022784, 50.990726]]]}}, {"type": "Feature", "properties": {"id": "120203133_13741558", "height": 13.052000999450684, "type": null, "floors": null}, "geometry": {"type": "Polygon", "coordinates": [[[11.0204165, 50.9913308], [11.0204254, 50.9910693], [11.0205058, 50.9910703], [11.020516, 50.99077], [11.0208067, 50.9907739], [11.0207989, 50.991004], [11.0208862, 50.9910052], [11.0208867, 50.9909894], [11.0211924, 50.9909935], [11.0211874, 50.9911393], [11.021174, 50.9911391], [11.0211728, 50.9911745], [11.0207584, 50.991169], [11.0207528, 50.9913353], [11.0204165, 50.9913308]]]}}, {"type": "Feature", "properties": {"id": "120203133_13742408", "height": 12.563060760498049, "type": null, "floors": null}, "geometry": {"type": "Polygon", "coordinates": [[[11.0216814, 50.9912122], [11.0215608, 50.9912104], [11.0215641, 50.9911227], [11.0216847, 50.9911245], [11.0216814, 50.9912122]]]}}, {"type": "Feature", "properties": {"id": "120203133_13784940", "height": 9.24365234375, "type": null, "floors": null}, "geometry": {"type": "Polygon", "coordinates": [[[11.0217903, 50.9914642], [11.0220167, 50.991465], [11.0220168, 50.9914541], [11.0220758, 50.9914543], [11.0220755, 50.9914871], [11.0221158, 50.9914873], [11.0221148, 50.9915912], [11.0217838, 50.9915901], [11.021784, 50.9915749], [11.0217287, 50.9915747], [11.0217295, 50.9914852], [11.0217901, 50.9914854], [11.0217903, 50.9914642]]]}}, {"type": "Feature", "properties": {"id": "120203133_13685932", "height": 4.906728267669678, "type": null, "floors": null}, "geometry": {"type": "Polygon", "coordinates": [[[11.0225268, 50.9913334], [11.0226485, 50.9913311], [11.0226662, 50.9916945], [11.0227187, 50.9916935], [11.0227224, 50.9917703], [11.0225483, 50.9917737], [11.0225268, 50.9913334]]]}}, {"type": "Feature", "properties": {"id": "120203133_13803933", "height": 6.049599647521973, "type": null, "floors": null}, "geometry": {"type": "Polygon", "coordinates": [[[11.0223469, 50.9917866], [11.0217344, 50.9917909], [11.0217333, 50.9917292], [11.0218551, 50.9917283], [11.0218548, 50.9917141], [11.0222115, 50.9917116], [11.0222057, 50.9913882], [11.0222647, 50.9913878], [11.0222643, 50.99136], [11.0224938, 50.9913584], [11.0224963, 50.9914993], [11.0223419, 50.9915004], [11.0223469, 50.9917866]]]}}, {"type": "Feature", "properties": {"id": "120203133_13729577", "height": 2.982688426971435, "type": null, "floors": null}, "geometry": {"type": "Polygon", "coordinates": [[[11.0231344, 50.9916606], [11.0231799, 50.9916596], [11.0231789, 50.991641], [11.0232271, 50.99164], [11.0232303, 50.9916964], [11.0231365, 50.9916985], [11.0231344, 50.9916606]]]}}, {"type": "Feature", "properties": {"id": "120203133_13779855", "height": 8.426580429077148, "type": null, "floors": null}, "geometry": {"type": "Polygon", "coordinates": [[[11.0215436, 50.991647], [11.0217029, 50.9916482], [11.0217007, 50.9917647], [11.0215559, 50.9917636], [11.0215572, 50.9916927], [11.0215427, 50.9916926], [11.0215436, 50.991647]]]}}, {"type": "Feature", "properties": {"id": "120203133_13736455", "height": 4.58177661895752, "type": null, "floors": null}, "geometry": {"type": "Polygon", "coordinates": [[[11.0229422, 50.9917876], [11.0229447, 50.9917117], [11.023245, 50.9917157], [11.0232438, 50.9917511], [11.0232894, 50.9917518], [11.0232868, 50.9918277], [11.0231956, 50.9918265], [11.0231969, 50.991791], [11.0229422, 50.9917876]]]}}, {"type": "Feature", "properties": {"id": "120203133_13762733", "height": 4.049473285675049, "type": null, "floors": null}, "geometry": {"type": "Polygon", "coordinates": [[[11.0228706, 50.9918197], [11.022751, 50.9918212], [11.0227484, 50.9917385], [11.0228679, 50.991737], [11.0228706, 50.9918197]]]}}, {"type": "Feature", "properties": {"id": "120203133_13705677", "height": 3.497685194015503, "type": null, "floors": null}, "geometry": {"type": "Polygon", "coordinates": [[[11.0229447, 50.9918102], [11.0229454, 50.9917899], [11.0231384, 50.9917926], [11.0231377, 50.9918128], [11.0229447, 50.9918102]]]}}, {"type": "Feature", "properties": {"id": "120203133_13733827", "height": 6.107137203216553, "type": null, "floors": null}, "geometry": {"type": "Polygon", "coordinates": [[[11.0217546, 50.9918737], [11.021559, 50.9918695], [11.0215544, 50.9919538], [11.0214419, 50.9919513], [11.0214473, 50.9918519], [11.0214929, 50.9918528], [11.0214958, 50.9917989], [11.0217583, 50.9918045], [11.0217546, 50.9918737]]]}}, {"type": "Feature", "properties": {"id": "120203133_13727828", "height": 3.619555950164795, "type": null, "floors": null}, "geometry": {"type": "Polygon", "coordinates": [[[11.0231283, 50.9919587], [11.0231498, 50.9919589], [11.0231511, 50.9919083], [11.0232637, 50.9919095], [11.0232623, 50.9919618], [11.0233294, 50.9919625], [11.023328, 50.9920131], [11.0231269, 50.992011], [11.0231283, 50.9919587]]]}}, {"type": "Feature", "properties": {"id": "120203133_13791883", "height": 4.736616611480713, "type": null, "floors": null}, "geometry": {"type": "Polygon", "coordinates": [[[11.0213272, 50.9920805], [11.0211451, 50.9920854], [11.0211399, 50.9920078], [11.0211008, 50.9920089], [11.0211053, 50.9920763], [11.0210989, 50.9920765], [11.0210974, 50.9920546], [11.0210198, 50.9920566], [11.0210107, 50.9919218], [11.021316, 50.9919137], [11.0213272, 50.9920805]]]}}, {"type": "Feature", "properties": {"id": "120203133_13697079", "height": 9.18870735168457, "type": null, "floors": null}, "geometry": {"type": "Polygon", "coordinates": [[[11.0235747, 50.9912559], [11.0235213, 50.9931388], [11.0232576, 50.9931358], [11.0232595, 50.9930682], [11.0233216, 50.9930542], [11.0233226, 50.9930184], [11.0234128, 50.9930194], [11.0233692, 50.9929429], [11.0232497, 50.9929416], [11.0232505, 50.9929146], [11.0233416, 50.9929156], [11.0233651, 50.9920855], [11.0231616, 50.9921314], [11.0231457, 50.9921036], [11.0231469, 50.9920608], [11.0234019, 50.9920637], [11.0233594, 50.991989], [11.0233888, 50.9919388], [11.0232844, 50.9919146], [11.0233823, 50.9918925], [11.0233859, 50.9917655], [11.0232964, 50.9917645], [11.0232977, 50.9917157], [11.0233922, 50.9916944], [11.0234039, 50.9912795], [11.0227038, 50.9912716], [11.0226599, 50.9911946], [11.0229893, 50.9911202], [11.0235747, 50.9912559]]]}}, {"type": "Feature", "properties": {"id": "120203133_13692790", "height": 12.106950759887695, "type": null, "floors": null}, "geometry": {"type": "Polygon", "coordinates": [[[11.0208527, 50.9918431], [11.0211695, 50.9922234], [11.0212271, 50.9922217], [11.0215783, 50.9926432], [11.0214913, 50.992672], [11.0216126, 50.9928176], [11.0216, 50.9928218], [11.0216861, 50.992925], [11.0215932, 50.9929557], [11.0221175, 50.9929406], [11.0221519, 50.9929819], [11.0222148, 50.99298], [11.022209, 50.9928992], [11.022333, 50.9928956], [11.0223448, 50.9930573], [11.0215114, 50.9930813], [11.021507, 50.9930213], [11.0215463, 50.9930083], [11.021319, 50.9927356], [11.0214117, 50.992705], [11.0214099, 50.9926805], [11.0210528, 50.992252], [11.0210136, 50.9922532], [11.0206533, 50.9918208], [11.0208572, 50.9917535], [11.0208562, 50.9917394], [11.0213059, 50.9917265], [11.0213134, 50.9918299], [11.0208527, 50.9918431]]]}}, {"type": "Feature", "properties": {"id": "120203133_13802252", "height": 5.771296501159668, "type": null, "floors": null}, "geometry": {"type": "Polygon", "coordinates": [[[11.0218719, 50.9923511], [11.0227664, 50.9923729], [11.0227599, 50.9924783], [11.0218467, 50.9924561], [11.0218515, 50.9923769], [11.0218703, 50.9923774], [11.0218719, 50.9923511]]]}}, {"type": "Feature", "properties": {"id": "120203133_13790119", "height": 4.592453002929688, "type": null, "floors": null}, "geometry": {"type": "Polygon", "coordinates": [[[11.0232001, 50.9924819], [11.0231993, 50.992405], [11.0232932, 50.9924046], [11.023294, 50.9924815], [11.0232001, 50.9924819]]]}}, {"type": "Feature", "properties": {"id": "120203133_13807384", "height": 3.830421447753906, "type": null, "floors": null}, "geometry": {"type": "Polygon", "coordinates": [[[11.022282, 50.9928333], [11.0221801, 50.9928346], [11.0221784, 50.992784], [11.0221168, 50.9927848], [11.0221153, 50.9927392], [11.0221679, 50.9927386], [11.0221664, 50.992693], [11.0222773, 50.9926916], [11.022282, 50.9928333]]]}}, {"type": "Feature", "properties": {"id": "120203133_13670988", "height": 6.426794528961182, "type": null, "floors": null}, "geometry": {"type": "Polygon", "coordinates": [[[11.0217339, 50.9926751], [11.0218412, 50.9926773], [11.0218219, 50.9926803], [11.0220606, 50.9926851], [11.0220715, 50.9927128], [11.0220674, 50.9927916], [11.0219089, 50.9927884], [11.02188, 50.9927928], [11.0218868, 50.9928104], [11.0219573, 50.9927995], [11.0220545, 50.9928014], [11.0220502, 50.9928858], [11.0218251, 50.9928812], [11.0218271, 50.9928429], [11.0218239, 50.9928346], [11.0218253, 50.9928064], [11.0218122, 50.9927729], [11.0217717, 50.9927721], [11.0217339, 50.9926751]]]}}, {"type": "Feature", "properties": {"id": "120203133_13742413", "height": 3.023809432983398, "type": null, "floors": null}, "geometry": {"type": "Polygon", "coordinates": [[[11.023173, 50.9928116], [11.0232481, 50.9928104], [11.0232499, 50.9928584], [11.0231749, 50.9928596], [11.023173, 50.9928116]]]}}, {"type": "Feature", "properties": {"id": "120203133_13702248", "height": 13.13131332397461, "type": null, "floors": null}, "geometry": {"type": "Polygon", "coordinates": [[[11.0298618, 50.9878155], [11.0293687, 50.9891408], [11.028466, 50.9890077], [11.0288936, 50.9878585], [11.0290868, 50.987887], [11.0290612, 50.9879558], [11.0292062, 50.9879772], [11.0292038, 50.9879836], [11.0293386, 50.9880035], [11.0293135, 50.9880707], [11.0293695, 50.9880789], [11.0293492, 50.9881334], [11.0291992, 50.9881112], [11.0291605, 50.9882153], [11.0293207, 50.9882389], [11.0292957, 50.9883061], [11.0290465, 50.9882694], [11.0291263, 50.9880549], [11.0290627, 50.9880455], [11.0287352, 50.9889259], [11.029165, 50.9889892], [11.0291876, 50.9889284], [11.0292461, 50.988937], [11.0292532, 50.9889178], [11.0291998, 50.9889099], [11.0295559, 50.9879528], [11.0297059, 50.9879749], [11.0297297, 50.9879109], [11.0289033, 50.987789], [11.0289438, 50.9876802], [11.0298618, 50.9878155]]]}}, {"type": "Feature", "properties": {"id": "120203133_13709074", "height": 7.913169384002685, "type": null, "floors": null}, "geometry": {"type": "Polygon", "coordinates": [[[11.0299288, 50.988579], [11.0299908, 50.9884269], [11.0307343, 50.988547], [11.0306724, 50.988699], [11.0299288, 50.988579]]]}}, {"type": "Feature", "properties": {"id": "120203133_13815076", "height": 6.365302562713623, "type": null, "floors": null}, "geometry": {"type": "Polygon", "coordinates": [[[11.029207, 50.9885653], [11.02918, 50.9886319], [11.0289256, 50.988591], [11.0289526, 50.9885245], [11.029207, 50.9885653]]]}}, {"type": "Feature", "properties": {"id": "120203133_13750972", "height": 13.206827163696287, "type": null, "floors": null}, "geometry": {"type": "Polygon", "coordinates": [[[11.0301745, 50.9887693], [11.0301787, 50.9887272], [11.0302856, 50.9887314], [11.0302814, 50.9887735], [11.0301745, 50.9887693]]]}}, {"type": "Feature", "properties": {"id": "120203133_13687664", "height": 7.791669845581055, "type": null, "floors": null}, "geometry": {"type": "Polygon", "coordinates": [[[11.0308424, 50.9887479], [11.0306885, 50.9891732], [11.0305814, 50.9891579], [11.0305694, 50.989191], [11.0304482, 50.9891736], [11.0304778, 50.9890918], [11.0305914, 50.9891081], [11.0306355, 50.9889861], [11.0305998, 50.9889809], [11.0306327, 50.98889], [11.0306721, 50.9888957], [11.0307314, 50.988732], [11.0308424, 50.9887479]]]}}, {"type": "Feature", "properties": {"id": "120203133_13695325", "height": 6.703151226043701, "type": null, "floors": null}, "geometry": {"type": "Polygon", "coordinates": [[[11.0292213, 50.9893169], [11.0291667, 50.9894784], [11.0287613, 50.9894241], [11.0287799, 50.9893692], [11.0287106, 50.9893599], [11.0287242, 50.9893195], [11.0288115, 50.9893312], [11.0288339, 50.989265], [11.0292213, 50.9893169]]]}}, {"type": "Feature", "properties": {"id": "120203133_13762745", "height": 12.1129150390625, "type": null, "floors": null}, "geometry": {"type": "Polygon", "coordinates": [[[11.0308702, 50.9895445], [11.0308109, 50.9897277], [11.0304915, 50.9896867], [11.030512, 50.9896235], [11.0295952, 50.9895059], [11.0295868, 50.9895319], [11.0296177, 50.9895358], [11.0295673, 50.9896914], [11.0293021, 50.9896574], [11.0293866, 50.9893964], [11.029451, 50.9894047], [11.0294641, 50.9893642], [11.0308702, 50.9895445]]]}}, {"type": "Feature", "properties": {"id": "120203133_13711679", "height": 3.365097522735595, "type": null, "floors": null}, "geometry": {"type": "Polygon", "coordinates": [[[11.0300863, 50.9897374], [11.0301012, 50.9896992], [11.0301986, 50.9897142], [11.0301837, 50.9897525], [11.0300863, 50.9897374]]]}}, {"type": "Feature", "properties": {"id": "120203133_13698838", "height": 5.732069492340088, "type": null, "floors": null}, "geometry": {"type": "Polygon", "coordinates": [[[11.0302809, 50.9899605], [11.0302769, 50.9899718], [11.0306184, 50.9900192], [11.0305214, 50.9902961], [11.0291223, 50.9901019], [11.0292232, 50.9898137], [11.0302809, 50.9899605]]]}}, {"type": "Feature", "properties": {"id": "120203133_13767091", "height": 4.666628360748291, "type": null, "floors": null}, "geometry": {"type": "Polygon", "coordinates": [[[11.0301668, 50.991668], [11.0302047, 50.9915245], [11.0302647, 50.9915307], [11.030263, 50.9915373], [11.0304404, 50.9915559], [11.0304481, 50.9915269], [11.0303907, 50.9915209], [11.0304037, 50.9914716], [11.0304544, 50.9914769], [11.030468, 50.9914254], [11.0304251, 50.9914209], [11.0304585, 50.9912944], [11.0306554, 50.991315], [11.0306409, 50.9913698], [11.0307453, 50.9913807], [11.0307572, 50.9913357], [11.0308787, 50.9913485], [11.0308345, 50.991516], [11.030751, 50.9915073], [11.0307131, 50.9916508], [11.0305941, 50.9916384], [11.0305721, 50.9917216], [11.030438, 50.9917076], [11.0304466, 50.9916747], [11.0302848, 50.9916578], [11.030279, 50.9916797], [11.0301668, 50.991668]]]}}, {"type": "Feature", "properties": {"id": "120203133_13787597", "height": 12.584428787231444, "type": null, "floors": null}, "geometry": {"type": "Polygon", "coordinates": [[[11.0253134, 50.9886813], [11.0248835, 50.9898779], [11.0247636, 50.9898609], [11.0247737, 50.9898327], [11.0236267, 50.9896695], [11.0236679, 50.9895546], [11.024746, 50.9897081], [11.0247755, 50.9896262], [11.0247168, 50.9896178], [11.0247295, 50.9895825], [11.0247741, 50.9895888], [11.0247834, 50.9895631], [11.0247234, 50.9895546], [11.0247364, 50.9895185], [11.0247798, 50.9895246], [11.0247901, 50.9894957], [11.0247595, 50.9894914], [11.0247806, 50.9894327], [11.0247665, 50.9894307], [11.0247954, 50.9893504], [11.0246895, 50.9893354], [11.0247016, 50.9893016], [11.0248267, 50.9893194], [11.0250211, 50.9887781], [11.0251053, 50.9887901], [11.025129, 50.9887243], [11.0250346, 50.9887108], [11.0250173, 50.988759], [11.0243844, 50.9886689], [11.0244254, 50.9885549], [11.0253134, 50.9886813]]]}}, {"type": "Feature", "properties": {"id": "120203133_13763570", "height": 4.581523418426514, "type": null, "floors": null}, "geometry": {"type": "Polygon", "coordinates": [[[11.0241498, 50.9892586], [11.0240963, 50.9894133], [11.0238069, 50.9893737], [11.0238604, 50.9892189], [11.0241498, 50.9892586]]]}}, {"type": "Feature", "properties": {"id": "120203133_13769598", "height": 7.930680274963379, "type": null, "floors": null}, "geometry": {"type": "Polygon", "coordinates": [[[11.0251464, 50.9899383], [11.0252027, 50.9897623], [11.0251641, 50.9897574], [11.0252108, 50.9896113], [11.0252945, 50.989622], [11.0255134, 50.9889372], [11.0255045, 50.9889361], [11.0255273, 50.9888647], [11.0254795, 50.9888586], [11.0255006, 50.9887929], [11.0255263, 50.9887961], [11.0255445, 50.9887393], [11.0264545, 50.9888546], [11.0264259, 50.9889439], [11.0264569, 50.9889478], [11.0264787, 50.9888796], [11.026672, 50.9889041], [11.0266001, 50.9891289], [11.0265357, 50.9891208], [11.0262305, 50.9900756], [11.0251464, 50.9899383]]]}}, {"type": "Feature", "properties": {"id": "120203133_13750104", "height": 3.453386545181274, "type": null, "floors": null}, "geometry": {"type": "Polygon", "coordinates": [[[11.023786, 50.9895218], [11.0238117, 50.9894025], [11.0239052, 50.9894104], [11.0238795, 50.9895298], [11.023786, 50.9895218]]]}}, {"type": "Feature", "properties": {"id": "120203133_13791889", "height": 3.263157844543457, "type": null, "floors": null}, "geometry": {"type": "Polygon", "coordinates": [[[11.0242468, 50.9895243], [11.0242354, 50.9895687], [11.0241674, 50.9895618], [11.0241789, 50.9895174], [11.0242468, 50.9895243]]]}}, {"type": "Feature", "properties": {"id": "120203133_13787596", "height": 2.511988639831543, "type": null, "floors": null}, "geometry": {"type": "Polygon", "coordinates": [[[11.0245413, 50.989562], [11.0246772, 50.9895782], [11.0246635, 50.9896239], [11.0245276, 50.9896076], [11.0245413, 50.989562]]]}}, {"type": "Feature", "properties": {"id": "120203133_13761079", "height": 2.9805376529693604, "type": null, "floors": null}, "geometry": {"type": "Polygon", "coordinates": [[[11.0237872, 50.9898578], [11.0237673, 50.9899105], [11.0236797, 50.9898974], [11.0236996, 50.9898447], [11.0237872, 50.9898578]]]}}, {"type": "Feature", "properties": {"id": "120203133_13731331", "height": 2.759493589401245, "type": null, "floors": null}, "geometry": {"type": "Polygon", "coordinates": [[[11.0235812, 50.9899297], [11.0236133, 50.989887], [11.023827, 50.9899506], [11.0238021, 50.9899838], [11.0237035, 50.9899544], [11.0236963, 50.989964], [11.0235812, 50.9899297]]]}}, {"type": "Feature", "properties": {"id": "120203133_13789250", "height": 3.5214169025421143, "type": null, "floors": null}, "geometry": {"type": "Polygon", "coordinates": [[[11.0243415, 50.9902347], [11.0244466, 50.9902468], [11.0244318, 50.9902974], [11.0243268, 50.9902853], [11.0243415, 50.9902347]]]}}, {"type": "Feature", "properties": {"id": "120203133_13685082", "height": 12.017210960388184, "type": null, "floors": null}, "geometry": {"type": "Polygon", "coordinates": [[[11.0242504, 50.9899236], [11.0247782, 50.9899972], [11.0244821, 50.9908389], [11.0242622, 50.9908082], [11.0242808, 50.9907553], [11.0243442, 50.9906819], [11.0244033, 50.9905141], [11.0244395, 50.9904721], [11.0245486, 50.9901619], [11.0245895, 50.9901676], [11.0246179, 50.9900871], [11.0243626, 50.9900515], [11.0243437, 50.9900735], [11.0243603, 50.9900262], [11.0235951, 50.9909128], [11.023461, 50.9908941], [11.0234155, 50.9909468], [11.0242554, 50.9910639], [11.0242758, 50.991006], [11.0242144, 50.9909974], [11.0242535, 50.9908864], [11.024435, 50.9909117], [11.0243394, 50.9911837], [11.0231811, 50.9910222], [11.0232004, 50.9909675], [11.0232433, 50.9909178], [11.0233763, 50.9909363], [11.0242504, 50.9899236]]]}}, {"type": "Feature", "properties": {"id": "120203133_13724506", "height": 3.303046226501465, "type": null, "floors": null}, "geometry": {"type": "Polygon", "coordinates": [[[11.0241389, 50.9905173], [11.0242476, 50.9905247], [11.024234, 50.9906032], [11.0241253, 50.9905957], [11.0241389, 50.9905173]]]}}, {"type": "Feature", "properties": {"id": "120203133_13785842", "height": 8.797974586486816, "type": null, "floors": null}, "geometry": {"type": "Polygon", "coordinates": [[[11.02501, 50.9900676], [11.0257765, 50.9901606], [11.0260392, 50.9902533], [11.0260988, 50.9902605], [11.0260664, 50.9903663], [11.0259087, 50.9903472], [11.0259201, 50.9903097], [11.025734, 50.9902871], [11.0257434, 50.9902562], [11.025446, 50.9902201], [11.0253792, 50.9904382], [11.0250689, 50.9904006], [11.0248579, 50.9910891], [11.0247493, 50.9910759], [11.0247326, 50.9911304], [11.0248168, 50.9911601], [11.0250656, 50.9911903], [11.0250847, 50.9911279], [11.0251526, 50.9911519], [11.0252016, 50.9911578], [11.0252076, 50.9911383], [11.0254248, 50.9911647], [11.0253768, 50.9913212], [11.0253866, 50.9913103], [11.0255382, 50.9913287], [11.0255789, 50.9911959], [11.0255716, 50.9911933], [11.0256591, 50.9909078], [11.0258272, 50.9909282], [11.025688, 50.9913823], [11.0246459, 50.9912558], [11.02501, 50.9900676]]]}}, {"type": "Feature", "properties": {"id": "120203133_13834890", "height": 3.844961166381836, "type": null, "floors": null}, "geometry": {"type": "Polygon", "coordinates": [[[11.0239135, 50.9907222], [11.0239359, 50.9906787], [11.0240258, 50.990697], [11.0239809, 50.9907841], [11.0238037, 50.990748], [11.0238262, 50.9907044], [11.0239135, 50.9907222]]]}}, {"type": "Feature", "properties": {"id": "120203133_13689354", "height": 3.673202514648437, "type": null, "floors": null}, "geometry": {"type": "Polygon", "coordinates": [[[11.0241013, 50.9907839], [11.0241099, 50.9907441], [11.0242468, 50.9907559], [11.0242382, 50.9907957], [11.0241013, 50.9907839]]]}}, {"type": "Feature", "properties": {"id": "120203133_13669215", "height": 5.217241287231445, "type": null, "floors": null}, "geometry": {"type": "Polygon", "coordinates": [[[11.0238104, 50.990879], [11.0238397, 50.9908858], [11.0238164, 50.9909251], [11.0237871, 50.9909183], [11.0238104, 50.990879]]]}}, {"type": "Feature", "properties": {"id": "120203133_13702243", "height": 7.107692241668701, "type": null, "floors": null}, "geometry": {"type": "Polygon", "coordinates": [[[11.023709, 50.9908889], [11.023723, 50.9908558], [11.0238082, 50.99087], [11.0237676, 50.9909662], [11.0236423, 50.9909453], [11.0236689, 50.9908822], [11.023709, 50.9908889]]]}}, {"type": "Feature", "properties": {"id": "120203133_13761904", "height": 7.343032836914062, "type": null, "floors": null}, "geometry": {"type": "Polygon", "coordinates": [[[11.0256115, 50.9908978], [11.0255659, 50.9910406], [11.0254716, 50.9910287], [11.0255172, 50.9908859], [11.0256115, 50.9908978]]]}}, {"type": "Feature", "properties": {"id": "120203133_13802255", "height": 3.315135717391967, "type": null, "floors": null}, "geometry": {"type": "Polygon", "coordinates": [[[11.0251273, 50.9917555], [11.0251184, 50.9918294], [11.0244608, 50.991798], [11.0244697, 50.9917241], [11.0251273, 50.9917555]]]}}, {"type": "Feature", "properties": {"id": "120203133_13721991", "height": 2.918103456497192, "type": null, "floors": null}, "geometry": {"type": "Polygon", "coordinates": [[[11.0251621, 50.9918668], [11.025176, 50.9918195], [11.0252834, 50.9918319], [11.0252695, 50.9918793], [11.0251621, 50.9918668]]]}}, {"type": "Feature", "properties": {"id": "120203133_13688518", "height": 6.79015588760376, "type": null, "floors": null}, "geometry": {"type": "Polygon", "coordinates": [[[11.0239133, 50.9918048], [11.0244256, 50.9918088], [11.0244224, 50.9919734], [11.0244438, 50.9919736], [11.0244433, 50.9920023], [11.0244808, 50.9920025], [11.0244802, 50.9920363], [11.0243541, 50.9920353], [11.024354, 50.9920404], [11.024169, 50.992039], [11.0241716, 50.9919064], [11.0239114, 50.9919044], [11.0239133, 50.9918048]]]}}, {"type": "Feature", "properties": {"id": "120203133_13734748", "height": 2.614296436309814, "type": null, "floors": null}, "geometry": {"type": "Polygon", "coordinates": [[[11.0245915, 50.9919701], [11.0246772, 50.9919678], [11.0246818, 50.9920386], [11.0245962, 50.9920409], [11.0245915, 50.9919701]]]}}, {"type": "Feature", "properties": {"id": "120203133_13728693", "height": 10.479933738708496, "type": null, "floors": null}, "geometry": {"type": "Polygon", "coordinates": [[[11.0237003, 50.9915454], [11.0238772, 50.9915484], [11.0238747, 50.9916049], [11.0240275, 50.9916076], [11.0240221, 50.9917291], [11.0238758, 50.9917265], [11.0238727, 50.9917965], [11.0238689, 50.9917965], [11.0238635, 50.9919204], [11.0238635, 50.9919204], [11.0238582, 50.9920402], [11.0238512, 50.9920401], [11.0238391, 50.9923159], [11.0238863, 50.9923168], [11.0238828, 50.9923952], [11.024117, 50.9923993], [11.0241134, 50.9924811], [11.0236514, 50.9924731], [11.0236548, 50.9923955], [11.0236816, 50.9923959], [11.0236851, 50.9923166], [11.0236459, 50.9923159], [11.0236497, 50.9922299], [11.0236701, 50.9922303], [11.0237003, 50.9915454]]]}}, {"type": "Feature", "properties": {"id": "120203133_13831468", "height": 3.669468879699707, "type": null, "floors": null}, "geometry": {"type": "Polygon", "coordinates": [[[11.024093, 50.9920669], [11.0240222, 50.9920677], [11.0240211, 50.9920246], [11.0239406, 50.9920255], [11.0239391, 50.9919673], [11.0240903, 50.9919657], [11.024093, 50.9920669]]]}}, {"type": "Feature", "properties": {"id": "120203133_13674462", "height": 4.486288547515869, "type": null, "floors": null}, "geometry": {"type": "Polygon", "coordinates": [[[11.0242944, 50.9922824], [11.0238813, 50.9922831], [11.0238809, 50.9921767], [11.024294, 50.9921761], [11.0242944, 50.9922824]]]}}, {"type": "Feature", "properties": {"id": "120203133_13755114", "height": 7.091836929321289, "type": null, "floors": null}, "geometry": {"type": "Polygon", "coordinates": [[[11.0238546, 50.9922438], [11.0238787, 50.9922433], [11.0238803, 50.9922796], [11.0238562, 50.99228], [11.0238546, 50.9922438]]]}}, {"type": "Feature", "properties": {"id": "120203133_13691065", "height": 6.029378414154053, "type": null, "floors": null}, "geometry": {"type": "Polygon", "coordinates": [[[11.0252604, 50.9924196], [11.0251111, 50.9924187], [11.0251125, 50.9923242], [11.0250857, 50.992324], [11.0250851, 50.9923645], [11.0248812, 50.9923633], [11.0248805, 50.992414], [11.0245613, 50.9924121], [11.0245607, 50.992456], [11.0245071, 50.9924557], [11.0245076, 50.9924166], [11.0244755, 50.9924105], [11.0244759, 50.9923863], [11.0243579, 50.9923856], [11.0243586, 50.992335], [11.0244553, 50.9923355], [11.02447, 50.9923052], [11.0245629, 50.9923058], [11.024565, 50.9921649], [11.024572, 50.9921505], [11.0247636, 50.9921516], [11.0247626, 50.9922242], [11.0250517, 50.9922259], [11.0251218, 50.9922394], [11.0251199, 50.9923699], [11.0252167, 50.9921706], [11.0252166, 50.9921728], [11.025348, 50.9921736], [11.0253471, 50.9922412], [11.0252604, 50.9924196]]]}}, {"type": "Feature", "properties": {"id": "120203133_13815909", "height": 2.928540229797364, "type": null, "floors": null}, "geometry": {"type": "Polygon", "coordinates": [[[11.025004, 50.9925302], [11.0248538, 50.9925277], [11.0248567, 50.9924585], [11.0250068, 50.992461], [11.025004, 50.9925302]]]}}, {"type": "Feature", "properties": {"id": "120203133_13742415", "height": 5.5596113204956055, "type": null, "floors": null}, "geometry": {"type": "Polygon", "coordinates": [[[11.0245311, 50.9925068], [11.0247374, 50.9925022], [11.0247358, 50.9924752], [11.0248055, 50.9924736], [11.024813, 50.9926051], [11.0244434, 50.9926135], [11.0244388, 50.9925343], [11.0245326, 50.9925321], [11.0245311, 50.9925068]]]}}, {"type": "Feature", "properties": {"id": "120203133_13731332", "height": 4.2667555809021, "type": null, "floors": null}, "geometry": {"type": "Polygon", "coordinates": [[[11.0242918, 50.992615], [11.0240505, 50.9926187], [11.0240456, 50.9924921], [11.0242869, 50.9924884], [11.0242918, 50.992615]]]}}, {"type": "Feature", "properties": {"id": "120203133_13813308", "height": 4.567632675170898, "type": null, "floors": null}, "geometry": {"type": "Polygon", "coordinates": [[[11.0246592, 50.9926091], [11.0247744, 50.9926116], [11.0247735, 50.9926277], [11.0246583, 50.9926251], [11.0246592, 50.9926091]]]}}, {"type": "Feature", "properties": {"id": "120203133_13686805", "height": 7.137555122375488, "type": null, "floors": null}, "geometry": {"type": "Polygon", "coordinates": [[[11.0273125, 50.9912802], [11.0272789, 50.991392], [11.0271961, 50.9913821], [11.0271789, 50.9914391], [11.0269344, 50.99141], [11.0269852, 50.9912412], [11.0273125, 50.9912802]]]}}, {"type": "Feature", "properties": {"id": "120203133_13682969", "height": 8.411786079406738, "type": null, "floors": null}, "geometry": {"type": "Polygon", "coordinates": [[[11.0266738, 50.9914921], [11.0267448, 50.9912928], [11.0269236, 50.991318], [11.0268525, 50.9915174], [11.0266738, 50.9914921]]]}}, {"type": "Feature", "properties": {"id": "120203133_13790123", "height": 6.482509136199951, "type": null, "floors": null}, "geometry": {"type": "Polygon", "coordinates": [[[11.0272751, 50.9916005], [11.0273498, 50.9913987], [11.0274592, 50.9914148], [11.0274557, 50.9914244], [11.027705, 50.991461], [11.0276337, 50.9916531], [11.0272751, 50.9916005]]]}}, {"type": "Feature", "properties": {"id": "120203133_13836636", "height": 7.503190517425537, "type": null, "floors": null}, "geometry": {"type": "Polygon", "coordinates": [[[11.0278864, 50.991699], [11.0279482, 50.9914849], [11.0282053, 50.9915143], [11.0281864, 50.9915796], [11.0283048, 50.9915932], [11.0283109, 50.9915719], [11.0288183, 50.9916299], [11.0288046, 50.9916773], [11.0288617, 50.9916838], [11.0288198, 50.9918293], [11.0284225, 50.9917839], [11.0284192, 50.9917953], [11.0283127, 50.9917832], [11.0283226, 50.9917488], [11.0278864, 50.991699]]]}}, {"type": "Feature", "properties": {"id": "120203133_13745854", "height": 3.704402446746826, "type": null, "floors": null}, "geometry": {"type": "Polygon", "coordinates": [[[11.0268295, 50.9919758], [11.026819, 50.9920204], [11.0267875, 50.9920175], [11.026798, 50.9919729], [11.0268295, 50.9919758]]]}}, {"type": "Feature", "properties": {"id": "120203133_13677980", "height": 7.374184608459473, "type": null, "floors": null}, "geometry": {"type": "Polygon", "coordinates": [[[11.0266092, 50.9930338], [11.0257277, 50.9930737], [11.0257213, 50.9930175], [11.0257747, 50.993015], [11.0257225, 50.9925584], [11.0258956, 50.9920309], [11.0258908, 50.9919884], [11.0259344, 50.9919864], [11.0259672, 50.9918865], [11.0258933, 50.9918769], [11.0260378, 50.9918703], [11.0259417, 50.9918578], [11.0259826, 50.9917332], [11.0263685, 50.9917833], [11.026383, 50.991739], [11.0264469, 50.9917361], [11.0268676, 50.9917908], [11.0268336, 50.9918944], [11.0268773, 50.9919001], [11.0268552, 50.9919674], [11.0267883, 50.9919587], [11.0266308, 50.9924387], [11.0266643, 50.9924431], [11.0266429, 50.9925082], [11.0265939, 50.9925104], [11.0265523, 50.9926373], [11.0265707, 50.9927989], [11.0266061, 50.9928035], [11.0266093, 50.9928313], [11.0265921, 50.9928837], [11.0266092, 50.9930338]]]}}, {"type": "Feature", "properties": {"id": "120203133_13679533", "height": 9.815732955932615, "type": null, "floors": null}, "geometry": {"type": "Polygon", "coordinates": [[[11.0273575, 50.9924447], [11.0272008, 50.9929294], [11.0270436, 50.9929093], [11.0273419, 50.9919869], [11.0272646, 50.991977], [11.027295, 50.991883], [11.0276659, 50.9919305], [11.0276334, 50.992031], [11.0275433, 50.9920195], [11.0274987, 50.9921573], [11.0274286, 50.9922151], [11.0274522, 50.9922264], [11.0274473, 50.9922418], [11.0274143, 50.992269], [11.0275266, 50.9923229], [11.0285842, 50.9924584], [11.0286995, 50.9921017], [11.0293177, 50.9921809], [11.029281, 50.9922944], [11.0288818, 50.9922433], [11.0287953, 50.9925107], [11.0291954, 50.992562], [11.0291509, 50.9926998], [11.0292091, 50.9927073], [11.0291913, 50.9927624], [11.0290059, 50.9927386], [11.0290316, 50.9926592], [11.0273575, 50.9924447]]]}}, {"type": "Feature", "properties": {"id": "120203133_13747591", "height": 4.982206344604492, "type": null, "floors": null}, "geometry": {"type": "Polygon", "coordinates": [[[11.0263873, 50.9930168], [11.0263857, 50.993043], [11.0263385, 50.9930418], [11.02634, 50.9930156], [11.0263873, 50.9930168]]]}}, {"type": "Feature", "properties": {"id": "120203133_13695323", "height": 12.920160293579102, "type": null, "floors": null}, "geometry": {"type": "Polygon", "coordinates": [[[11.0283583, 50.993235], [11.0283607, 50.993365], [11.0266094, 50.9933777], [11.0266071, 50.9932477], [11.0283583, 50.993235]]]}}, {"type": "Feature", "properties": {"id": "120203133_13799651", "height": 11.04293727874756, "type": null, "floors": null}, "geometry": {"type": "Polygon", "coordinates": [[[11.0283616, 50.9937043], [11.0283643, 50.9938343], [11.0266169, 50.993849], [11.0266141, 50.993719], [11.0283616, 50.9937043]]]}}, {"type": "Feature", "properties": {"id": "120203133_13739851", "height": 3.285124063491821, "type": null, "floors": null}, "geometry": {"type": "Polygon", "coordinates": [[[11.0246193, 50.9926126], [11.0246193, 50.9926497], [11.0245603, 50.9926497], [11.0245603, 50.9926126], [11.0246193, 50.9926126]]]}}, {"type": "Feature", "properties": {"id": "120203133_13821094", "height": 3.123328447341919, "type": null, "floors": null}, "geometry": {"type": "Polygon", "coordinates": [[[11.0247788, 50.9926287], [11.0247805, 50.992654], [11.024661, 50.9926572], [11.0246593, 50.9926319], [11.0247788, 50.9926287]]]}}, {"type": "Feature", "properties": {"id": "120203133_13806558", "height": 6.694667339324951, "type": null, "floors": null}, "geometry": {"type": "Polygon", "coordinates": [[[11.0252329, 50.9929566], [11.024855, 50.9929633], [11.0248573, 50.9930164], [11.0248912, 50.9930158], [11.024895, 50.993101], [11.0238373, 50.9931196], [11.023834, 50.9930454], [11.02388, 50.9930446], [11.0238964, 50.9930257], [11.024203, 50.9930203], [11.0242014, 50.9929832], [11.0242416, 50.9929825], [11.0242371, 50.9928813], [11.0244301, 50.9928779], [11.0244253, 50.9927699], [11.0247228, 50.9927647], [11.0247193, 50.9926871], [11.0250218, 50.9926818], [11.0250394, 50.9926617], [11.0250102, 50.9926516], [11.02491, 50.9926534], [11.0249077, 50.9926036], [11.0248176, 50.9926052], [11.0248144, 50.9925335], [11.0248569, 50.9925328], [11.0249336, 50.9925593], [11.0249356, 50.9926048], [11.0250589, 50.9926026], [11.0250526, 50.9924601], [11.0251798, 50.9924579], [11.0252112, 50.9924687], [11.0252329, 50.9929566]]]}}, {"type": "Feature", "properties": {"id": "120203133_13799646", "height": 2.343283653259277, "type": null, "floors": null}, "geometry": {"type": "Polygon", "coordinates": [[[11.023957, 50.9927955], [11.023956, 50.992803], [11.0239426, 50.9928022], [11.0239379, 50.9928357], [11.0238963, 50.9928334], [11.0239021, 50.9927924], [11.023957, 50.9927955]]]}}, {"type": "Feature", "properties": {"id": "120203133_13831467", "height": 8.017379760742188, "type": null, "floors": null}, "geometry": {"type": "Polygon", "coordinates": [[[11.0236573, 50.9926324], [11.0238397, 50.992631], [11.0238449, 50.9928943], [11.0238154, 50.9928946], [11.0238178, 50.9930161], [11.0236489, 50.9930174], [11.0236439, 50.9927693], [11.02366, 50.9927692], [11.0236573, 50.9926324]]]}}, {"type": "Feature", "properties": {"id": "120203133_13703071", "height": 3.058356285095215, "type": null, "floors": null}, "geometry": {"type": "Polygon", "coordinates": [[[11.0241738, 50.9928848], [11.024184, 50.9930195], [11.0241304, 50.9930211], [11.0241279, 50.9929874], [11.0240128, 50.9929909], [11.0240089, 50.9929387], [11.0241267, 50.9929351], [11.024123, 50.9928863], [11.0241738, 50.9928848]]]}}, {"type": "Feature", "properties": {"id": "120203133_13819381", "height": 3.333892583847046, "type": null, "floors": null}, "geometry": {"type": "Polygon", "coordinates": [[[11.0239288, 50.9929614], [11.023926, 50.9930002], [11.0238564, 50.9929982], [11.0238592, 50.9929594], [11.0239288, 50.9929614]]]}}, {"type": "Feature", "properties": {"id": "120203133_13824546", "height": 2.72113299369812, "type": null, "floors": null}, "geometry": {"type": "Polygon", "coordinates": [[[11.0239535, 50.9929862], [11.0240149, 50.9929834], [11.0240188, 50.9930169], [11.0239575, 50.9930198], [11.0239535, 50.9929862]]]}}, {"type": "Feature", "properties": {"id": "120203133_13778145", "height": 4.856529235839844, "type": null, "floors": null}, "geometry": {"type": "Polygon", "coordinates": [[[11.0247941, 50.9933094], [11.0250819, 50.9932993], [11.0250867, 50.993354], [11.0247989, 50.9933641], [11.0247941, 50.9933094]]]}}, {"type": "Feature", "properties": {"id": "120203133_13774759", "height": 3.372364282608032, "type": null, "floors": null}, "geometry": {"type": "Polygon", "coordinates": [[[11.0240425, 50.9934077], [11.0238685, 50.9934126], [11.0238651, 50.9933646], [11.0239919, 50.993361], [11.0239893, 50.9933248], [11.0240364, 50.9933234], [11.0240425, 50.9934077]]]}}, {"type": "Feature", "properties": {"id": "120203133_13750101", "height": 9.923504829406738, "type": null, "floors": null}, "geometry": {"type": "Polygon", "coordinates": [[[11.0224709, 50.9931108], [11.0225041, 50.9926305], [11.0227192, 50.9926364], [11.0227129, 50.9927274], [11.0227682, 50.9927289], [11.0227645, 50.9927819], [11.0226976, 50.9927801], [11.0226907, 50.9928804], [11.0226666, 50.9928798], [11.022663, 50.992932], [11.0226452, 50.9929315], [11.0226406, 50.9929972], [11.023317, 50.9930157], [11.023314, 50.9930586], [11.0232578, 50.9930571], [11.0232526, 50.9931322], [11.0224709, 50.9931108]]]}}, {"type": "Feature", "properties": {"id": "120203133_13790975", "height": 5.872159957885742, "type": null, "floors": null}, "geometry": {"type": "Polygon", "coordinates": [[[11.0231825, 50.992985], [11.0230902, 50.9929975], [11.0230708, 50.9929411], [11.0229529, 50.9929571], [11.022899, 50.9927997], [11.0231091, 50.9927712], [11.0231825, 50.992985]]]}}, {"type": "Feature", "properties": {"id": "120203133_13700529", "height": 2.3867404460906982, "type": null, "floors": null}, "geometry": {"type": "Polygon", "coordinates": [[[11.0228072, 50.9929206], [11.0228039, 50.9929458], [11.022739, 50.9929424], [11.0227423, 50.9929173], [11.0228072, 50.9929206]]]}}, {"type": "Feature", "properties": {"id": "120203133_13674263", "height": 8.433534622192383, "type": null, "floors": null}, "geometry": {"type": "Polygon", "coordinates": [[[11.023161, 50.9936013], [11.0232513, 50.9935955], [11.0232672, 50.9936941], [11.0231769, 50.9936999], [11.023161, 50.9936013]]]}}, {"type": "Feature", "properties": {"id": "120203133_13836628", "height": 9.954280853271484, "type": null, "floors": null}, "geometry": {"type": "Polygon", "coordinates": [[[11.0236637, 50.9932787], [11.0235782, 50.9941583], [11.0233297, 50.9941487], [11.0233371, 50.9940722], [11.023468, 50.9940772], [11.0234838, 50.993915], [11.0234651, 50.9939142], [11.0234734, 50.9938285], [11.0234147, 50.9938262], [11.0234248, 50.9937219], [11.023366, 50.9937197], [11.0233794, 50.9935817], [11.0234168, 50.9935832], [11.0234205, 50.9935453], [11.0233671, 50.9935432], [11.0233751, 50.9934608], [11.0234152, 50.9934623], [11.0234213, 50.9933993], [11.0232412, 50.9933924], [11.0232419, 50.9933857], [11.0222221, 50.9933464], [11.022234, 50.9932236], [11.0236637, 50.9932787]]]}}, {"type": "Feature", "properties": {"id": "120203133_13762732", "height": 4.8237714767456055, "type": null, "floors": null}, "geometry": {"type": "Polygon", "coordinates": [[[11.021934, 50.993998], [11.021959, 50.993779], [11.0220247, 50.993782], [11.0220366, 50.9936778], [11.0225756, 50.9937022], [11.0225743, 50.993714], [11.0227888, 50.9937237], [11.0227766, 50.9938302], [11.0226795, 50.9938258], [11.0226719, 50.9938923], [11.0228277, 50.9938993], [11.0228119, 50.9940378], [11.021934, 50.993998]]]}}, {"type": "Feature", "properties": {"id": "120203133_13700531", "height": 6.513211250305176, "type": null, "floors": null}, "geometry": {"type": "Polygon", "coordinates": [[[11.0232855, 50.9941598], [11.0228742, 50.9941429], [11.0228908, 50.9939832], [11.0229496, 50.9939856], [11.0229536, 50.9939469], [11.0231993, 50.9939571], [11.0231971, 50.9939789], [11.0233039, 50.9939833], [11.0232855, 50.9941598]]]}}, {"type": "Feature", "properties": {"id": "120203133_13702237", "height": 3.953125, "type": null, "floors": null}, "geometry": {"type": "Polygon", "coordinates": [[[11.0215463, 50.9940553], [11.0215739, 50.9940623], [11.0215505, 50.9940985], [11.0215229, 50.9940915], [11.0215463, 50.9940553]]]}}, {"type": "Feature", "properties": {"id": "120203133_13708228", "height": 4.173756599426269, "type": null, "floors": null}, "geometry": {"type": "Polygon", "coordinates": [[[11.022464, 50.9940853], [11.0224471, 50.9941389], [11.0223113, 50.994122], [11.0223282, 50.9940684], [11.022464, 50.9940853]]]}}, {"type": "Feature", "properties": {"id": "120203133_13825433", "height": 7.038979530334473, "type": null, "floors": null}, "geometry": {"type": "Polygon", "coordinates": [[[11.0216523, 50.9942767], [11.0216403, 50.9943348], [11.0215321, 50.9943259], [11.0215442, 50.9942678], [11.0216523, 50.9942767]]]}}, {"type": "Feature", "properties": {"id": "120203133_13779859", "height": 4.158267498016357, "type": null, "floors": null}, "geometry": {"type": "Polygon", "coordinates": [[[11.0243846, 50.9934613], [11.024307, 50.9934633], [11.0243027, 50.9933993], [11.0242224, 50.9934014], [11.0242172, 50.9933239], [11.0243752, 50.9933197], [11.0243846, 50.9934613]]]}}, {"type": "Feature", "properties": {"id": "120203133_13723698", "height": 2.368181705474853, "type": null, "floors": null}, "geometry": {"type": "Polygon", "coordinates": [[[11.0246545, 50.9934487], [11.0246523, 50.9933938], [11.0247246, 50.9933926], [11.0247269, 50.9934475], [11.0246545, 50.9934487]]]}}, {"type": "Feature", "properties": {"id": "120203133_13805690", "height": 2.337895631790161, "type": null, "floors": null}, "geometry": {"type": "Polygon", "coordinates": [[[11.0250956, 50.9935203], [11.0250994, 50.9935726], [11.0249987, 50.9935754], [11.0249949, 50.9935232], [11.0250956, 50.9935203]]]}}, {"type": "Feature", "properties": {"id": "120203133_13790979", "height": 3.150383710861206, "type": null, "floors": null}, "geometry": {"type": "Polygon", "coordinates": [[[11.0251369, 50.9937004], [11.0249854, 50.9937052], [11.0249808, 50.9936471], [11.0251323, 50.9936423], [11.0251369, 50.9937004]]]}}, {"type": "Feature", "properties": {"id": "120203133_13683240", "height": 3.223467826843261, "type": null, "floors": null}, "geometry": {"type": "Polygon", "coordinates": [[[11.0246304, 50.9937767], [11.0246321, 50.9936392], [11.0247244, 50.9936396], [11.0247233, 50.9937249], [11.0248269, 50.9937254], [11.0248262, 50.9937777], [11.0246304, 50.9937767]]]}}, {"type": "Feature", "properties": {"id": "120203133_13822803", "height": 3.524154663085937, "type": null, "floors": null}, "geometry": {"type": "Polygon", "coordinates": [[[11.0240474, 50.9936985], [11.0240488, 50.9937356], [11.023948, 50.9937372], [11.0239466, 50.9937], [11.0240474, 50.9936985]]]}}, {"type": "Feature", "properties": {"id": "120203133_13793670", "height": 2.473420858383178, "type": null, "floors": null}, "geometry": {"type": "Polygon", "coordinates": [[[11.0240339, 50.9937846], [11.0241079, 50.9937836], [11.0241114, 50.9938814], [11.0240374, 50.9938825], [11.0240339, 50.9937846]]]}}, {"type": "Feature", "properties": {"id": "120203133_13774760", "height": 2.82908034324646, "type": null, "floors": null}, "geometry": {"type": "Polygon", "coordinates": [[[11.0246229, 50.9937839], [11.0247086, 50.9937818], [11.0247155, 50.9938914], [11.0246298, 50.9938935], [11.0246229, 50.9937839]]]}}, {"type": "Feature", "properties": {"id": "120203133_13749264", "height": 2.0, "type": null, "floors": null}, "geometry": {"type": "Polygon", "coordinates": [[[11.025031, 50.9938383], [11.0250339, 50.9938729], [11.0249723, 50.9938749], [11.0249694, 50.9938404], [11.025031, 50.9938383]]]}}, {"type": "Feature", "properties": {"id": "120203133_13747588", "height": 3.635512113571167, "type": null, "floors": null}, "geometry": {"type": "Polygon", "coordinates": [[[11.0251436, 50.9939958], [11.0250446, 50.9939986], [11.0250423, 50.9939666], [11.0247521, 50.993975], [11.0247488, 50.9939286], [11.0251379, 50.9939175], [11.0251436, 50.9939958]]]}}, {"type": "Feature", "properties": {"id": "120203133_13810754", "height": 1.814531564712524, "type": null, "floors": null}, "geometry": {"type": "Polygon", "coordinates": [[[11.0263745, 50.9938038], [11.026379, 50.9938543], [11.0262855, 50.9938577], [11.0262809, 50.9938072], [11.0263745, 50.9938038]]]}}, {"type": "Feature", "properties": {"id": "120203133_13669225", "height": 3.183210849761963, "type": null, "floors": null}, "geometry": {"type": "Polygon", "coordinates": [[[11.0262793, 50.9938624], [11.0261231, 50.9938736], [11.0261146, 50.993827], [11.0262709, 50.9938158], [11.0262793, 50.9938624]]]}}, {"type": "Feature", "properties": {"id": "120203133_13745853", "height": 4.311557769775391, "type": null, "floors": null}, "geometry": {"type": "Polygon", "coordinates": [[[11.0261143, 50.9938277], [11.0261111, 50.9938681], [11.0260886, 50.9938674], [11.0260919, 50.993827], [11.0261143, 50.9938277]]]}}, {"type": "Feature", "properties": {"id": "120203133_13713328", "height": 4.106666564941406, "type": null, "floors": null}, "geometry": {"type": "Polygon", "coordinates": [[[11.0262766, 50.9938841], [11.0262772, 50.9939094], [11.0262236, 50.99391], [11.0262229, 50.9938847], [11.0262766, 50.9938841]]]}}, {"type": "Feature", "properties": {"id": "120203133_13679744", "height": 12.25681209564209, "type": null, "floors": null}, "geometry": {"type": "Polygon", "coordinates": [[[11.0258083, 50.9931593], [11.0260814, 50.9931525], [11.0260817, 50.9931558], [11.0263414, 50.9931494], [11.0263481, 50.9932556], [11.0260214, 50.9932637], [11.026038, 50.9935283], [11.0263621, 50.9935203], [11.0263693, 50.9936349], [11.0260827, 50.993642], [11.0261142, 50.9941409], [11.0261597, 50.9941398], [11.026202, 50.9948123], [11.0264243, 50.9948068], [11.0264263, 50.9948388], [11.0263727, 50.9948402], [11.0263752, 50.9948789], [11.0262279, 50.9948826], [11.0262319, 50.9949466], [11.0263444, 50.9949438], [11.0263485, 50.9950096], [11.0260218, 50.9950177], [11.0260162, 50.9949284], [11.0259519, 50.99493], [11.0258475, 50.9932714], [11.0258154, 50.9932722], [11.0258083, 50.9931593]]]}}, {"type": "Feature", "properties": {"id": "120203133_13790122", "height": 5.819224834442139, "type": null, "floors": null}, "geometry": {"type": "Polygon", "coordinates": [[[11.026161, 50.9941266], [11.0263764, 50.994122], [11.0263793, 50.994175], [11.0261639, 50.9941797], [11.026161, 50.9941266]]]}}, {"type": "Feature", "properties": {"id": "120203133_13820223", "height": 13.394967079162598, "type": null, "floors": null}, "geometry": {"type": "Polygon", "coordinates": [[[11.0283682, 50.9943078], [11.0266196, 50.9943188], [11.0266174, 50.9941837], [11.0268293, 50.9941824], [11.0268293, 50.9941841], [11.0283661, 50.9941744], [11.0283682, 50.9943078]]]}}, {"type": "Feature", "properties": {"id": "120203133_13834896", "height": 7.203465938568115, "type": null, "floors": null}, "geometry": {"type": "Polygon", "coordinates": [[[11.0261962, 50.9943645], [11.0262214, 50.9943638], [11.0262189, 50.9943284], [11.0262928, 50.9943263], [11.0262985, 50.9944064], [11.0261994, 50.9944092], [11.0261962, 50.9943645]]]}}, {"type": "Feature", "properties": {"id": "120203133_13797107", "height": 4.608403205871582, "type": null, "floors": null}, "geometry": {"type": "Polygon", "coordinates": [[[11.0265391, 50.99439], [11.0266409, 50.9943883], [11.0266442, 50.9944676], [11.0265424, 50.9944693], [11.0265391, 50.99439]]]}}, {"type": "Feature", "properties": {"id": "120203133_13802257", "height": 5.111777782440185, "type": null, "floors": null}, "geometry": {"type": "Polygon", "coordinates": [[[11.0263667, 50.9945658], [11.0263684, 50.9946089], [11.0262291, 50.9946112], [11.0262273, 50.9945681], [11.0263667, 50.9945658]]]}}, {"type": "Feature", "properties": {"id": "120203133_13759293", "height": 8.481075286865234, "type": null, "floors": null}, "geometry": {"type": "Polygon", "coordinates": [[[11.0253075, 50.993154], [11.0255659, 50.9950571], [11.0240214, 50.9951401], [11.0239526, 50.9946332], [11.0243719, 50.9946953], [11.0240731, 50.9950116], [11.0251299, 50.9949547], [11.025161, 50.9949219], [11.0253917, 50.9950082], [11.025339, 50.9946194], [11.0253348, 50.9946196], [11.0253098, 50.9944352], [11.0247953, 50.9944629], [11.0252933, 50.9939357], [11.0248925, 50.9937857], [11.0251185, 50.9937156], [11.0252401, 50.9938709], [11.0251947, 50.9935358], [11.0248572, 50.9934095], [11.025133, 50.9933947], [11.0251827, 50.993262], [11.0245859, 50.9932941], [11.0244661, 50.9936146], [11.02442, 50.9932752], [11.0238262, 50.9933071], [11.023858, 50.9935412], [11.024046, 50.9934829], [11.0238554, 50.9939925], [11.0245044, 50.9940886], [11.023822, 50.9941253], [11.0237018, 50.9932404], [11.0253075, 50.993154]]]}}, {"type": "Feature", "properties": {"id": "120203133_13706490", "height": 12.020609855651855, "type": null, "floors": null}, "geometry": {"type": "Polygon", "coordinates": [[[11.0242034, 50.9943011], [11.024236, 50.9945143], [11.0242838, 50.9945115], [11.0242944, 50.9945809], [11.0239383, 50.9946024], [11.023878, 50.9942077], [11.0242262, 50.9941866], [11.0242369, 50.9942569], [11.0241492, 50.9942622], [11.0241556, 50.994304], [11.0242034, 50.9943011]]]}}, {"type": "Feature", "properties": {"id": "120203133_13814189", "height": 3.222881078720092, "type": null, "floors": null}, "geometry": {"type": "Polygon", "coordinates": [[[11.024576, 50.994338], [11.0246956, 50.9943306], [11.0247047, 50.9943891], [11.0247446, 50.9943866], [11.0247532, 50.9944418], [11.0247107, 50.9944444], [11.0247139, 50.9944645], [11.024597, 50.9944717], [11.024576, 50.994338]]]}}, {"type": "Feature", "properties": {"id": "120203133_13779860", "height": 2.646892547607422, "type": null, "floors": null}, "geometry": {"type": "Polygon", "coordinates": [[[11.0247007, 50.9945413], [11.0246295, 50.9945427], [11.0246272, 50.994498], [11.0246985, 50.9944966], [11.0247007, 50.9945413]]]}}, {"type": "Feature", "properties": {"id": "120203133_13681526", "height": 4.969496726989746, "type": null, "floors": null}, "geometry": {"type": "Polygon", "coordinates": [[[11.0252823, 50.9945459], [11.0250625, 50.9945498], [11.0250607, 50.9945094], [11.0252805, 50.9945054], [11.0252823, 50.9945459]]]}}, {"type": "Feature", "properties": {"id": "120203133_13710805", "height": 5.8439621925354, "type": null, "floors": null}, "geometry": {"type": "Polygon", "coordinates": [[[11.024897, 50.9946695], [11.0247673, 50.9946725], [11.0247612, 50.9945697], [11.0248909, 50.9945666], [11.024897, 50.9946695]]]}}, {"type": "Feature", "properties": {"id": "120203133_13829692", "height": 8.829951286315918, "type": null, "floors": null}, "geometry": {"type": "Polygon", "coordinates": [[[11.0238229, 50.9950277], [11.0236526, 50.995037], [11.0235502, 50.9942964], [11.0235209, 50.994298], [11.0235149, 50.9942545], [11.0237146, 50.9942435], [11.0238229, 50.9950277]]]}}, {"type": "Feature", "properties": {"id": "120203133_13693647", "height": 2.004552364349365, "type": null, "floors": null}, "geometry": {"type": "Polygon", "coordinates": [[[11.0245671, 50.9948371], [11.024527, 50.9948382], [11.0245258, 50.9948214], [11.0244749, 50.9948228], [11.0244731, 50.9947976], [11.0245641, 50.9947949], [11.0245671, 50.9948371]]]}}, {"type": "Feature", "properties": {"id": "120203133_13758455", "height": 4.857707500457764, "type": null, "floors": null}, "geometry": {"type": "Polygon", "coordinates": [[[11.0252847, 50.9948514], [11.0252445, 50.9948523], [11.0252462, 50.9948843], [11.0251739, 50.9948858], [11.02517, 50.9948133], [11.0252825, 50.9948109], [11.0252847, 50.9948514]]]}}, {"type": "Feature", "properties": {"id": "120203133_13683238", "height": 3.15559434890747, "type": null, "floors": null}, "geometry": {"type": "Polygon", "coordinates": [[[11.0242975, 50.9949365], [11.0242408, 50.9949407], [11.0242324, 50.9948958], [11.0242891, 50.9948916], [11.0242975, 50.9949365]]]}}, {"type": "Feature", "properties": {"id": "120203133_13702233", "height": 1.335605502128601, "type": null, "floors": null}, "geometry": {"type": "Polygon", "coordinates": [[[11.0200788, 50.9927629], [11.0201319, 50.9927414], [11.0202857, 50.9928918], [11.0202326, 50.9929133], [11.0200788, 50.9927629]]]}}, {"type": "Feature", "properties": {"id": "120203133_13703947", "height": 1.8339881896972647, "type": null, "floors": null}, "geometry": {"type": "Polygon", "coordinates": [[[11.0199756, 50.9939725], [11.0200344, 50.9939749], [11.0200186, 50.9941312], [11.0199598, 50.9941289], [11.0199756, 50.9939725]]]}}, {"type": "Feature", "properties": {"id": "120203133_13747579", "height": 2.0, "type": null, "floors": null}, "geometry": {"type": "Polygon", "coordinates": [[[11.0206624, 50.9951858], [11.0207319, 50.9951547], [11.0207871, 50.9952036], [11.0207176, 50.9952347], [11.0206624, 50.9951858]]]}}, {"type": "Feature", "properties": {"id": "120203133_13832324", "height": 6.723658561706543, "type": null, "floors": null}, "geometry": {"type": "Polygon", "coordinates": [[[11.0199775, 50.9954295], [11.019897, 50.9953667], [11.0199848, 50.9953222], [11.019973, 50.995313], [11.0206202, 50.9949847], [11.0207124, 50.9950567], [11.0199775, 50.9954295]]]}}, {"type": "Feature", "properties": {"id": "120203133_13838406", "height": 2.974478244781494, "type": null, "floors": null}, "geometry": {"type": "Polygon", "coordinates": [[[11.0205959, 50.9952861], [11.0203836, 50.9954169], [11.020297, 50.9953612], [11.0202436, 50.9953942], [11.0202114, 50.9953735], [11.0202656, 50.9953401], [11.020279, 50.9953487], [11.0203905, 50.99528], [11.0204209, 50.9952995], [11.0204545, 50.9952788], [11.0204143, 50.9952529], [11.0204519, 50.9952297], [11.020498, 50.9952594], [11.0205267, 50.9952417], [11.0205959, 50.9952861]]]}}, {"type": "Feature", "properties": {"id": "120203133_13674251", "height": 2.9991228580474854, "type": null, "floors": null}, "geometry": {"type": "Polygon", "coordinates": [[[11.0200709, 50.9954191], [11.0201718, 50.9954382], [11.0201493, 50.9954852], [11.0200485, 50.9954662], [11.0200709, 50.9954191]]]}}, {"type": "Feature", "properties": {"id": "120203133_13704875", "height": 11.748276710510254, "type": null, "floors": null}, "geometry": {"type": "Polygon", "coordinates": [[[11.0214707, 50.9950536], [11.0215459, 50.9951832], [11.0210605, 50.9952946], [11.0207908, 50.9948292], [11.0209897, 50.9947835], [11.0210401, 50.9948705], [11.021032, 50.9948724], [11.0211602, 50.9950938], [11.0212194, 50.9950802], [11.0212353, 50.9951076], [11.0214707, 50.9950536]]]}}, {"type": "Feature", "properties": {"id": "120203133_13773883", "height": 4.523763179779053, "type": null, "floors": null}, "geometry": {"type": "Polygon", "coordinates": [[[11.0232511, 50.9951768], [11.0231255, 50.9951817], [11.0231219, 50.9951447], [11.0232474, 50.9951398], [11.0232511, 50.9951768]]]}}, {"type": "Feature", "properties": {"id": "120203133_13777326", "height": 9.919777870178224, "type": null, "floors": null}, "geometry": {"type": "Polygon", "coordinates": [[[11.0216872, 50.9951274], [11.0219286, 50.9950718], [11.0220081, 50.9952088], [11.0217668, 50.9952644], [11.0216872, 50.9951274]]]}}, {"type": "Feature", "properties": {"id": "120203133_13726994", "height": 2.7270491123199463, "type": null, "floors": null}, "geometry": {"type": "Polygon", "coordinates": [[[11.0233608, 50.9951365], [11.0234304, 50.9951278], [11.0234546, 50.9952041], [11.023385, 50.9952128], [11.0233608, 50.9951365]]]}}, {"type": "Feature", "properties": {"id": "120203133_13698828", "height": 4.275744915008545, "type": null, "floors": null}, "geometry": {"type": "Polygon", "coordinates": [[[11.022868, 50.9952074], [11.022866, 50.9951601], [11.0230912, 50.9951565], [11.0230932, 50.9952037], [11.022868, 50.9952074]]]}}, {"type": "Feature", "properties": {"id": "120203133_13832327", "height": 8.187883377075195, "type": null, "floors": null}, "geometry": {"type": "Polygon", "coordinates": [[[11.0222162, 50.9952351], [11.0221428, 50.9952331], [11.0221472, 50.99517], [11.0223411, 50.9951754], [11.0223366, 50.9952394], [11.0222765, 50.9952378], [11.0222754, 50.9952537], [11.022215, 50.995252], [11.0222162, 50.9952351]]]}}, {"type": "Feature", "properties": {"id": "120203133_13758446", "height": 6.726121425628662, "type": null, "floors": null}, "geometry": {"type": "Polygon", "coordinates": [[[11.0226427, 50.995276], [11.0225187, 50.9953119], [11.0224352, 50.9951976], [11.0225592, 50.9951617], [11.0226427, 50.995276]]]}}, {"type": "Feature", "properties": {"id": "120203133_13801375", "height": 10.20311450958252, "type": null, "floors": null}, "geometry": {"type": "Polygon", "coordinates": [[[11.0222826, 50.9952634], [11.0224166, 50.995234], [11.0224894, 50.9953657], [11.0223554, 50.995395], [11.0222826, 50.9952634]]]}}, {"type": "Feature", "properties": {"id": "120203133_13833976", "height": 11.09662914276123, "type": null, "floors": null}, "geometry": {"type": "Polygon", "coordinates": [[[11.0219375, 50.995482], [11.0218737, 50.9953496], [11.022085, 50.9953093], [11.0221223, 50.9953868], [11.0221447, 50.9953917], [11.0221514, 50.9954056], [11.0221372, 50.9954313], [11.0221625, 50.9954368], [11.0222021, 50.9955189], [11.0221432, 50.9955302], [11.0221487, 50.9955417], [11.0221008, 50.9956285], [11.021883, 50.9955809], [11.0219375, 50.995482]]]}}, {"type": "Feature", "properties": {"id": "120203133_13752609", "height": 10.34756565093994, "type": null, "floors": null}, "geometry": {"type": "Polygon", "coordinates": [[[11.0211751, 50.9954136], [11.0216292, 50.9953034], [11.0217075, 50.9954313], [11.021502, 50.9954811], [11.0214761, 50.9955252], [11.0214264, 50.9955373], [11.021455, 50.9955839], [11.021684, 50.9956371], [11.021607, 50.9957685], [11.0214287, 50.995727], [11.0214198, 50.9957124], [11.0213149, 50.995688], [11.0212964, 50.9956578], [11.0213017, 50.9956488], [11.0212592, 50.9955795], [11.0212745, 50.9955758], [11.0211751, 50.9954136]]]}}, {"type": "Feature", "properties": {"id": "120203133_13750958", "height": 2.3289988040924072, "type": null, "floors": null}, "geometry": {"type": "Polygon", "coordinates": [[[11.0202712, 50.995519], [11.0202517, 50.9955761], [11.0200183, 50.9955446], [11.0200378, 50.9954875], [11.0202712, 50.995519]]]}}, {"type": "Feature", "properties": {"id": "120203133_13733004", "height": 3.31172251701355, "type": null, "floors": null}, "geometry": {"type": "Polygon", "coordinates": [[[11.0206043, 50.9956443], [11.0204311, 50.9956192], [11.0204364, 50.9956048], [11.0203868, 50.9955976], [11.0203639, 50.9956601], [11.0203181, 50.9956534], [11.0203302, 50.9956204], [11.0202436, 50.9956078], [11.0202677, 50.9955421], [11.0203631, 50.9955559], [11.0203684, 50.9955415], [11.0206281, 50.9955792], [11.0206043, 50.9956443]]]}}, {"type": "Feature", "properties": {"id": "120203133_13716799", "height": 3.002551078796386, "type": null, "floors": null}, "geometry": {"type": "Polygon", "coordinates": [[[11.020157, 50.9956561], [11.0201121, 50.9956468], [11.0201305, 50.9956112], [11.0201755, 50.9956204], [11.020157, 50.9956561]]]}}, {"type": "Feature", "properties": {"id": "120203133_13763565", "height": 6.293416500091553, "type": null, "floors": null}, "geometry": {"type": "Polygon", "coordinates": [[[11.0206065, 50.9957446], [11.0205722, 50.9958297], [11.0199636, 50.9957324], [11.0199979, 50.9956473], [11.0206065, 50.9957446]]]}}, {"type": "Feature", "properties": {"id": "120203133_13777325", "height": 2.846240282058716, "type": null, "floors": null}, "geometry": {"type": "Polygon", "coordinates": [[[11.0206355, 50.9957818], [11.0206602, 50.9957217], [11.0207231, 50.9957319], [11.0206984, 50.995792], [11.0206355, 50.9957818]]]}}, {"type": "Feature", "properties": {"id": "120203133_13775658", "height": 3.449367046356201, "type": null, "floors": null}, "geometry": {"type": "Polygon", "coordinates": [[[11.0206034, 50.995839], [11.0206758, 50.9958514], [11.0206479, 50.9959158], [11.0205755, 50.9959034], [11.0206034, 50.995839]]]}}, {"type": "Feature", "properties": {"id": "120203133_13795412", "height": 5.171615123748779, "type": null, "floors": null}, "geometry": {"type": "Polygon", "coordinates": [[[11.0204421, 50.9961004], [11.0203075, 50.9963889], [11.0202038, 50.9963697], [11.0202173, 50.9963408], [11.0201852, 50.9963348], [11.0202454, 50.9962058], [11.0202157, 50.9962004], [11.0202766, 50.9960698], [11.0204421, 50.9961004]]]}}, {"type": "Feature", "properties": {"id": "120203133_13674255", "height": 5.233450412750244, "type": null, "floors": null}, "geometry": {"type": "Polygon", "coordinates": [[[11.0206048, 50.9964468], [11.0204687, 50.996425], [11.0205878, 50.9961308], [11.0207238, 50.9961526], [11.0206048, 50.9964468]]]}}, {"type": "Feature", "properties": {"id": "120203133_13767078", "height": 6.4842634201049805, "type": null, "floors": null}, "geometry": {"type": "Polygon", "coordinates": [[[11.021498, 50.9961306], [11.0215172, 50.9960741], [11.0215673, 50.9960809], [11.021628, 50.9959024], [11.0216139, 50.9959005], [11.0216295, 50.9958546], [11.0217885, 50.995876], [11.0217569, 50.9959687], [11.0217415, 50.9959667], [11.0216775, 50.9961548], [11.021498, 50.9961306]]]}}, {"type": "Feature", "properties": {"id": "120203133_13744145", "height": 3.625506162643432, "type": null, "floors": null}, "geometry": {"type": "Polygon", "coordinates": [[[11.0210406, 50.9960439], [11.0210499, 50.996006], [11.0211652, 50.9960172], [11.0211559, 50.9960551], [11.0210406, 50.9960439]]]}}, {"type": "Feature", "properties": {"id": "120203133_13827086", "height": 10.590962409973145, "type": null, "floors": null}, "geometry": {"type": "Polygon", "coordinates": [[[11.0225195, 50.9961831], [11.0226011, 50.9960472], [11.0228475, 50.9961058], [11.0227659, 50.9962417], [11.0225195, 50.9961831]]]}}, {"type": "Feature", "properties": {"id": "120203133_13684176", "height": 2.305555582046509, "type": null, "floors": null}, "geometry": {"type": "Polygon", "coordinates": [[[11.0208989, 50.996192], [11.0208767, 50.996244], [11.0208154, 50.9962337], [11.0208375, 50.9961817], [11.0208989, 50.996192]]]}}, {"type": "Feature", "properties": {"id": "120203133_13669203", "height": 4.63759183883667, "type": null, "floors": null}, "geometry": {"type": "Polygon", "coordinates": [[[11.0208601, 50.9963266], [11.0207821, 50.9963097], [11.0208128, 50.9962532], [11.0208932, 50.9962706], [11.0209365, 50.9961911], [11.0210577, 50.9962172], [11.0209106, 50.9964877], [11.020883, 50.9964817], [11.0208652, 50.9965144], [11.0207692, 50.9964937], [11.0208601, 50.9963266]]]}}, {"type": "Feature", "properties": {"id": "120203133_13681520", "height": 9.42557144165039, "type": null, "floors": null}, "geometry": {"type": "Polygon", "coordinates": [[[11.0226785, 50.9963446], [11.02291, 50.9964151], [11.0227976, 50.9965615], [11.022566, 50.9964911], [11.0226785, 50.9963446]]]}}, {"type": "Feature", "properties": {"id": "120203133_13688516", "height": 10.169084548950195, "type": null, "floors": null}, "geometry": {"type": "Polygon", "coordinates": [[[11.0230916, 50.9965305], [11.0231038, 50.9965138], [11.0231723, 50.9965338], [11.0233041, 50.9963544], [11.0235107, 50.9964145], [11.0233666, 50.9966106], [11.0230916, 50.9965305]]]}}, {"type": "Feature", "properties": {"id": "120203133_13803930", "height": 10.842044830322266, "type": null, "floors": null}, "geometry": {"type": "Polygon", "coordinates": [[[11.021593, 50.9963164], [11.021278, 50.9968348], [11.0206111, 50.9966743], [11.0206881, 50.9965476], [11.0209899, 50.9966203], [11.0210006, 50.9966026], [11.0211317, 50.9966342], [11.021359, 50.9962601], [11.021593, 50.9963164]]]}}, {"type": "Feature", "properties": {"id": "120203133_13772134", "height": 4.020097255706787, "type": null, "floors": null}, "geometry": {"type": "Polygon", "coordinates": [[[11.0222787, 50.9965271], [11.0221815, 50.9966738], [11.0221004, 50.9966525], [11.0221976, 50.9965058], [11.0222787, 50.9965271]]]}}, {"type": "Feature", "properties": {"id": "120203133_13766215", "height": 12.691340446472168, "type": null, "floors": null}, "geometry": {"type": "Polygon", "coordinates": [[[11.0227076, 50.9966259], [11.0226269, 50.996772], [11.0223888, 50.9967199], [11.022457, 50.9965964], [11.0225037, 50.9966066], [11.0225162, 50.996584], [11.0227076, 50.9966259]]]}}, {"type": "Feature", "properties": {"id": "120203133_13799639", "height": 3.894285678863525, "type": null, "floors": null}, "geometry": {"type": "Polygon", "coordinates": [[[11.0218035, 50.9943491], [11.0217942, 50.9943693], [11.0216828, 50.994349], [11.0217136, 50.994282], [11.0217903, 50.994296], [11.0217688, 50.9943427], [11.0218035, 50.9943491]]]}}, {"type": "Feature", "properties": {"id": "120203133_13799645", "height": 3.771456241607666, "type": null, "floors": null}, "geometry": {"type": "Polygon", "coordinates": [[[11.0235092, 50.9943377], [11.0235115, 50.9943799], [11.0234005, 50.9943822], [11.0233983, 50.99434], [11.0235092, 50.9943377]]]}}, {"type": "Feature", "properties": {"id": "120203133_13794572", "height": 2.992974281311035, "type": null, "floors": null}, "geometry": {"type": "Polygon", "coordinates": [[[11.0222868, 50.9944555], [11.0223031, 50.9944152], [11.0223927, 50.9944296], [11.0223764, 50.9944699], [11.0222868, 50.9944555]]]}}, {"type": "Feature", "properties": {"id": "120203133_13707379", "height": 2.250814437866211, "type": null, "floors": null}, "geometry": {"type": "Polygon", "coordinates": [[[11.0235196, 50.9944552], [11.0235213, 50.9944788], [11.0234624, 50.9944804], [11.0234607, 50.9944568], [11.0235196, 50.9944552]]]}}, {"type": "Feature", "properties": {"id": "120203133_13786740", "height": 2.761589288711548, "type": null, "floors": null}, "geometry": {"type": "Polygon", "coordinates": [[[11.0226859, 50.9945292], [11.0227081, 50.9944683], [11.0227933, 50.9944806], [11.022771, 50.9945415], [11.0226859, 50.9945292]]]}}, {"type": "Feature", "properties": {"id": "120203133_13699683", "height": 2.68602705001831, "type": null, "floors": null}, "geometry": {"type": "Polygon", "coordinates": [[[11.0229422, 50.9945325], [11.0229253, 50.9945719], [11.0227978, 50.9945502], [11.0228146, 50.9945109], [11.0229422, 50.9945325]]]}}, {"type": "Feature", "properties": {"id": "120203133_13761900", "height": 2.824209690093994, "type": null, "floors": null}, "geometry": {"type": "Polygon", "coordinates": [[[11.0229588, 50.9945315], [11.0230749, 50.9945442], [11.0230613, 50.9945934], [11.0229453, 50.9945807], [11.0229588, 50.9945315]]]}}, {"type": "Feature", "properties": {"id": "120203133_13800499", "height": 2.01320743560791, "type": null, "floors": null}, "geometry": {"type": "Polygon", "coordinates": [[[11.0226808, 50.994553], [11.0227738, 50.9945645], [11.0227583, 50.9946142], [11.0226653, 50.9946027], [11.0226808, 50.994553]]]}}, {"type": "Feature", "properties": {"id": "120203133_13750103", "height": 3.786407709121704, "type": null, "floors": null}, "geometry": {"type": "Polygon", "coordinates": [[[11.0232642, 50.9945707], [11.0232534, 50.9946238], [11.0231584, 50.9946162], [11.0231692, 50.994563], [11.0232642, 50.9945707]]]}}, {"type": "Feature", "properties": {"id": "120203133_13823707", "height": 0.193181812763214, "type": null, "floors": null}, "geometry": {"type": "Polygon", "coordinates": [[[11.0229535, 50.9946449], [11.0229442, 50.9946973], [11.0228991, 50.9946941], [11.0229085, 50.9946417], [11.0229535, 50.9946449]]]}}, {"type": "Feature", "properties": {"id": "120203133_13816736", "height": 10.574713706970217, "type": null, "floors": null}, "geometry": {"type": "Polygon", "coordinates": [[[11.0210398, 50.9946754], [11.0212101, 50.9945676], [11.0213746, 50.9946706], [11.0212043, 50.9947784], [11.0210398, 50.9946754]]]}}, {"type": "Feature", "properties": {"id": "120203133_13672784", "height": 2.404047966003418, "type": null, "floors": null}, "geometry": {"type": "Polygon", "coordinates": [[[11.0223267, 50.9947383], [11.0223462, 50.9946883], [11.0225739, 50.9947233], [11.0225545, 50.9947734], [11.0223267, 50.9947383]]]}}, {"type": "Feature", "properties": {"id": "120203133_13679734", "height": 1.9112149477005, "type": null, "floors": null}, "geometry": {"type": "Polygon", "coordinates": [[[11.0229646, 50.994709], [11.0230422, 50.9947115], [11.0230381, 50.9947612], [11.0229606, 50.9947587], [11.0229646, 50.994709]]]}}, {"type": "Feature", "properties": {"id": "120203133_13803935", "height": 2.268854856491089, "type": null, "floors": null}, "geometry": {"type": "Polygon", "coordinates": [[[11.0228578, 50.9947433], [11.0229514, 50.9947577], [11.0229261, 50.994823], [11.0228324, 50.9948086], [11.0228578, 50.9947433]]]}}, {"type": "Feature", "properties": {"id": "120203133_13692796", "height": 5.61457633972168, "type": null, "floors": null}, "geometry": {"type": "Polygon", "coordinates": [[[11.023606, 50.9947399], [11.0235883, 50.9948046], [11.0235064, 50.9947957], [11.0235102, 50.9947818], [11.0233551, 50.994765], [11.0233302, 50.994856], [11.0232546, 50.9948478], [11.0232329, 50.9949273], [11.0230375, 50.9949062], [11.0230491, 50.9948635], [11.0230975, 50.9948688], [11.0231038, 50.9948458], [11.0230711, 50.9948423], [11.0230996, 50.9947381], [11.0232938, 50.9947592], [11.0233079, 50.9947076], [11.023606, 50.9947399]]]}}, {"type": "Feature", "properties": {"id": "120203133_13819378", "height": 2.218380451202392, "type": null, "floors": null}, "geometry": {"type": "Polygon", "coordinates": [[[11.0229415, 50.9947845], [11.0230179, 50.9947877], [11.0230111, 50.9948525], [11.0229348, 50.9948493], [11.0229415, 50.9947845]]]}}, {"type": "Feature", "properties": {"id": "120203133_13683236", "height": 4.557056903839111, "type": null, "floors": null}, "geometry": {"type": "Polygon", "coordinates": [[[11.0236088, 50.9948635], [11.0233625, 50.9948696], [11.0233594, 50.9948207], [11.0236058, 50.9948146], [11.0236088, 50.9948635]]]}}, {"type": "Feature", "properties": {"id": "120203133_13769589", "height": 9.608561515808104, "type": null, "floors": null}, "geometry": {"type": "Polygon", "coordinates": [[[11.0213571, 50.994843], [11.0215202, 50.9947409], [11.0218286, 50.9949359], [11.0216656, 50.9950381], [11.0213571, 50.994843]]]}}, {"type": "Feature", "properties": {"id": "120203133_13834887", "height": 7.574463367462158, "type": null, "floors": null}, "geometry": {"type": "Polygon", "coordinates": [[[11.0229347, 50.9949508], [11.0228918, 50.9950696], [11.0222899, 50.9949835], [11.0223021, 50.9949498], [11.0221171, 50.9949233], [11.022169, 50.9947795], [11.0222685, 50.9947937], [11.0222589, 50.9948203], [11.0223711, 50.9948364], [11.0223595, 50.9948685], [11.0229347, 50.9949508]]]}}, {"type": "Feature", "properties": {"id": "120203133_13702242", "height": 5.748605728149414, "type": null, "floors": null}, "geometry": {"type": "Polygon", "coordinates": [[[11.0234899, 50.9949269], [11.023632, 50.9949248], [11.0236348, 50.994999], [11.0234927, 50.9950011], [11.0234899, 50.9949269]]]}}, {"type": "Feature", "properties": {"id": "120203133_13681283", "height": 2.072802305221557, "type": null, "floors": null}, "geometry": {"type": "Polygon", "coordinates": [[[11.0264531, 50.9946088], [11.0264887, 50.9947226], [11.026433, 50.9947295], [11.0263974, 50.9946157], [11.0264531, 50.9946088]]]}}, {"type": "Feature", "properties": {"id": "120203133_13830584", "height": 2.399289131164551, "type": null, "floors": null}, "geometry": {"type": "Polygon", "coordinates": [[[11.0265066, 50.9947603], [11.0263934, 50.99477], [11.0263862, 50.9947368], [11.0264994, 50.9947271], [11.0265066, 50.9947603]]]}}, {"type": "Feature", "properties": {"id": "120203133_13827092", "height": 5.405055999755859, "type": null, "floors": null}, "geometry": {"type": "Polygon", "coordinates": [[[11.0280061, 50.9949824], [11.0271318, 50.9949857], [11.0271307, 50.9948777], [11.0273346, 50.9948769], [11.0273344, 50.9948608], [11.02729, 50.994861], [11.0272897, 50.9948265], [11.0273379, 50.9948263], [11.0273374, 50.9947756], [11.02717, 50.9947763], [11.027169, 50.9946682], [11.0279843, 50.9946651], [11.0279854, 50.9947722], [11.0277612, 50.9947731], [11.0277614, 50.9947882], [11.0278165, 50.994788], [11.0278169, 50.9948261], [11.0277606, 50.9948264], [11.027761, 50.9948736], [11.0280051, 50.9948727], [11.0280061, 50.9949824]]]}}, {"type": "Feature", "properties": {"id": "120203133_13717696", "height": 2.874485492706299, "type": null, "floors": null}, "geometry": {"type": "Polygon", "coordinates": [[[11.0264338, 50.9948329], [11.026482, 50.9948317], [11.0264848, 50.9948772], [11.0264366, 50.9948784], [11.0264338, 50.9948329]]]}}, {"type": "Feature", "properties": {"id": "120203133_13715998", "height": 5.377135276794434, "type": null, "floors": null}, "geometry": {"type": "Polygon", "coordinates": [[[11.0262813, 50.9952465], [11.0263765, 50.9952393], [11.0263833, 50.995275], [11.0262881, 50.9952822], [11.0262813, 50.9952465]]]}}, {"type": "Feature", "properties": {"id": "120203133_13781576", "height": 13.30317497253418, "type": null, "floors": null}, "geometry": {"type": "Polygon", "coordinates": [[[11.0294363, 50.9954348], [11.0276836, 50.9954394], [11.0276827, 50.9953111], [11.0294354, 50.9953065], [11.0294363, 50.9954348]]]}}, {"type": "Feature", "properties": {"id": "120203133_13751809", "height": 9.367057800292969, "type": null, "floors": null}, "geometry": {"type": "Polygon", "coordinates": [[[11.0266573, 50.9954582], [11.0266616, 50.995524], [11.0263939, 50.995531], [11.0263907, 50.9954839], [11.02653, 50.9954802], [11.0265287, 50.9954616], [11.0266573, 50.9954582]]]}}, {"type": "Feature", "properties": {"id": "120203133_13691067", "height": 15.746537208557127, "type": null, "floors": null}, "geometry": {"type": "Polygon", "coordinates": [[[11.0272944, 50.9963876], [11.0270074, 50.9963883], [11.0270014, 50.9953264], [11.0270282, 50.9953264], [11.027028, 50.9952892], [11.0270467, 50.9952892], [11.027046, 50.9951643], [11.0272874, 50.9951637], [11.0272944, 50.9963876]]]}}, {"type": "Feature", "properties": {"id": "120203133_13814194", "height": 14.432134628295898, "type": null, "floors": null}, "geometry": {"type": "Polygon", "coordinates": [[[11.0294469, 50.9959023], [11.0276956, 50.9959127], [11.0276936, 50.9957827], [11.0294449, 50.9957724], [11.0294469, 50.9959023]]]}}, {"type": "Feature", "properties": {"id": "120203133_13698837", "height": 13.495841979980469, "type": null, "floors": null}, "geometry": {"type": "Polygon", "coordinates": [[[11.0294519, 50.9963751], [11.0277058, 50.9963809], [11.0277047, 50.9962543], [11.0294508, 50.9962485], [11.0294519, 50.9963751]]]}}, {"type": "Feature", "properties": {"id": "120203133_13695318", "height": 4.701581001281738, "type": null, "floors": null}, "geometry": {"type": "Polygon", "coordinates": [[[11.0243103, 50.9949434], [11.0243082, 50.9950126], [11.0241757, 50.995011], [11.0241778, 50.9949418], [11.0243103, 50.9949434]]]}}, {"type": "Feature", "properties": {"id": "120203133_13671006", "height": 7.26183271408081, "type": null, "floors": null}, "geometry": {"type": "Polygon", "coordinates": [[[11.0237021, 50.9951669], [11.0235303, 50.9951953], [11.0234964, 50.995114], [11.0236682, 50.9950856], [11.0237021, 50.9951669]]]}}, {"type": "Feature", "properties": {"id": "120203133_13709068", "height": 6.905557632446289, "type": null, "floors": null}, "geometry": {"type": "Polygon", "coordinates": [[[11.0243159, 50.9952003], [11.0248067, 50.9951962], [11.0248115, 50.9954215], [11.0247323, 50.9954222], [11.0247348, 50.995542], [11.0246317, 50.9955429], [11.0246303, 50.9954754], [11.0245618, 50.9954759], [11.0245603, 50.9954067], [11.0246368, 50.9954061], [11.0246344, 50.9952947], [11.024318, 50.9952974], [11.0243159, 50.9952003]]]}}, {"type": "Feature", "properties": {"id": "120203133_13691937", "height": 5.884704113006592, "type": null, "floors": null}, "geometry": {"type": "Polygon", "coordinates": [[[11.0254422, 50.9953645], [11.0254396, 50.995432], [11.0253523, 50.9954307], [11.025355, 50.9953632], [11.0254422, 50.9953645]]]}}, {"type": "Feature", "properties": {"id": "120203133_13697084", "height": 9.391642570495604, "type": null, "floors": null}, "geometry": {"type": "Polygon", "coordinates": [[[11.0258993, 50.9959685], [11.0254557, 50.9960151], [11.0254276, 50.9959091], [11.0256494, 50.9958858], [11.0256625, 50.9959351], [11.0257173, 50.9959293], [11.0257088, 50.9958973], [11.0256723, 50.9959012], [11.0256607, 50.9958576], [11.0255694, 50.9958672], [11.02556, 50.9958319], [11.025684, 50.9958189], [11.0256603, 50.9957293], [11.0254437, 50.9957521], [11.0254289, 50.9956963], [11.0255919, 50.9956791], [11.025571, 50.9956003], [11.0256362, 50.9955935], [11.025556, 50.9952913], [11.0255131, 50.9952958], [11.0254952, 50.9952284], [11.0254625, 50.9952319], [11.0254562, 50.9952081], [11.0253596, 50.9952182], [11.0253448, 50.9951624], [11.0256762, 50.9951276], [11.0258993, 50.9959685]]]}}, {"type": "Feature", "properties": {"id": "120203133_13825435", "height": 13.027179718017578, "type": null, "floors": null}, "geometry": {"type": "Polygon", "coordinates": [[[11.0253672, 50.9960303], [11.0241454, 50.9961147], [11.0240117, 50.9953473], [11.0240447, 50.9953451], [11.0240389, 50.9953117], [11.0240389, 50.9953117], [11.0240264, 50.99524], [11.0242425, 50.9952251], [11.0242579, 50.9953135], [11.024207, 50.995317], [11.0241903, 50.9953545], [11.0242908, 50.9953723], [11.0242957, 50.9954003], [11.0244093, 50.9953925], [11.0244279, 50.995351], [11.0244837, 50.9953608], [11.0244373, 50.9954648], [11.0242755, 50.995476], [11.0243101, 50.9956747], [11.0243063, 50.9956833], [11.0243129, 50.9957215], [11.0243544, 50.9957288], [11.0243548, 50.9957308], [11.0243318, 50.9957822], [11.024366, 50.9957882], [11.0243715, 50.9958197], [11.0243358, 50.9958221], [11.0243754, 50.996049], [11.0244732, 50.9960422], [11.0245024, 50.9959769], [11.0253477, 50.9959186], [11.0253672, 50.9960303]]]}}, {"type": "Feature", "properties": {"id": "120203133_13791891", "height": 7.369061946868896, "type": null, "floors": null}, "geometry": {"type": "Polygon", "coordinates": [[[11.0252878, 50.9956202], [11.0253826, 50.9956122], [11.0254138, 50.9957581], [11.0254718, 50.9957532], [11.0254849, 50.9958146], [11.0253926, 50.9958224], [11.025388, 50.9958008], [11.0253274, 50.9958059], [11.0252878, 50.9956202]]]}}, {"type": "Feature", "properties": {"id": "120203133_13792794", "height": 5.254781723022461, "type": null, "floors": null}, "geometry": {"type": "Polygon", "coordinates": [[[11.0245384, 50.9958571], [11.0246004, 50.9958493], [11.0246293, 50.9959411], [11.0245673, 50.9959489], [11.0245384, 50.9958571]]]}}, {"type": "Feature", "properties": {"id": "120203133_13671004", "height": 14.899124145507812, "type": null, "floors": null}, "geometry": {"type": "Polygon", "coordinates": [[[11.0236717, 50.9960285], [11.0239672, 50.9960123], [11.0239873, 50.9961581], [11.0236918, 50.9961742], [11.0236717, 50.9960285]]]}}, {"type": "Feature", "properties": {"id": "120203133_13743262", "height": 9.524907112121582, "type": null, "floors": null}, "geometry": {"type": "Polygon", "coordinates": [[[11.0243902, 50.9961936], [11.0259389, 50.9960816], [11.0259757, 50.9962832], [11.0255971, 50.9963106], [11.0255808, 50.9962214], [11.0257132, 50.9962118], [11.0257174, 50.9962352], [11.0257836, 50.9962304], [11.0257695, 50.9961529], [11.0256437, 50.996162], [11.0256487, 50.9961895], [11.0246031, 50.9962651], [11.0246057, 50.9962793], [11.0244084, 50.9962935], [11.0243902, 50.9961936]]]}}, {"type": "Feature", "properties": {"id": "120203133_13822800", "height": 3.194762706756592, "type": null, "floors": null}, "geometry": {"type": "Polygon", "coordinates": [[[11.0207455, 50.9956396], [11.0207662, 50.9956057], [11.0208374, 50.9956229], [11.0208168, 50.9956568], [11.0207455, 50.9956396]]]}}, {"type": "Feature", "properties": {"id": "120203133_13723697", "height": 13.06790542602539, "type": null, "floors": null}, "geometry": {"type": "Polygon", "coordinates": [[[11.0235405, 50.995498], [11.0235179, 50.9955018], [11.0235205, 50.9955081], [11.0231391, 50.995571], [11.0231391, 50.995571], [11.0229031, 50.99561], [11.0228564, 50.9954978], [11.0236294, 50.9953703], [11.0236189, 50.995345], [11.0238046, 50.9953143], [11.0238559, 50.9954375], [11.0237104, 50.9954616], [11.0237538, 50.9955658], [11.0238215, 50.9955546], [11.0238341, 50.9955846], [11.0237462, 50.9955991], [11.0237975, 50.9957223], [11.0238527, 50.9957132], [11.0238653, 50.9957432], [11.0237774, 50.9957577], [11.0238281, 50.9958794], [11.0238908, 50.995869], [11.0239046, 50.9959022], [11.0238193, 50.9959163], [11.0238456, 50.9959794], [11.0236875, 50.9960055], [11.0235645, 50.9957102], [11.023562, 50.9957106], [11.0235541, 50.9956916], [11.0236168, 50.9956813], [11.0235405, 50.995498]]]}}, {"type": "Feature", "properties": {"id": "120203133_13679726", "height": 4.492776870727539, "type": null, "floors": null}, "geometry": {"type": "Polygon", "coordinates": [[[11.0211383, 50.9956693], [11.0212014, 50.9956612], [11.021229, 50.9957472], [11.021166, 50.9957552], [11.0211383, 50.9956693]]]}}, {"type": "Feature", "properties": {"id": "120203133_13801371", "height": 9.377079963684082, "type": null, "floors": null}, "geometry": {"type": "Polygon", "coordinates": [[[11.0217055, 50.9958006], [11.0217935, 50.9956604], [11.0220185, 50.9957164], [11.0219305, 50.9958566], [11.0217055, 50.9958006]]]}}, {"type": "Feature", "properties": {"id": "120203133_13737318", "height": 5.8549442291259775, "type": null, "floors": null}, "geometry": {"type": "Polygon", "coordinates": [[[11.0207486, 50.9959449], [11.0207695, 50.9958419], [11.0207906, 50.9958436], [11.0207981, 50.9958071], [11.020769, 50.9958047], [11.0207802, 50.9957499], [11.0208461, 50.9957552], [11.0208832, 50.9955725], [11.0210284, 50.9955842], [11.0210183, 50.995634], [11.0210447, 50.9956362], [11.0210357, 50.9956803], [11.0210067, 50.995678], [11.0209792, 50.9958132], [11.0209238, 50.9958088], [11.0208938, 50.9959566], [11.0207486, 50.9959449]]]}}, {"type": "Feature", "properties": {"id": "120203133_13754241", "height": 1.911949634552002, "type": null, "floors": null}, "geometry": {"type": "Polygon", "coordinates": [[[11.0214349, 50.9958476], [11.0214571, 50.9958022], [11.0215587, 50.9958219], [11.0215365, 50.9958673], [11.0214349, 50.9958476]]]}}, {"type": "Feature", "properties": {"id": "120203133_13715074", "height": 9.601799011230469, "type": null, "floors": null}, "geometry": {"type": "Polygon", "coordinates": [[[11.0230507, 50.9957484], [11.0233295, 50.9957268], [11.0233565, 50.9958648], [11.0233248, 50.9958673], [11.023337, 50.9959296], [11.0234586, 50.9959201], [11.0234862, 50.9960615], [11.0232312, 50.9960813], [11.0232016, 50.9959299], [11.0232294, 50.9959278], [11.0232204, 50.9958821], [11.023079, 50.9958931], [11.0230507, 50.9957484]]]}}, {"type": "Feature", "properties": {"id": "120203133_13809077", "height": 6.177822589874268, "type": null, "floors": null}, "geometry": {"type": "Polygon", "coordinates": [[[11.0212596, 50.9959611], [11.0212313, 50.9960283], [11.0210559, 50.9959989], [11.0211118, 50.9958665], [11.0210781, 50.9958608], [11.0210894, 50.995834], [11.0211307, 50.9958409], [11.0211464, 50.9958037], [11.0212691, 50.9958243], [11.0212145, 50.9959536], [11.0212596, 50.9959611]]]}}, {"type": "Feature", "properties": {"id": "120203133_13802251", "height": 2.0, "type": null, "floors": null}, "geometry": {"type": "Polygon", "coordinates": [[[11.0213665, 50.9959188], [11.0214129, 50.9959292], [11.0213773, 50.9959921], [11.0213309, 50.9959817], [11.0213665, 50.9959188]]]}}, {"type": "Feature", "properties": {"id": "120203133_13695314", "height": 11.206658363342283, "type": null, "floors": null}, "geometry": {"type": "Polygon", "coordinates": [[[11.0225404, 50.9958444], [11.0222918, 50.9962661], [11.0220407, 50.9962074], [11.0221243, 50.9960657], [11.0221619, 50.9960564], [11.0222393, 50.9959252], [11.0222297, 50.9959097], [11.0222803, 50.9958238], [11.0223117, 50.9958161], [11.0223571, 50.9957391], [11.0225726, 50.9956862], [11.0226535, 50.9958166], [11.0225404, 50.9958444]]]}}, {"type": "Feature", "properties": {"id": "120203133_13806557", "height": 4.001577377319336, "type": null, "floors": null}, "geometry": {"type": "Polygon", "coordinates": [[[11.0252045, 50.9962566], [11.0252633, 50.9962546], [11.0252675, 50.9963034], [11.0252087, 50.9963054], [11.0252045, 50.9962566]]]}}, {"type": "Feature", "properties": {"id": "120203133_13813311", "height": 3.700921058654785, "type": null, "floors": null}, "geometry": {"type": "Polygon", "coordinates": [[[11.0254427, 50.9963458], [11.0253775, 50.9963494], [11.0253707, 50.9963008], [11.0253201, 50.9963036], [11.0253128, 50.9962508], [11.0254286, 50.9962444], [11.0254427, 50.9963458]]]}}, {"type": "Feature", "properties": {"id": "120203133_13832334", "height": 4.070158004760742, "type": null, "floors": null}, "geometry": {"type": "Polygon", "coordinates": [[[11.0249508, 50.9962518], [11.0249738, 50.9963981], [11.0248995, 50.9964027], [11.0248816, 50.996289], [11.0248005, 50.9962941], [11.0247963, 50.9962673], [11.0248255, 50.9962655], [11.0248246, 50.9962597], [11.0249508, 50.9962518]]]}}, {"type": "Feature", "properties": {"id": "120203133_13746695", "height": 3.788148164749145, "type": null, "floors": null}, "geometry": {"type": "Polygon", "coordinates": [[[11.0246633, 50.9963639], [11.024665, 50.9964078], [11.0245954, 50.9964089], [11.0245936, 50.996365], [11.0246633, 50.9963639]]]}}, {"type": "Feature", "properties": {"id": "120203133_13707380", "height": 6.42168664932251, "type": null, "floors": null}, "geometry": {"type": "Polygon", "coordinates": [[[11.023565, 50.9964405], [11.0235761, 50.9963737], [11.0236649, 50.9963795], [11.0236539, 50.9964463], [11.023565, 50.9964405]]]}}, {"type": "Feature", "properties": {"id": "120203133_13767085", "height": 2.850457668304443, "type": null, "floors": null}, "geometry": {"type": "Polygon", "coordinates": [[[11.0249915, 50.9964809], [11.0249751, 50.996436], [11.0250693, 50.9964223], [11.0250857, 50.9964672], [11.0249915, 50.9964809]]]}}, {"type": "Feature", "properties": {"id": "120203133_13832335", "height": 5.7162675857543945, "type": null, "floors": null}, "geometry": {"type": "Polygon", "coordinates": [[[11.025268, 50.99644], [11.0254573, 50.9964231], [11.025459, 50.9964305], [11.0255155, 50.9964255], [11.0255496, 50.9965769], [11.0254721, 50.9965838], [11.0254641, 50.9965482], [11.0252958, 50.9965633], [11.025268, 50.99644]]]}}, {"type": "Feature", "properties": {"id": "120203133_13719361", "height": 8.364069938659668, "type": null, "floors": null}, "geometry": {"type": "Polygon", "coordinates": [[[11.026098, 50.9966808], [11.0258323, 50.9967042], [11.0258209, 50.9966528], [11.0259459, 50.9966419], [11.025936, 50.9965971], [11.0259215, 50.9965984], [11.0259055, 50.9965264], [11.0257227, 50.9965425], [11.0257153, 50.9965094], [11.0258535, 50.9964973], [11.0258301, 50.9963921], [11.02603, 50.9963745], [11.026098, 50.9966808]]]}}, {"type": "Feature", "properties": {"id": "120203133_13773010", "height": 12.01032829284668, "type": null, "floors": null}, "geometry": {"type": "Polygon", "coordinates": [[[11.0242399, 50.9963169], [11.0243938, 50.9963069], [11.0244346, 50.9965558], [11.0244837, 50.9965526], [11.0244877, 50.9965768], [11.0244519, 50.9965792], [11.0244916, 50.9968214], [11.0243244, 50.9968322], [11.0242399, 50.9963169]]]}}, {"type": "Feature", "properties": {"id": "120203133_13713326", "height": 4.732326030731201, "type": null, "floors": null}, "geometry": {"type": "Polygon", "coordinates": [[[11.0251891, 50.9966446], [11.0250553, 50.9966483], [11.0250456, 50.9965084], [11.0251139, 50.9965066], [11.025116, 50.9965369], [11.0251816, 50.9965351], [11.0251891, 50.9966446]]]}}, {"type": "Feature", "properties": {"id": "120203133_13669219", "height": 3.113545894622802, "type": null, "floors": null}, "geometry": {"type": "Polygon", "coordinates": [[[11.0251923, 50.9965682], [11.0252498, 50.9965662], [11.0252532, 50.9966057], [11.0251957, 50.9966077], [11.0251923, 50.9965682]]]}}, {"type": "Feature", "properties": {"id": "120203133_13758453", "height": 5.157151222229004, "type": null, "floors": null}, "geometry": {"type": "Polygon", "coordinates": [[[11.0248708, 50.9966807], [11.0247504, 50.9966846], [11.0247433, 50.9965953], [11.0247888, 50.9965939], [11.0247841, 50.9965366], [11.0248591, 50.9965342], [11.0248708, 50.9966807]]]}}, {"type": "Feature", "properties": {"id": "120203133_13697942", "height": 2.0, "type": null, "floors": null}, "geometry": {"type": "Polygon", "coordinates": [[[11.0250157, 50.9966464], [11.0249716, 50.9966477], [11.0249688, 50.9966098], [11.0250129, 50.9966085], [11.0250157, 50.9966464]]]}}, {"type": "Feature", "properties": {"id": "120203133_13744152", "height": 12.827346801757812, "type": null, "floors": null}, "geometry": {"type": "Polygon", "coordinates": [[[11.0241686, 50.9968574], [11.0238374, 50.9968783], [11.0236188, 50.9969378], [11.0236755, 50.9969342], [11.0232387, 50.9970529], [11.0231698, 50.9969527], [11.0233156, 50.9969131], [11.0232546, 50.9969169], [11.0237483, 50.9967827], [11.0237888, 50.9967801], [11.0239021, 50.9967493], [11.0240453, 50.9967403], [11.0240322, 50.9966584], [11.0239008, 50.9966667], [11.0238777, 50.9965222], [11.0239214, 50.9965103], [11.0239075, 50.9964234], [11.023911, 50.9964285], [11.0239, 50.9963592], [11.0240277, 50.9963244], [11.0237683, 50.9963408], [11.0237575, 50.9962731], [11.0240721, 50.9962532], [11.0241686, 50.9968574]]]}}, {"type": "Feature", "properties": {"id": "120203133_13745852", "height": 7.226646900177002, "type": null, "floors": null}, "geometry": {"type": "Polygon", "coordinates": [[[11.025808, 50.9967074], [11.0247491, 50.9967942], [11.0247318, 50.9967104], [11.0249018, 50.9966964], [11.0248936, 50.9966566], [11.0249833, 50.9966493], [11.0249915, 50.9966891], [11.025614, 50.9966381], [11.0256049, 50.9965941], [11.0257183, 50.9965848], [11.0257236, 50.9966105], [11.0258107, 50.9966034], [11.0258206, 50.9966516], [11.0257969, 50.9966535], [11.025808, 50.9967074]]]}}, {"type": "Feature", "properties": {"id": "120203133_13797104", "height": 3.368952512741089, "type": null, "floors": null}, "geometry": {"type": "Polygon", "coordinates": [[[11.0238783, 50.9967124], [11.0236101, 50.9967293], [11.0236022, 50.9966791], [11.0236473, 50.9966763], [11.0236493, 50.9966889], [11.0238724, 50.9966748], [11.0238783, 50.9967124]]]}}, {"type": "Feature", "properties": {"id": "120203133_13725340", "height": 8.549308776855469, "type": null, "floors": null}, "geometry": {"type": "Polygon", "coordinates": [[[11.0261586, 50.9968939], [11.0258758, 50.9969216], [11.0258473, 50.9968062], [11.0261301, 50.9967785], [11.0261586, 50.9968939]]]}}, {"type": "Feature", "properties": {"id": "120203133_13671012", "height": 8.793195724487305, "type": null, "floors": null}, "geometry": {"type": "Polygon", "coordinates": [[[11.0256943, 50.9968188], [11.0257092, 50.9969056], [11.0254123, 50.9969258], [11.0254341, 50.9970526], [11.0253188, 50.9970605], [11.0252821, 50.9968469], [11.0256943, 50.9968188]]]}}, {"type": "Feature", "properties": {"id": "120203133_13669218", "height": 3.941011905670166, "type": null, "floors": null}, "geometry": {"type": "Polygon", "coordinates": [[[11.0256446, 50.9970905], [11.0255782, 50.9970946], [11.0255617, 50.9969885], [11.0255073, 50.9969918], [11.0254958, 50.9969174], [11.0256166, 50.99691], [11.0256446, 50.9970905]]]}}, {"type": "Feature", "properties": {"id": "120203133_13715076", "height": 2.5650501251220703, "type": null, "floors": null}, "geometry": {"type": "Polygon", "coordinates": [[[11.0240492, 50.9970429], [11.0239718, 50.9970526], [11.0239487, 50.9969795], [11.0240261, 50.9969698], [11.0240492, 50.9970429]]]}}, {"type": "Feature", "properties": {"id": "120203133_13765388", "height": 10.573010444641112, "type": null, "floors": null}, "geometry": {"type": "Polygon", "coordinates": [[[11.0267848, 50.996529], [11.0267873, 50.9965931], [11.0264549, 50.9965983], [11.0264505, 50.9964853], [11.0267413, 50.9964808], [11.0267432, 50.9965297], [11.0267848, 50.996529]]]}}, {"type": "Feature", "properties": {"id": "120203133_13793681", "height": 3.140703439712524, "type": null, "floors": null}, "geometry": {"type": "Polygon", "coordinates": [[[11.0285485, 50.9968679], [11.0285602, 50.9968253], [11.0286423, 50.9968342], [11.0286305, 50.9968768], [11.0285485, 50.9968679]]]}}, {"type": "Feature", "properties": {"id": "120203133_13761907", "height": 10.341086387634276, "type": null, "floors": null}, "geometry": {"type": "Polygon", "coordinates": [[[11.0265296, 50.9971247], [11.0265399, 50.9966926], [11.0267786, 50.9966949], [11.0267778, 50.9967279], [11.0268468, 50.9967508], [11.0268732, 50.9967192], [11.0268738, 50.9966924], [11.0269753, 50.9966933], [11.0269949, 50.9966699], [11.029013, 50.9966889], [11.0290111, 50.9967703], [11.0288658, 50.9969439], [11.028744, 50.9969036], [11.0288038, 50.9968321], [11.0288433, 50.9968325], [11.0288442, 50.9967954], [11.0285219, 50.9967923], [11.0284832, 50.9968385], [11.0284569, 50.9968383], [11.0284559, 50.9968812], [11.0282707, 50.9968794], [11.0283029, 50.9968409], [11.0279124, 50.9968372], [11.027911, 50.9968997], [11.0278613, 50.9968992], [11.0278578, 50.997046], [11.0275371, 50.997043], [11.0275307, 50.9970409], [11.0275293, 50.9971003], [11.0271687, 50.9970969], [11.0271679, 50.9971307], [11.0265296, 50.9971247]]]}}, {"type": "Feature", "properties": {"id": "120203133_13797111", "height": 3.073327302932739, "type": null, "floors": null}, "geometry": {"type": "Polygon", "coordinates": [[[11.0280382, 50.9970803], [11.0280711, 50.9969651], [11.0281542, 50.9969746], [11.0281213, 50.9970897], [11.0280382, 50.9970803]]]}}, {"type": "Feature", "properties": {"id": "120203133_13670935", "height": 3.235476493835449, "type": null, "floors": null}, "geometry": {"type": "Polygon", "coordinates": [[[11.028303, 50.9970702], [11.0284678, 50.9970866], [11.0284591, 50.9971212], [11.0282943, 50.9971048], [11.028303, 50.9970702]]]}}, {"type": "Feature", "properties": {"id": "120203133_13727833", "height": 9.72201442718506, "type": null, "floors": null}, "geometry": {"type": "Polygon", "coordinates": [[[11.0284048, 50.9972222], [11.0286204, 50.9970516], [11.0287379, 50.9971104], [11.0285222, 50.997281], [11.0284048, 50.9972222]]]}}, {"type": "Feature", "properties": {"id": "120203133_13728701", "height": 6.524762630462647, "type": null, "floors": null}, "geometry": {"type": "Polygon", "coordinates": [[[11.0277865, 50.9972187], [11.028147, 50.9972434], [11.0281385, 50.9972928], [11.0279411, 50.9972792], [11.0279249, 50.9973727], [11.0281442, 50.9973877], [11.0282357, 50.9974622], [11.0281397, 50.9975089], [11.0281138, 50.9975071], [11.0280747, 50.9974753], [11.0280757, 50.9974695], [11.0280428, 50.9974427], [11.0280471, 50.9974182], [11.0278615, 50.9974054], [11.027858, 50.9974255], [11.0278554, 50.9974253], [11.0278487, 50.9974636], [11.0275937, 50.9974462], [11.0275778, 50.9974332], [11.0275878, 50.9973749], [11.0277137, 50.9973835], [11.0277621, 50.99736], [11.0277865, 50.9972187]]]}}, {"type": "Feature", "properties": {"id": "120203133_13761909", "height": 7.31729793548584, "type": null, "floors": null}, "geometry": {"type": "Polygon", "coordinates": [[[11.0282851, 50.997303], [11.0283941, 50.9973545], [11.0282912, 50.9974409], [11.0281469, 50.9973729], [11.0282216, 50.9973102], [11.0282567, 50.9973268], [11.0282851, 50.997303]]]}}, {"type": "Feature", "properties": {"id": "120203133_13669226", "height": 3.7235608100891113, "type": null, "floors": null}, "geometry": {"type": "Polygon", "coordinates": [[[11.0276335, 50.9974948], [11.0276328, 50.9975075], [11.0275712, 50.9975061], [11.0275742, 50.9974546], [11.0277281, 50.9974581], [11.0277258, 50.9974969], [11.0276335, 50.9974948]]]}}, {"type": "Feature", "properties": {"id": "120203133_13729585", "height": 6.213031768798828, "type": null, "floors": null}, "geometry": {"type": "Polygon", "coordinates": [[[11.0284814, 50.9974567], [11.0285713, 50.9975287], [11.0284095, 50.9976087], [11.0283196, 50.9975366], [11.0284814, 50.9974567]]]}}, {"type": "Feature", "properties": {"id": "120203133_13674474", "height": 6.479493618011475, "type": null, "floors": null}, "geometry": {"type": "Polygon", "coordinates": [[[11.0257522, 50.9970875], [11.0257412, 50.9969715], [11.0259844, 50.9969623], [11.0259854, 50.9969724], [11.0261885, 50.9969647], [11.0261992, 50.9970774], [11.0260576, 50.9970827], [11.0260563, 50.9970693], [11.0259921, 50.9970717], [11.0259928, 50.9970784], [11.0257522, 50.9970875]]]}}, {"type": "Feature", "properties": {"id": "120203133_13697943", "height": 2.828431367874145, "type": null, "floors": null}, "geometry": {"type": "Polygon", "coordinates": [[[11.0250441, 50.9970447], [11.0250513, 50.9971001], [11.0249021, 50.9971078], [11.0248949, 50.9970524], [11.0250441, 50.9970447]]]}}, {"type": "Feature", "properties": {"id": "120203133_13772136", "height": 4.108590126037598, "type": null, "floors": null}, "geometry": {"type": "Polygon", "coordinates": [[[11.0239418, 50.9970183], [11.0239341, 50.9971667], [11.023776, 50.9971634], [11.0237814, 50.9970606], [11.0238457, 50.9970619], [11.023848, 50.9970164], [11.0239418, 50.9970183]]]}}, {"type": "Feature", "properties": {"id": "120203133_13807387", "height": 8.442748069763184, "type": null, "floors": null}, "geometry": {"type": "Polygon", "coordinates": [[[11.0242458, 50.9970449], [11.0242699, 50.9971309], [11.0240825, 50.9971517], [11.0240585, 50.9970657], [11.0242458, 50.9970449]]]}}, {"type": "Feature", "properties": {"id": "120203133_13687654", "height": 3.078171014785766, "type": null, "floors": null}, "geometry": {"type": "Polygon", "coordinates": [[[11.0252881, 50.9971243], [11.0252908, 50.9971529], [11.0251839, 50.997157], [11.0251812, 50.9971284], [11.0252881, 50.9971243]]]}}, {"type": "Feature", "properties": {"id": "120203133_13744155", "height": 5.194367408752441, "type": null, "floors": null}, "geometry": {"type": "Polygon", "coordinates": [[[11.0250507, 50.9972537], [11.0248214, 50.9972555], [11.0248191, 50.9971433], [11.0247092, 50.9971442], [11.0247074, 50.9970573], [11.0248952, 50.9970558], [11.0248979, 50.9971942], [11.0250495, 50.997193], [11.0250507, 50.9972537]]]}}, {"type": "Feature", "properties": {"id": "120203133_13689356", "height": 2.609907150268554, "type": null, "floors": null}, "geometry": {"type": "Polygon", "coordinates": [[[11.0251269, 50.9971003], [11.0251831, 50.9970984], [11.0251959, 50.9972542], [11.0251397, 50.997256], [11.0251269, 50.9971003]]]}}, {"type": "Feature", "properties": {"id": "120203133_13768768", "height": 12.144392013549805, "type": null, "floors": null}, "geometry": {"type": "Polygon", "coordinates": [[[11.0243213, 50.9974891], [11.0243991, 50.996882], [11.0251826, 50.9969218], [11.0251742, 50.9969872], [11.0249184, 50.9969742], [11.024913, 50.9970162], [11.0246198, 50.9970013], [11.0246145, 50.9970432], [11.0245692, 50.9970409], [11.024558, 50.9971281], [11.0245953, 50.99713], [11.0245617, 50.9973916], [11.0246124, 50.9973942], [11.0246132, 50.9973875], [11.0261402, 50.997465], [11.026148, 50.9974039], [11.0261507, 50.997404], [11.0261545, 50.9973746], [11.0260639, 50.99737], [11.0260897, 50.9971688], [11.0263482, 50.9971819], [11.0262959, 50.9975894], [11.0243213, 50.9974891]]]}}, {"type": "Feature", "properties": {"id": "120203133_13813305", "height": 5.16017484664917, "type": null, "floors": null}, "geometry": {"type": "Polygon", "coordinates": [[[11.0240327, 50.997306], [11.0238517, 50.9973026], [11.0238563, 50.9972047], [11.0240359, 50.9972081], [11.0240348, 50.99723], [11.0241018, 50.9972313], [11.0240966, 50.9973409], [11.0240311, 50.9973397], [11.0240327, 50.997306]]]}}, {"type": "Feature", "properties": {"id": "120203133_13780731", "height": 3.194337129592895, "type": null, "floors": null}, "geometry": {"type": "Polygon", "coordinates": [[[11.0250013, 50.9972721], [11.0249984, 50.9973041], [11.0248888, 50.9973002], [11.0248916, 50.9972683], [11.0250013, 50.9972721]]]}}, {"type": "Feature", "properties": {"id": "120203133_13676300", "height": 11.378583908081056, "type": null, "floors": null}, "geometry": {"type": "Polygon", "coordinates": [[[11.0308666, 50.9967101], [11.0308638, 50.9968181], [11.0303945, 50.9968132], [11.0303974, 50.9967052], [11.0308666, 50.9967101]]]}}, {"type": "Feature", "properties": {"id": "120203133_13773016", "height": 7.226695537567139, "type": null, "floors": null}, "geometry": {"type": "Polygon", "coordinates": [[[11.0286489, 50.9970387], [11.0286883, 50.9969277], [11.0288506, 50.9969506], [11.0288111, 50.9970615], [11.0286489, 50.9970387]]]}}, {"type": "Feature", "properties": {"id": "120203133_13735624", "height": 7.166666507720947, "type": null, "floors": null}, "geometry": {"type": "Polygon", "coordinates": [[[11.0290966, 50.9970666], [11.0291367, 50.9970732], [11.0291149, 50.9971253], [11.0289319, 50.9970948], [11.0289657, 50.9970144], [11.0291086, 50.9970382], [11.0290966, 50.9970666]]]}}, {"type": "Feature", "properties": {"id": "120203133_13690204", "height": 5.695509910583496, "type": null, "floors": null}, "geometry": {"type": "Polygon", "coordinates": [[[11.0295335, 50.9970923], [11.0294797, 50.9971878], [11.0294039, 50.9971865], [11.0292624, 50.9974375], [11.0291147, 50.9974046], [11.0291666, 50.9973125], [11.0291012, 50.9972979], [11.0291861, 50.9971472], [11.0292954, 50.9971491], [11.0292975, 50.997101], [11.0292502, 50.9970905], [11.0293084, 50.9969873], [11.0290082, 50.9969821], [11.0290664, 50.9968789], [11.0294047, 50.9969544], [11.0294258, 50.9969169], [11.0293639, 50.9969031], [11.0293503, 50.9969271], [11.0292109, 50.996896], [11.0292489, 50.9968285], [11.0291382, 50.9968038], [11.0291821, 50.9967258], [11.0298201, 50.9968682], [11.0298268, 50.9967168], [11.0298991, 50.996718], [11.0298841, 50.9970574], [11.0296163, 50.9969977], [11.0296012, 50.9970245], [11.0295401, 50.9970234], [11.0295362, 50.9970304], [11.0298633, 50.9971034], [11.0298606, 50.9971653], [11.0295335, 50.9970923]]]}}, {"type": "Feature", "properties": {"id": "120203133_13745856", "height": 6.338011264801025, "type": null, "floors": null}, "geometry": {"type": "Polygon", "coordinates": [[[11.0288132, 50.9971842], [11.0288879, 50.9971117], [11.0290163, 50.9971641], [11.0289857, 50.9971938], [11.029033, 50.997213], [11.0290024, 50.9972428], [11.0289523, 50.9972223], [11.0289388, 50.9972354], [11.0288132, 50.9971842]]]}}, {"type": "Feature", "properties": {"id": "120203133_13726219", "height": 7.425581932067871, "type": null, "floors": null}, "geometry": {"type": "Polygon", "coordinates": [[[11.0288716, 50.9973028], [11.0290728, 50.99733], [11.0290651, 50.9973526], [11.0291035, 50.9973578], [11.0290889, 50.9974007], [11.0288749, 50.9973718], [11.0288829, 50.9973483], [11.0287163, 50.9973257], [11.0287322, 50.9972789], [11.0287399, 50.99728], [11.0287575, 50.9972283], [11.0288909, 50.9972464], [11.0288716, 50.9973028]]]}}, {"type": "Feature", "properties": {"id": "120203133_13762741", "height": 6.446653366088867, "type": null, "floors": null}, "geometry": {"type": "Polygon", "coordinates": [[[11.0284954, 50.9974214], [11.0286578, 50.997311], [11.0287667, 50.9973746], [11.0286044, 50.9974849], [11.0284954, 50.9974214]]]}}, {"type": "Feature", "properties": {"id": "120203133_13804822", "height": 2.090744018554687, "type": null, "floors": null}, "geometry": {"type": "Polygon", "coordinates": [[[11.0288019, 50.9974031], [11.0289003, 50.9974122], [11.0288945, 50.9974369], [11.0287962, 50.9974279], [11.0288019, 50.9974031]]]}}, {"type": "Feature", "properties": {"id": "120203133_13829700", "height": 8.283123970031738, "type": null, "floors": null}, "geometry": {"type": "Polygon", "coordinates": [[[11.0289296, 50.9973959], [11.0290561, 50.9974065], [11.0290295, 50.9975325], [11.028903, 50.997522], [11.0289296, 50.9973959]]]}}, {"type": "Feature", "properties": {"id": "120203133_13699696", "height": 14.551633834838867, "type": null, "floors": null}, "geometry": {"type": "Polygon", "coordinates": [[[11.0303598, 50.9969585], [11.0303152, 50.9979357], [11.0302979, 50.9979354], [11.0302844, 50.9982316], [11.0300336, 50.9982271], [11.0300544, 50.9977734], [11.0301374, 50.9977749], [11.0301808, 50.996827], [11.0301218, 50.9968259], [11.0301233, 50.9967938], [11.0302733, 50.9967966], [11.0302736, 50.9967915], [11.0303674, 50.9967932], [11.0303627, 50.9968961], [11.0308022, 50.996904], [11.0307993, 50.9969665], [11.0303598, 50.9969585]]]}}, {"type": "Feature", "properties": {"id": "120203133_13781590", "height": 2.127868890762329, "type": null, "floors": null}, "geometry": {"type": "Polygon", "coordinates": [[[11.0389364, 50.990651], [11.0389949, 50.9906305], [11.0390268, 50.9906666], [11.0389683, 50.9906871], [11.0389364, 50.990651]]]}}, {"type": "Feature", "properties": {"id": "120203133_13772163", "height": 2.085016727447509, "type": null, "floors": null}, "geometry": {"type": "Polygon", "coordinates": [[[11.0383407, 50.9906899], [11.0383921, 50.9906721], [11.0384624, 50.9907523], [11.038411, 50.9907702], [11.0383407, 50.9906899]]]}}, {"type": "Feature", "properties": {"id": "120203133_13778171", "height": 2.928220510482788, "type": null, "floors": null}, "geometry": {"type": "Polygon", "coordinates": [[[11.0391365, 50.9907794], [11.0390521, 50.9908036], [11.0390187, 50.9907575], [11.0391098, 50.9907313], [11.0390966, 50.9907132], [11.0391544, 50.9906966], [11.0392236, 50.9907922], [11.0391592, 50.9908107], [11.0391365, 50.9907794]]]}}, {"type": "Feature", "properties": {"id": "120203133_13815093", "height": 2.332201957702636, "type": null, "floors": null}, "geometry": {"type": "Polygon", "coordinates": [[[11.0384531, 50.9907812], [11.0384733, 50.9908058], [11.0385347, 50.9907858], [11.038566, 50.9908238], [11.0384073, 50.9908755], [11.0383559, 50.990813], [11.0384531, 50.9907812]]]}}, {"type": "Feature", "properties": {"id": "120203133_13704900", "height": 2.62991452217102, "type": null, "floors": null}, "geometry": {"type": "Polygon", "coordinates": [[[11.039278, 50.9908397], [11.0393261, 50.9909006], [11.0392563, 50.9909225], [11.0392082, 50.9908615], [11.039278, 50.9908397]]]}}, {"type": "Feature", "properties": {"id": "120203133_13803963", "height": 1.9807497262954712, "type": null, "floors": null}, "geometry": {"type": "Polygon", "coordinates": [[[11.0391406, 50.9908848], [11.0391957, 50.9908662], [11.0392493, 50.9909291], [11.0391942, 50.9909477], [11.0391406, 50.9908848]]]}}, {"type": "Feature", "properties": {"id": "120203133_13690214", "height": 2.6936182975769043, "type": null, "floors": null}, "geometry": {"type": "Polygon", "coordinates": [[[11.0384179, 50.9909328], [11.0385258, 50.990905], [11.0385291, 50.9909099], [11.0386163, 50.9908874], [11.0386423, 50.9909273], [11.0386285, 50.9909308], [11.0386459, 50.9909575], [11.0385068, 50.9909933], [11.038497, 50.9909782], [11.0384546, 50.9909892], [11.0384179, 50.9909328]]]}}, {"type": "Feature", "properties": {"id": "120203133_13683278", "height": 1.998079419136047, "type": null, "floors": null}, "geometry": {"type": "Polygon", "coordinates": [[[11.0396529, 50.9909699], [11.0398623, 50.9909067], [11.0398832, 50.9909342], [11.0396738, 50.9909973], [11.0396529, 50.9909699]]]}}, {"type": "Feature", "properties": {"id": "120203133_13710837", "height": 2.688711404800415, "type": null, "floors": null}, "geometry": {"type": "Polygon", "coordinates": [[[11.0387623, 50.9910673], [11.0386686, 50.9910974], [11.0386072, 50.9910216], [11.0386774, 50.9909991], [11.0387052, 50.9910333], [11.0387286, 50.9910258], [11.0387623, 50.9910673]]]}}, {"type": "Feature", "properties": {"id": "120203133_13808264", "height": 2.801535606384277, "type": null, "floors": null}, "geometry": {"type": "Polygon", "coordinates": [[[11.0398206, 50.9910974], [11.0397818, 50.9911076], [11.0397517, 50.9910621], [11.0398717, 50.9910306], [11.0399394, 50.9911327], [11.0398582, 50.991154], [11.0398206, 50.9910974]]]}}, {"type": "Feature", "properties": {"id": "120203133_13809944", "height": 2.683606624603271, "type": null, "floors": null}, "geometry": {"type": "Polygon", "coordinates": [[[11.037993, 50.991012], [11.0379055, 50.9910344], [11.0378704, 50.9909801], [11.0379579, 50.9909577], [11.037993, 50.991012]]]}}, {"type": "Feature", "properties": {"id": "120203133_13723719", "height": 2.075507640838623, "type": null, "floors": null}, "geometry": {"type": "Polygon", "coordinates": [[[11.0366508, 50.9909563], [11.0366929, 50.9910313], [11.0366085, 50.9910501], [11.0365663, 50.9909751], [11.0366508, 50.9909563]]]}}, {"type": "Feature", "properties": {"id": "120203133_13823731", "height": 2.021381616592407, "type": null, "floors": null}, "geometry": {"type": "Polygon", "coordinates": [[[11.0378523, 50.9909838], [11.037884, 50.991034], [11.0378366, 50.9910458], [11.0378049, 50.9909956], [11.0378523, 50.9909838]]]}}, {"type": "Feature", "properties": {"id": "120203133_13789266", "height": 2.241935491561889, "type": null, "floors": null}, "geometry": {"type": "Polygon", "coordinates": [[[11.0360276, 50.9910522], [11.0359489, 50.991072], [11.0359138, 50.9910166], [11.0359925, 50.9909969], [11.0360276, 50.9910522]]]}}, {"type": "Feature", "properties": {"id": "120203133_13743278", "height": 1.9829351902008048, "type": null, "floors": null}, "geometry": {"type": "Polygon", "coordinates": [[[11.0373069, 50.9910253], [11.0373808, 50.9910002], [11.0374285, 50.9910558], [11.0373546, 50.9910809], [11.0373069, 50.9910253]]]}}, {"type": "Feature", "properties": {"id": "120203133_13827940", "height": 2.557000875473022, "type": null, "floors": null}, "geometry": {"type": "Polygon", "coordinates": [[[11.0368299, 50.9911022], [11.0366939, 50.9911225], [11.0366837, 50.9910954], [11.0367345, 50.9910878], [11.036726, 50.9910654], [11.0368112, 50.9910527], [11.0368299, 50.9911022]]]}}, {"type": "Feature", "properties": {"id": "120203133_13819397", "height": 2.44003963470459, "type": null, "floors": null}, "geometry": {"type": "Polygon", "coordinates": [[[11.0360454, 50.9910683], [11.036069, 50.991127], [11.0359958, 50.9911386], [11.0359723, 50.9910799], [11.0360454, 50.9910683]]]}}, {"type": "Feature", "properties": {"id": "120203133_13699709", "height": 2.737987279891967, "type": null, "floors": null}, "geometry": {"type": "Polygon", "coordinates": [[[11.03802, 50.9911508], [11.037902, 50.9911889], [11.0378486, 50.9911233], [11.0380304, 50.9910647], [11.0380833, 50.9911297], [11.0380195, 50.9911502], [11.03802, 50.9911508]]]}}, {"type": "Feature", "properties": {"id": "120203133_13677797", "height": 2.474464654922485, "type": null, "floors": null}, "geometry": {"type": "Polygon", "coordinates": [[[11.0368486, 50.9911371], [11.036882, 50.9911853], [11.0367864, 50.9912115], [11.036753, 50.9911633], [11.0368486, 50.9911371]]]}}, {"type": "Feature", "properties": {"id": "120203133_13710000", "height": 1.9902818202972408, "type": null, "floors": null}, "geometry": {"type": "Polygon", "coordinates": [[[11.0369149, 50.9911803], [11.0370012, 50.9911615], [11.0370276, 50.9912098], [11.0369413, 50.9912286], [11.0369149, 50.9911803]]]}}, {"type": "Feature", "properties": {"id": "120203133_13716016", "height": 2.418521881103515, "type": null, "floors": null}, "geometry": {"type": "Polygon", "coordinates": [[[11.0393463, 50.9911405], [11.0393851, 50.9912016], [11.0393134, 50.9912197], [11.0392746, 50.9911585], [11.0393463, 50.9911405]]]}}, {"type": "Feature", "properties": {"id": "120203133_13831495", "height": 2.398678302764892, "type": null, "floors": null}, "geometry": {"type": "Polygon", "coordinates": [[[11.0393243, 50.9912473], [11.0392475, 50.9912648], [11.0392065, 50.9911939], [11.0392833, 50.9911763], [11.0393243, 50.9912473]]]}}, {"type": "Feature", "properties": {"id": "120203133_13722014", "height": 2.557299375534057, "type": null, "floors": null}, "geometry": {"type": "Polygon", "coordinates": [[[11.0379763, 50.9912069], [11.0380314, 50.991189], [11.0380478, 50.991209], [11.0381092, 50.9911891], [11.0381704, 50.9912637], [11.0380539, 50.9913016], [11.0379763, 50.9912069]]]}}, {"type": "Feature", "properties": {"id": "120203133_13812482", "height": 2.651533365249634, "type": null, "floors": null}, "geometry": {"type": "Polygon", "coordinates": [[[11.0388751, 50.9912877], [11.0390427, 50.9912405], [11.0390817, 50.9912953], [11.0390581, 50.991302], [11.0390747, 50.9913253], [11.0389307, 50.9913658], [11.0388751, 50.9912877]]]}}, {"type": "Feature", "properties": {"id": "120203133_13686827", "height": 2.226857900619507, "type": null, "floors": null}, "geometry": {"type": "Polygon", "coordinates": [[[11.0394487, 50.9912726], [11.0394939, 50.9913314], [11.0393982, 50.9913606], [11.039353, 50.9913017], [11.0394487, 50.9912726]]]}}, {"type": "Feature", "properties": {"id": "120203133_13732203", "height": 1.884820699691772, "type": null, "floors": null}, "geometry": {"type": "Polygon", "coordinates": [[[11.0387389, 50.9914137], [11.0386779, 50.9914321], [11.0386177, 50.9913531], [11.0386787, 50.9913346], [11.0387389, 50.9914137]]]}}, {"type": "Feature", "properties": {"id": "120203133_13836655", "height": 2.321458101272583, "type": null, "floors": null}, "geometry": {"type": "Polygon", "coordinates": [[[11.0390402, 50.9913688], [11.0390581, 50.9914256], [11.0389549, 50.9914385], [11.0389477, 50.9914158], [11.0389658, 50.9914135], [11.038955, 50.9913794], [11.0390402, 50.9913688]]]}}, {"type": "Feature", "properties": {"id": "120203133_13690219", "height": 1.961067795753479, "type": null, "floors": null}, "geometry": {"type": "Polygon", "coordinates": [[[11.0396436, 50.991415], [11.0395672, 50.991438], [11.0395342, 50.9913946], [11.0396106, 50.9913716], [11.0396436, 50.991415]]]}}, {"type": "Feature", "properties": {"id": "120203133_13832355", "height": 2.027545928955078, "type": null, "floors": null}, "geometry": {"type": "Polygon", "coordinates": [[[11.039068, 50.9913768], [11.0391373, 50.9913674], [11.0391628, 50.9914424], [11.0390935, 50.9914517], [11.039068, 50.9913768]]]}}, {"type": "Feature", "properties": {"id": "120203133_13689387", "height": 1.628187894821167, "type": null, "floors": null}, "geometry": {"type": "Polygon", "coordinates": [[[11.0391426, 50.9914639], [11.039199, 50.9914516], [11.0392284, 50.9915049], [11.039172, 50.9915173], [11.0391426, 50.9914639]]]}}, {"type": "Feature", "properties": {"id": "120203133_13729607", "height": 3.636888742446899, "type": null, "floors": null}, "geometry": {"type": "Polygon", "coordinates": [[[11.0388643, 50.9915815], [11.0387661, 50.9916018], [11.0387096, 50.9914937], [11.0388078, 50.9914733], [11.0388643, 50.9915815]]]}}, {"type": "Feature", "properties": {"id": "120203133_13739878", "height": 1.96622610092163, "type": null, "floors": null}, "geometry": {"type": "Polygon", "coordinates": [[[11.0393929, 50.9916667], [11.0394844, 50.9916488], [11.0395149, 50.9917103], [11.0394234, 50.9917283], [11.0393929, 50.9916667]]]}}, {"type": "Feature", "properties": {"id": "120203133_13742433", "height": 2.56948971748352, "type": null, "floors": null}, "geometry": {"type": "Polygon", "coordinates": [[[11.0397955, 50.9917199], [11.0396559, 50.991752], [11.0396253, 50.9916993], [11.0397649, 50.9916672], [11.0397955, 50.9917199]]]}}, {"type": "Feature", "properties": {"id": "120203133_13723726", "height": 4.530267238616943, "type": null, "floors": null}, "geometry": {"type": "Polygon", "coordinates": [[[11.0381461, 50.9916528], [11.0384625, 50.9915794], [11.0385905, 50.9917979], [11.0383284, 50.9918587], [11.0382692, 50.9917576], [11.0383141, 50.9917472], [11.0382975, 50.991719], [11.0381983, 50.991742], [11.0381461, 50.9916528]]]}}, {"type": "Feature", "properties": {"id": "120203133_13815938", "height": 2.697834730148315, "type": null, "floors": null}, "geometry": {"type": "Polygon", "coordinates": [[[11.0390328, 50.9916895], [11.0390544, 50.9917268], [11.0389454, 50.9917517], [11.0389239, 50.9917145], [11.0390328, 50.9916895]]]}}, {"type": "Feature", "properties": {"id": "120203133_13772167", "height": 2.576458692550659, "type": null, "floors": null}, "geometry": {"type": "Polygon", "coordinates": [[[11.0390742, 50.9917415], [11.0391564, 50.9917129], [11.0391932, 50.9917549], [11.039111, 50.9917835], [11.0390742, 50.9917415]]]}}, {"type": "Feature", "properties": {"id": "120203133_13716826", "height": 2.0, "type": null, "floors": null}, "geometry": {"type": "Polygon", "coordinates": [[[11.0390961, 50.9918757], [11.0391995, 50.9918453], [11.0392232, 50.9918771], [11.0391198, 50.9919076], [11.0390961, 50.9918757]]]}}, {"type": "Feature", "properties": {"id": "120203133_13826275", "height": 2.744175434112549, "type": null, "floors": null}, "geometry": {"type": "Polygon", "coordinates": [[[11.0385959, 50.9918856], [11.0384284, 50.9919372], [11.0383913, 50.9918895], [11.0385588, 50.9918379], [11.0385959, 50.9918856]]]}}, {"type": "Feature", "properties": {"id": "120203133_13774783", "height": 4.278477668762207, "type": null, "floors": null}, "geometry": {"type": "Polygon", "coordinates": [[[11.0397101, 50.9918856], [11.039595, 50.9919178], [11.0396073, 50.9919353], [11.0392915, 50.9920236], [11.0392224, 50.9919258], [11.0395011, 50.9918478], [11.0394826, 50.9918216], [11.039599, 50.991789], [11.0396349, 50.9918398], [11.0396707, 50.9918298], [11.0397101, 50.9918856]]]}}, {"type": "Feature", "properties": {"id": "120203133_13691961", "height": 1.8368580341339111, "type": null, "floors": null}, "geometry": {"type": "Polygon", "coordinates": [[[11.0384821, 50.9919355], [11.0385401, 50.9919179], [11.0385564, 50.9919393], [11.0384985, 50.9919568], [11.0384821, 50.9919355]]]}}, {"type": "Feature", "properties": {"id": "120203133_13726237", "height": 2.408627510070801, "type": null, "floors": null}, "geometry": {"type": "Polygon", "coordinates": [[[11.0373153, 50.9917982], [11.0374332, 50.9917563], [11.0374666, 50.9917934], [11.0373487, 50.9918353], [11.0373153, 50.9917982]]]}}, {"type": "Feature", "properties": {"id": "120203133_13697102", "height": 2.887295007705688, "type": null, "floors": null}, "geometry": {"type": "Polygon", "coordinates": [[[11.0368395, 50.9919359], [11.0367957, 50.991877], [11.0368881, 50.9918498], [11.0369319, 50.9919087], [11.0368395, 50.9919359]]]}}, {"type": "Feature", "properties": {"id": "120203133_13691079", "height": 2.794135332107544, "type": null, "floors": null}, "geometry": {"type": "Polygon", "coordinates": [[[11.037363, 50.9918991], [11.0374459, 50.991878], [11.0374964, 50.9919562], [11.0374135, 50.9919774], [11.037363, 50.9918991]]]}}, {"type": "Feature", "properties": {"id": "120203133_13787611", "height": 2.62607455253601, "type": null, "floors": null}, "geometry": {"type": "Polygon", "coordinates": [[[11.0364747, 50.9919794], [11.0363363, 50.9920109], [11.0363131, 50.9919706], [11.0364516, 50.9919391], [11.0364747, 50.9919794]]]}}, {"type": "Feature", "properties": {"id": "120203133_13826271", "height": 2.844362735748291, "type": null, "floors": null}, "geometry": {"type": "Polygon", "coordinates": [[[11.036681, 50.9920083], [11.0367105, 50.9920465], [11.0366325, 50.9920704], [11.0366029, 50.9920322], [11.036681, 50.9920083]]]}}, {"type": "Feature", "properties": {"id": "120203133_13733027", "height": 2.909780025482177, "type": null, "floors": null}, "geometry": {"type": "Polygon", "coordinates": [[[11.0376072, 50.9920632], [11.0375196, 50.9920868], [11.0374804, 50.992029], [11.037568, 50.9920055], [11.0376072, 50.9920632]]]}}, {"type": "Feature", "properties": {"id": "120203133_13812477", "height": 2.426742553710937, "type": null, "floors": null}, "geometry": {"type": "Polygon", "coordinates": [[[11.0368325, 50.9920756], [11.0369222, 50.9920371], [11.0369747, 50.9920856], [11.0368849, 50.9921241], [11.0368325, 50.9920756]]]}}, {"type": "Feature", "properties": {"id": "120203133_13797124", "height": 2.297555685043335, "type": null, "floors": null}, "geometry": {"type": "Polygon", "coordinates": [[[11.0368839, 50.992128], [11.0368299, 50.9921558], [11.036707, 50.9920612], [11.0367611, 50.9920334], [11.0368839, 50.992128]]]}}, {"type": "Feature", "properties": {"id": "120203133_13761923", "height": 2.611819267272949, "type": null, "floors": null}, "geometry": {"type": "Polygon", "coordinates": [[[11.0377702, 50.992141], [11.037665, 50.9921605], [11.037649, 50.9921263], [11.0377542, 50.9921068], [11.0377702, 50.992141]]]}}, {"type": "Feature", "properties": {"id": "120203133_13696205", "height": 2.624124526977539, "type": null, "floors": null}, "geometry": {"type": "Polygon", "coordinates": [[[11.0376232, 50.9921798], [11.0377704, 50.9921451], [11.037781, 50.9921628], [11.0377325, 50.9921743], [11.0377475, 50.9921994], [11.0376487, 50.9922227], [11.0376232, 50.9921798]]]}}, {"type": "Feature", "properties": {"id": "120203133_13806590", "height": 2.006677865982055, "type": null, "floors": null}, "geometry": {"type": "Polygon", "coordinates": [[[11.0391585, 50.9920039], [11.0392124, 50.9919878], [11.0392742, 50.99207], [11.0392204, 50.9920861], [11.0391585, 50.9920039]]]}}, {"type": "Feature", "properties": {"id": "120203133_13809945", "height": 2.580991744995117, "type": null, "floors": null}, "geometry": {"type": "Polygon", "coordinates": [[[11.0384076, 50.9920476], [11.0384716, 50.9921333], [11.0383669, 50.9921642], [11.038303, 50.9920785], [11.0384076, 50.9920476]]]}}, {"type": "Feature", "properties": {"id": "120203133_13821990", "height": 2.7724921703338623, "type": null, "floors": null}, "geometry": {"type": "Polygon", "coordinates": [[[11.0390635, 50.9921368], [11.0392116, 50.9920864], [11.0392509, 50.9921321], [11.0391028, 50.9921825], [11.0390635, 50.9921368]]]}}, {"type": "Feature", "properties": {"id": "120203133_13703980", "height": 2.154850721359253, "type": null, "floors": null}, "geometry": {"type": "Polygon", "coordinates": [[[11.0387747, 50.9921052], [11.0388034, 50.9921483], [11.0387076, 50.9921736], [11.0386789, 50.9921306], [11.0387747, 50.9921052]]]}}, {"type": "Feature", "properties": {"id": "120203133_13697107", "height": 2.666666746139526, "type": null, "floors": null}, "geometry": {"type": "Polygon", "coordinates": [[[11.0397092, 50.9922314], [11.0397417, 50.9922669], [11.0396593, 50.9922969], [11.0396268, 50.9922614], [11.0397092, 50.9922314]]]}}, {"type": "Feature", "properties": {"id": "120203133_13741590", "height": 1.587335348129272, "type": null, "floors": null}, "geometry": {"type": "Polygon", "coordinates": [[[11.0388145, 50.9923009], [11.0387684, 50.9922384], [11.0388756, 50.992207], [11.0389484, 50.9923056], [11.038891, 50.9923224], [11.0388644, 50.9922863], [11.0388145, 50.9923009]]]}}, {"type": "Feature", "properties": {"id": "120203133_13778173", "height": 1.9982743263244631, "type": null, "floors": null}, "geometry": {"type": "Polygon", "coordinates": [[[11.0397548, 50.9922596], [11.0398305, 50.9922346], [11.0398757, 50.9922889], [11.0398, 50.9923139], [11.0397548, 50.9922596]]]}}, {"type": "Feature", "properties": {"id": "120203133_13781589", "height": 1.0, "type": null, "floors": null}, "geometry": {"type": "Polygon", "coordinates": [[[11.0388617, 50.9922909], [11.038881, 50.9923152], [11.0388466, 50.992326], [11.0388273, 50.9923016], [11.0388617, 50.9922909]]]}}, {"type": "Feature", "properties": {"id": "120203133_13714226", "height": 1.998285770416259, "type": null, "floors": null}, "geometry": {"type": "Polygon", "coordinates": [[[11.0397591, 50.9923901], [11.0398254, 50.9923807], [11.0398097, 50.9923366], [11.0398745, 50.9923275], [11.0398977, 50.9923924], [11.0398482, 50.9923994], [11.0398601, 50.9924325], [11.0398227, 50.9924378], [11.0398166, 50.9924207], [11.0397723, 50.992427], [11.0397591, 50.9923901]]]}}, {"type": "Feature", "properties": {"id": "120203133_13719385", "height": 2.763616561889648, "type": null, "floors": null}, "geometry": {"type": "Polygon", "coordinates": [[[11.039399, 50.9923629], [11.0394621, 50.9923477], [11.039497, 50.9924052], [11.0394339, 50.9924204], [11.039399, 50.9923629]]]}}, {"type": "Feature", "properties": {"id": "120203133_13788434", "height": 1.296969652175903, "type": null, "floors": null}, "geometry": {"type": "Polygon", "coordinates": [[[11.0359318, 50.992206], [11.0359371, 50.9922291], [11.035874, 50.9922349], [11.0358687, 50.9922117], [11.0359318, 50.992206]]]}}, {"type": "Feature", "properties": {"id": "120203133_13716819", "height": 2.513166427612304, "type": null, "floors": null}, "geometry": {"type": "Polygon", "coordinates": [[[11.0361435, 50.9922345], [11.03627, 50.9922008], [11.0363018, 50.9922481], [11.0361753, 50.9922818], [11.0361435, 50.9922345]]]}}, {"type": "Feature", "properties": {"id": "120203133_13714216", "height": 2.597543239593506, "type": null, "floors": null}, "geometry": {"type": "Polygon", "coordinates": [[[11.0371616, 50.9922244], [11.0371998, 50.9922756], [11.0370996, 50.9923052], [11.0370614, 50.9922541], [11.0371616, 50.9922244]]]}}, {"type": "Feature", "properties": {"id": "120203133_13726235", "height": 3.380316972732544, "type": null, "floors": null}, "geometry": {"type": "Polygon", "coordinates": [[[11.0370882, 50.9923051], [11.0370097, 50.9923369], [11.0369597, 50.992288], [11.0370382, 50.9922562], [11.0370882, 50.9923051]]]}}, {"type": "Feature", "properties": {"id": "120203133_13805708", "height": 2.659717559814453, "type": null, "floors": null}, "geometry": {"type": "Polygon", "coordinates": [[[11.0360382, 50.9923279], [11.0359533, 50.9923499], [11.0359089, 50.992282], [11.0359938, 50.99226], [11.0360382, 50.9923279]]]}}, {"type": "Feature", "properties": {"id": "120203133_13779048", "height": 1.7894736528396602, "type": null, "floors": null}, "geometry": {"type": "Polygon", "coordinates": [[[11.0372624, 50.992325], [11.0371922, 50.992344], [11.0371718, 50.9923141], [11.037242, 50.9922951], [11.0372624, 50.992325]]]}}, {"type": "Feature", "properties": {"id": "120203133_13780745", "height": 3.020442962646484, "type": null, "floors": null}, "geometry": {"type": "Polygon", "coordinates": [[[11.0380069, 50.9923528], [11.0379543, 50.9923702], [11.0379212, 50.9923305], [11.0379738, 50.9923131], [11.0380069, 50.9923528]]]}}, {"type": "Feature", "properties": {"id": "120203133_13719380", "height": 2.65483546257019, "type": null, "floors": null}, "geometry": {"type": "Polygon", "coordinates": [[[11.0362868, 50.9923119], [11.0363123, 50.9923568], [11.0361385, 50.9923958], [11.0361131, 50.9923509], [11.0362868, 50.9923119]]]}}, {"type": "Feature", "properties": {"id": "120203133_13806585", "height": 3.050488710403442, "type": null, "floors": null}, "geometry": {"type": "Polygon", "coordinates": [[[11.0378314, 50.992403], [11.0379311, 50.9923731], [11.0379655, 50.9924185], [11.0378658, 50.9924484], [11.0378314, 50.992403]]]}}, {"type": "Feature", "properties": {"id": "120203133_13757602", "height": 2.920874118804931, "type": null, "floors": null}, "geometry": {"type": "Polygon", "coordinates": [[[11.0363018, 50.9923716], [11.0363364, 50.9924321], [11.0362485, 50.992452], [11.0362139, 50.9923915], [11.0363018, 50.9923716]]]}}, {"type": "Feature", "properties": {"id": "120203133_13703101", "height": 8.034384727478027, "type": null, "floors": null}, "geometry": {"type": "Polygon", "coordinates": [[[11.0416847, 50.9914605], [11.041784, 50.9922144], [11.0419588, 50.9922053], [11.0418308, 50.9912345], [11.0425847, 50.9911951], [11.0426123, 50.9914047], [11.0424804, 50.9915142], [11.0427534, 50.9935877], [11.0424914, 50.9936013], [11.042485, 50.9935529], [11.0420098, 50.9933259], [11.0420019, 50.9933324], [11.0419221, 50.9931965], [11.0420236, 50.9931912], [11.0421006, 50.9933222], [11.0420738, 50.9931191], [11.0418681, 50.9930208], [11.0420185, 50.9928961], [11.0420946, 50.9928921], [11.0417721, 50.9923434], [11.0417129, 50.9923464], [11.0417378, 50.9925359], [11.0407751, 50.9925862], [11.0406952, 50.9919792], [11.0415034, 50.991937], [11.0414656, 50.9916497], [11.0408764, 50.9917869], [11.0408105, 50.9916747], [11.0409731, 50.9915398], [11.041086, 50.9915339], [11.0411403, 50.9914889], [11.0416847, 50.9914605]]]}}, {"type": "Feature", "properties": {"id": "120203133_13705702", "height": 3.230827093124389, "type": null, "floors": null}, "geometry": {"type": "Polygon", "coordinates": [[[11.0399513, 50.9925428], [11.0398238, 50.9925766], [11.0397969, 50.9925365], [11.0399245, 50.9925026], [11.0399513, 50.9925428]]]}}, {"type": "Feature", "properties": {"id": "120203133_13801401", "height": 3.694607257843017, "type": null, "floors": null}, "geometry": {"type": "Polygon", "coordinates": [[[11.0400708, 50.9926435], [11.0399517, 50.9926616], [11.0399282, 50.9926004], [11.0400473, 50.9925823], [11.0400708, 50.9926435]]]}}, {"type": "Feature", "properties": {"id": "120203133_13674528", "height": 2.207136154174804, "type": null, "floors": null}, "geometry": {"type": "Polygon", "coordinates": [[[11.0417719, 50.9927414], [11.0416415, 50.9927432], [11.0416377, 50.9926335], [11.0417681, 50.9926317], [11.0417719, 50.9927414]]]}}, {"type": "Feature", "properties": {"id": "120203133_13762763", "height": 3.267441749572754, "type": null, "floors": null}, "geometry": {"type": "Polygon", "coordinates": [[[11.0401039, 50.9928084], [11.0400146, 50.9928164], [11.0400029, 50.9927651], [11.0400923, 50.9927571], [11.0401039, 50.9928084]]]}}, {"type": "Feature", "properties": {"id": "120203133_13694499", "height": 3.723240137100219, "type": null, "floors": null}, "geometry": {"type": "Polygon", "coordinates": [[[11.0400222, 50.9929389], [11.0400177, 50.9928793], [11.0400963, 50.9928769], [11.0401008, 50.9929365], [11.0400222, 50.9929389]]]}}, {"type": "Feature", "properties": {"id": "120203133_13689392", "height": 12.743939399719238, "type": null, "floors": null}, "geometry": {"type": "Polygon", "coordinates": [[[11.0412595, 50.9927039], [11.0412505, 50.9929754], [11.0413278, 50.9929907], [11.0413186, 50.9932697], [11.0414465, 50.9932949], [11.0414443, 50.9933613], [11.0413948, 50.9933607], [11.0413581, 50.9933535], [11.0413212, 50.993353], [11.0413168, 50.9934846], [11.0412388, 50.9934836], [11.0412388, 50.9934836], [11.0407029, 50.9934766], [11.0407077, 50.9933298], [11.0406695, 50.9933293], [11.0406435, 50.9933241], [11.0406457, 50.993258], [11.0406887, 50.9932586], [11.0407059, 50.9932241], [11.0407141, 50.9929753], [11.0407915, 50.9929763], [11.0407997, 50.9929599], [11.0407521, 50.9929505], [11.0407042, 50.9929499], [11.0407119, 50.9927156], [11.0407119, 50.9927156], [11.0407125, 50.9926967], [11.0412595, 50.9927039]]]}}, {"type": "Feature", "properties": {"id": "120203133_13773911", "height": 3.472800970077514, "type": null, "floors": null}, "geometry": {"type": "Polygon", "coordinates": [[[11.040006, 50.993234], [11.0399014, 50.9932358], [11.0398982, 50.9931609], [11.0400027, 50.9931591], [11.040006, 50.993234]]]}}, {"type": "Feature", "properties": {"id": "120203133_13679577", "height": 3.011056423187256, "type": null, "floors": null}, "geometry": {"type": "Polygon", "coordinates": [[[11.0400187, 50.9932376], [11.0400225, 50.9932949], [11.0399582, 50.9932966], [11.0399544, 50.9932393], [11.0400187, 50.9932376]]]}}, {"type": "Feature", "properties": {"id": "120203133_13739881", "height": 2.812584638595581, "type": null, "floors": null}, "geometry": {"type": "Polygon", "coordinates": [[[11.0400105, 50.9937149], [11.039937, 50.9937291], [11.0399468, 50.9937492], [11.0398489, 50.9937682], [11.039799, 50.9936664], [11.0398897, 50.9936488], [11.0399123, 50.9936951], [11.0399932, 50.9936794], [11.0400105, 50.9937149]]]}}, {"type": "Feature", "properties": {"id": "120203133_13701435", "height": 1.960703253746032, "type": null, "floors": null}, "geometry": {"type": "Polygon", "coordinates": [[[11.0387712, 50.9923774], [11.0388549, 50.9923511], [11.0388881, 50.992393], [11.0388044, 50.9924193], [11.0387712, 50.9923774]]]}}, {"type": "Feature", "properties": {"id": "120203133_13799672", "height": 1.377926468849182, "type": null, "floors": null}, "geometry": {"type": "Polygon", "coordinates": [[[11.0387999, 50.9924221], [11.038769, 50.992431], [11.0387424, 50.9923948], [11.0387734, 50.9923859], [11.0387999, 50.9924221]]]}}, {"type": "Feature", "properties": {"id": "120203133_13704901", "height": 2.022857189178467, "type": null, "floors": null}, "geometry": {"type": "Polygon", "coordinates": [[[11.039407, 50.9923906], [11.0394347, 50.9924186], [11.0394142, 50.9924266], [11.0393865, 50.9923987], [11.039407, 50.9923906]]]}}, {"type": "Feature", "properties": {"id": "120203133_13764497", "height": 2.432251930236816, "type": null, "floors": null}, "geometry": {"type": "Polygon", "coordinates": [[[11.0388911, 50.9924497], [11.0387959, 50.9924791], [11.0387648, 50.992439], [11.03886, 50.9924097], [11.0388911, 50.9924497]]]}}, {"type": "Feature", "properties": {"id": "120203133_13796303", "height": 1.812941193580627, "type": null, "floors": null}, "geometry": {"type": "Polygon", "coordinates": [[[11.0396928, 50.9925371], [11.0395785, 50.9925743], [11.0395566, 50.9925477], [11.0396709, 50.9925105], [11.0396928, 50.9925371]]]}}, {"type": "Feature", "properties": {"id": "120203133_13722868", "height": 2.409701585769653, "type": null, "floors": null}, "geometry": {"type": "Polygon", "coordinates": [[[11.0386691, 50.9925601], [11.0388023, 50.992516], [11.0388321, 50.9925517], [11.038699, 50.9925958], [11.0386691, 50.9925601]]]}}, {"type": "Feature", "properties": {"id": "120203133_13795433", "height": 1.344205379486084, "type": null, "floors": null}, "geometry": {"type": "Polygon", "coordinates": [[[11.0391098, 50.9926285], [11.0390408, 50.9926531], [11.0389763, 50.9925815], [11.0390453, 50.9925569], [11.0391098, 50.9926285]]]}}, {"type": "Feature", "properties": {"id": "120203133_13808262", "height": 3.754832983016967, "type": null, "floors": null}, "geometry": {"type": "Polygon", "coordinates": [[[11.0379764, 50.9926681], [11.0380747, 50.992638], [11.0381074, 50.9926803], [11.0380091, 50.9927104], [11.0379764, 50.9926681]]]}}, {"type": "Feature", "properties": {"id": "120203133_13741593", "height": 1.971299052238464, "type": null, "floors": null}, "geometry": {"type": "Polygon", "coordinates": [[[11.0389713, 50.9927304], [11.0391369, 50.9926803], [11.0391593, 50.9927097], [11.0389937, 50.9927598], [11.0389713, 50.9927304]]]}}, {"type": "Feature", "properties": {"id": "120203133_13718559", "height": 1.0, "type": null, "floors": null}, "geometry": {"type": "Polygon", "coordinates": [[[11.0392167, 50.9927644], [11.0391347, 50.9927862], [11.0391122, 50.9927526], [11.0391942, 50.9927308], [11.0392167, 50.9927644]]]}}, {"type": "Feature", "properties": {"id": "120203133_13747611", "height": 1.0, "type": null, "floors": null}, "geometry": {"type": "Polygon", "coordinates": [[[11.0392295, 50.9927935], [11.0392444, 50.9928207], [11.0391964, 50.9928311], [11.0391815, 50.992804], [11.0392295, 50.9927935]]]}}, {"type": "Feature", "properties": {"id": "120203133_13743280", "height": 2.0, "type": null, "floors": null}, "geometry": {"type": "Polygon", "coordinates": [[[11.0389166, 50.9928275], [11.0390097, 50.9928046], [11.0390242, 50.992828], [11.0389311, 50.9928509], [11.0389166, 50.9928275]]]}}, {"type": "Feature", "properties": {"id": "120203133_13727030", "height": 1.992926597595214, "type": null, "floors": null}, "geometry": {"type": "Polygon", "coordinates": [[[11.0391258, 50.9928543], [11.0392555, 50.992829], [11.0392732, 50.992865], [11.0391436, 50.9928904], [11.0391258, 50.9928543]]]}}, {"type": "Feature", "properties": {"id": "120203133_13744173", "height": 3.229761838912964, "type": null, "floors": null}, "geometry": {"type": "Polygon", "coordinates": [[[11.0383405, 50.9928753], [11.0384417, 50.9928515], [11.0384505, 50.9928663], [11.038507, 50.9928531], [11.0385263, 50.9928857], [11.0384981, 50.9928923], [11.0385288, 50.9929442], [11.0383993, 50.9929746], [11.0383405, 50.9928753]]]}}, {"type": "Feature", "properties": {"id": "120203133_13676346", "height": 1.98349380493164, "type": null, "floors": null}, "geometry": {"type": "Polygon", "coordinates": [[[11.0393181, 50.9929173], [11.0393941, 50.9929123], [11.0394012, 50.9929551], [11.0393252, 50.99296], [11.0393181, 50.9929173]]]}}, {"type": "Feature", "properties": {"id": "120203133_13692826", "height": 2.478911638259887, "type": null, "floors": null}, "geometry": {"type": "Polygon", "coordinates": [[[11.0385064, 50.9930332], [11.038645, 50.9929785], [11.0386793, 50.9930129], [11.0385407, 50.9930677], [11.0385064, 50.9930332]]]}}, {"type": "Feature", "properties": {"id": "120203133_13829719", "height": 2.054025411605835, "type": null, "floors": null}, "geometry": {"type": "Polygon", "coordinates": [[[11.0394897, 50.9930761], [11.0394971, 50.9931143], [11.039387, 50.9931227], [11.0393797, 50.9930845], [11.0394897, 50.9930761]]]}}, {"type": "Feature", "properties": {"id": "120203133_13839282", "height": 2.285456657409668, "type": null, "floors": null}, "geometry": {"type": "Polygon", "coordinates": [[[11.0393132, 50.9931486], [11.0394991, 50.9931322], [11.0395079, 50.993172], [11.039322, 50.9931883], [11.0393132, 50.9931486]]]}}, {"type": "Feature", "properties": {"id": "120203133_13714221", "height": 3.440173625946045, "type": null, "floors": null}, "geometry": {"type": "Polygon", "coordinates": [[[11.038849, 50.9931938], [11.0387409, 50.9932305], [11.0386961, 50.9931781], [11.0388042, 50.9931415], [11.038849, 50.9931938]]]}}, {"type": "Feature", "properties": {"id": "120203133_13773037", "height": 2.0, "type": null, "floors": null}, "geometry": {"type": "Polygon", "coordinates": [[[11.0394699, 50.9932412], [11.0395783, 50.9932277], [11.0395908, 50.9932673], [11.0394824, 50.9932808], [11.0394699, 50.9932412]]]}}, {"type": "Feature", "properties": {"id": "120203133_13718550", "height": 3.619296073913574, "type": null, "floors": null}, "geometry": {"type": "Polygon", "coordinates": [[[11.0339395, 50.9918545], [11.0340157, 50.9918847], [11.0339504, 50.99195], [11.0338743, 50.9919199], [11.0339395, 50.9918545]]]}}, {"type": "Feature", "properties": {"id": "120203133_13830596", "height": 1.857959985733032, "type": null, "floors": null}, "geometry": {"type": "Polygon", "coordinates": [[[11.0354268, 50.9919525], [11.0354574, 50.9919453], [11.0354398, 50.9919156], [11.0354948, 50.9919027], [11.0355301, 50.9919619], [11.0354444, 50.9919821], [11.0354268, 50.9919525]]]}}, {"type": "Feature", "properties": {"id": "120203133_13689371", "height": 3.54860520362854, "type": null, "floors": null}, "geometry": {"type": "Polygon", "coordinates": [[[11.0343021, 50.9919796], [11.0342622, 50.9920111], [11.0341583, 50.991959], [11.0341982, 50.9919274], [11.0343021, 50.9919796]]]}}, {"type": "Feature", "properties": {"id": "120203133_13749275", "height": 1.970183491706848, "type": null, "floors": null}, "geometry": {"type": "Polygon", "coordinates": [[[11.0352996, 50.9919794], [11.0353802, 50.9919589], [11.0354073, 50.9920009], [11.0353266, 50.9920215], [11.0352996, 50.9919794]]]}}, {"type": "Feature", "properties": {"id": "120203133_13738161", "height": 3.405003309249878, "type": null, "floors": null}, "geometry": {"type": "Polygon", "coordinates": [[[11.0340836, 50.9919504], [11.0341623, 50.9919797], [11.034103, 50.9920428], [11.0340243, 50.9920135], [11.0340836, 50.9919504]]]}}, {"type": "Feature", "properties": {"id": "120203133_13727015", "height": 3.565062284469604, "type": null, "floors": null}, "geometry": {"type": "Polygon", "coordinates": [[[11.0343415, 50.991982], [11.0344249, 50.9920171], [11.0343803, 50.9920591], [11.0342969, 50.992024], [11.0343415, 50.991982]]]}}, {"type": "Feature", "properties": {"id": "120203133_13691073", "height": 3.242032766342163, "type": null, "floors": null}, "geometry": {"type": "Polygon", "coordinates": [[[11.0342776, 50.9920502], [11.0342454, 50.9920371], [11.0342661, 50.9920168], [11.034364, 50.9920565], [11.0343164, 50.9921031], [11.0342508, 50.9920765], [11.0342776, 50.9920502]]]}}, {"type": "Feature", "properties": {"id": "120203133_13730461", "height": 11.325809478759766, "type": null, "floors": null}, "geometry": {"type": "Polygon", "coordinates": [[[11.0330969, 50.9919126], [11.0330922, 50.9922789], [11.0328814, 50.9922778], [11.0328825, 50.99219], [11.0329361, 50.9921903], [11.0329391, 50.9919641], [11.0328828, 50.9919638], [11.0328834, 50.9919115], [11.0330969, 50.9919126]]]}}, {"type": "Feature", "properties": {"id": "120203133_13703089", "height": 2.491405487060547, "type": null, "floors": null}, "geometry": {"type": "Polygon", "coordinates": [[[11.0355501, 50.9920836], [11.0356238, 50.9920648], [11.0356574, 50.9921171], [11.0355836, 50.9921359], [11.0355501, 50.9920836]]]}}, {"type": "Feature", "properties": {"id": "120203133_13794596", "height": 1.781487107276916, "type": null, "floors": null}, "geometry": {"type": "Polygon", "coordinates": [[[11.0346672, 50.9921456], [11.0345998, 50.9922137], [11.0343794, 50.9921274], [11.0344191, 50.9920873], [11.0344945, 50.9921168], [11.0345222, 50.9920888], [11.0346672, 50.9921456]]]}}, {"type": "Feature", "properties": {"id": "120203133_13676308", "height": 11.46904468536377, "type": null, "floors": null}, "geometry": {"type": "Polygon", "coordinates": [[[11.0323826, 50.9916755], [11.0323649, 50.9917282], [11.0324933, 50.9917452], [11.032433, 50.9919246], [11.0321326, 50.9918847], [11.0322105, 50.9916526], [11.0323826, 50.9916755]]]}}, {"type": "Feature", "properties": {"id": "120203133_13672812", "height": 2.551391363143921, "type": null, "floors": null}, "geometry": {"type": "Polygon", "coordinates": [[[11.0327484, 50.9917301], [11.0327174, 50.9919103], [11.0326299, 50.9919043], [11.0326609, 50.9917241], [11.0327484, 50.9917301]]]}}, {"type": "Feature", "properties": {"id": "120203133_13717701", "height": 2.762648820877075, "type": null, "floors": null}, "geometry": {"type": "Polygon", "coordinates": [[[11.0309951, 50.9918491], [11.0309891, 50.9919232], [11.0309072, 50.9919205], [11.0309133, 50.9918464], [11.0309951, 50.9918491]]]}}, {"type": "Feature", "properties": {"id": "120203133_13743269", "height": 4.198859214782715, "type": null, "floors": null}, "geometry": {"type": "Polygon", "coordinates": [[[11.0314049, 50.9919013], [11.03162, 50.9919284], [11.0316042, 50.9919781], [11.0313891, 50.991951], [11.0314049, 50.9919013]]]}}, {"type": "Feature", "properties": {"id": "120203133_13704886", "height": 3.305128097534179, "type": null, "floors": null}, "geometry": {"type": "Polygon", "coordinates": [[[11.0319858, 50.9919672], [11.0322764, 50.9920007], [11.0322594, 50.9920595], [11.0319687, 50.992026], [11.0319858, 50.9919672]]]}}, {"type": "Feature", "properties": {"id": "120203133_13828801", "height": 8.780537605285645, "type": null, "floors": null}, "geometry": {"type": "Polygon", "coordinates": [[[11.0313817, 50.9920997], [11.0313487, 50.9922], [11.0307947, 50.9921279], [11.0308277, 50.9920275], [11.0313817, 50.9920997]]]}}, {"type": "Feature", "properties": {"id": "120203133_13767095", "height": 10.615145683288574, "type": null, "floors": null}, "geometry": {"type": "Polygon", "coordinates": [[[11.0320885, 50.9921805], [11.0320629, 50.9922809], [11.0314259, 50.9922165], [11.0314515, 50.9921161], [11.0320885, 50.9921805]]]}}, {"type": "Feature", "properties": {"id": "120203133_13809933", "height": 12.21243953704834, "type": null, "floors": null}, "geometry": {"type": "Polygon", "coordinates": [[[11.0327262, 50.9922246], [11.0327113, 50.992325], [11.032137, 50.9922913], [11.0321519, 50.9921908], [11.0327262, 50.9922246]]]}}, {"type": "Feature", "properties": {"id": "120203133_13737331", "height": 10.56782054901123, "type": null, "floors": null}, "geometry": {"type": "Polygon", "coordinates": [[[11.0315903, 50.9925782], [11.0315103, 50.9929261], [11.0313002, 50.992907], [11.0313467, 50.9927046], [11.0314019, 50.9927096], [11.0314089, 50.9926789], [11.0313564, 50.9926741], [11.0313828, 50.9925593], [11.0315903, 50.9925782]]]}}, {"type": "Feature", "properties": {"id": "120203133_13671032", "height": 9.698858261108398, "type": null, "floors": null}, "geometry": {"type": "Polygon", "coordinates": [[[11.0320884, 50.9926271], [11.0320307, 50.992918], [11.0318177, 50.9929012], [11.0318398, 50.9927899], [11.0318874, 50.9927936], [11.0319062, 50.9926989], [11.0318735, 50.9926963], [11.0318788, 50.9926697], [11.0319184, 50.9926728], [11.03193, 50.9926146], [11.0320884, 50.9926271]]]}}, {"type": "Feature", "properties": {"id": "120203133_13719375", "height": 2.170854330062866, "type": null, "floors": null}, "geometry": {"type": "Polygon", "coordinates": [[[11.033651, 50.9921272], [11.0336982, 50.9921465], [11.0336565, 50.9921869], [11.0336094, 50.9921676], [11.033651, 50.9921272]]]}}, {"type": "Feature", "properties": {"id": "120203133_13696199", "height": 2.434545516967773, "type": null, "floors": null}, "geometry": {"type": "Polygon", "coordinates": [[[11.0356939, 50.9921843], [11.0356182, 50.9922076], [11.0355769, 50.9921545], [11.0356526, 50.9921312], [11.0356939, 50.9921843]]]}}, {"type": "Feature", "properties": {"id": "120203133_13782435", "height": 3.096453189849853, "type": null, "floors": null}, "geometry": {"type": "Polygon", "coordinates": [[[11.0347641, 50.9921866], [11.0347979, 50.9922], [11.0347182, 50.9922799], [11.0346074, 50.9922361], [11.0346697, 50.9921737], [11.0347466, 50.9922041], [11.0347641, 50.9921866]]]}}, {"type": "Feature", "properties": {"id": "120203133_13811617", "height": 2.158931016921997, "type": null, "floors": null}, "geometry": {"type": "Polygon", "coordinates": [[[11.034816, 50.992207], [11.0348766, 50.9922294], [11.0348397, 50.9922689], [11.0347791, 50.9922465], [11.034816, 50.992207]]]}}, {"type": "Feature", "properties": {"id": "120203133_13807395", "height": 2.384482860565185, "type": null, "floors": null}, "geometry": {"type": "Polygon", "coordinates": [[[11.0347182, 50.9922831], [11.0347545, 50.9922454], [11.0348055, 50.9922649], [11.0347692, 50.9923026], [11.0347182, 50.9922831]]]}}, {"type": "Feature", "properties": {"id": "120203133_13672822", "height": 2.469072103500366, "type": null, "floors": null}, "geometry": {"type": "Polygon", "coordinates": [[[11.0348071, 50.9922713], [11.0348751, 50.992299], [11.034847, 50.9923264], [11.0347789, 50.9922986], [11.0348071, 50.9922713]]]}}, {"type": "Feature", "properties": {"id": "120203133_13677789", "height": 3.36703610420227, "type": null, "floors": null}, "geometry": {"type": "Polygon", "coordinates": [[[11.0338019, 50.9923421], [11.0338759, 50.9922817], [11.0339438, 50.9923147], [11.0338698, 50.992375], [11.0338019, 50.9923421]]]}}, {"type": "Feature", "properties": {"id": "120203133_13744997", "height": 3.713822841644287, "type": null, "floors": null}, "geometry": {"type": "Polygon", "coordinates": [[[11.0349835, 50.9924226], [11.0350151, 50.9923913], [11.0351106, 50.9924295], [11.0350791, 50.9924608], [11.0349835, 50.9924226]]]}}, {"type": "Feature", "properties": {"id": "120203133_13721144", "height": 4.105523586273193, "type": null, "floors": null}, "geometry": {"type": "Polygon", "coordinates": [[[11.0339912, 50.9924458], [11.0340666, 50.9924904], [11.034017, 50.9925235], [11.0338336, 50.9924148], [11.0338738, 50.992388], [11.0339008, 50.992404], [11.0339624, 50.9923628], [11.0340434, 50.9924109], [11.0339912, 50.9924458]]]}}, {"type": "Feature", "properties": {"id": "120203133_13702253", "height": 6.900489330291748, "type": null, "floors": null}, "geometry": {"type": "Polygon", "coordinates": [[[11.0349593, 50.9924439], [11.0349829, 50.9924236], [11.0350719, 50.9924646], [11.0350483, 50.9924849], [11.0349593, 50.9924439]]]}}, {"type": "Feature", "properties": {"id": "120203133_13779049", "height": 2.376383781433105, "type": null, "floors": null}, "geometry": {"type": "Polygon", "coordinates": [[[11.0373783, 50.9924541], [11.0372961, 50.9924757], [11.0372456, 50.9923995], [11.0373279, 50.9923779], [11.0373783, 50.9924541]]]}}, {"type": "Feature", "properties": {"id": "120203133_13679776", "height": 2.317485570907592, "type": null, "floors": null}, "geometry": {"type": "Polygon", "coordinates": [[[11.0366675, 50.9924152], [11.0366972, 50.9924555], [11.0367413, 50.9924426], [11.03677, 50.9924815], [11.0366486, 50.992517], [11.0366241, 50.9924836], [11.0365402, 50.9925081], [11.0365064, 50.9924623], [11.0366675, 50.9924152]]]}}, {"type": "Feature", "properties": {"id": "120203133_13813330", "height": 1.917525768280029, "type": null, "floors": null}, "geometry": {"type": "Polygon", "coordinates": [[[11.0374884, 50.9925547], [11.0374364, 50.9925689], [11.0374169, 50.9925404], [11.0374688, 50.9925263], [11.0374884, 50.9925547]]]}}, {"type": "Feature", "properties": {"id": "120203133_13765398", "height": 2.394736766815185, "type": null, "floors": null}, "geometry": {"type": "Polygon", "coordinates": [[[11.0366635, 50.9925671], [11.0367654, 50.9925377], [11.0367919, 50.9925739], [11.03669, 50.9926034], [11.0366635, 50.9925671]]]}}, {"type": "Feature", "properties": {"id": "120203133_13715100", "height": 2.5752594470977783, "type": null, "floors": null}, "geometry": {"type": "Polygon", "coordinates": [[[11.0375912, 50.9926013], [11.0375137, 50.9926218], [11.0374754, 50.9925644], [11.0375529, 50.9925439], [11.0375912, 50.9926013]]]}}, {"type": "Feature", "properties": {"id": "120203133_13803958", "height": 1.985680222511291, "type": null, "floors": null}, "geometry": {"type": "Polygon", "coordinates": [[[11.0366174, 50.992625], [11.0366909, 50.9926061], [11.0367196, 50.9926503], [11.036646, 50.9926692], [11.0366174, 50.992625]]]}}, {"type": "Feature", "properties": {"id": "120203133_13812478", "height": 2.201556444168091, "type": null, "floors": null}, "geometry": {"type": "Polygon", "coordinates": [[[11.0368493, 50.9926355], [11.0369424, 50.9926052], [11.0369829, 50.9926545], [11.0368897, 50.9926848], [11.0368493, 50.9926355]]]}}, {"type": "Feature", "properties": {"id": "120203133_13797126", "height": 2.454279422760009, "type": null, "floors": null}, "geometry": {"type": "Polygon", "coordinates": [[[11.0377894, 50.9926953], [11.0377083, 50.9927252], [11.037672, 50.9926863], [11.0377052, 50.992674], [11.0376771, 50.9926439], [11.0377251, 50.9926262], [11.0377894, 50.9926953]]]}}, {"type": "Feature", "properties": {"id": "120203133_13697100", "height": 3.610485315322876, "type": null, "floors": null}, "geometry": {"type": "Polygon", "coordinates": [[[11.0356598, 50.9926992], [11.0357334, 50.9926427], [11.0358439, 50.9926999], [11.0357703, 50.9927563], [11.0356598, 50.9926992]]]}}, {"type": "Feature", "properties": {"id": "120203133_13716013", "height": 2.940682172775268, "type": null, "floors": null}, "geometry": {"type": "Polygon", "coordinates": [[[11.0370755, 50.9926632], [11.0371225, 50.9927335], [11.0370117, 50.9927629], [11.0369647, 50.9926926], [11.0370755, 50.9926632]]]}}, {"type": "Feature", "properties": {"id": "120203133_13773027", "height": 2.193057298660278, "type": null, "floors": null}, "geometry": {"type": "Polygon", "coordinates": [[[11.0354255, 50.9925237], [11.0353699, 50.9925596], [11.0352636, 50.9924943], [11.0353193, 50.9924584], [11.0354255, 50.9925237]]]}}, {"type": "Feature", "properties": {"id": "120203133_13717705", "height": 3.042452812194824, "type": null, "floors": null}, "geometry": {"type": "Polygon", "coordinates": [[[11.0351794, 50.9925214], [11.0352198, 50.9924853], [11.0353087, 50.9925248], [11.0352682, 50.9925609], [11.0351794, 50.9925214]]]}}, {"type": "Feature", "properties": {"id": "120203133_13676326", "height": 2.315648078918457, "type": null, "floors": null}, "geometry": {"type": "Polygon", "coordinates": [[[11.0354861, 50.9925037], [11.0355636, 50.9925382], [11.0354985, 50.9925961], [11.035421, 50.9925616], [11.0354861, 50.9925037]]]}}, {"type": "Feature", "properties": {"id": "120203133_13706505", "height": 3.8175020217895512, "type": null, "floors": null}, "geometry": {"type": "Polygon", "coordinates": [[[11.0341646, 50.9924843], [11.0342699, 50.9925275], [11.0342269, 50.992569], [11.034336, 50.9926138], [11.034293, 50.9926552], [11.0341136, 50.9925815], [11.0341664, 50.9925306], [11.0341314, 50.9925162], [11.0341646, 50.9924843]]]}}, {"type": "Feature", "properties": {"id": "120203133_13709997", "height": 3.693322896957397, "type": null, "floors": null}, "geometry": {"type": "Polygon", "coordinates": [[[11.0352635, 50.9925807], [11.0353011, 50.9925335], [11.0353998, 50.9925646], [11.0353622, 50.9926118], [11.0352635, 50.9925807]]]}}, {"type": "Feature", "properties": {"id": "120203133_13674494", "height": 3.991899251937866, "type": null, "floors": null}, "geometry": {"type": "Polygon", "coordinates": [[[11.0342657, 50.9925352], [11.0343742, 50.9925776], [11.0343411, 50.992611], [11.0342327, 50.9925687], [11.0342657, 50.9925352]]]}}, {"type": "Feature", "properties": {"id": "120203133_13732197", "height": 2.445544481277466, "type": null, "floors": null}, "geometry": {"type": "Polygon", "coordinates": [[[11.0355126, 50.9926211], [11.0354593, 50.9926696], [11.0353892, 50.9926391], [11.0354425, 50.9925906], [11.0355126, 50.9926211]]]}}, {"type": "Feature", "properties": {"id": "120203133_13688536", "height": 3.520637989044189, "type": null, "floors": null}, "geometry": {"type": "Polygon", "coordinates": [[[11.034521, 50.9926373], [11.034467, 50.9926846], [11.0343326, 50.9926238], [11.0343866, 50.9925765], [11.034521, 50.9926373]]]}}, {"type": "Feature", "properties": {"id": "120203133_13722005", "height": 3.088772773742676, "type": null, "floors": null}, "geometry": {"type": "Polygon", "coordinates": [[[11.0343918, 50.9926583], [11.0344403, 50.9926789], [11.0343875, 50.9927281], [11.034339, 50.9927074], [11.0343918, 50.9926583]]]}}, {"type": "Feature", "properties": {"id": "120203133_13760210", "height": 5.366979122161865, "type": null, "floors": null}, "geometry": {"type": "Polygon", "coordinates": [[[11.0349621, 50.9927384], [11.034825, 50.9928555], [11.0345121, 50.9927104], [11.0346491, 50.9925933], [11.0349621, 50.9927384]]]}}, {"type": "Feature", "properties": {"id": "120203133_13740727", "height": 2.643330097198486, "type": null, "floors": null}, "geometry": {"type": "Polygon", "coordinates": [[[11.0369528, 50.9927227], [11.0368439, 50.9927539], [11.0368176, 50.9927175], [11.0369266, 50.9926864], [11.0369528, 50.9927227]]]}}, {"type": "Feature", "properties": {"id": "120203133_13671044", "height": 2.188024044036865, "type": null, "floors": null}, "geometry": {"type": "Polygon", "coordinates": [[[11.037254, 50.9927405], [11.0372821, 50.9927777], [11.037199, 50.9928026], [11.0371709, 50.9927654], [11.037254, 50.9927405]]]}}, {"type": "Feature", "properties": {"id": "120203133_13707403", "height": 3.251184940338134, "type": null, "floors": null}, "geometry": {"type": "Polygon", "coordinates": [[[11.0357638, 50.992881], [11.0358354, 50.9927925], [11.0359214, 50.9928201], [11.0358498, 50.9929085], [11.0357638, 50.992881]]]}}, {"type": "Feature", "properties": {"id": "120203133_13674508", "height": 1.82621955871582, "type": null, "floors": null}, "geometry": {"type": "Polygon", "coordinates": [[[11.036108, 50.99289], [11.0361327, 50.9928121], [11.0362058, 50.9928212], [11.0361812, 50.9928992], [11.036108, 50.99289]]]}}, {"type": "Feature", "properties": {"id": "120203133_13763594", "height": 1.530214428901672, "type": null, "floors": null}, "geometry": {"type": "Polygon", "coordinates": [[[11.0372239, 50.9928808], [11.0371712, 50.9928971], [11.0371267, 50.9928399], [11.0372046, 50.9928159], [11.0372268, 50.9928445], [11.0372017, 50.9928523], [11.0372239, 50.9928808]]]}}, {"type": "Feature", "properties": {"id": "120203133_13792813", "height": 3.085035800933838, "type": null, "floors": null}, "geometry": {"type": "Polygon", "coordinates": [[[11.037243, 50.9928641], [11.0373524, 50.9928448], [11.0373834, 50.9929144], [11.037274, 50.9929337], [11.037243, 50.9928641]]]}}, {"type": "Feature", "properties": {"id": "120203133_13815090", "height": 1.458333373069763, "type": null, "floors": null}, "geometry": {"type": "Polygon", "coordinates": [[[11.037222, 50.9928885], [11.0372529, 50.9929206], [11.0372157, 50.9929348], [11.0371847, 50.9929028], [11.037222, 50.9928885]]]}}, {"type": "Feature", "properties": {"id": "120203133_13672830", "height": 2.200000047683716, "type": null, "floors": null}, "geometry": {"type": "Polygon", "coordinates": [[[11.036461, 50.9928934], [11.0365938, 50.9929108], [11.0365788, 50.9929561], [11.0364461, 50.9929387], [11.036461, 50.9928934]]]}}, {"type": "Feature", "properties": {"id": "120203133_13807397", "height": 1.996139049530029, "type": null, "floors": null}, "geometry": {"type": "Polygon", "coordinates": [[[11.0361687, 50.9929649], [11.03617, 50.9929303], [11.0362719, 50.9929319], [11.0362706, 50.9929665], [11.0361687, 50.9929649]]]}}, {"type": "Feature", "properties": {"id": "120203133_13810767", "height": 1.926045060157775, "type": null, "floors": null}, "geometry": {"type": "Polygon", "coordinates": [[[11.0361791, 50.9929664], [11.0362433, 50.9929684], [11.0362416, 50.9929903], [11.0361773, 50.9929883], [11.0361791, 50.9929664]]]}}, {"type": "Feature", "properties": {"id": "120203133_13711685", "height": 2.960000038146972, "type": null, "floors": null}, "geometry": {"type": "Polygon", "coordinates": [[[11.0345217, 50.9927649], [11.0345474, 50.9927372], [11.0346813, 50.9927865], [11.0346556, 50.9928142], [11.0345217, 50.9927649]]]}}, {"type": "Feature", "properties": {"id": "120203133_13745000", "height": 2.810718297958374, "type": null, "floors": null}, "geometry": {"type": "Polygon", "coordinates": [[[11.0356928, 50.9927486], [11.0357688, 50.9927798], [11.0357308, 50.9928165], [11.0356548, 50.9927854], [11.0356928, 50.9927486]]]}}, {"type": "Feature", "properties": {"id": "120203133_13834915", "height": 1.986046552658081, "type": null, "floors": null}, "geometry": {"type": "Polygon", "coordinates": [[[11.0357199, 50.9928183], [11.035707, 50.992829], [11.0356489, 50.9928014], [11.0356618, 50.9927907], [11.0357199, 50.9928183]]]}}, {"type": "Feature", "properties": {"id": "120203133_13724521", "height": 11.321175575256348, "type": null, "floors": null}, "geometry": {"type": "Polygon", "coordinates": [[[11.0331528, 50.9930357], [11.033, 50.9930368], [11.0329986, 50.9929642], [11.0329396, 50.9929647], [11.0329389, 50.9929258], [11.0329791, 50.9929255], [11.0329785, 50.9928935], [11.0329356, 50.9928938], [11.0329343, 50.9928263], [11.0329718, 50.992826], [11.0329714, 50.9928007], [11.0329311, 50.992801], [11.0329303, 50.9927571], [11.0329813, 50.9927567], [11.0329796, 50.9926706], [11.0331459, 50.9926694], [11.0331528, 50.9930357]]]}}, {"type": "Feature", "properties": {"id": "120203133_13718552", "height": 2.744761943817138, "type": null, "floors": null}, "geometry": {"type": "Polygon", "coordinates": [[[11.0348091, 50.9928598], [11.03478, 50.9928914], [11.0347237, 50.9928709], [11.0347527, 50.9928393], [11.0348091, 50.9928598]]]}}, {"type": "Feature", "properties": {"id": "120203133_13702252", "height": 2.380560159683227, "type": null, "floors": null}, "geometry": {"type": "Polygon", "coordinates": [[[11.0349202, 50.9929282], [11.0348849, 50.992911], [11.0349362, 50.9928692], [11.0350252, 50.9929125], [11.0349811, 50.9929484], [11.0349996, 50.9929574], [11.0349698, 50.9929818], [11.0348975, 50.9929466], [11.0349202, 50.9929282]]]}}, {"type": "Feature", "properties": {"id": "120203133_13774776", "height": 2.007070779800415, "type": null, "floors": null}, "geometry": {"type": "Polygon", "coordinates": [[[11.0352156, 50.9929559], [11.035162, 50.9930023], [11.0350988, 50.9929734], [11.0351523, 50.992927], [11.0352156, 50.9929559]]]}}, {"type": "Feature", "properties": {"id": "120203133_13679772", "height": 2.247627973556518, "type": null, "floors": null}, "geometry": {"type": "Polygon", "coordinates": [[[11.0350349, 50.9929752], [11.0351461, 50.9930152], [11.0351167, 50.9930476], [11.0350054, 50.9930077], [11.0350349, 50.9929752]]]}}, {"type": "Feature", "properties": {"id": "120203133_13674279", "height": 3.258175611495971, "type": null, "floors": null}, "geometry": {"type": "Polygon", "coordinates": [[[11.035256, 50.9930167], [11.0352573, 50.9930171], [11.0352845, 50.9929872], [11.0353479, 50.99301], [11.0352919, 50.9930718], [11.0352272, 50.9930485], [11.035256, 50.9930167]]]}}, {"type": "Feature", "properties": {"id": "120203133_13722855", "height": 2.714477777481079, "type": null, "floors": null}, "geometry": {"type": "Polygon", "coordinates": [[[11.0354179, 50.9930948], [11.0355295, 50.9931288], [11.0354943, 50.9931746], [11.0353052, 50.993117], [11.0353357, 50.9930773], [11.0354132, 50.9931009], [11.0354179, 50.9930948]]]}}, {"type": "Feature", "properties": {"id": "120203133_13722006", "height": 1.978131175041198, "type": null, "floors": null}, "geometry": {"type": "Polygon", "coordinates": [[[11.0358141, 50.9933222], [11.0358415, 50.9932938], [11.0359002, 50.9933164], [11.0358728, 50.9933447], [11.0358141, 50.9933222]]]}}, {"type": "Feature", "properties": {"id": "120203133_13785870", "height": 1.967984914779663, "type": null, "floors": null}, "geometry": {"type": "Polygon", "coordinates": [[[11.0368822, 50.9932829], [11.0368875, 50.9933596], [11.0368249, 50.9933613], [11.0368197, 50.9932846], [11.0368822, 50.9932829]]]}}, {"type": "Feature", "properties": {"id": "120203133_13805712", "height": 2.433529376983642, "type": null, "floors": null}, "geometry": {"type": "Polygon", "coordinates": [[[11.0371683, 50.993305], [11.0372781, 50.993308], [11.0372732, 50.993378], [11.0371634, 50.993375], [11.0371683, 50.993305]]]}}, {"type": "Feature", "properties": {"id": "120203133_13722009", "height": 2.581673383712768, "type": null, "floors": null}, "geometry": {"type": "Polygon", "coordinates": [[[11.036518, 50.9933311], [11.0365984, 50.9933324], [11.0365961, 50.9933889], [11.0365157, 50.9933876], [11.036518, 50.9933311]]]}}, {"type": "Feature", "properties": {"id": "120203133_13834001", "height": 2.334134578704834, "type": null, "floors": null}, "geometry": {"type": "Polygon", "coordinates": [[[11.0358456, 50.9933646], [11.0358243, 50.993394], [11.035771, 50.9933786], [11.0357923, 50.9933493], [11.0358456, 50.9933646]]]}}, {"type": "Feature", "properties": {"id": "120203133_13674281", "height": 2.455512046813965, "type": null, "floors": null}, "geometry": {"type": "Polygon", "coordinates": [[[11.0359079, 50.9934224], [11.0358568, 50.9935063], [11.0357726, 50.993486], [11.0358237, 50.9934021], [11.0359079, 50.9934224]]]}}, {"type": "Feature", "properties": {"id": "120203133_13782440", "height": 1.969196915626525, "type": null, "floors": null}, "geometry": {"type": "Polygon", "coordinates": [[[11.0368851, 50.9935287], [11.0368671, 50.9935712], [11.036777, 50.9935561], [11.036795, 50.9935135], [11.0368851, 50.9935287]]]}}, {"type": "Feature", "properties": {"id": "120203133_13797123", "height": 2.379883527755737, "type": null, "floors": null}, "geometry": {"type": "Polygon", "coordinates": [[[11.036601, 50.9935878], [11.0365351, 50.9935894], [11.0365306, 50.9935186], [11.036618, 50.9935165], [11.0366202, 50.9935518], [11.0365988, 50.9935524], [11.036601, 50.9935878]]]}}, {"type": "Feature", "properties": {"id": "120203133_13815087", "height": 2.165680408477783, "type": null, "floors": null}, "geometry": {"type": "Polygon", "coordinates": [[[11.0363448, 50.9935365], [11.0363362, 50.9935917], [11.0362538, 50.9935866], [11.0362625, 50.9935314], [11.0363448, 50.9935365]]]}}, {"type": "Feature", "properties": {"id": "120203133_13784091", "height": 2.854509592056274, "type": null, "floors": null}, "geometry": {"type": "Polygon", "coordinates": [[[11.0370419, 50.9935475], [11.0371491, 50.9935497], [11.0371457, 50.9936138], [11.0370385, 50.9936116], [11.0370419, 50.9935475]]]}}, {"type": "Feature", "properties": {"id": "120203133_13764487", "height": 2.082764387130737, "type": null, "floors": null}, "geometry": {"type": "Polygon", "coordinates": [[[11.0353118, 50.9932079], [11.0352792, 50.9932392], [11.0351836, 50.9931997], [11.0352304, 50.9931548], [11.0352828, 50.9931765], [11.0352687, 50.9931901], [11.0353118, 50.9932079]]]}}, {"type": "Feature", "properties": {"id": "120203133_13801391", "height": 3.585816383361816, "type": null, "floors": null}, "geometry": {"type": "Polygon", "coordinates": [[[11.0355842, 50.9931607], [11.0356967, 50.9932251], [11.0356433, 50.993262], [11.0355308, 50.9931976], [11.0355842, 50.9931607]]]}}, {"type": "Feature", "properties": {"id": "120203133_13815086", "height": 3.7168140411376953, "type": null, "floors": null}, "geometry": {"type": "Polygon", "coordinates": [[[11.0354348, 50.9931997], [11.0355237, 50.9932263], [11.0354847, 50.9932779], [11.0353958, 50.9932514], [11.0354348, 50.9931997]]]}}, {"type": "Feature", "properties": {"id": "120203133_13676328", "height": 2.012711763381958, "type": null, "floors": null}, "geometry": {"type": "Polygon", "coordinates": [[[11.0357895, 50.9932927], [11.0357646, 50.9933122], [11.0356979, 50.9932784], [11.0357228, 50.9932589], [11.0357895, 50.9932927]]]}}, {"type": "Feature", "properties": {"id": "120203133_13726230", "height": 3.215053796768188, "type": null, "floors": null}, "geometry": {"type": "Polygon", "coordinates": [[[11.0355685, 50.9933316], [11.0355792, 50.993318], [11.0356287, 50.9933335], [11.035618, 50.993347], [11.0355685, 50.9933316]]]}}, {"type": "Feature", "properties": {"id": "120203133_13685091", "height": 3.264791488647461, "type": null, "floors": null}, "geometry": {"type": "Polygon", "coordinates": [[[11.0356334, 50.993354], [11.035601, 50.9933955], [11.0355102, 50.9933675], [11.0355426, 50.993326], [11.0356334, 50.993354]]]}}, {"type": "Feature", "properties": {"id": "120203133_13794597", "height": 2.873791933059692, "type": null, "floors": null}, "geometry": {"type": "Polygon", "coordinates": [[[11.0349473, 50.9934163], [11.0350222, 50.9934383], [11.0349575, 50.9935256], [11.0348826, 50.9935037], [11.0349473, 50.9934163]]]}}, {"type": "Feature", "properties": {"id": "120203133_13826266", "height": 2.787246704101562, "type": null, "floors": null}, "geometry": {"type": "Polygon", "coordinates": [[[11.035304, 50.993482], [11.0354113, 50.9935184], [11.0353642, 50.9935734], [11.035257, 50.993537], [11.035304, 50.993482]]]}}, {"type": "Feature", "properties": {"id": "120203133_13807396", "height": 2.634210586547851, "type": null, "floors": null}, "geometry": {"type": "Polygon", "coordinates": [[[11.0350258, 50.9935202], [11.0351265, 50.9935465], [11.0350881, 50.9936048], [11.0349874, 50.9935785], [11.0350258, 50.9935202]]]}}, {"type": "Feature", "properties": {"id": "120203133_13742427", "height": 2.977116823196411, "type": null, "floors": null}, "geometry": {"type": "Polygon", "coordinates": [[[11.0353927, 50.9936853], [11.0353457, 50.9937556], [11.03525, 50.9937303], [11.0352969, 50.99366], [11.0353927, 50.9936853]]]}}, {"type": "Feature", "properties": {"id": "120203133_13789268", "height": 1.924861907958984, "type": null, "floors": null}, "geometry": {"type": "Polygon", "coordinates": [[[11.0372286, 50.9936105], [11.0371502, 50.9936025], [11.0371633, 50.9935515], [11.0372417, 50.9935596], [11.0372286, 50.9936105]]]}}, {"type": "Feature", "properties": {"id": "120203133_13754260", "height": 2.594104290008545, "type": null, "floors": null}, "geometry": {"type": "Polygon", "coordinates": [[[11.0369613, 50.9935989], [11.0369363, 50.993644], [11.0368574, 50.9936267], [11.0368825, 50.9935815], [11.0369613, 50.9935989]]]}}, {"type": "Feature", "properties": {"id": "120203133_13672649", "height": 1.699386477470398, "type": null, "floors": null}, "geometry": {"type": "Polygon", "coordinates": [[[11.0371679, 50.9936739], [11.0371213, 50.9936704], [11.0371333, 50.993608], [11.0371799, 50.9936116], [11.0371679, 50.9936739]]]}}, {"type": "Feature", "properties": {"id": "120203133_13809096", "height": 2.592013835906982, "type": null, "floors": null}, "geometry": {"type": "Polygon", "coordinates": [[[11.0374461, 50.9936116], [11.0375386, 50.9936399], [11.0375033, 50.9936856], [11.0374108, 50.9936573], [11.0374461, 50.9936116]]]}}, {"type": "Feature", "properties": {"id": "120203133_13773904", "height": 2.0, "type": null, "floors": null}, "geometry": {"type": "Polygon", "coordinates": [[[11.0377344, 50.9936604], [11.0377853, 50.993674], [11.0377592, 50.9937126], [11.0377083, 50.993699], [11.0377344, 50.9936604]]]}}, {"type": "Feature", "properties": {"id": "120203133_13750123", "height": 2.678018569946289, "type": null, "floors": null}, "geometry": {"type": "Polygon", "coordinates": [[[11.0375763, 50.993671], [11.0377161, 50.9937093], [11.0376857, 50.9937533], [11.0375459, 50.993715], [11.0375763, 50.993671]]]}}, {"type": "Feature", "properties": {"id": "120203133_13828806", "height": 2.352634906768799, "type": null, "floors": null}, "geometry": {"type": "Polygon", "coordinates": [[[11.0358814, 50.9936954], [11.035971, 50.9937111], [11.0359392, 50.9937832], [11.0358496, 50.9937675], [11.0358814, 50.9936954]]]}}, {"type": "Feature", "properties": {"id": "120203133_13758478", "height": 2.628828763961792, "type": null, "floors": null}, "geometry": {"type": "Polygon", "coordinates": [[[11.0379008, 50.9937385], [11.0378683, 50.993781], [11.0377725, 50.9937519], [11.037805, 50.9937095], [11.0379008, 50.9937385]]]}}, {"type": "Feature", "properties": {"id": "120203133_13764494", "height": 2.572268962860107, "type": null, "floors": null}, "geometry": {"type": "Polygon", "coordinates": [[[11.0374364, 50.9937084], [11.0375161, 50.9937223], [11.0374885, 50.993785], [11.0374088, 50.9937712], [11.0374364, 50.9937084]]]}}, {"type": "Feature", "properties": {"id": "120203133_13727026", "height": 2.0, "type": null, "floors": null}, "geometry": {"type": "Polygon", "coordinates": [[[11.0376349, 50.9938026], [11.037667, 50.9937586], [11.0377525, 50.9937834], [11.0377204, 50.9938273], [11.0376349, 50.9938026]]]}}, {"type": "Feature", "properties": {"id": "120203133_13756794", "height": 2.937766313552856, "type": null, "floors": null}, "geometry": {"type": "Polygon", "coordinates": [[[11.0440789, 50.9869661], [11.0444014, 50.9866661], [11.044535, 50.986723], [11.0442125, 50.987023], [11.0440789, 50.9869661]]]}}, {"type": "Feature", "properties": {"id": "120203133_13789287", "height": 2.814807176589966, "type": null, "floors": null}, "geometry": {"type": "Polygon", "coordinates": [[[11.0437514, 50.9870391], [11.0438385, 50.9869532], [11.0442008, 50.9870986], [11.0441138, 50.9871845], [11.0437514, 50.9870391]]]}}, {"type": "Feature", "properties": {"id": "120203133_13778177", "height": 3.890895843505859, "type": null, "floors": null}, "geometry": {"type": "Polygon", "coordinates": [[[11.0437311, 50.9871694], [11.0437689, 50.9871356], [11.0438927, 50.9871904], [11.0438548, 50.9872243], [11.0437311, 50.9871694]]]}}, {"type": "Feature", "properties": {"id": "120203133_13691979", "height": 3.797645330429077, "type": null, "floors": null}, "geometry": {"type": "Polygon", "coordinates": [[[11.0438748, 50.9872471], [11.0439161, 50.9872035], [11.0440201, 50.9872425], [11.0439788, 50.9872861], [11.0438748, 50.9872471]]]}}, {"type": "Feature", "properties": {"id": "120203133_13743298", "height": 11.873796463012695, "type": null, "floors": null}, "geometry": {"type": "Polygon", "coordinates": [[[11.0428875, 50.9873969], [11.0438417, 50.9877807], [11.0442555, 50.987373], [11.0443717, 50.9874198], [11.0438752, 50.9879089], [11.0437038, 50.98784], [11.0436678, 50.9878754], [11.0426506, 50.9874664], [11.0427134, 50.9874045], [11.0426658, 50.9873854], [11.0426347, 50.9874161], [11.0425775, 50.9873931], [11.0427559, 50.9872173], [11.0428112, 50.9872395], [11.0433204, 50.9867379], [11.0435013, 50.9868106], [11.043373, 50.986937], [11.0434073, 50.9869508], [11.0433757, 50.986982], [11.043328, 50.9869628], [11.0428875, 50.9873969]]]}}, {"type": "Feature", "properties": {"id": "120203133_13755159", "height": 9.82075309753418, "type": null, "floors": null}, "geometry": {"type": "Polygon", "coordinates": [[[11.0445563, 50.9875229], [11.0446817, 50.9875656], [11.0443468, 50.9879558], [11.0442213, 50.9879131], [11.0445563, 50.9875229]]]}}, {"type": "Feature", "properties": {"id": "120203133_13714245", "height": 7.848420143127441, "type": null, "floors": null}, "geometry": {"type": "Polygon", "coordinates": [[[11.045023, 50.9876921], [11.0447326, 50.9880967], [11.0445187, 50.9880359], [11.0445525, 50.9879888], [11.044647, 50.9880157], [11.0449036, 50.9876582], [11.045023, 50.9876921]]]}}, {"type": "Feature", "properties": {"id": "120203133_13821140", "height": 3.379474878311157, "type": null, "floors": null}, "geometry": {"type": "Polygon", "coordinates": [[[11.0441449, 50.9880457], [11.0442275, 50.9879351], [11.0442978, 50.9879559], [11.0442151, 50.9880665], [11.0441449, 50.9880457]]]}}, {"type": "Feature", "properties": {"id": "120203133_13785887", "height": 2.888619899749756, "type": null, "floors": null}, "geometry": {"type": "Polygon", "coordinates": [[[11.0442943, 50.988101], [11.0443928, 50.9879969], [11.0445254, 50.9880467], [11.0444269, 50.9881508], [11.0442943, 50.988101]]]}}, {"type": "Feature", "properties": {"id": "120203133_13733051", "height": 6.94465970993042, "type": null, "floors": null}, "geometry": {"type": "Polygon", "coordinates": [[[11.0442403, 50.9883955], [11.0440854, 50.9886072], [11.0436052, 50.988468], [11.0437407, 50.9882827], [11.0436677, 50.9882616], [11.0436544, 50.9882797], [11.0436876, 50.9882893], [11.0436795, 50.9883004], [11.0436928, 50.9883043], [11.0436286, 50.9883921], [11.0435567, 50.9883712], [11.0436536, 50.9882389], [11.0437165, 50.9882572], [11.0437247, 50.988246], [11.0442403, 50.9883955]]]}}, {"type": "Feature", "properties": {"id": "120203133_13688561", "height": 8.307072639465332, "type": null, "floors": null}, "geometry": {"type": "Polygon", "coordinates": [[[11.0453952, 50.9883483], [11.0456917, 50.987945], [11.0458495, 50.987991], [11.0457738, 50.9880939], [11.0457407, 50.9880842], [11.0455199, 50.9883846], [11.0453952, 50.9883483]]]}}, {"type": "Feature", "properties": {"id": "120203133_13694511", "height": 8.323641777038574, "type": null, "floors": null}, "geometry": {"type": "Polygon", "coordinates": [[[11.046266, 50.988097], [11.0464305, 50.9881393], [11.0463179, 50.988313], [11.0461534, 50.9882707], [11.046266, 50.988097]]]}}, {"type": "Feature", "properties": {"id": "120203133_13793717", "height": 9.070401191711426, "type": null, "floors": null}, "geometry": {"type": "Polygon", "coordinates": [[[11.0448833, 50.9883499], [11.0449515, 50.9882665], [11.0453715, 50.9884024], [11.0454097, 50.9883557], [11.0454977, 50.9883841], [11.0454753, 50.9884115], [11.045522, 50.9884266], [11.045438, 50.9885294], [11.0448833, 50.9883499]]]}}, {"type": "Feature", "properties": {"id": "120203133_13704001", "height": 9.43419361114502, "type": null, "floors": null}, "geometry": {"type": "Polygon", "coordinates": [[[11.0459508, 50.9888836], [11.0461469, 50.9889334], [11.0459984, 50.989165], [11.0458023, 50.9891152], [11.0459508, 50.9888836]]]}}, {"type": "Feature", "properties": {"id": "120203133_13782465", "height": 5.844724655151367, "type": null, "floors": null}, "geometry": {"type": "Polygon", "coordinates": [[[11.046333, 50.9891584], [11.0464134, 50.9890327], [11.0469859, 50.9891777], [11.0469055, 50.9893034], [11.046333, 50.9891584]]]}}, {"type": "Feature", "properties": {"id": "120203133_13838453", "height": 9.614404678344728, "type": null, "floors": null}, "geometry": {"type": "Polygon", "coordinates": [[[11.0457834, 50.9893555], [11.0459803, 50.9893119], [11.0460332, 50.9894065], [11.0460857, 50.9893949], [11.0462537, 50.9896953], [11.0460855, 50.9897326], [11.0459994, 50.9895786], [11.0459683, 50.9895855], [11.0459246, 50.9895074], [11.0458745, 50.9895185], [11.0457834, 50.9893555]]]}}, {"type": "Feature", "properties": {"id": "120203133_13683302", "height": 1.246971249580383, "type": null, "floors": null}, "geometry": {"type": "Polygon", "coordinates": [[[11.0458364, 50.9895434], [11.0458657, 50.9895892], [11.0454653, 50.9896907], [11.045436, 50.9896449], [11.0458364, 50.9895434]]]}}, {"type": "Feature", "properties": {"id": "120203133_13837535", "height": 7.742608070373535, "type": null, "floors": null}, "geometry": {"type": "Polygon", "coordinates": [[[11.045796, 50.9901329], [11.0462287, 50.9900453], [11.0462866, 50.9901586], [11.0458539, 50.9902461], [11.045796, 50.9901329]]]}}, {"type": "Feature", "properties": {"id": "120203133_13715128", "height": 6.926453113555908, "type": null, "floors": null}, "geometry": {"type": "Polygon", "coordinates": [[[11.0459653, 50.9902729], [11.0458925, 50.9902902], [11.0458651, 50.9902444], [11.0459379, 50.9902271], [11.0459653, 50.9902729]]]}}, {"type": "Feature", "properties": {"id": "120203133_13743299", "height": 2.113333225250244, "type": null, "floors": null}, "geometry": {"type": "Polygon", "coordinates": [[[11.0454371, 50.9903744], [11.045387, 50.9903887], [11.0453708, 50.9903663], [11.045421, 50.990352], [11.0454371, 50.9903744]]]}}, {"type": "Feature", "properties": {"id": "120203133_13809106", "height": 3.798580408096313, "type": null, "floors": null}, "geometry": {"type": "Polygon", "coordinates": [[[11.0434387, 50.9884893], [11.0435332, 50.9885285], [11.0434937, 50.9885662], [11.0433993, 50.9885269], [11.0434387, 50.9884893]]]}}, {"type": "Feature", "properties": {"id": "120203133_13732216", "height": 6.55979585647583, "type": null, "floors": null}, "geometry": {"type": "Polygon", "coordinates": [[[11.044661, 50.9885725], [11.0444574, 50.9888179], [11.0441392, 50.9887132], [11.04429, 50.9885315], [11.0442015, 50.9885024], [11.0442544, 50.9884388], [11.044661, 50.9885725]]]}}, {"type": "Feature", "properties": {"id": "120203133_13807420", "height": 3.508264541625976, "type": null, "floors": null}, "geometry": {"type": "Polygon", "coordinates": [[[11.0439936, 50.9887023], [11.0439355, 50.9887242], [11.0438958, 50.9886825], [11.0439539, 50.9886606], [11.0439936, 50.9887023]]]}}, {"type": "Feature", "properties": {"id": "120203133_13830625", "height": 5.728199481964111, "type": null, "floors": null}, "geometry": {"type": "Polygon", "coordinates": [[[11.0450881, 50.9887163], [11.0448701, 50.9889718], [11.0445558, 50.9888656], [11.0447737, 50.98861], [11.0450881, 50.9887163]]]}}, {"type": "Feature", "properties": {"id": "120203133_13719392", "height": 7.607787609100342, "type": null, "floors": null}, "geometry": {"type": "Polygon", "coordinates": [[[11.0430987, 50.9886229], [11.0432587, 50.988579], [11.0433952, 50.9887763], [11.043384, 50.9887794], [11.0435179, 50.988973], [11.0435517, 50.9889637], [11.0436937, 50.9891689], [11.0435111, 50.989219], [11.0430987, 50.9886229]]]}}, {"type": "Feature", "properties": {"id": "120203133_13724542", "height": 7.276009559631348, "type": null, "floors": null}, "geometry": {"type": "Polygon", "coordinates": [[[11.044255, 50.9889831], [11.0444281, 50.9889352], [11.0444874, 50.9890201], [11.0447212, 50.9889555], [11.0447992, 50.9890673], [11.0443653, 50.9891873], [11.0442932, 50.989084], [11.0443202, 50.9890765], [11.044255, 50.9889831]]]}}, {"type": "Feature", "properties": {"id": "120203133_13687691", "height": 14.255622863769531, "type": null, "floors": null}, "geometry": {"type": "Polygon", "coordinates": [[[11.0437101, 50.9896904], [11.0444389, 50.989493], [11.0446336, 50.989778], [11.0451881, 50.9896278], [11.0452309, 50.9896905], [11.0450646, 50.9897355], [11.0451026, 50.9897911], [11.044522, 50.9899483], [11.0444996, 50.9899155], [11.0441466, 50.9900112], [11.0441032, 50.9899477], [11.0439199, 50.9899973], [11.0437101, 50.9896904]]]}}, {"type": "Feature", "properties": {"id": "120203133_13672874", "height": 5.427812576293945, "type": null, "floors": null}, "geometry": {"type": "Polygon", "coordinates": [[[11.0443461, 50.9906023], [11.0443542, 50.9901019], [11.0445017, 50.9901028], [11.0445023, 50.9900657], [11.0446498, 50.9900667], [11.0446493, 50.9901021], [11.04479, 50.990103], [11.0447884, 50.9901992], [11.0450259, 50.9902008], [11.0450305, 50.9899172], [11.0453174, 50.989919], [11.0453111, 50.990309], [11.04502, 50.9903071], [11.0450208, 50.9902572], [11.0447902, 50.9902557], [11.0447845, 50.9906052], [11.0443461, 50.9906023]]]}}, {"type": "Feature", "properties": {"id": "120203133_13669295", "height": 3.478773832321167, "type": null, "floors": null}, "geometry": {"type": "Polygon", "coordinates": [[[11.0439895, 50.9904523], [11.0438769, 50.9904534], [11.0438711, 50.9902052], [11.0440521, 50.9902036], [11.0440533, 50.9902559], [11.043985, 50.9902565], [11.0439895, 50.9904523]]]}}, {"type": "Feature", "properties": {"id": "120203133_13755153", "height": 1.639999985694885, "type": null, "floors": null}, "geometry": {"type": "Polygon", "coordinates": [[[11.0434597, 50.9905474], [11.0434568, 50.9906267], [11.0433939, 50.9906257], [11.0433968, 50.9905464], [11.0434597, 50.9905474]]]}}, {"type": "Feature", "properties": {"id": "120203133_13669279", "height": 7.500601768493652, "type": null, "floors": null}, "geometry": {"type": "Polygon", "coordinates": [[[11.042115, 50.9876155], [11.0426498, 50.9878173], [11.0426697, 50.9878475], [11.0425929, 50.9879282], [11.0425358, 50.9879431], [11.0425173, 50.9879625], [11.0429563, 50.988128], [11.0429681, 50.988146], [11.0430767, 50.988187], [11.0431905, 50.9883599], [11.0424236, 50.9885599], [11.0423961, 50.9885181], [11.0423434, 50.9885318], [11.0424278, 50.9886601], [11.0422573, 50.9887045], [11.0421786, 50.9885849], [11.0422129, 50.988576], [11.0422341, 50.988584], [11.042263, 50.9885537], [11.042202, 50.9885307], [11.0420428, 50.9882888], [11.0420748, 50.9882804], [11.0420543, 50.9882493], [11.0421721, 50.9882186], [11.042229, 50.988305], [11.0427052, 50.9881809], [11.0421626, 50.9879762], [11.042139, 50.9879824], [11.0420136, 50.9881141], [11.0417116, 50.9880002], [11.0420656, 50.9876284], [11.042115, 50.9876155]]]}}, {"type": "Feature", "properties": {"id": "120203133_13752637", "height": 2.316610097885132, "type": null, "floors": null}, "geometry": {"type": "Polygon", "coordinates": [[[11.04165, 50.9887661], [11.0416927, 50.9887564], [11.0417133, 50.9887922], [11.041801, 50.9887722], [11.0418285, 50.98882], [11.0417478, 50.9888384], [11.0417264, 50.988801], [11.0416766, 50.9888124], [11.04165, 50.9887661]]]}}, {"type": "Feature", "properties": {"id": "120203133_13787625", "height": 5.162177085876465, "type": null, "floors": null}, "geometry": {"type": "Polygon", "coordinates": [[[11.0423701, 50.9887468], [11.0428093, 50.988626], [11.042983, 50.9888764], [11.0427826, 50.9889316], [11.0427771, 50.9889236], [11.0425045, 50.9889986], [11.0424455, 50.9889135], [11.0424793, 50.9889042], [11.0423701, 50.9887468]]]}}, {"type": "Feature", "properties": {"id": "120203133_13723737", "height": 6.172388553619385, "type": null, "floors": null}, "geometry": {"type": "Polygon", "coordinates": [[[11.0435302, 50.9895092], [11.0430416, 50.9896456], [11.0428561, 50.9893823], [11.0433448, 50.9892459], [11.0435302, 50.9895092]]]}}, {"type": "Feature", "properties": {"id": "120203133_13809955", "height": 5.445100784301758, "type": null, "floors": null}, "geometry": {"type": "Polygon", "coordinates": [[[11.0425561, 50.9896622], [11.0426343, 50.9897913], [11.0422818, 50.9898759], [11.0422036, 50.9897467], [11.0425561, 50.9896622]]]}}, {"type": "Feature", "properties": {"id": "120203133_13790147", "height": 4.942617416381836, "type": null, "floors": null}, "geometry": {"type": "Polygon", "coordinates": [[[11.0431031, 50.9898812], [11.0435393, 50.9897615], [11.043635, 50.9898997], [11.0431988, 50.9900194], [11.0431031, 50.9898812]]]}}, {"type": "Feature", "properties": {"id": "120203133_13796310", "height": 6.748353004455566, "type": null, "floors": null}, "geometry": {"type": "Polygon", "coordinates": [[[11.0429567, 50.9900898], [11.0430461, 50.9902139], [11.0431027, 50.9901977], [11.0431431, 50.9902537], [11.0427448, 50.9903674], [11.0427775, 50.9904128], [11.0425573, 50.9904756], [11.042411, 50.9902725], [11.042807, 50.9901595], [11.0427909, 50.9901371], [11.0429567, 50.9900898]]]}}, {"type": "Feature", "properties": {"id": "120203133_13763613", "height": 6.14435625076294, "type": null, "floors": null}, "geometry": {"type": "Polygon", "coordinates": [[[11.0421993, 50.9901179], [11.0424787, 50.990533], [11.0422513, 50.9905936], [11.0419719, 50.9901785], [11.0421993, 50.9901179]]]}}, {"type": "Feature", "properties": {"id": "120203133_13764513", "height": 1.27806532382965, "type": null, "floors": null}, "geometry": {"type": "Polygon", "coordinates": [[[11.043136, 50.9910433], [11.0431389, 50.9907242], [11.0431764, 50.9907243], [11.0431775, 50.9906085], [11.0432096, 50.9906086], [11.0432102, 50.9905479], [11.0432814, 50.9905481], [11.043277, 50.9910438], [11.043136, 50.9910433]]]}}, {"type": "Feature", "properties": {"id": "120203133_13713371", "height": 4.785788536071777, "type": null, "floors": null}, "geometry": {"type": "Polygon", "coordinates": [[[11.0430567, 50.9921875], [11.0428679, 50.9921871], [11.0428697, 50.9918619], [11.0430585, 50.9918623], [11.0430567, 50.9921875]]]}}, {"type": "Feature", "properties": {"id": "120203133_13707433", "height": 5.780201435089111, "type": null, "floors": null}, "geometry": {"type": "Polygon", "coordinates": [[[11.0480558, 50.9867482], [11.048547, 50.9868888], [11.0484555, 50.9870154], [11.0484902, 50.9870253], [11.0484194, 50.9871232], [11.0483714, 50.9871095], [11.0481733, 50.9873837], [11.0481235, 50.9873694], [11.0480997, 50.9874023], [11.047693, 50.9872859], [11.0477618, 50.9871907], [11.0478115, 50.987205], [11.0479278, 50.9870441], [11.0478567, 50.9870238], [11.0480558, 50.9867482]]]}}, {"type": "Feature", "properties": {"id": "120203133_13792844", "height": 6.583580017089844, "type": null, "floors": null}, "geometry": {"type": "Polygon", "coordinates": [[[11.0479631, 50.9874925], [11.0478821, 50.9876177], [11.0479051, 50.9876236], [11.0477851, 50.987809], [11.0468972, 50.9875812], [11.0468602, 50.9876384], [11.046712, 50.9876004], [11.046756, 50.9875324], [11.046803, 50.9875444], [11.0469703, 50.987286], [11.0469588, 50.987283], [11.046978, 50.9872533], [11.0470056, 50.9872604], [11.0470131, 50.9872488], [11.0479631, 50.9874925]]]}}, {"type": "Feature", "properties": {"id": "120203133_13677845", "height": 7.069329261779785, "type": null, "floors": null}, "geometry": {"type": "Polygon", "coordinates": [[[11.0477431, 50.987972], [11.0477747, 50.9879237], [11.0479146, 50.9879599], [11.0478712, 50.9880263], [11.0479675, 50.9880513], [11.0479468, 50.988083], [11.047918, 50.9880756], [11.0479123, 50.9880842], [11.0475328, 50.987986], [11.0475611, 50.9879426], [11.0475244, 50.9879331], [11.047514, 50.987949], [11.0474154, 50.9879235], [11.0474357, 50.9878924], [11.0477431, 50.987972]]]}}, {"type": "Feature", "properties": {"id": "120203133_13833181", "height": 7.322786331176758, "type": null, "floors": null}, "geometry": {"type": "Polygon", "coordinates": [[[11.0471549, 50.9882313], [11.0480853, 50.9884811], [11.0481676, 50.9883597], [11.0480927, 50.9883396], [11.0480472, 50.9884068], [11.0480289, 50.9884102], [11.0469087, 50.9881095], [11.0470611, 50.9878844], [11.0479951, 50.9881352], [11.0480943, 50.9879888], [11.0479637, 50.9879537], [11.0481752, 50.9876415], [11.0486417, 50.9877668], [11.0486034, 50.9878233], [11.0487487, 50.9878623], [11.0486613, 50.9879912], [11.048181, 50.9880825], [11.0481038, 50.9881964], [11.0482581, 50.9882379], [11.0482276, 50.988283], [11.0485306, 50.9882254], [11.0484123, 50.9884], [11.0485629, 50.9884405], [11.0483018, 50.9884901], [11.048172, 50.9886816], [11.0474708, 50.9884934], [11.0471069, 50.9890305], [11.0467902, 50.9889455], [11.047233, 50.9882919], [11.0471321, 50.9882648], [11.0471549, 50.9882313]]]}}, {"type": "Feature", "properties": {"id": "120203133_13781607", "height": 8.874872207641602, "type": null, "floors": null}, "geometry": {"type": "Polygon", "coordinates": [[[11.0470001, 50.9883692], [11.0467416, 50.9887382], [11.0463689, 50.9886347], [11.0466273, 50.9882658], [11.0470001, 50.9883692]]]}}, {"type": "Feature", "properties": {"id": "120203133_13676376", "height": 6.254534721374512, "type": null, "floors": null}, "geometry": {"type": "Polygon", "coordinates": [[[11.0474488, 50.9903079], [11.0467941, 50.9907052], [11.0463686, 50.9904274], [11.046486, 50.9903561], [11.0464324, 50.9903211], [11.0464887, 50.990287], [11.0465678, 50.9903386], [11.0465887, 50.9903259], [11.0465732, 50.9903159], [11.0470806, 50.990008], [11.0472655, 50.9901287], [11.0472183, 50.9901574], [11.0474488, 50.9903079]]]}}, {"type": "Feature", "properties": {"id": "120203133_13777362", "height": 2.222948551177978, "type": null, "floors": null}, "geometry": {"type": "Polygon", "coordinates": [[[11.0477123, 50.9917576], [11.0478141, 50.9917165], [11.0479025, 50.9918032], [11.0478007, 50.9918443], [11.0477123, 50.9917576]]]}}, {"type": "Feature", "properties": {"id": "120203133_13738183", "height": 5.551650524139404, "type": null, "floors": null}, "geometry": {"type": "Polygon", "coordinates": [[[11.0464169, 50.992358], [11.0466689, 50.9922584], [11.0469576, 50.9925477], [11.0467057, 50.9926473], [11.0464169, 50.992358]]]}}, {"type": "Feature", "properties": {"id": "120203133_13807426", "height": 2.581504583358764, "type": null, "floors": null}, "geometry": {"type": "Polygon", "coordinates": [[[11.0478637, 50.9939279], [11.047831, 50.9939846], [11.0477409, 50.993964], [11.0477736, 50.9939073], [11.0478637, 50.9939279]]]}}, {"type": "Feature", "properties": {"id": "120203133_13772192", "height": 3.74865984916687, "type": null, "floors": null}, "geometry": {"type": "Polygon", "coordinates": [[[11.0481794, 50.9940087], [11.0481428, 50.9941205], [11.0480955, 50.9941143], [11.048086, 50.9941435], [11.0479069, 50.9941203], [11.0478986, 50.9941454], [11.0477931, 50.9941318], [11.0478284, 50.994024], [11.0479184, 50.9940357], [11.047907, 50.9940705], [11.0480048, 50.9940832], [11.0480218, 50.9940314], [11.0479935, 50.9940277], [11.048007, 50.9939864], [11.0481794, 50.9940087]]]}}, {"type": "Feature", "properties": {"id": "120203133_13700577", "height": 4.154324054718018, "type": null, "floors": null}, "geometry": {"type": "Polygon", "coordinates": [[[11.0442504, 50.9908864], [11.0441109, 50.9908867], [11.0441076, 50.9903431], [11.0442471, 50.9903428], [11.0442504, 50.9908864]]]}}, {"type": "Feature", "properties": {"id": "120203133_13739034", "height": 3.921557426452636, "type": null, "floors": null}, "geometry": {"type": "Polygon", "coordinates": [[[11.0435321, 50.9904007], [11.0437371, 50.9904019], [11.0437276, 50.9910181], [11.0436445, 50.9910176], [11.0436461, 50.9909129], [11.0435924, 50.9909126], [11.0435986, 50.9905159], [11.0435303, 50.9905155], [11.0435321, 50.9904007]]]}}, {"type": "Feature", "properties": {"id": "120203133_13737356", "height": 3.361293315887451, "type": null, "floors": null}, "geometry": {"type": "Polygon", "coordinates": [[[11.0435943, 50.9908109], [11.0435949, 50.9908625], [11.0434099, 50.9908635], [11.0434092, 50.9908118], [11.0435943, 50.9908109]]]}}, {"type": "Feature", "properties": {"id": "120203133_13739038", "height": 3.539480447769165, "type": null, "floors": null}, "geometry": {"type": "Polygon", "coordinates": [[[11.0447828, 50.9909843], [11.0445871, 50.9909821], [11.0445857, 50.9910293], [11.0445026, 50.9910284], [11.044503, 50.9910132], [11.0443529, 50.9910114], [11.0443548, 50.9909473], [11.0445037, 50.990949], [11.0445061, 50.990868], [11.0443452, 50.9908662], [11.0443473, 50.9907945], [11.0446515, 50.990798], [11.0446541, 50.9907093], [11.0447908, 50.9907109], [11.0447828, 50.9909843]]]}}, {"type": "Feature", "properties": {"id": "120203133_13830623", "height": 3.332070589065551, "type": null, "floors": null}, "geometry": {"type": "Polygon", "coordinates": [[[11.0443875, 50.9922248], [11.0443899, 50.9922754], [11.0443192, 50.9922767], [11.0443168, 50.9922261], [11.0443875, 50.9922248]]]}}, {"type": "Feature", "properties": {"id": "120203133_13745019", "height": 2.043999910354614, "type": null, "floors": null}, "geometry": {"type": "Polygon", "coordinates": [[[11.0446305, 50.9932658], [11.0448764, 50.9931033], [11.0449495, 50.9931472], [11.0447036, 50.9933097], [11.0446305, 50.9932658]]]}}, {"type": "Feature", "properties": {"id": "120203133_13727872", "height": 1.848267674446106, "type": null, "floors": null}, "geometry": {"type": "Polygon", "coordinates": [[[11.044648, 50.9935278], [11.044702, 50.9934897], [11.0447573, 50.9935207], [11.0447033, 50.9935589], [11.044648, 50.9935278]]]}}, {"type": "Feature", "properties": {"id": "120203133_13827122", "height": 3.499079227447509, "type": null, "floors": null}, "geometry": {"type": "Polygon", "coordinates": [[[11.0443902, 50.993886], [11.0450643, 50.9933825], [11.0450455, 50.9933725], [11.0450957, 50.993335], [11.0450925, 50.9933333], [11.0451415, 50.9932968], [11.0452011, 50.9933284], [11.045283, 50.9932672], [11.0452532, 50.9932514], [11.0453351, 50.9931902], [11.0454716, 50.9932625], [11.0453897, 50.9933238], [11.0454336, 50.993347], [11.0453278, 50.993426], [11.0453686, 50.9934477], [11.0452973, 50.993501], [11.0452298, 50.9934652], [11.0445518, 50.9939717], [11.0443902, 50.993886]]]}}, {"type": "Feature", "properties": {"id": "120203133_13681335", "height": 2.477831363677978, "type": null, "floors": null}, "geometry": {"type": "Polygon", "coordinates": [[[11.0437731, 50.9937996], [11.0438731, 50.9938509], [11.0438147, 50.993896], [11.0437809, 50.9938786], [11.0436396, 50.9939879], [11.0435783, 50.9939564], [11.0436939, 50.9938671], [11.043689, 50.9938646], [11.0437731, 50.9937996]]]}}, {"type": "Feature", "properties": {"id": "120203133_13698868", "height": 1.246545791625976, "type": null, "floors": null}, "geometry": {"type": "Polygon", "coordinates": [[[11.0434353, 50.9941127], [11.0434947, 50.9941457], [11.0433555, 50.994245], [11.0432961, 50.994212], [11.0434353, 50.9941127]]]}}, {"type": "Feature", "properties": {"id": "120203133_13827129", "height": 5.648338794708252, "type": null, "floors": null}, "geometry": {"type": "Polygon", "coordinates": [[[11.0450829, 50.9904425], [11.0453332, 50.9903739], [11.04537, 50.9904271], [11.0454647, 50.9904011], [11.0455255, 50.9904891], [11.0455684, 50.9904774], [11.0456577, 50.9906065], [11.0455044, 50.9906485], [11.045363, 50.9904442], [11.0451285, 50.9905084], [11.0450829, 50.9904425]]]}}, {"type": "Feature", "properties": {"id": "120203133_13740749", "height": 2.879960060119629, "type": null, "floors": null}, "geometry": {"type": "Polygon", "coordinates": [[[11.0457197, 50.9908072], [11.0453709, 50.9910737], [11.0452798, 50.9910265], [11.0456287, 50.99076], [11.0457197, 50.9908072]]]}}, {"type": "Feature", "properties": {"id": "120203133_13697126", "height": 8.72760009765625, "type": null, "floors": null}, "geometry": {"type": "Polygon", "coordinates": [[[11.0458467, 50.9908941], [11.0459888, 50.9908135], [11.0462816, 50.9910179], [11.0461269, 50.9911057], [11.0460629, 50.991061], [11.0460385, 50.9910748], [11.0460018, 50.9910492], [11.0460388, 50.9910282], [11.0458467, 50.9908941]]]}}, {"type": "Feature", "properties": {"id": "120203133_13757625", "height": 1.637801170349121, "type": null, "floors": null}, "geometry": {"type": "Polygon", "coordinates": [[[11.0462069, 50.9911487], [11.046099, 50.9912191], [11.0460546, 50.9911921], [11.0461625, 50.9911217], [11.0462069, 50.9911487]]]}}, {"type": "Feature", "properties": {"id": "120203133_13671080", "height": 4.406932830810547, "type": null, "floors": null}, "geometry": {"type": "Polygon", "coordinates": [[[11.0450406, 50.9917479], [11.0457834, 50.9911746], [11.0459178, 50.9912436], [11.045175, 50.9918169], [11.0450406, 50.9917479]]]}}, {"type": "Feature", "properties": {"id": "120203133_13709103", "height": 6.525075435638428, "type": null, "floors": null}, "geometry": {"type": "Polygon", "coordinates": [[[11.0458407, 50.992813], [11.0461572, 50.992626], [11.0461889, 50.9926262], [11.0462397, 50.9926603], [11.0462934, 50.9926722], [11.0465864, 50.9928688], [11.0463383, 50.9930154], [11.0464158, 50.9930158], [11.0464347, 50.9930285], [11.0464557, 50.9930161], [11.0466431, 50.9930171], [11.0466429, 50.9930354], [11.0466168, 50.9930817], [11.0466837, 50.9931265], [11.0466734, 50.9931448], [11.0466729, 50.9931807], [11.0466188, 50.9932127], [11.0466181, 50.9932595], [11.0465566, 50.9932458], [11.0465573, 50.9932012], [11.0464821, 50.9931845], [11.0464383, 50.9932624], [11.0463972, 50.9932622], [11.0464531, 50.9931628], [11.0463679, 50.9931438], [11.0463245, 50.9931436], [11.0463446, 50.9931078], [11.0463325, 50.9930996], [11.046228, 50.9930764], [11.0461455, 50.993021], [11.0461509, 50.993021], [11.0458407, 50.992813]]]}}, {"type": "Feature", "properties": {"id": "120203133_13689402", "height": 4.355630397796631, "type": null, "floors": null}, "geometry": {"type": "Polygon", "coordinates": [[[11.0458734, 50.9929782], [11.0458751, 50.9930011], [11.0459061, 50.9930175], [11.0459511, 50.9930162], [11.0460042, 50.9930444], [11.045831, 50.9931735], [11.04581, 50.9931741], [11.0455674, 50.9930452], [11.0455654, 50.9930186], [11.0457179, 50.993014], [11.0457166, 50.9929979], [11.0455163, 50.9928913], [11.0455142, 50.9928649], [11.0454257, 50.9928179], [11.0454865, 50.9927725], [11.0458734, 50.9929782]]]}}, {"type": "Feature", "properties": {"id": "120203133_13769638", "height": 2.9459798336029053, "type": null, "floors": null}, "geometry": {"type": "Polygon", "coordinates": [[[11.0456065, 50.9937076], [11.0459116, 50.993531], [11.0459677, 50.9935694], [11.0456626, 50.993746], [11.0456065, 50.9937076]]]}}, {"type": "Feature", "properties": {"id": "120203133_13837534", "height": 3.388981342315674, "type": null, "floors": null}, "geometry": {"type": "Polygon", "coordinates": [[[11.0456457, 50.9937599], [11.044819, 50.9942904], [11.0447589, 50.9942532], [11.0455856, 50.9937228], [11.0456457, 50.9937599]]]}}, {"type": "Feature", "properties": {"id": "120203133_13768812", "height": 3.635620594024658, "type": null, "floors": null}, "geometry": {"type": "Polygon", "coordinates": [[[11.0460063, 50.9936254], [11.0461136, 50.9936933], [11.0449934, 50.9943947], [11.0448861, 50.9943268], [11.0460063, 50.9936254]]]}}, {"type": "Feature", "properties": {"id": "120203133_13804847", "height": 3.380784749984741, "type": null, "floors": null}, "geometry": {"type": "Polygon", "coordinates": [[[11.0432086, 50.993119], [11.04282, 50.9931118], [11.0428253, 50.9929971], [11.0430692, 50.9930016], [11.0430718, 50.9929436], [11.0430263, 50.9929427], [11.0430471, 50.9924924], [11.0431168, 50.9924936], [11.0431184, 50.9924589], [11.0431506, 50.9924595], [11.0431519, 50.9924301], [11.0432012, 50.992431], [11.0432002, 50.992452], [11.0432377, 50.9924526], [11.0432371, 50.9924655], [11.0432093, 50.9924649], [11.0432076, 50.9925021], [11.0432435, 50.9925027], [11.04323, 50.9927928], [11.0432059, 50.9927924], [11.0431955, 50.9930167], [11.0432133, 50.9930171], [11.0432086, 50.993119]]]}}, {"type": "Feature", "properties": {"id": "120203133_13669289", "height": 4.760071277618408, "type": null, "floors": null}, "geometry": {"type": "Polygon", "coordinates": [[[11.0428893, 50.9953333], [11.043144, 50.9953304], [11.0431473, 50.9954424], [11.043197, 50.9954418], [11.0431957, 50.9953946], [11.0432547, 50.9953939], [11.0432517, 50.9952927], [11.04358, 50.9952889], [11.0435851, 50.995461], [11.0432928, 50.9954644], [11.0432964, 50.9955869], [11.0431597, 50.9955885], [11.0431648, 50.995763], [11.0429154, 50.9957659], [11.0429095, 50.995565], [11.0428961, 50.9955652], [11.0428893, 50.9953333]]]}}, {"type": "Feature", "properties": {"id": "120203133_13803969", "height": 2.974323272705078, "type": null, "floors": null}, "geometry": {"type": "Polygon", "coordinates": [[[11.0424013, 50.9954631], [11.0424356, 50.9955789], [11.0423267, 50.9955917], [11.0422924, 50.9954759], [11.0424013, 50.9954631]]]}}, {"type": "Feature", "properties": {"id": "120203133_13797141", "height": 1.59808611869812, "type": null, "floors": null}, "geometry": {"type": "Polygon", "coordinates": [[[11.0421847, 50.9957998], [11.0422408, 50.995811], [11.0422176, 50.995857], [11.0421615, 50.9958458], [11.0421847, 50.9957998]]]}}, {"type": "Feature", "properties": {"id": "120203133_13816767", "height": 2.02850866317749, "type": null, "floors": null}, "geometry": {"type": "Polygon", "coordinates": [[[11.0423925, 50.9961533], [11.0423908, 50.996214], [11.0422889, 50.9962129], [11.0422906, 50.9961521], [11.0423925, 50.9961533]]]}}, {"type": "Feature", "properties": {"id": "120203133_13837526", "height": 2.429657697677612, "type": null, "floors": null}, "geometry": {"type": "Polygon", "coordinates": [[[11.0418887, 50.9962531], [11.0419878, 50.9962509], [11.0419904, 50.9962987], [11.0418913, 50.9963009], [11.0418887, 50.9962531]]]}}, {"type": "Feature", "properties": {"id": "120203133_13760226", "height": 2.0, "type": null, "floors": null}, "geometry": {"type": "Polygon", "coordinates": [[[11.0421391, 50.9963081], [11.0420466, 50.9963076], [11.0420473, 50.996253], [11.0421399, 50.9962535], [11.0421391, 50.9963081]]]}}, {"type": "Feature", "properties": {"id": "120203133_13785881", "height": 1.406013488769531, "type": null, "floors": null}, "geometry": {"type": "Polygon", "coordinates": [[[11.0419509, 50.9964885], [11.0419521, 50.9965341], [11.0418837, 50.9965348], [11.0418814, 50.9964471], [11.0419377, 50.9964465], [11.0419361, 50.996384], [11.0419924, 50.9963835], [11.0419932, 50.9964145], [11.0421393, 50.996413], [11.0421413, 50.9964866], [11.0419509, 50.9964885]]]}}, {"type": "Feature", "properties": {"id": "120203133_13785882", "height": 2.322327136993408, "type": null, "floors": null}, "geometry": {"type": "Polygon", "coordinates": [[[11.0423126, 50.9965657], [11.0422281, 50.9965648], [11.0422296, 50.9965114], [11.0422712, 50.9965119], [11.0422729, 50.9964505], [11.0423386, 50.9964512], [11.0423368, 50.9965153], [11.042314, 50.9965151], [11.0423126, 50.9965657]]]}}, {"type": "Feature", "properties": {"id": "120203133_13773044", "height": 2.526190519332885, "type": null, "floors": null}, "geometry": {"type": "Polygon", "coordinates": [[[11.041828, 50.9966754], [11.0416941, 50.9966718], [11.041698, 50.9966151], [11.0418318, 50.9966187], [11.041828, 50.9966754]]]}}, {"type": "Feature", "properties": {"id": "120203133_13716847", "height": 3.229095935821533, "type": null, "floors": null}, "geometry": {"type": "Polygon", "coordinates": [[[11.0461474, 50.9937513], [11.0462571, 50.9938197], [11.0451682, 50.9945121], [11.0450585, 50.9944437], [11.0461474, 50.9937513]]]}}, {"type": "Feature", "properties": {"id": "120203133_13785890", "height": 2.510228872299194, "type": null, "floors": null}, "geometry": {"type": "Polygon", "coordinates": [[[11.0453434, 50.9946231], [11.0452361, 50.9945568], [11.0462799, 50.9938877], [11.0463872, 50.9939541], [11.0453434, 50.9946231]]]}}, {"type": "Feature", "properties": {"id": "120203133_13698875", "height": 2.405233144760132, "type": null, "floors": null}, "geometry": {"type": "Polygon", "coordinates": [[[11.0463911, 50.9940415], [11.0464452, 50.9940753], [11.0464144, 50.9940949], [11.0464686, 50.9941287], [11.0456103, 50.9946742], [11.0455561, 50.9946404], [11.0455233, 50.9946613], [11.0454691, 50.9946275], [11.0463911, 50.9940415]]]}}, {"type": "Feature", "properties": {"id": "120203133_13812504", "height": 2.420288801193237, "type": null, "floors": null}, "geometry": {"type": "Polygon", "coordinates": [[[11.0465069, 50.994261], [11.0461583, 50.9944844], [11.0462102, 50.9945165], [11.0459755, 50.9946669], [11.0459188, 50.9946318], [11.0458578, 50.9946709], [11.0458045, 50.9946379], [11.0464488, 50.9942251], [11.0465069, 50.994261]]]}}, {"type": "Feature", "properties": {"id": "120203133_13733058", "height": 2.309188365936279, "type": null, "floors": null}, "geometry": {"type": "Polygon", "coordinates": [[[11.0460952, 50.9946689], [11.0463113, 50.9945391], [11.0463703, 50.9945779], [11.0461541, 50.9947078], [11.0460952, 50.9946689]]]}}, {"type": "Feature", "properties": {"id": "120203133_13818525", "height": 3.912368774414062, "type": null, "floors": null}, "geometry": {"type": "Polygon", "coordinates": [[[11.0449217, 50.9953243], [11.0449242, 50.9951866], [11.0450743, 50.9951877], [11.0450718, 50.9953253], [11.0449217, 50.9953243]]]}}, {"type": "Feature", "properties": {"id": "120203133_13798857", "height": 2.49367094039917, "type": null, "floors": null}, "geometry": {"type": "Polygon", "coordinates": [[[11.0450629, 50.9997301], [11.0452484, 50.999763], [11.045226, 50.999813], [11.0450405, 50.9997802], [11.0450629, 50.9997301]]]}}, {"type": "Feature", "properties": {"id": "120203133_13772186", "height": 3.344186067581176, "type": null, "floors": null}, "geometry": {"type": "Polygon", "coordinates": [[[11.0453193, 50.9998097], [11.0453416, 50.9997533], [11.0454063, 50.9997634], [11.0453841, 50.9998198], [11.0453193, 50.9998097]]]}}, {"type": "Feature", "properties": {"id": "120203133_13774804", "height": 2.235690116882324, "type": null, "floors": null}, "geometry": {"type": "Polygon", "coordinates": [[[11.0453033, 50.9998266], [11.0453121, 50.9998107], [11.0453885, 50.9998276], [11.0453797, 50.9998434], [11.0453033, 50.9998266]]]}}, {"type": "Feature", "properties": {"id": "120203133_13755162", "height": 1.953990578651428, "type": null, "floors": null}, "geometry": {"type": "Polygon", "coordinates": [[[11.0455243, 50.9998199], [11.0456165, 50.9998338], [11.0455976, 50.9998833], [11.0455054, 50.9998693], [11.0455243, 50.9998199]]]}}, {"type": "Feature", "properties": {"id": "120203133_13740746", "height": 3.628551006317138, "type": null, "floors": null}, "geometry": {"type": "Polygon", "coordinates": [[[11.0442597, 50.9938873], [11.0445234, 50.9940213], [11.0444185, 50.9941031], [11.0442766, 50.994031], [11.0442339, 50.9940642], [11.0442664, 50.9940807], [11.0442789, 50.994071], [11.0443033, 50.9940833], [11.0440267, 50.994299], [11.0440267, 50.994299], [11.0439729, 50.9943409], [11.0439064, 50.9943071], [11.0436612, 50.9944982], [11.0435995, 50.9944668], [11.043416, 50.9946099], [11.043342, 50.9945723], [11.0437817, 50.9942295], [11.0438547, 50.9942666], [11.0439111, 50.9942227], [11.0438845, 50.9942091], [11.0441448, 50.9940062], [11.0441221, 50.9939946], [11.0442597, 50.9938873]]]}}, {"type": "Feature", "properties": {"id": "120203133_13765412", "height": 3.085406303405761, "type": null, "floors": null}, "geometry": {"type": "Polygon", "coordinates": [[[11.0437333, 50.9947236], [11.0437906, 50.9946928], [11.0438655, 50.9947479], [11.0438082, 50.9947788], [11.0437333, 50.9947236]]]}}, {"type": "Feature", "properties": {"id": "120203133_13802288", "height": 4.91978931427002, "type": null, "floors": null}, "geometry": {"type": "Polygon", "coordinates": [[[11.0448299, 50.9952006], [11.0448375, 50.9953845], [11.0437171, 50.9954027], [11.0437095, 50.9952188], [11.0448299, 50.9952006]]]}}, {"type": "Feature", "properties": {"id": "120203133_13734783", "height": 2.569070816040039, "type": null, "floors": null}, "geometry": {"type": "Polygon", "coordinates": [[[11.0441287, 50.9957557], [11.0440537, 50.9957573], [11.0440427, 50.9955601], [11.0441177, 50.9955584], [11.0441287, 50.9957557]]]}}, {"type": "Feature", "properties": {"id": "120203133_13699732", "height": 6.435741424560547, "type": null, "floors": null}, "geometry": {"type": "Polygon", "coordinates": [[[11.0447277, 50.9977737], [11.0444674, 50.9983838], [11.0442147, 50.9983411], [11.044475, 50.997731], [11.0447277, 50.9977737]]]}}, {"type": "Feature", "properties": {"id": "120203133_13685118", "height": 5.205461502075195, "type": null, "floors": null}, "geometry": {"type": "Polygon", "coordinates": [[[11.0442534, 50.9982261], [11.0441975, 50.9983383], [11.0441692, 50.9983327], [11.0442252, 50.9982206], [11.0442534, 50.9982261]]]}}, {"type": "Feature", "properties": {"id": "120203133_13698871", "height": 2.29496955871582, "type": null, "floors": null}, "geometry": {"type": "Polygon", "coordinates": [[[11.0448971, 51.0000867], [11.0448819, 51.0001407], [11.0447753, 51.0001289], [11.0447904, 51.0000749], [11.0448971, 51.0000867]]]}}, {"type": "Feature", "properties": {"id": "120203133_13701449", "height": 2.0, "type": null, "floors": null}, "geometry": {"type": "Polygon", "coordinates": [[[11.0448861, 51.0001431], [11.0449001, 51.0000975], [11.0449612, 51.0001049], [11.0449472, 51.0001505], [11.0448861, 51.0001431]]]}}, {"type": "Feature", "properties": {"id": "120203133_13709098", "height": 1.965322613716125, "type": null, "floors": null}, "geometry": {"type": "Polygon", "coordinates": [[[11.0447536, 51.0002959], [11.0446731, 51.0002887], [11.0446887, 51.0002201], [11.0447692, 51.0002274], [11.0447536, 51.0002959]]]}}, {"type": "Feature", "properties": {"id": "120203133_13759336", "height": 2.829526901245117, "type": null, "floors": null}, "geometry": {"type": "Polygon", "coordinates": [[[11.0450379, 51.0002541], [11.0450297, 51.0002888], [11.0448732, 51.0002741], [11.0448814, 51.0002394], [11.0450379, 51.0002541]]]}}, {"type": "Feature", "properties": {"id": "120203133_13805713", "height": 2.612061977386474, "type": null, "floors": null}, "geometry": {"type": "Polygon", "coordinates": [[[11.0376025, 50.9929713], [11.0376868, 50.9929436], [11.0377297, 50.9929954], [11.0376454, 50.9930231], [11.0376025, 50.9929713]]]}}, {"type": "Feature", "properties": {"id": "120203133_13670973", "height": 1.387328505516052, "type": null, "floors": null}, "geometry": {"type": "Polygon", "coordinates": [[[11.0364896, 50.9929666], [11.0365772, 50.9929653], [11.0365801, 50.9930446], [11.0364926, 50.9930459], [11.0364896, 50.9929666]]]}}, {"type": "Feature", "properties": {"id": "120203133_13776559", "height": 3.480869531631469, "type": null, "floors": null}, "geometry": {"type": "Polygon", "coordinates": [[[11.0377353, 50.9931131], [11.0378286, 50.9930863], [11.037862, 50.9931325], [11.0377687, 50.9931592], [11.0377353, 50.9931131]]]}}, {"type": "Feature", "properties": {"id": "120203133_13827939", "height": 2.0, "type": null, "floors": null}, "geometry": {"type": "Polygon", "coordinates": [[[11.0363839, 50.9931689], [11.0362874, 50.9931698], [11.0362863, 50.9931276], [11.0363829, 50.9931267], [11.0363839, 50.9931689]]]}}, {"type": "Feature", "properties": {"id": "120203133_13670975", "height": 1.97766101360321, "type": null, "floors": null}, "geometry": {"type": "Polygon", "coordinates": [[[11.036593, 50.9932054], [11.0365082, 50.9932069], [11.0365047, 50.9931259], [11.0365895, 50.9931245], [11.036593, 50.9932054]]]}}, {"type": "Feature", "properties": {"id": "120203133_13830601", "height": 3.317813873291015, "type": null, "floors": null}, "geometry": {"type": "Polygon", "coordinates": [[[11.0366625, 50.9932088], [11.0366672, 50.9931363], [11.0367431, 50.9931382], [11.036742, 50.9931551], [11.0368036, 50.9931567], [11.0368, 50.9932123], [11.0366625, 50.9932088]]]}}, {"type": "Feature", "properties": {"id": "120203133_13731346", "height": 2.795994043350219, "type": null, "floors": null}, "geometry": {"type": "Polygon", "coordinates": [[[11.037823, 50.9931643], [11.0379122, 50.9931339], [11.0379577, 50.9931869], [11.0378685, 50.9932172], [11.037823, 50.9931643]]]}}, {"type": "Feature", "properties": {"id": "120203133_13698849", "height": 1.996784567832946, "type": null, "floors": null}, "geometry": {"type": "Polygon", "coordinates": [[[11.0370454, 50.993203], [11.0370419, 50.9932653], [11.0369518, 50.9932634], [11.0369553, 50.993201], [11.0370454, 50.993203]]]}}, {"type": "Feature", "properties": {"id": "120203133_13709999", "height": 2.482428073883056, "type": null, "floors": null}, "geometry": {"type": "Polygon", "coordinates": [[[11.0367676, 50.9932774], [11.0366694, 50.9932779], [11.0366688, 50.9932349], [11.036767, 50.9932344], [11.0367676, 50.9932774]]]}}, {"type": "Feature", "properties": {"id": "120203133_13839278", "height": 2.387214183807373, "type": null, "floors": null}, "geometry": {"type": "Polygon", "coordinates": [[[11.0378417, 50.993289], [11.0379564, 50.9932381], [11.0380132, 50.9932889], [11.0378985, 50.9933397], [11.0378417, 50.993289]]]}}, {"type": "Feature", "properties": {"id": "120203133_13684212", "height": 2.893404960632324, "type": null, "floors": null}, "geometry": {"type": "Polygon", "coordinates": [[[11.0388032, 50.993236], [11.0388378, 50.9932876], [11.0387407, 50.9933134], [11.0387061, 50.9932618], [11.0388032, 50.993236]]]}}, {"type": "Feature", "properties": {"id": "120203133_13739879", "height": 2.227201223373413, "type": null, "floors": null}, "geometry": {"type": "Polygon", "coordinates": [[[11.0395043, 50.9933067], [11.0396409, 50.9932796], [11.0396601, 50.993318], [11.0395235, 50.9933451], [11.0395043, 50.9933067]]]}}, {"type": "Feature", "properties": {"id": "120203133_13683276", "height": 2.48166823387146, "type": null, "floors": null}, "geometry": {"type": "Polygon", "coordinates": [[[11.0395874, 50.993398], [11.0397594, 50.9933626], [11.0397863, 50.9934144], [11.0396143, 50.9934498], [11.0395874, 50.993398]]]}}, {"type": "Feature", "properties": {"id": "120203133_13767952", "height": 2.932283401489258, "type": null, "floors": null}, "geometry": {"type": "Polygon", "coordinates": [[[11.0381151, 50.9933643], [11.0381749, 50.9934099], [11.0380999, 50.9934489], [11.0380401, 50.9934033], [11.0381151, 50.9933643]]]}}, {"type": "Feature", "properties": {"id": "120203133_13683003", "height": 2.580437660217285, "type": null, "floors": null}, "geometry": {"type": "Polygon", "coordinates": [[[11.0390786, 50.9934392], [11.0389817, 50.9934705], [11.0389349, 50.993413], [11.0390318, 50.9933817], [11.0390786, 50.9934392]]]}}, {"type": "Feature", "properties": {"id": "120203133_13747615", "height": 2.554738521575927, "type": null, "floors": null}, "geometry": {"type": "Polygon", "coordinates": [[[11.0399114, 50.9935091], [11.0398119, 50.9935318], [11.0397835, 50.9934826], [11.0398829, 50.9934599], [11.0399114, 50.9935091]]]}}, {"type": "Feature", "properties": {"id": "120203133_13798836", "height": 2.057294845581054, "type": null, "floors": null}, "geometry": {"type": "Polygon", "coordinates": [[[11.038194, 50.9935196], [11.0382804, 50.9934617], [11.0383507, 50.9935033], [11.0382643, 50.9935612], [11.038194, 50.9935196]]]}}, {"type": "Feature", "properties": {"id": "120203133_13740732", "height": 1.777777791023254, "type": null, "floors": null}, "geometry": {"type": "Polygon", "coordinates": [[[11.0389921, 50.993541], [11.0389408, 50.9935548], [11.0389142, 50.9935157], [11.0389654, 50.9935019], [11.0389921, 50.993541]]]}}, {"type": "Feature", "properties": {"id": "120203133_13757606", "height": 2.0, "type": null, "floors": null}, "geometry": {"type": "Polygon", "coordinates": [[[11.0391263, 50.9935106], [11.0391622, 50.9935474], [11.0390803, 50.993579], [11.0390445, 50.9935422], [11.0391263, 50.9935106]]]}}, {"type": "Feature", "properties": {"id": "120203133_13703978", "height": 2.307565689086914, "type": null, "floors": null}, "geometry": {"type": "Polygon", "coordinates": [[[11.0384631, 50.9935935], [11.0385401, 50.9936225], [11.0384899, 50.9936752], [11.0384129, 50.9936462], [11.0384631, 50.9935935]]]}}, {"type": "Feature", "properties": {"id": "120203133_13832356", "height": 1.998714685440063, "type": null, "floors": null}, "geometry": {"type": "Polygon", "coordinates": [[[11.039098, 50.9936218], [11.0391633, 50.9936038], [11.0391948, 50.9936491], [11.0391295, 50.9936671], [11.039098, 50.9936218]]]}}, {"type": "Feature", "properties": {"id": "120203133_13819399", "height": 1.951787233352661, "type": null, "floors": null}, "geometry": {"type": "Polygon", "coordinates": [[[11.0386471, 50.9937079], [11.0385276, 50.9936816], [11.0385502, 50.993641], [11.0386697, 50.9936673], [11.0386471, 50.9937079]]]}}, {"type": "Feature", "properties": {"id": "120203133_13672663", "height": 2.597553968429565, "type": null, "floors": null}, "geometry": {"type": "Polygon", "coordinates": [[[11.0392615, 50.9936548], [11.0392922, 50.9936921], [11.0393091, 50.9936866], [11.0393347, 50.9937177], [11.0392362, 50.9937499], [11.0391799, 50.9936814], [11.0392615, 50.9936548]]]}}, {"type": "Feature", "properties": {"id": "120203133_13730473", "height": 2.06362771987915, "type": null, "floors": null}, "geometry": {"type": "Polygon", "coordinates": [[[11.0394718, 50.9938238], [11.0394012, 50.9938542], [11.0393512, 50.9938082], [11.0394218, 50.9937778], [11.0394718, 50.9938238]]]}}, {"type": "Feature", "properties": {"id": "120203133_13729608", "height": 2.654991149902343, "type": null, "floors": null}, "geometry": {"type": "Polygon", "coordinates": [[[11.0389014, 50.9938228], [11.0388519, 50.9938751], [11.0387787, 50.9938476], [11.0388282, 50.9937953], [11.0389014, 50.9938228]]]}}, {"type": "Feature", "properties": {"id": "120203133_13839280", "height": 2.514228343963623, "type": null, "floors": null}, "geometry": {"type": "Polygon", "coordinates": [[[11.0381545, 50.993895], [11.0382265, 50.9939148], [11.0381846, 50.9939752], [11.0381382, 50.9939624], [11.0381595, 50.9939318], [11.0379987, 50.9938876], [11.0380237, 50.9938515], [11.0380665, 50.9938633], [11.0381025, 50.9938115], [11.0381948, 50.9938369], [11.0381545, 50.993895]]]}}, {"type": "Feature", "properties": {"id": "120203133_13831497", "height": 3.5497381687164298, "type": null, "floors": null}, "geometry": {"type": "Polygon", "coordinates": [[[11.0395804, 50.9938922], [11.0395502, 50.9939069], [11.0395943, 50.9939428], [11.0395288, 50.9939747], [11.0394873, 50.9939409], [11.0394654, 50.9939515], [11.03942, 50.9939145], [11.0395376, 50.9938573], [11.0395804, 50.9938922]]]}}, {"type": "Feature", "properties": {"id": "120203133_13803962", "height": 2.8072726726531982, "type": null, "floors": null}, "geometry": {"type": "Polygon", "coordinates": [[[11.0390731, 50.9939152], [11.0390226, 50.9939636], [11.0389506, 50.9939339], [11.0390011, 50.9938855], [11.0390731, 50.9939152]]]}}, {"type": "Feature", "properties": {"id": "120203133_13836651", "height": 2.606641054153442, "type": null, "floors": null}, "geometry": {"type": "Polygon", "coordinates": [[[11.0383395, 50.9939136], [11.038258, 50.9939898], [11.0381941, 50.9939627], [11.0382756, 50.9938865], [11.0383395, 50.9939136]]]}}, {"type": "Feature", "properties": {"id": "120203133_13745008", "height": 2.915569305419922, "type": null, "floors": null}, "geometry": {"type": "Polygon", "coordinates": [[[11.0391156, 50.9939345], [11.0391798, 50.9939724], [11.0391075, 50.9940209], [11.0390433, 50.993983], [11.0391156, 50.9939345]]]}}, {"type": "Feature", "properties": {"id": "120203133_13817642", "height": 1.381578922271728, "type": null, "floors": null}, "geometry": {"type": "Polygon", "coordinates": [[[11.0383316, 50.9939934], [11.0383062, 50.9940413], [11.0382738, 50.9940346], [11.0382992, 50.9939866], [11.0383316, 50.9939934]]]}}, {"type": "Feature", "properties": {"id": "120203133_13822825", "height": 2.151767253875732, "type": null, "floors": null}, "geometry": {"type": "Polygon", "coordinates": [[[11.0382938, 50.994056], [11.0383391, 50.993992], [11.0383959, 50.9940079], [11.0383506, 50.9940719], [11.0382938, 50.994056]]]}}, {"type": "Feature", "properties": {"id": "120203133_13823735", "height": 3.15663480758667, "type": null, "floors": null}, "geometry": {"type": "Polygon", "coordinates": [[[11.0386197, 50.9940463], [11.0386562, 50.9940119], [11.0386933, 50.9940275], [11.038614, 50.9941022], [11.0385324, 50.994068], [11.0385752, 50.9940276], [11.0386197, 50.9940463]]]}}, {"type": "Feature", "properties": {"id": "120203133_13734765", "height": 2.9729151725769043, "type": null, "floors": null}, "geometry": {"type": "Polygon", "coordinates": [[[11.0384823, 50.9941065], [11.0385274, 50.9940736], [11.0386113, 50.9941192], [11.0385397, 50.9941714], [11.0384942, 50.9941467], [11.0385207, 50.9941274], [11.0384823, 50.9941065]]]}}, {"type": "Feature", "properties": {"id": "120203133_13789276", "height": 2.754444360733032, "type": null, "floors": null}, "geometry": {"type": "Polygon", "coordinates": [[[11.0387404, 50.9941586], [11.0387826, 50.9941304], [11.0388592, 50.9941759], [11.0388169, 50.9942041], [11.0387404, 50.9941586]]]}}, {"type": "Feature", "properties": {"id": "120203133_13708254", "height": 2.311956405639648, "type": null, "floors": null}, "geometry": {"type": "Polygon", "coordinates": [[[11.0394862, 50.9941377], [11.0395458, 50.9941613], [11.0394958, 50.9942114], [11.0394362, 50.9941878], [11.0394862, 50.9941377]]]}}, {"type": "Feature", "properties": {"id": "120203133_13713356", "height": 3.70934796333313, "type": null, "floors": null}, "geometry": {"type": "Polygon", "coordinates": [[[11.0386083, 50.9942428], [11.0386572, 50.9941909], [11.0387394, 50.9942216], [11.0386904, 50.9942735], [11.0386083, 50.9942428]]]}}, {"type": "Feature", "properties": {"id": "120203133_13805718", "height": 2.262345790863037, "type": null, "floors": null}, "geometry": {"type": "Polygon", "coordinates": [[[11.0390359, 50.9943084], [11.0390832, 50.9943312], [11.0390353, 50.9943705], [11.0389434, 50.9943262], [11.0389947, 50.9942841], [11.0389474, 50.9942613], [11.0389958, 50.9942215], [11.0390877, 50.9942658], [11.0390359, 50.9943084]]]}}, {"type": "Feature", "properties": {"id": "120203133_13826279", "height": 2.867038249969482, "type": null, "floors": null}, "geometry": {"type": "Polygon", "coordinates": [[[11.0392718, 50.994354], [11.0392539, 50.9943725], [11.0392932, 50.9943875], [11.0392658, 50.9944159], [11.0391618, 50.9943763], [11.039207, 50.9943293], [11.0392718, 50.994354]]]}}, {"type": "Feature", "properties": {"id": "120203133_13831494", "height": 2.114427804946899, "type": null, "floors": null}, "geometry": {"type": "Polygon", "coordinates": [[[11.0392438, 50.9944289], [11.0391973, 50.9944674], [11.0391224, 50.9944316], [11.0391689, 50.9943931], [11.0392438, 50.9944289]]]}}, {"type": "Feature", "properties": {"id": "120203133_13775677", "height": 1.232665657997131, "type": null, "floors": null}, "geometry": {"type": "Polygon", "coordinates": [[[11.0373451, 50.9941732], [11.0373273, 50.9942266], [11.0372965, 50.9942225], [11.0372879, 50.9942484], [11.0372375, 50.9942417], [11.0372639, 50.9941625], [11.0373451, 50.9941732]]]}}, {"type": "Feature", "properties": {"id": "120203133_13727852", "height": 1.0, "type": null, "floors": null}, "geometry": {"type": "Polygon", "coordinates": [[[11.0371003, 50.9942377], [11.0371324, 50.9941807], [11.0372359, 50.9942038], [11.0372038, 50.9942608], [11.0371003, 50.9942377]]]}}, {"type": "Feature", "properties": {"id": "120203133_13789270", "height": 1.0, "type": null, "floors": null}, "geometry": {"type": "Polygon", "coordinates": [[[11.0378579, 50.9942208], [11.0378357, 50.9942537], [11.0377379, 50.9942277], [11.03776, 50.9941947], [11.0378579, 50.9942208]]]}}, {"type": "Feature", "properties": {"id": "120203133_13805715", "height": 1.79706597328186, "type": null, "floors": null}, "geometry": {"type": "Polygon", "coordinates": [[[11.0376544, 50.9942025], [11.0377309, 50.9942193], [11.0376949, 50.994284], [11.0376184, 50.9942671], [11.0376544, 50.9942025]]]}}, {"type": "Feature", "properties": {"id": "120203133_13769615", "height": 1.0, "type": null, "floors": null}, "geometry": {"type": "Polygon", "coordinates": [[[11.0372193, 50.9942422], [11.0372739, 50.994252], [11.0372658, 50.9942699], [11.0372112, 50.9942601], [11.0372193, 50.9942422]]]}}, {"type": "Feature", "properties": {"id": "120203133_13708249", "height": 1.827784180641174, "type": null, "floors": null}, "geometry": {"type": "Polygon", "coordinates": [[[11.0379544, 50.9943041], [11.0378905, 50.994283], [11.0379309, 50.9942346], [11.0379948, 50.9942558], [11.0379544, 50.9943041]]]}}, {"type": "Feature", "properties": {"id": "120203133_13688543", "height": 1.486555695533752, "type": null, "floors": null}, "geometry": {"type": "Polygon", "coordinates": [[[11.0373603, 50.9942512], [11.037414, 50.9942619], [11.0373841, 50.9943218], [11.0373304, 50.9943112], [11.0373603, 50.9942512]]]}}, {"type": "Feature", "properties": {"id": "120203133_13817636", "height": 1.919844150543213, "type": null, "floors": null}, "geometry": {"type": "Polygon", "coordinates": [[[11.0365389, 50.9942905], [11.0365006, 50.9943347], [11.036542, 50.9943489], [11.0365099, 50.994386], [11.036454, 50.9943668], [11.0364771, 50.9943402], [11.0362972, 50.9942785], [11.0363445, 50.9942238], [11.0365389, 50.9942905]]]}}, {"type": "Feature", "properties": {"id": "120203133_13731347", "height": 1.995856404304504, "type": null, "floors": null}, "geometry": {"type": "Polygon", "coordinates": [[[11.0380088, 50.9943161], [11.037981, 50.9943577], [11.0379139, 50.99434], [11.0379417, 50.9942984], [11.0380088, 50.9943161]]]}}, {"type": "Feature", "properties": {"id": "120203133_13804835", "height": 1.3136364221572872, "type": null, "floors": null}, "geometry": {"type": "Polygon", "coordinates": [[[11.0380366, 50.9943272], [11.0380123, 50.9943628], [11.0379887, 50.9943565], [11.038013, 50.9943208], [11.0380366, 50.9943272]]]}}, {"type": "Feature", "properties": {"id": "120203133_13704896", "height": 1.989669442176818, "type": null, "floors": null}, "geometry": {"type": "Polygon", "coordinates": [[[11.0382204, 50.9944135], [11.0382735, 50.994429], [11.0382484, 50.9944631], [11.0381954, 50.9944477], [11.0382204, 50.9944135]]]}}, {"type": "Feature", "properties": {"id": "120203133_13774782", "height": 2.865658283233642, "type": null, "floors": null}, "geometry": {"type": "Polygon", "coordinates": [[[11.0394249, 50.9944075], [11.0394956, 50.9944469], [11.0394389, 50.9944872], [11.0393682, 50.9944478], [11.0394249, 50.9944075]]]}}, {"type": "Feature", "properties": {"id": "120203133_13773906", "height": 1.942068934440612, "type": null, "floors": null}, "geometry": {"type": "Polygon", "coordinates": [[[11.0381484, 50.9945022], [11.0381689, 50.9944683], [11.0382533, 50.9944884], [11.0382328, 50.9945223], [11.0381484, 50.9945022]]]}}, {"type": "Feature", "properties": {"id": "120203133_13703090", "height": 3.372894048690796, "type": null, "floors": null}, "geometry": {"type": "Polygon", "coordinates": [[[11.0384344, 50.9944765], [11.0385082, 50.9945175], [11.0384616, 50.9945507], [11.0384426, 50.9945402], [11.0384067, 50.9945658], [11.0383082, 50.994511], [11.0384027, 50.9944437], [11.0384464, 50.994468], [11.0384344, 50.9944765]]]}}, {"type": "Feature", "properties": {"id": "120203133_13819401", "height": 3.648757934570312, "type": null, "floors": null}, "geometry": {"type": "Polygon", "coordinates": [[[11.0393636, 50.9944649], [11.0394444, 50.9945194], [11.0393675, 50.9945646], [11.0392867, 50.99451], [11.0393636, 50.9944649]]]}}, {"type": "Feature", "properties": {"id": "120203133_13781588", "height": 2.706021308898926, "type": null, "floors": null}, "geometry": {"type": "Polygon", "coordinates": [[[11.0383212, 50.9945989], [11.0383735, 50.9945503], [11.0384276, 50.9945734], [11.0383753, 50.994622], [11.0383212, 50.9945989]]]}}, {"type": "Feature", "properties": {"id": "120203133_13779052", "height": 2.820727348327636, "type": null, "floors": null}, "geometry": {"type": "Polygon", "coordinates": [[[11.0384599, 50.9945894], [11.0385005, 50.9945493], [11.0387495, 50.994649], [11.0387089, 50.9946891], [11.0384599, 50.9945894]]]}}, {"type": "Feature", "properties": {"id": "120203133_13821988", "height": 3.249034643173217, "type": null, "floors": null}, "geometry": {"type": "Polygon", "coordinates": [[[11.0385079, 50.9946851], [11.0385494, 50.9946446], [11.038631, 50.9946776], [11.0385894, 50.9947182], [11.0385079, 50.9946851]]]}}, {"type": "Feature", "properties": {"id": "120203133_13809101", "height": 2.862489223480224, "type": null, "floors": null}, "geometry": {"type": "Polygon", "coordinates": [[[11.0398027, 50.9946583], [11.0398779, 50.9946856], [11.0398303, 50.9947375], [11.039755, 50.9947101], [11.0398027, 50.9946583]]]}}, {"type": "Feature", "properties": {"id": "120203133_13703091", "height": 3.51796555519104, "type": null, "floors": null}, "geometry": {"type": "Polygon", "coordinates": [[[11.0386542, 50.9947862], [11.0387158, 50.9947244], [11.0387562, 50.9947403], [11.0388057, 50.9946906], [11.0389039, 50.9947294], [11.0388557, 50.9947779], [11.0388634, 50.9947809], [11.0388006, 50.9948439], [11.0386542, 50.9947862]]]}}, {"type": "Feature", "properties": {"id": "120203133_13770480", "height": 2.02109694480896, "type": null, "floors": null}, "geometry": {"type": "Polygon", "coordinates": [[[11.0399237, 50.9938171], [11.0400597, 50.9938058], [11.0400695, 50.9938523], [11.0399334, 50.9938635], [11.0399237, 50.9938171]]]}}, {"type": "Feature", "properties": {"id": "120203133_13731355", "height": 2.379834175109863, "type": null, "floors": null}, "geometry": {"type": "Polygon", "coordinates": [[[11.0400623, 50.9939296], [11.0400774, 50.9939766], [11.0400105, 50.9939852], [11.0399953, 50.9939382], [11.0400623, 50.9939296]]]}}, {"type": "Feature", "properties": {"id": "120203133_13722018", "height": 1.54996371269226, "type": null, "floors": null}, "geometry": {"type": "Polygon", "coordinates": [[[11.0410413, 50.994267], [11.0410442, 50.9941922], [11.0412603, 50.9941956], [11.0412605, 50.9941911], [11.0412926, 50.9941916], [11.0412895, 50.9942709], [11.0410413, 50.994267]]]}}, {"type": "Feature", "properties": {"id": "120203133_13715107", "height": 3.521984100341797, "type": null, "floors": null}, "geometry": {"type": "Polygon", "coordinates": [[[11.0398947, 50.99433], [11.0400038, 50.9943549], [11.0399664, 50.9944199], [11.0398573, 50.9943951], [11.0398947, 50.99433]]]}}, {"type": "Feature", "properties": {"id": "120203133_13757612", "height": 4.862504959106445, "type": null, "floors": null}, "geometry": {"type": "Polygon", "coordinates": [[[11.0417785, 50.9942997], [11.0413178, 50.9946514], [11.0412667, 50.9946249], [11.0412627, 50.9946279], [11.0410887, 50.9945376], [11.0412453, 50.994418], [11.041267, 50.9944293], [11.0415751, 50.9941941], [11.0417785, 50.9942997]]]}}, {"type": "Feature", "properties": {"id": "120203133_13836660", "height": 3.335623264312744, "type": null, "floors": null}, "geometry": {"type": "Polygon", "coordinates": [[[11.0399622, 50.9945941], [11.0399097, 50.9946389], [11.0398429, 50.9946079], [11.0398955, 50.9945631], [11.0399622, 50.9945941]]]}}, {"type": "Feature", "properties": {"id": "120203133_13683011", "height": 2.0, "type": null, "floors": null}, "geometry": {"type": "Polygon", "coordinates": [[[11.0406454, 50.995031], [11.0406695, 50.9950472], [11.0406445, 50.9950619], [11.0406204, 50.9950457], [11.0406454, 50.995031]]]}}, {"type": "Feature", "properties": {"id": "120203133_13710004", "height": 4.779916286468506, "type": null, "floors": null}, "geometry": {"type": "Polygon", "coordinates": [[[11.0401504, 50.9949084], [11.0404129, 50.9949022], [11.040428, 50.9951577], [11.0405735, 50.9952361], [11.0405976, 50.9952355], [11.0406683, 50.9952737], [11.0405067, 50.9953925], [11.0404444, 50.995359], [11.0404078, 50.9953598], [11.0404068, 50.9953428], [11.0404471, 50.9953132], [11.0403952, 50.9952852], [11.0404179, 50.9952684], [11.0401721, 50.9952742], [11.0401504, 50.9949084]]]}}, {"type": "Feature", "properties": {"id": "120203133_13823741", "height": 1.6705090999603271, "type": null, "floors": null}, "geometry": {"type": "Polygon", "coordinates": [[[11.040099, 50.9953052], [11.0400671, 50.9953371], [11.0399613, 50.9952953], [11.0399932, 50.9952633], [11.040099, 50.9953052]]]}}, {"type": "Feature", "properties": {"id": "120203133_13809948", "height": 4.829394817352295, "type": null, "floors": null}, "geometry": {"type": "Polygon", "coordinates": [[[11.0404365, 50.9954311], [11.0403626, 50.9954869], [11.0401782, 50.9953902], [11.0402521, 50.9953344], [11.0404365, 50.9954311]]]}}, {"type": "Feature", "properties": {"id": "120203133_13745867", "height": 2.288508653640747, "type": null, "floors": null}, "geometry": {"type": "Polygon", "coordinates": [[[11.0368014, 50.9947564], [11.0368063, 50.9948931], [11.0367113, 50.9948944], [11.0367065, 50.9947578], [11.0368014, 50.9947564]]]}}, {"type": "Feature", "properties": {"id": "120203133_13685094", "height": 3.476190567016601, "type": null, "floors": null}, "geometry": {"type": "Polygon", "coordinates": [[[11.0374005, 50.9948503], [11.0374321, 50.9948083], [11.0376172, 50.9948634], [11.0375856, 50.9949054], [11.0374005, 50.9948503]]]}}, {"type": "Feature", "properties": {"id": "120203133_13683264", "height": 3.431724071502685, "type": null, "floors": null}, "geometry": {"type": "Polygon", "coordinates": [[[11.0378252, 50.9948678], [11.0377614, 50.9949162], [11.0376811, 50.9948743], [11.037745, 50.9948258], [11.0378252, 50.9948678]]]}}, {"type": "Feature", "properties": {"id": "120203133_13687675", "height": 3.343564987182617, "type": null, "floors": null}, "geometry": {"type": "Polygon", "coordinates": [[[11.0373692, 50.9949453], [11.0373676, 50.9949031], [11.0375123, 50.994901], [11.0375148, 50.9949651], [11.0374102, 50.9949667], [11.0374094, 50.9949447], [11.0373692, 50.9949453]]]}}, {"type": "Feature", "properties": {"id": "120203133_13699708", "height": 2.883504152297973, "type": null, "floors": null}, "geometry": {"type": "Polygon", "coordinates": [[[11.0379368, 50.9949845], [11.0379017, 50.9950166], [11.0377988, 50.994972], [11.0378339, 50.9949399], [11.0379368, 50.9949845]]]}}, {"type": "Feature", "properties": {"id": "120203133_13755130", "height": 2.9080910682678223, "type": null, "floors": null}, "geometry": {"type": "Polygon", "coordinates": [[[11.0362315, 50.9949709], [11.0362931, 50.9949695], [11.0362976, 50.9950496], [11.0362145, 50.9950514], [11.0362124, 50.9950127], [11.0362338, 50.9950122], [11.0362315, 50.9949709]]]}}, {"type": "Feature", "properties": {"id": "120203133_13809941", "height": 2.360389709472656, "type": null, "floors": null}, "geometry": {"type": "Polygon", "coordinates": [[[11.0365762, 50.9949766], [11.0366551, 50.9949781], [11.0366516, 50.9950489], [11.0365727, 50.9950474], [11.0365762, 50.9949766]]]}}, {"type": "Feature", "properties": {"id": "120203133_13766233", "height": 2.0, "type": null, "floors": null}, "geometry": {"type": "Polygon", "coordinates": [[[11.036706, 50.9949978], [11.0367891, 50.9949959], [11.0367916, 50.9950407], [11.0367085, 50.9950425], [11.036706, 50.9949978]]]}}, {"type": "Feature", "properties": {"id": "120203133_13669257", "height": 3.68838357925415, "type": null, "floors": null}, "geometry": {"type": "Polygon", "coordinates": [[[11.0378399, 50.9950215], [11.037962, 50.9950203], [11.0379635, 50.9950801], [11.0378414, 50.9950813], [11.0378399, 50.9950215]]]}}, {"type": "Feature", "properties": {"id": "120203133_13677795", "height": 2.7924623489379883, "type": null, "floors": null}, "geometry": {"type": "Polygon", "coordinates": [[[11.0363601, 50.9949924], [11.0364565, 50.994995], [11.0364527, 50.9950498], [11.0364152, 50.9950487], [11.0364108, 50.995112], [11.0363519, 50.9951103], [11.0363601, 50.9949924]]]}}, {"type": "Feature", "properties": {"id": "120203133_13758480", "height": 1.997572779655456, "type": null, "floors": null}, "geometry": {"type": "Polygon", "coordinates": [[[11.0396254, 50.9948074], [11.0396808, 50.9947543], [11.039779, 50.994795], [11.0397236, 50.994848], [11.0396254, 50.9948074]]]}}, {"type": "Feature", "properties": {"id": "120203133_13686825", "height": 2.812283754348755, "type": null, "floors": null}, "geometry": {"type": "Polygon", "coordinates": [[[11.0389801, 50.994815], [11.0390289, 50.9947738], [11.0391107, 50.9948122], [11.0390619, 50.9948534], [11.0389801, 50.994815]]]}}, {"type": "Feature", "properties": {"id": "120203133_13835765", "height": 3.410922527313232, "type": null, "floors": null}, "geometry": {"type": "Polygon", "coordinates": [[[11.039236, 50.99489], [11.0393002, 50.9948289], [11.0393973, 50.9948693], [11.0393331, 50.9949304], [11.039236, 50.99489]]]}}, {"type": "Feature", "properties": {"id": "120203133_13796302", "height": 2.06254243850708, "type": null, "floors": null}, "geometry": {"type": "Polygon", "coordinates": [[[11.0395729, 50.9948475], [11.0396757, 50.9948861], [11.0396303, 50.9949339], [11.0395276, 50.9948952], [11.0395729, 50.9948475]]]}}, {"type": "Feature", "properties": {"id": "120203133_13803116", "height": 1.999204397201538, "type": null, "floors": null}, "geometry": {"type": "Polygon", "coordinates": [[[11.0390747, 50.9949014], [11.0390412, 50.9949474], [11.0389391, 50.9949181], [11.0389726, 50.994872], [11.0390747, 50.9949014]]]}}, {"type": "Feature", "properties": {"id": "120203133_13684208", "height": 3.663817644119262, "type": null, "floors": null}, "geometry": {"type": "Polygon", "coordinates": [[[11.038028, 50.9949588], [11.0380691, 50.9949193], [11.0381536, 50.9949541], [11.0381125, 50.9949936], [11.038028, 50.9949588]]]}}, {"type": "Feature", "properties": {"id": "120203133_13815094", "height": 2.751652479171753, "type": null, "floors": null}, "geometry": {"type": "Polygon", "coordinates": [[[11.0395027, 50.9950263], [11.0394503, 50.9950805], [11.0393857, 50.9950557], [11.0394382, 50.9950016], [11.0395027, 50.9950263]]]}}, {"type": "Feature", "properties": {"id": "120203133_13716017", "height": 2.20817494392395, "type": null, "floors": null}, "geometry": {"type": "Polygon", "coordinates": [[[11.0393787, 50.9950646], [11.0394387, 50.9950881], [11.0393822, 50.9951454], [11.0393222, 50.9951219], [11.0393787, 50.9950646]]]}}, {"type": "Feature", "properties": {"id": "120203133_13711693", "height": 3.323480129241943, "type": null, "floors": null}, "geometry": {"type": "Polygon", "coordinates": [[[11.0380139, 50.995084], [11.0381185, 50.9950824], [11.0381215, 50.99516], [11.0380169, 50.9951616], [11.0380139, 50.995084]]]}}, {"type": "Feature", "properties": {"id": "120203133_13691085", "height": 3.548042774200439, "type": null, "floors": null}, "geometry": {"type": "Polygon", "coordinates": [[[11.0383704, 50.9950929], [11.038427, 50.9951208], [11.038375, 50.9951627], [11.0383184, 50.9951348], [11.0383704, 50.9950929]]]}}, {"type": "Feature", "properties": {"id": "120203133_13706514", "height": 2.5676157474517822, "type": null, "floors": null}, "geometry": {"type": "Polygon", "coordinates": [[[11.0393087, 50.9951947], [11.0392498, 50.995241], [11.0391828, 50.9952072], [11.0392417, 50.9951609], [11.0393087, 50.9951947]]]}}, {"type": "Feature", "properties": {"id": "120203133_13814208", "height": 3.044303894042968, "type": null, "floors": null}, "geometry": {"type": "Polygon", "coordinates": [[[11.0384175, 50.9952122], [11.0384512, 50.9951848], [11.0385652, 50.9952403], [11.0385315, 50.9952678], [11.0384175, 50.9952122]]]}}, {"type": "Feature", "properties": {"id": "120203133_13789274", "height": 3.550450086593628, "type": null, "floors": null}, "geometry": {"type": "Polygon", "coordinates": [[[11.0386221, 50.9952727], [11.0386914, 50.9952], [11.038788, 50.9952365], [11.0387187, 50.9953092], [11.0386221, 50.9952727]]]}}, {"type": "Feature", "properties": {"id": "120203133_13751827", "height": 2.897689819335937, "type": null, "floors": null}, "geometry": {"type": "Polygon", "coordinates": [[[11.0390322, 50.9952663], [11.0390927, 50.9952198], [11.039181, 50.9952653], [11.0391205, 50.9953118], [11.0390322, 50.9952663]]]}}, {"type": "Feature", "properties": {"id": "120203133_13669263", "height": 2.027139902114868, "type": null, "floors": null}, "geometry": {"type": "Polygon", "coordinates": [[[11.0384665, 50.9953737], [11.0386378, 50.9953785], [11.038636, 50.9954038], [11.0384647, 50.9953989], [11.0384665, 50.9953737]]]}}, {"type": "Feature", "properties": {"id": "120203133_13728720", "height": 3.022010564804077, "type": null, "floors": null}, "geometry": {"type": "Polygon", "coordinates": [[[11.0387215, 50.9954115], [11.0387233, 50.9953846], [11.0389978, 50.9953918], [11.0389942, 50.9954464], [11.0387639, 50.9954404], [11.0387658, 50.9954127], [11.0387215, 50.9954115]]]}}, {"type": "Feature", "properties": {"id": "120203133_13734770", "height": 5.02510929107666, "type": null, "floors": null}, "geometry": {"type": "Polygon", "coordinates": [[[11.0394509, 50.995506], [11.0396094, 50.9953566], [11.0397578, 50.995419], [11.0395992, 50.9955684], [11.0394509, 50.995506]]]}}, {"type": "Feature", "properties": {"id": "120203133_13754264", "height": 2.933344841003418, "type": null, "floors": null}, "geometry": {"type": "Polygon", "coordinates": [[[11.038283, 50.9955822], [11.0382877, 50.9954793], [11.0387675, 50.995488], [11.0387667, 50.9955049], [11.0388069, 50.9955056], [11.038803, 50.9955916], [11.038283, 50.9955822]]]}}, {"type": "Feature", "properties": {"id": "120203133_13702262", "height": 3.907015800476074, "type": null, "floors": null}, "geometry": {"type": "Polygon", "coordinates": [[[11.0387555, 50.9956577], [11.0387517, 50.9957597], [11.0383549, 50.9957538], [11.0383587, 50.9956518], [11.0387555, 50.9956577]]]}}, {"type": "Feature", "properties": {"id": "120203133_13839283", "height": 6.942166805267334, "type": null, "floors": null}, "geometry": {"type": "Polygon", "coordinates": [[[11.039596, 50.9957786], [11.0396643, 50.9956997], [11.0398876, 50.9957763], [11.0398193, 50.9958552], [11.039596, 50.9957786]]]}}, {"type": "Feature", "properties": {"id": "120203133_13727020", "height": 1.964592218399047, "type": null, "floors": null}, "geometry": {"type": "Polygon", "coordinates": [[[11.0364013, 50.9937764], [11.0363966, 50.9938345], [11.0363244, 50.9938322], [11.036329, 50.9937741], [11.0364013, 50.9937764]]]}}, {"type": "Feature", "properties": {"id": "120203133_13718558", "height": 3.83426284790039, "type": null, "floors": null}, "geometry": {"type": "Polygon", "coordinates": [[[11.0379466, 50.9937628], [11.0380446, 50.9937888], [11.037989, 50.993872], [11.0378477, 50.9938346], [11.0378707, 50.9938001], [11.037914, 50.9938116], [11.0379466, 50.9937628]]]}}, {"type": "Feature", "properties": {"id": "120203133_13722008", "height": 1.045045018196106, "type": null, "floors": null}, "geometry": {"type": "Polygon", "coordinates": [[[11.0363439, 50.9938939], [11.036366, 50.9938419], [11.036411, 50.9938495], [11.036389, 50.9939015], [11.0363439, 50.9938939]]]}}, {"type": "Feature", "properties": {"id": "120203133_13712490", "height": 2.393622636795044, "type": null, "floors": null}, "geometry": {"type": "Polygon", "coordinates": [[[11.0364991, 50.9939502], [11.0363959, 50.9939373], [11.0364144, 50.9938788], [11.0365099, 50.9938908], [11.0365176, 50.9938664], [11.036564, 50.9938722], [11.0365702, 50.9938528], [11.0366501, 50.9938628], [11.0366214, 50.9939537], [11.0365027, 50.9939389], [11.0364991, 50.9939502]]]}}, {"type": "Feature", "properties": {"id": "120203133_13831483", "height": 3.128697156906128, "type": null, "floors": null}, "geometry": {"type": "Polygon", "coordinates": [[[11.035723, 50.9939338], [11.0357356, 50.9938809], [11.0358405, 50.9938908], [11.035828, 50.9939436], [11.035723, 50.9939338]]]}}, {"type": "Feature", "properties": {"id": "120203133_13830599", "height": 2.023423433303833, "type": null, "floors": null}, "geometry": {"type": "Polygon", "coordinates": [[[11.0362978, 50.9940021], [11.0363222, 50.9939154], [11.0363784, 50.9939216], [11.036354, 50.9940084], [11.0362978, 50.9940021]]]}}, {"type": "Feature", "properties": {"id": "120203133_13832354", "height": 2.597840547561645, "type": null, "floors": null}, "geometry": {"type": "Polygon", "coordinates": [[[11.0368362, 50.9939785], [11.0371026, 50.9940125], [11.0371083, 50.9939947], [11.0372232, 50.9940094], [11.0372091, 50.9940532], [11.037156, 50.9940464], [11.0371374, 50.994104], [11.0370756, 50.9940961], [11.0370869, 50.9940612], [11.0367005, 50.9940117], [11.03674, 50.9938894], [11.0368601, 50.9939047], [11.0368362, 50.9939785]]]}}, {"type": "Feature", "properties": {"id": "120203133_13717707", "height": 2.0, "type": null, "floors": null}, "geometry": {"type": "Polygon", "coordinates": [[[11.0357543, 50.9940472], [11.0357572, 50.9940152], [11.0358347, 50.9940179], [11.0358319, 50.9940499], [11.0357543, 50.9940472]]]}}, {"type": "Feature", "properties": {"id": "120203133_13834917", "height": 1.0, "type": null, "floors": null}, "geometry": {"type": "Polygon", "coordinates": [[[11.0374231, 50.9940335], [11.0374034, 50.9940873], [11.0373346, 50.9940773], [11.0373543, 50.9940235], [11.0374231, 50.9940335]]]}}, {"type": "Feature", "properties": {"id": "120203133_13706511", "height": 1.768707513809204, "type": null, "floors": null}, "geometry": {"type": "Polygon", "coordinates": [[[11.0375198, 50.9941012], [11.0376595, 50.9941376], [11.0376286, 50.9941845], [11.0375301, 50.9941588], [11.0375439, 50.9941378], [11.0375027, 50.9941271], [11.0375198, 50.9941012]]]}}, {"type": "Feature", "properties": {"id": "120203133_13700548", "height": 3.584577083587646, "type": null, "floors": null}, "geometry": {"type": "Polygon", "coordinates": [[[11.0347468, 50.9937465], [11.0348139, 50.9937461], [11.0348147, 50.993801], [11.0347477, 50.9938014], [11.0347468, 50.9937465]]]}}, {"type": "Feature", "properties": {"id": "120203133_13838429", "height": 1.394399046897888, "type": null, "floors": null}, "geometry": {"type": "Polygon", "coordinates": [[[11.0332177, 50.9938179], [11.0331292, 50.9938192], [11.0331276, 50.9937753], [11.0332161, 50.993774], [11.0332177, 50.9938179]]]}}, {"type": "Feature", "properties": {"id": "120203133_13808259", "height": 3.720845937728882, "type": null, "floors": null}, "geometry": {"type": "Polygon", "coordinates": [[[11.0355101, 50.9937952], [11.0354586, 50.9938633], [11.0353689, 50.9938365], [11.0354204, 50.9937683], [11.0355101, 50.9937952]]]}}, {"type": "Feature", "properties": {"id": "120203133_13815932", "height": 3.24974513053894, "type": null, "floors": null}, "geometry": {"type": "Polygon", "coordinates": [[[11.0350625, 50.9938386], [11.0350589, 50.9938883], [11.0349695, 50.9938858], [11.0349731, 50.9938361], [11.0350625, 50.9938386]]]}}, {"type": "Feature", "properties": {"id": "120203133_13759310", "height": 3.153074026107788, "type": null, "floors": null}, "geometry": {"type": "Polygon", "coordinates": [[[11.0355615, 50.9939197], [11.0355582, 50.9939694], [11.0354859, 50.9939675], [11.0354892, 50.9939177], [11.0355615, 50.9939197]]]}}, {"type": "Feature", "properties": {"id": "120203133_13801388", "height": 18.60902976989746, "type": null, "floors": null}, "geometry": {"type": "Polygon", "coordinates": [[[11.0341903, 50.9932184], [11.0341937, 50.9947496], [11.0337592, 50.9947499], [11.0337586, 50.9944883], [11.0339007, 50.9944882], [11.0339009, 50.9945759], [11.0339921, 50.9945759], [11.0339892, 50.9932591], [11.033898, 50.9932592], [11.0338982, 50.9933469], [11.0337507, 50.9933471], [11.0337504, 50.9932188], [11.0341903, 50.9932184]]]}}, {"type": "Feature", "properties": {"id": "120203133_13789264", "height": 3.264116525650024, "type": null, "floors": null}, "geometry": {"type": "Polygon", "coordinates": [[[11.0350412, 50.9941306], [11.0350348, 50.9942233], [11.0349545, 50.9942211], [11.0349609, 50.9941284], [11.0350412, 50.9941306]]]}}, {"type": "Feature", "properties": {"id": "120203133_13670971", "height": 3.540495872497558, "type": null, "floors": null}, "geometry": {"type": "Polygon", "coordinates": [[[11.0351962, 50.9942297], [11.0352815, 50.9942401], [11.035272, 50.994271], [11.0351867, 50.9942606], [11.0351962, 50.9942297]]]}}, {"type": "Feature", "properties": {"id": "120203133_13713352", "height": 2.25, "type": null, "floors": null}, "geometry": {"type": "Polygon", "coordinates": [[[11.035604, 50.9942403], [11.0356031, 50.9942656], [11.035528, 50.9942645], [11.0355289, 50.9942392], [11.035604, 50.9942403]]]}}, {"type": "Feature", "properties": {"id": "120203133_13728713", "height": 2.830666780471801, "type": null, "floors": null}, "geometry": {"type": "Polygon", "coordinates": [[[11.0350122, 50.9942589], [11.0350045, 50.9942962], [11.0349148, 50.9942888], [11.0349226, 50.9942515], [11.0350122, 50.9942589]]]}}, {"type": "Feature", "properties": {"id": "120203133_13725350", "height": 9.165122032165527, "type": null, "floors": null}, "geometry": {"type": "Polygon", "coordinates": [[[11.0306593, 50.9921009], [11.0303755, 50.9920654], [11.0304645, 50.9917838], [11.0307483, 50.9918193], [11.0306593, 50.9921009]]]}}, {"type": "Feature", "properties": {"id": "120203133_13732186", "height": 26.382707595825195, "type": null, "floors": null}, "geometry": {"type": "Polygon", "coordinates": [[[11.0296698, 50.9923482], [11.0302221, 50.9923399], [11.0302233, 50.9923736], [11.0303869, 50.9923711], [11.0303892, 50.992433], [11.0302632, 50.9924349], [11.0302686, 50.9925766], [11.0301506, 50.9925784], [11.0301518, 50.9926104], [11.0297863, 50.9926159], [11.0297871, 50.9926385], [11.0296943, 50.9926399], [11.0296882, 50.9924789], [11.0297096, 50.9924786], [11.0297084, 50.9924449], [11.0296735, 50.9924454], [11.0296698, 50.9923482]]]}}, {"type": "Feature", "properties": {"id": "120203133_13691948", "height": 20.0465087890625, "type": null, "floors": null}, "geometry": {"type": "Polygon", "coordinates": [[[11.0308415, 50.9932067], [11.0306055, 50.9932056], [11.0306051, 50.9932411], [11.0302699, 50.9932396], [11.0302696, 50.9932666], [11.0301194, 50.9932659], [11.0301216, 50.9930701], [11.0301189, 50.9930701], [11.0301201, 50.992962], [11.0307558, 50.9929649], [11.0307556, 50.9929801], [11.0308012, 50.9929803], [11.030801, 50.9930022], [11.0308439, 50.9930024], [11.0308415, 50.9932067]]]}}, {"type": "Feature", "properties": {"id": "120203133_13828798", "height": 8.662261009216309, "type": null, "floors": null}, "geometry": {"type": "Polygon", "coordinates": [[[11.0298523, 50.9935878], [11.0304119, 50.9935878], [11.0304119, 50.9938579], [11.0301554, 50.9938579], [11.0301554, 50.9938478], [11.0298523, 50.9938478], [11.0298523, 50.9935878]]]}}, {"type": "Feature", "properties": {"id": "120203133_13670941", "height": 21.52166557312012, "type": null, "floors": null}, "geometry": {"type": "Polygon", "coordinates": [[[11.0293311, 50.9932086], [11.0293491, 50.9947387], [11.0289548, 50.9947405], [11.0289432, 50.9937557], [11.0289325, 50.9937557], [11.0289282, 50.9933894], [11.0289299, 50.9933894], [11.0289278, 50.9932105], [11.0293311, 50.9932086]]]}}, {"type": "Feature", "properties": {"id": "120203133_13718544", "height": 6.034609794616699, "type": null, "floors": null}, "geometry": {"type": "Polygon", "coordinates": [[[11.0303989, 50.9943611], [11.0301747, 50.9943622], [11.0301699, 50.9939722], [11.0303941, 50.9939711], [11.0303989, 50.9943611]]]}}, {"type": "Feature", "properties": {"id": "120203133_13685089", "height": 10.24514102935791, "type": null, "floors": null}, "geometry": {"type": "Polygon", "coordinates": [[[11.0294848, 50.994955], [11.0294779, 50.9939786], [11.0300019, 50.9939772], [11.030009, 50.9949535], [11.0294848, 50.994955]]]}}, {"type": "Feature", "properties": {"id": "120203133_13721997", "height": 6.585565567016602, "type": null, "floors": null}, "geometry": {"type": "Polygon", "coordinates": [[[11.0304006, 50.9946798], [11.0303987, 50.9948671], [11.0304806, 50.9948675], [11.0304803, 50.9949035], [11.0304063, 50.9949032], [11.0304058, 50.9949567], [11.0302035, 50.9949558], [11.0302054, 50.9947707], [11.0302736, 50.994771], [11.0302745, 50.9946793], [11.0304006, 50.9946798]]]}}, {"type": "Feature", "properties": {"id": "120203133_13726218", "height": 3.812946319580078, "type": null, "floors": null}, "geometry": {"type": "Polygon", "coordinates": [[[11.0288036, 50.9949763], [11.0286695, 50.9949771], [11.0286684, 50.9949062], [11.0288025, 50.9949054], [11.0288036, 50.9949763]]]}}, {"type": "Feature", "properties": {"id": "120203133_13836640", "height": 20.096071243286133, "type": null, "floors": null}, "geometry": {"type": "Polygon", "coordinates": [[[11.0305699, 50.9952449], [11.0305937, 50.9963943], [11.030166, 50.9963978], [11.0301565, 50.995936], [11.0302657, 50.9959661], [11.0302678, 50.9960697], [11.0303173, 50.9961535], [11.0303822, 50.9961529], [11.0303789, 50.9959944], [11.0303761, 50.9959897], [11.0303734, 50.9958593], [11.0302731, 50.9958601], [11.0303111, 50.9958706], [11.0302677, 50.9959329], [11.0302619, 50.9956544], [11.0302916, 50.9956626], [11.0302923, 50.9956962], [11.0303233, 50.9956959], [11.0302992, 50.9957016], [11.0303, 50.9957408], [11.0303363, 50.9957323], [11.0303737, 50.9957426], [11.0303695, 50.9955383], [11.030375, 50.9955477], [11.0303721, 50.9954041], [11.0303589, 50.9953818], [11.0303369, 50.9954134], [11.0302969, 50.9954024], [11.0302986, 50.9954817], [11.0301564, 50.9954829], [11.0301516, 50.9952483], [11.0305699, 50.9952449]]]}}, {"type": "Feature", "properties": {"id": "120203133_13755125", "height": 10.869492530822754, "type": null, "floors": null}, "geometry": {"type": "Polygon", "coordinates": [[[11.032585, 50.9926603], [11.0325614, 50.9929509], [11.0323928, 50.9929454], [11.0324076, 50.9927643], [11.0323648, 50.9927629], [11.03237, 50.9926989], [11.0324181, 50.9927005], [11.0324218, 50.992655], [11.032585, 50.9926603]]]}}, {"type": "Feature", "properties": {"id": "120203133_13789259", "height": 9.48253345489502, "type": null, "floors": null}, "geometry": {"type": "Polygon", "coordinates": [[[11.0319771, 50.9935533], [11.0311369, 50.9934924], [11.0312019, 50.9931376], [11.0312797, 50.9931432], [11.0312866, 50.9931055], [11.0312336, 50.9931017], [11.0312395, 50.9930694], [11.0312448, 50.9930698], [11.0312543, 50.9930181], [11.0311616, 50.9930114], [11.0311634, 50.9930014], [11.0315023, 50.993026], [11.0314335, 50.9934015], [11.03173, 50.993423], [11.0317974, 50.9930548], [11.0320648, 50.9930742], [11.0319771, 50.9935533]]]}}, {"type": "Feature", "properties": {"id": "120203133_13726228", "height": 3.513195276260376, "type": null, "floors": null}, "geometry": {"type": "Polygon", "coordinates": [[[11.0331919, 50.9935193], [11.0323319, 50.9935148], [11.0323373, 50.9931097], [11.0326081, 50.9931111], [11.0326043, 50.9934055], [11.0327786, 50.9934064], [11.0327789, 50.9933838], [11.0329201, 50.9933845], [11.032923, 50.993159], [11.0331966, 50.9931605], [11.0331919, 50.9935193]]]}}, {"type": "Feature", "properties": {"id": "120203133_13807391", "height": 5.764119625091553, "type": null, "floors": null}, "geometry": {"type": "Polygon", "coordinates": [[[11.0316617, 50.9941332], [11.0315803, 50.9941351], [11.0315774, 50.9940852], [11.0316588, 50.9940833], [11.0316617, 50.9941332]]]}}, {"type": "Feature", "properties": {"id": "120203133_13761089", "height": 8.914356231689453, "type": null, "floors": null}, "geometry": {"type": "Polygon", "coordinates": [[[11.0312673, 50.9940385], [11.0312682, 50.9941583], [11.0311422, 50.9941587], [11.0311427, 50.9942229], [11.031553, 50.9942216], [11.0315536, 50.9942993], [11.0306336, 50.9943021], [11.030633, 50.9942227], [11.0309898, 50.9942216], [11.0309893, 50.9941592], [11.0309115, 50.9941594], [11.0309106, 50.9940396], [11.0312673, 50.9940385]]]}}, {"type": "Feature", "properties": {"id": "120203133_13730456", "height": 9.790040016174316, "type": null, "floors": null}, "geometry": {"type": "Polygon", "coordinates": [[[11.0315593, 50.9947942], [11.030642, 50.9947968], [11.0306414, 50.9947192], [11.0310143, 50.9947181], [11.0310137, 50.9946405], [11.0308689, 50.9946409], [11.0308669, 50.9943741], [11.0310573, 50.9943736], [11.0310568, 50.9943027], [11.0311748, 50.9943023], [11.0311754, 50.9943732], [11.031339, 50.9943728], [11.0313409, 50.9946412], [11.0311854, 50.9946416], [11.0311859, 50.9947193], [11.0315588, 50.9947182], [11.0315593, 50.9947942]]]}}, {"type": "Feature", "properties": {"id": "120203133_13802264", "height": 5.19659948348999, "type": null, "floors": null}, "geometry": {"type": "Polygon", "coordinates": [[[11.0329419, 50.9946348], [11.0329432, 50.9947378], [11.0327689, 50.9947387], [11.0327704, 50.9948484], [11.0330144, 50.9948471], [11.0330158, 50.9949501], [11.0328242, 50.9949511], [11.0328245, 50.9949748], [11.0327184, 50.9949753], [11.0327181, 50.9949507], [11.0323962, 50.9949524], [11.0323966, 50.994976], [11.0323, 50.9949765], [11.0322997, 50.9949539], [11.0321054, 50.9949549], [11.032104, 50.9948503], [11.0323508, 50.994849], [11.0323494, 50.9947416], [11.0321601, 50.9947426], [11.0321587, 50.994639], [11.0329419, 50.9946348]]]}}, {"type": "Feature", "properties": {"id": "120203133_13691954", "height": 13.557331085205078, "type": null, "floors": null}, "geometry": {"type": "Polygon", "coordinates": [[[11.0328814, 50.9954173], [11.0310589, 50.9954278], [11.031057, 50.9953019], [11.0328796, 50.9952914], [11.0328814, 50.9954173]]]}}, {"type": "Feature", "properties": {"id": "120203133_13689365", "height": 13.154999732971191, "type": null, "floors": null}, "geometry": {"type": "Polygon", "coordinates": [[[11.0328893, 50.9957581], [11.0328914, 50.9958864], [11.0310623, 50.9958979], [11.0310602, 50.9957696], [11.0328893, 50.9957581]]]}}, {"type": "Feature", "properties": {"id": "120203133_13793684", "height": 13.229966163635254, "type": null, "floors": null}, "geometry": {"type": "Polygon", "coordinates": [[[11.0329003, 50.9963577], [11.0310672, 50.9963685], [11.0310653, 50.9962402], [11.0328984, 50.9962294], [11.0329003, 50.9963577]]]}}, {"type": "Feature", "properties": {"id": "120203133_13791907", "height": 4.080991744995117, "type": null, "floors": null}, "geometry": {"type": "Polygon", "coordinates": [[[11.0357767, 50.9943369], [11.0357167, 50.9943379], [11.0357129, 50.9942477], [11.0357729, 50.9942467], [11.0357767, 50.9943369]]]}}, {"type": "Feature", "properties": {"id": "120203133_13790132", "height": 3.079999923706054, "type": null, "floors": null}, "geometry": {"type": "Polygon", "coordinates": [[[11.0356048, 50.9942657], [11.0356061, 50.9943088], [11.0354656, 50.9943105], [11.0354663, 50.9943325], [11.0353966, 50.9943333], [11.0353945, 50.9942658], [11.0354519, 50.9942651], [11.0354519, 50.9942677], [11.0356048, 50.9942657]]]}}, {"type": "Feature", "properties": {"id": "120203133_13697964", "height": 3.403645753860473, "type": null, "floors": null}, "geometry": {"type": "Polygon", "coordinates": [[[11.0353406, 50.9943949], [11.0352387, 50.9943825], [11.0352589, 50.9943166], [11.0353608, 50.994329], [11.0353406, 50.9943949]]]}}, {"type": "Feature", "properties": {"id": "120203133_13711688", "height": 3.566729307174682, "type": null, "floors": null}, "geometry": {"type": "Polygon", "coordinates": [[[11.0355648, 50.9943505], [11.0356454, 50.9943597], [11.0356288, 50.9944177], [11.0355482, 50.9944086], [11.0355648, 50.9943505]]]}}, {"type": "Feature", "properties": {"id": "120203133_13748410", "height": 4.282232761383057, "type": null, "floors": null}, "geometry": {"type": "Polygon", "coordinates": [[[11.0350651, 50.9945762], [11.0350452, 50.9946343], [11.0349504, 50.9946214], [11.0349703, 50.9945634], [11.0350651, 50.9945762]]]}}, {"type": "Feature", "properties": {"id": "120203133_13744999", "height": 2.90575909614563, "type": null, "floors": null}, "geometry": {"type": "Polygon", "coordinates": [[[11.0355458, 50.994751], [11.0354547, 50.99475], [11.0354564, 50.9946842], [11.0355073, 50.9946847], [11.0355068, 50.994705], [11.035547, 50.9947054], [11.0355458, 50.994751]]]}}, {"type": "Feature", "properties": {"id": "120203133_13723717", "height": 1.984781265258789, "type": null, "floors": null}, "geometry": {"type": "Polygon", "coordinates": [[[11.035123, 50.994743], [11.0350384, 50.9947681], [11.0349866, 50.9946991], [11.0350712, 50.994674], [11.035123, 50.994743]]]}}, {"type": "Feature", "properties": {"id": "120203133_13750984", "height": 3.025658845901489, "type": null, "floors": null}, "geometry": {"type": "Polygon", "coordinates": [[[11.0357322, 50.9947644], [11.035633, 50.9947626], [11.0356361, 50.9946968], [11.0357352, 50.9946986], [11.0357322, 50.9947644]]]}}, {"type": "Feature", "properties": {"id": "120203133_13826268", "height": 4.086854457855225, "type": null, "floors": null}, "geometry": {"type": "Polygon", "coordinates": [[[11.0355245, 50.9948657], [11.0354308, 50.994868], [11.0354269, 50.9948065], [11.0355206, 50.9948041], [11.0355245, 50.9948657]]]}}, {"type": "Feature", "properties": {"id": "120203133_13762753", "height": 1.548291206359863, "type": null, "floors": null}, "geometry": {"type": "Polygon", "coordinates": [[[11.0356978, 50.9948164], [11.0357728, 50.9948175], [11.0357713, 50.994858], [11.0356962, 50.9948569], [11.0356978, 50.9948164]]]}}, {"type": "Feature", "properties": {"id": "120203133_13818504", "height": 1.982293367385864, "type": null, "floors": null}, "geometry": {"type": "Polygon", "coordinates": [[[11.0362729, 50.9944309], [11.0362756, 50.9943854], [11.0363935, 50.9943882], [11.0363908, 50.9944337], [11.0362729, 50.9944309]]]}}, {"type": "Feature", "properties": {"id": "120203133_13810766", "height": 1.148594379425048, "type": null, "floors": null}, "geometry": {"type": "Polygon", "coordinates": [[[11.0359391, 50.9944007], [11.0358829, 50.9944023], [11.0358858, 50.9944435], [11.0358483, 50.9944446], [11.0358441, 50.9943839], [11.0359378, 50.9943813], [11.0359391, 50.9944007]]]}}, {"type": "Feature", "properties": {"id": "120203133_13823726", "height": 1.885578036308288, "type": null, "floors": null}, "geometry": {"type": "Polygon", "coordinates": [[[11.0359534, 50.9944049], [11.0359504, 50.994464], [11.0358861, 50.9944627], [11.0358891, 50.9944037], [11.0359534, 50.9944049]]]}}, {"type": "Feature", "properties": {"id": "120203133_13778167", "height": 1.873501181602478, "type": null, "floors": null}, "geometry": {"type": "Polygon", "coordinates": [[[11.0368359, 50.9944453], [11.0367891, 50.99449], [11.0366714, 50.9944411], [11.0367182, 50.9943964], [11.0368359, 50.9944453]]]}}, {"type": "Feature", "properties": {"id": "120203133_13697969", "height": 1.973311066627502, "type": null, "floors": null}, "geometry": {"type": "Polygon", "coordinates": [[[11.0379989, 50.9944342], [11.0379707, 50.9944825], [11.0378714, 50.9944595], [11.0378996, 50.9944113], [11.0379989, 50.9944342]]]}}, {"type": "Feature", "properties": {"id": "120203133_13699707", "height": 1.531653404235839, "type": null, "floors": null}, "geometry": {"type": "Polygon", "coordinates": [[[11.0366182, 50.9945912], [11.0366222, 50.9946797], [11.0365391, 50.9946812], [11.0365351, 50.9945927], [11.0366182, 50.9945912]]]}}, {"type": "Feature", "properties": {"id": "120203133_13806581", "height": 1.996963620185852, "type": null, "floors": null}, "geometry": {"type": "Polygon", "coordinates": [[[11.0368938, 50.9946314], [11.0368959, 50.9946736], [11.0367902, 50.9946756], [11.0367881, 50.9946335], [11.0368938, 50.9946314]]]}}, {"type": "Feature", "properties": {"id": "120203133_13707405", "height": 1.81447958946228, "type": null, "floors": null}, "geometry": {"type": "Polygon", "coordinates": [[[11.0363152, 50.9946538], [11.0363848, 50.9946519], [11.0363888, 50.9947092], [11.0363192, 50.9947111], [11.0363152, 50.9946538]]]}}, {"type": "Feature", "properties": {"id": "120203133_13708244", "height": 2.151991605758667, "type": null, "floors": null}, "geometry": {"type": "Polygon", "coordinates": [[[11.0358984, 50.9947504], [11.0358018, 50.9947494], [11.0358042, 50.9946599], [11.0359007, 50.9946609], [11.0358984, 50.9947504]]]}}, {"type": "Feature", "properties": {"id": "120203133_13815934", "height": 3.462111711502075, "type": null, "floors": null}, "geometry": {"type": "Polygon", "coordinates": [[[11.0375438, 50.9947455], [11.0375684, 50.9947218], [11.0376782, 50.994767], [11.0376156, 50.9948273], [11.0374776, 50.9947706], [11.0375156, 50.9947339], [11.0375438, 50.9947455]]]}}, {"type": "Feature", "properties": {"id": "120203133_13734759", "height": 3.3203125, "type": null, "floors": null}, "geometry": {"type": "Polygon", "coordinates": [[[11.0348968, 50.9948498], [11.0348989, 50.9948979], [11.0348024, 50.9948996], [11.0348003, 50.9948516], [11.0348968, 50.9948498]]]}}, {"type": "Feature", "properties": {"id": "120203133_13763587", "height": 3.184057474136352, "type": null, "floors": null}, "geometry": {"type": "Polygon", "coordinates": [[[11.0344702, 50.9951182], [11.0347008, 50.9951199], [11.0346997, 50.9951773], [11.0344691, 50.9951756], [11.0344702, 50.9951182]]]}}, {"type": "Feature", "properties": {"id": "120203133_13770472", "height": 6.301697254180908, "type": null, "floors": null}, "geometry": {"type": "Polygon", "coordinates": [[[11.0338782, 50.9952998], [11.0338742, 50.9951327], [11.0342764, 50.9951288], [11.0342804, 50.9952959], [11.0338782, 50.9952998]]]}}, {"type": "Feature", "properties": {"id": "120203133_13701430", "height": 2.440576314926147, "type": null, "floors": null}, "geometry": {"type": "Polygon", "coordinates": [[[11.0343794, 50.9953375], [11.0342882, 50.9953368], [11.0342915, 50.9951714], [11.0343827, 50.9951721], [11.0343794, 50.9953375]]]}}, {"type": "Feature", "properties": {"id": "120203133_13809091", "height": 3.632691860198974, "type": null, "floors": null}, "geometry": {"type": "Polygon", "coordinates": [[[11.0346968, 50.9953401], [11.0344716, 50.9953378], [11.0344742, 50.9952324], [11.0346995, 50.9952347], [11.0346968, 50.9953401]]]}}, {"type": "Feature", "properties": {"id": "120203133_13769612", "height": 4.283876895904541, "type": null, "floors": null}, "geometry": {"type": "Polygon", "coordinates": [[[11.0346931, 50.9954405], [11.0343929, 50.995446], [11.0343907, 50.9953979], [11.0346908, 50.9953924], [11.0346931, 50.9954405]]]}}, {"type": "Feature", "properties": {"id": "120203133_13737334", "height": 13.67112159729004, "type": null, "floors": null}, "geometry": {"type": "Polygon", "coordinates": [[[11.0333875, 50.9951336], [11.0334145, 50.9963572], [11.0331128, 50.9963599], [11.0331076, 50.9961245], [11.0331787, 50.9961239], [11.0331782, 50.9961037], [11.0331031, 50.9961043], [11.0331005, 50.9959862], [11.0331542, 50.9959857], [11.0331544, 50.9959949], [11.0332012, 50.9959945], [11.0331937, 50.9956552], [11.0331469, 50.9956556], [11.0331464, 50.9956313], [11.033161, 50.9956311], [11.0331581, 50.9955019], [11.0330911, 50.9955025], [11.033083, 50.9951362], [11.0333875, 50.9951336]]]}}, {"type": "Feature", "properties": {"id": "120203133_13751820", "height": 1.648717999458313, "type": null, "floors": null}, "geometry": {"type": "Polygon", "coordinates": [[[11.0343058, 50.9958971], [11.0342603, 50.9958985], [11.0342573, 50.9958598], [11.0343028, 50.9958584], [11.0343058, 50.9958971]]]}}, {"type": "Feature", "properties": {"id": "120203133_13815082", "height": 8.555363655090332, "type": null, "floors": null}, "geometry": {"type": "Polygon", "coordinates": [[[11.0336163, 50.9959132], [11.0338736, 50.9959089], [11.0338747, 50.9959359], [11.0341669, 50.9959311], [11.0341657, 50.9959033], [11.0343117, 50.9959009], [11.0343154, 50.9959894], [11.0341774, 50.9959916], [11.0341798, 50.9960482], [11.0342549, 50.996047], [11.0342596, 50.99616], [11.0341001, 50.9961627], [11.0341016, 50.9962005], [11.0341781, 50.9961993], [11.0341787, 50.9962137], [11.0341773, 50.9962137], [11.0341792, 50.9962583], [11.0342127, 50.9962578], [11.0342195, 50.9964206], [11.0337263, 50.9964288], [11.0337112, 50.9960678], [11.0336228, 50.9960693], [11.0336163, 50.9959132]]]}}, {"type": "Feature", "properties": {"id": "120203133_13782434", "height": 25.141477584838867, "type": null, "floors": null}, "geometry": {"type": "Polygon", "coordinates": [[[11.0336951, 50.9966324], [11.0342915, 50.9966416], [11.0342899, 50.9966829], [11.0344507, 50.9966853], [11.0344429, 50.9968861], [11.034199, 50.9968823], [11.0341978, 50.9969136], [11.0337301, 50.9969065], [11.0337326, 50.9968423], [11.033695, 50.9968418], [11.0336979, 50.9967675], [11.0337662, 50.9967686], [11.0337676, 50.9967322], [11.0336913, 50.9967311], [11.0336951, 50.9966324]]]}}, {"type": "Feature", "properties": {"id": "120203133_13820233", "height": 3.031524896621704, "type": null, "floors": null}, "geometry": {"type": "Polygon", "coordinates": [[[11.0377508, 50.9950896], [11.037657, 50.9950915], [11.0376538, 50.9950257], [11.0377475, 50.9950238], [11.0377508, 50.9950896]]]}}, {"type": "Feature", "properties": {"id": "120203133_13700555", "height": 2.0, "type": null, "floors": null}, "geometry": {"type": "Polygon", "coordinates": [[[11.0366336, 50.9951084], [11.0366354, 50.9950477], [11.0367185, 50.9950486], [11.0367175, 50.9950841], [11.0366934, 50.9950838], [11.0366926, 50.9951091], [11.0366336, 50.9951084]]]}}, {"type": "Feature", "properties": {"id": "120203133_13735639", "height": 1.9504950046539304, "type": null, "floors": null}, "geometry": {"type": "Polygon", "coordinates": [[[11.0369224, 50.9950678], [11.0369732, 50.9950691], [11.0369715, 50.9950961], [11.0369206, 50.9950948], [11.0369224, 50.9950678]]]}}, {"type": "Feature", "properties": {"id": "120203133_13821118", "height": 2.829099416732788, "type": null, "floors": null}, "geometry": {"type": "Polygon", "coordinates": [[[11.0368467, 50.9950641], [11.0369175, 50.9950656], [11.0369131, 50.9951482], [11.0368423, 50.9951467], [11.0368467, 50.9950641]]]}}, {"type": "Feature", "properties": {"id": "120203133_13722864", "height": 2.852349042892456, "type": null, "floors": null}, "geometry": {"type": "Polygon", "coordinates": [[[11.0371496, 50.9950721], [11.0371525, 50.9951413], [11.0370453, 50.9951431], [11.0370424, 50.9950739], [11.0371496, 50.9950721]]]}}, {"type": "Feature", "properties": {"id": "120203133_13685095", "height": 3.889736175537109, "type": null, "floors": null}, "geometry": {"type": "Polygon", "coordinates": [[[11.037491, 50.9952208], [11.0376197, 50.9952191], [11.0376217, 50.9952791], [11.037493, 50.9952808], [11.037491, 50.9952208]]]}}, {"type": "Feature", "properties": {"id": "120203133_13684205", "height": 6.46884298324585, "type": null, "floors": null}, "geometry": {"type": "Polygon", "coordinates": [[[11.0364832, 50.9967943], [11.0361815, 50.9967925], [11.0361864, 50.9964701], [11.0362937, 50.9964707], [11.036293, 50.996518], [11.0364874, 50.9965192], [11.0364832, 50.9967943]]]}}, {"type": "Feature", "properties": {"id": "120203133_13690210", "height": 5.441181182861328, "type": null, "floors": null}, "geometry": {"type": "Polygon", "coordinates": [[[11.0371376, 50.9975107], [11.0373709, 50.9975113], [11.0373701, 50.9976388], [11.0371648, 50.9976383], [11.0371653, 50.9975648], [11.0371372, 50.9975647], [11.0371376, 50.9975107]]]}}, {"type": "Feature", "properties": {"id": "120203133_13686821", "height": 3.497237682342529, "type": null, "floors": null}, "geometry": {"type": "Polygon", "coordinates": [[[11.0371635, 50.9975685], [11.0371604, 50.9976241], [11.037131, 50.9976235], [11.0371341, 50.9975678], [11.0371635, 50.9975685]]]}}, {"type": "Feature", "properties": {"id": "120203133_13689376", "height": 2.654467582702636, "type": null, "floors": null}, "geometry": {"type": "Polygon", "coordinates": [[[11.0361801, 50.9977996], [11.0360353, 50.9977975], [11.0360402, 50.9976659], [11.036185, 50.997668], [11.0361801, 50.9977996]]]}}, {"type": "Feature", "properties": {"id": "120203133_13705688", "height": 11.471205711364746, "type": null, "floors": null}, "geometry": {"type": "Polygon", "coordinates": [[[11.0324736, 50.9966975], [11.0332789, 50.9967059], [11.0333753, 50.9967804], [11.0333743, 50.9968176], [11.0332891, 50.9968613], [11.033253, 50.9968609], [11.0331755, 50.996801], [11.0329407, 50.9967986], [11.0329039, 50.9968175], [11.0327039, 50.9968154], [11.0327014, 50.9969072], [11.0327172, 50.9969194], [11.0327164, 50.9969498], [11.0326647, 50.9969763], [11.0324663, 50.9969743], [11.0324736, 50.9966975]]]}}, {"type": "Feature", "properties": {"id": "120203133_13806574", "height": 5.741147994995117, "type": null, "floors": null}, "geometry": {"type": "Polygon", "coordinates": [[[11.0329483, 50.9969706], [11.0328625, 50.9969692], [11.0328638, 50.9969378], [11.0328263, 50.9969372], [11.0328299, 50.9968522], [11.0329532, 50.9968542], [11.0329483, 50.9969706]]]}}, {"type": "Feature", "properties": {"id": "120203133_13833151", "height": 10.306633949279783, "type": null, "floors": null}, "geometry": {"type": "Polygon", "coordinates": [[[11.0313228, 50.9967077], [11.032374, 50.9966996], [11.0323766, 50.9968304], [11.0322363, 50.9969732], [11.0322416, 50.9969731], [11.0322298, 50.9970011], [11.0320306, 50.9969679], [11.032033, 50.9970922], [11.0319445, 50.9970929], [11.031947, 50.9972252], [11.0317486, 50.9972267], [11.0317466, 50.9971238], [11.0315337, 50.9971254], [11.0315583, 50.9970672], [11.0319157, 50.9970644], [11.0319121, 50.9968788], [11.0319939, 50.9968781], [11.0319946, 50.9969136], [11.0320536, 50.9969131], [11.0320525, 50.996853], [11.0321409, 50.9968524], [11.0321662, 50.9967924], [11.0318392, 50.9967949], [11.0318264, 50.9968254], [11.0317693, 50.9968258], [11.0316885, 50.9967944], [11.0315149, 50.9967957], [11.0315183, 50.996973], [11.0315559, 50.9969727], [11.031557, 50.9970318], [11.0314926, 50.9971848], [11.0313321, 50.997186], [11.0313228, 50.9967077]]]}}, {"type": "Feature", "properties": {"id": "120203133_13749271", "height": 3.693047761917114, "type": null, "floors": null}, "geometry": {"type": "Polygon", "coordinates": [[[11.0327273, 50.9970654], [11.0331603, 50.9970686], [11.0331594, 50.99712], [11.0324608, 50.9971148], [11.0324629, 50.9970017], [11.0327284, 50.9970037], [11.0327273, 50.9970654]]]}}, {"type": "Feature", "properties": {"id": "120203133_13829706", "height": 7.027027130126953, "type": null, "floors": null}, "geometry": {"type": "Polygon", "coordinates": [[[11.0318003, 50.9972756], [11.0317399, 50.9972752], [11.0317407, 50.9972353], [11.0318011, 50.9972358], [11.0318003, 50.9972756]]]}}, {"type": "Feature", "properties": {"id": "120203133_13800511", "height": 13.691150665283203, "type": null, "floors": null}, "geometry": {"type": "Polygon", "coordinates": [[[11.0310745, 50.9969428], [11.0310237, 50.9976385], [11.0308123, 50.9976324], [11.0308236, 50.9974774], [11.0308182, 50.9974773], [11.0308433, 50.9971337], [11.0308139, 50.9971328], [11.0308172, 50.9970873], [11.030844, 50.9970881], [11.0308512, 50.9969887], [11.0308807, 50.9969896], [11.0308845, 50.9969373], [11.0310745, 50.9969428]]]}}, {"type": "Feature", "properties": {"id": "120203133_13751818", "height": 5.443100452423096, "type": null, "floors": null}, "geometry": {"type": "Polygon", "coordinates": [[[11.0317293, 50.997383], [11.0315325, 50.9973781], [11.0315357, 50.9973269], [11.0317325, 50.9973317], [11.0317293, 50.997383]]]}}, {"type": "Feature", "properties": {"id": "120203133_13719372", "height": 3.134443044662475, "type": null, "floors": null}, "geometry": {"type": "Polygon", "coordinates": [[[11.0317866, 50.9974985], [11.0317276, 50.9974973], [11.0317337, 50.9973776], [11.0317926, 50.9973788], [11.0317866, 50.9974985]]]}}, {"type": "Feature", "properties": {"id": "120203133_13724519", "height": 7.106631278991699, "type": null, "floors": null}, "geometry": {"type": "Polygon", "coordinates": [[[11.0315429, 50.997625], [11.031541, 50.9975761], [11.0317152, 50.9975734], [11.0317171, 50.9976223], [11.0315429, 50.997625]]]}}, {"type": "Feature", "properties": {"id": "120203133_13812468", "height": 15.681923866271973, "type": null, "floors": null}, "geometry": {"type": "Polygon", "coordinates": [[[11.0323886, 50.9971854], [11.0323201, 50.9982647], [11.0320577, 50.9982581], [11.0321262, 50.9971788], [11.0323886, 50.9971854]]]}}, {"type": "Feature", "properties": {"id": "120203133_13716812", "height": 12.239521026611328, "type": null, "floors": null}, "geometry": {"type": "Polygon", "coordinates": [[[11.0315278, 50.9972587], [11.0315064, 50.9976194], [11.0315064, 50.9976194], [11.0314874, 50.9979414], [11.03149, 50.9979414], [11.0314792, 50.9981245], [11.0314593, 50.9981241], [11.0314552, 50.9981938], [11.0314766, 50.9981943], [11.0314733, 50.998251], [11.0315001, 50.9982516], [11.0315019, 50.9982196], [11.0317977, 50.9982265], [11.0317912, 50.9983368], [11.0312383, 50.9983238], [11.0312426, 50.9982507], [11.0312893, 50.9982518], [11.0313283, 50.9975926], [11.0312708, 50.9975913], [11.031277, 50.9974874], [11.0313425, 50.997489], [11.0313563, 50.9972547], [11.0315278, 50.9972587]]]}}, {"type": "Feature", "properties": {"id": "120203133_13821978", "height": 10.770309448242188, "type": null, "floors": null}, "geometry": {"type": "Polygon", "coordinates": [[[11.0317518, 50.9977035], [11.031758, 50.9975895], [11.0318812, 50.9975922], [11.0318724, 50.9977557], [11.0317625, 50.9977534], [11.0317472, 50.9980366], [11.031624, 50.998034], [11.0316311, 50.9979025], [11.0316713, 50.9979034], [11.0316768, 50.9978005], [11.0315054, 50.9977968], [11.0315077, 50.9977547], [11.0315532, 50.9977557], [11.0315562, 50.9976994], [11.0317518, 50.9977035]]]}}, {"type": "Feature", "properties": {"id": "120203133_13791902", "height": 10.576497077941896, "type": null, "floors": null}, "geometry": {"type": "Polygon", "coordinates": [[[11.0310721, 50.9977346], [11.0310645, 50.9982589], [11.0309101, 50.998258], [11.0309119, 50.998132], [11.0308556, 50.9981317], [11.0308563, 50.9980844], [11.0309061, 50.9980847], [11.0309068, 50.9980375], [11.0308505, 50.9980371], [11.0308519, 50.9979392], [11.0308948, 50.9979395], [11.0308952, 50.9979119], [11.0308668, 50.9979117], [11.0308687, 50.997784], [11.0309131, 50.9977843], [11.0309138, 50.9977337], [11.0310721, 50.9977346]]]}}, {"type": "Feature", "properties": {"id": "120203133_13738156", "height": 12.352917671203612, "type": null, "floors": null}, "geometry": {"type": "Polygon", "coordinates": [[[11.0319638, 50.9985911], [11.0319684, 50.99849], [11.0332119, 50.9985126], [11.0332073, 50.9986138], [11.0319638, 50.9985911]]]}}, {"type": "Feature", "properties": {"id": "120203133_13731340", "height": 2.307251930236816, "type": null, "floors": null}, "geometry": {"type": "Polygon", "coordinates": [[[11.0315896, 50.998927], [11.0316634, 50.9989294], [11.0316609, 50.9989613], [11.031587, 50.998959], [11.0315896, 50.998927]]]}}, {"type": "Feature", "properties": {"id": "120203133_13689368", "height": 11.618906021118164, "type": null, "floors": null}, "geometry": {"type": "Polygon", "coordinates": [[[11.0331823, 50.9989176], [11.0331781, 50.9990188], [11.0319355, 50.9989988], [11.0319397, 50.9988942], [11.0321933, 50.9988983], [11.0321932, 50.9989017], [11.0331823, 50.9989176]]]}}, {"type": "Feature", "properties": {"id": "120203133_13699698", "height": 11.36081886291504, "type": null, "floors": null}, "geometry": {"type": "Polygon", "coordinates": [[[11.0312129, 50.9984219], [11.0317839, 50.9984421], [11.0317743, 50.9985498], [11.031416, 50.9985371], [11.0314097, 50.9986078], [11.0316166, 50.9986151], [11.031608, 50.998711], [11.0314465, 50.9987053], [11.0314416, 50.9987608], [11.0316073, 50.9987667], [11.0316031, 50.9988138], [11.0316683, 50.9988161], [11.0316585, 50.9989262], [11.0315959, 50.998924], [11.0316003, 50.9988745], [11.0314383, 50.9988687], [11.031418, 50.9990949], [11.0314929, 50.9990975], [11.0314873, 50.9991598], [11.0314034, 50.9991568], [11.0313786, 50.9994328], [11.0318128, 50.9994482], [11.0318025, 50.9995626], [11.0311438, 50.9995392], [11.0312197, 50.9986922], [11.0311887, 50.9986911], [11.0312129, 50.9984219]]]}}, {"type": "Feature", "properties": {"id": "120203133_13713337", "height": 2.431554555892944, "type": null, "floors": null}, "geometry": {"type": "Polygon", "coordinates": [[[11.0308229, 50.9991806], [11.030776, 50.9992221], [11.0307136, 50.9991943], [11.0307604, 50.9991527], [11.0308229, 50.9991806]]]}}, {"type": "Feature", "properties": {"id": "120203133_13677998", "height": 6.557977199554443, "type": null, "floors": null}, "geometry": {"type": "Polygon", "coordinates": [[[11.0314463, 50.9991968], [11.0316715, 50.9991992], [11.0316697, 50.9992657], [11.0315662, 50.9992646], [11.0315648, 50.9993169], [11.0314431, 50.9993156], [11.0314463, 50.9991968]]]}}, {"type": "Feature", "properties": {"id": "120203133_13723708", "height": 4.149206161499023, "type": null, "floors": null}, "geometry": {"type": "Polygon", "coordinates": [[[11.0317188, 50.9993135], [11.0317174, 50.9993405], [11.0316654, 50.9993394], [11.0316669, 50.9993124], [11.0317188, 50.9993135]]]}}, {"type": "Feature", "properties": {"id": "120203133_13702266", "height": 5.049174785614014, "type": null, "floors": null}, "geometry": {"type": "Polygon", "coordinates": [[[11.039909, 50.9956067], [11.0400084, 50.9955051], [11.0400162, 50.9955081], [11.0400952, 50.9954273], [11.0402567, 50.9954898], [11.0400783, 50.9956722], [11.039909, 50.9956067]]]}}, {"type": "Feature", "properties": {"id": "120203133_13738172", "height": 3.535289287567138, "type": null, "floors": null}, "geometry": {"type": "Polygon", "coordinates": [[[11.0413218, 50.9958316], [11.041563, 50.9959572], [11.0414621, 50.996034], [11.0411945, 50.9958948], [11.0412393, 50.9958607], [11.0412656, 50.9958744], [11.0413218, 50.9958316]]]}}, {"type": "Feature", "properties": {"id": "120203133_13760221", "height": 2.467691659927368, "type": null, "floors": null}, "geometry": {"type": "Polygon", "coordinates": [[[11.0410605, 50.9960016], [11.0411478, 50.996053], [11.0410609, 50.9961116], [11.0410365, 50.9960972], [11.0409201, 50.9961757], [11.0408571, 50.9961386], [11.0410605, 50.9960016]]]}}, {"type": "Feature", "properties": {"id": "120203133_13721154", "height": 3.615416288375854, "type": null, "floors": null}, "geometry": {"type": "Polygon", "coordinates": [[[11.0408434, 50.9962253], [11.0407452, 50.996291], [11.0407722, 50.996307], [11.0405353, 50.9964657], [11.0404492, 50.9964147], [11.0407843, 50.9961903], [11.0408434, 50.9962253]]]}}, {"type": "Feature", "properties": {"id": "120203133_13786768", "height": 2.332420110702514, "type": null, "floors": null}, "geometry": {"type": "Polygon", "coordinates": [[[11.0410109, 50.996344], [11.0411741, 50.9963632], [11.0411566, 50.9964219], [11.0409934, 50.9964027], [11.0410109, 50.996344]]]}}, {"type": "Feature", "properties": {"id": "120203133_13725366", "height": 4.07161808013916, "type": null, "floors": null}, "geometry": {"type": "Polygon", "coordinates": [[[11.0413828, 50.9965906], [11.0412076, 50.9965794], [11.0412619, 50.9962419], [11.0414371, 50.996253], [11.0413828, 50.9965906]]]}}, {"type": "Feature", "properties": {"id": "120203133_13813337", "height": 5.115369319915771, "type": null, "floors": null}, "geometry": {"type": "Polygon", "coordinates": [[[11.0402863, 50.9966952], [11.0403072, 50.9965956], [11.0404192, 50.9966049], [11.0403984, 50.9967044], [11.0402863, 50.9966952]]]}}, {"type": "Feature", "properties": {"id": "120203133_13714227", "height": 5.494892120361328, "type": null, "floors": null}, "geometry": {"type": "Polygon", "coordinates": [[[11.0400043, 50.9967565], [11.0401558, 50.9966579], [11.0403277, 50.9967625], [11.0401762, 50.9968611], [11.0400043, 50.9967565]]]}}, {"type": "Feature", "properties": {"id": "120203133_13674524", "height": 5.319676876068115, "type": null, "floors": null}, "geometry": {"type": "Polygon", "coordinates": [[[11.0412374, 50.9971899], [11.0409854, 50.9971862], [11.0409865, 50.9971547], [11.0408042, 50.9971521], [11.0408086, 50.997034], [11.0407389, 50.997033], [11.0407401, 50.9970003], [11.0407776, 50.9970008], [11.0407798, 50.9969401], [11.0408281, 50.9969408], [11.0408293, 50.9969077], [11.0408106, 50.9969074], [11.040816, 50.9967589], [11.040812, 50.9967589], [11.040814, 50.9967049], [11.0407939, 50.9967046], [11.0407983, 50.9965848], [11.0409953, 50.9965877], [11.0409888, 50.9967631], [11.0412395, 50.9967668], [11.0412362, 50.9968562], [11.041188, 50.9968555], [11.0411862, 50.9969044], [11.0412478, 50.9969053], [11.0412374, 50.9971899]]]}}, {"type": "Feature", "properties": {"id": "120203133_13701436", "height": 5.961962699890137, "type": null, "floors": null}, "geometry": {"type": "Polygon", "coordinates": [[[11.0399318, 50.9970182], [11.0399498, 50.9969107], [11.0401686, 50.9969252], [11.0401505, 50.9970327], [11.0399318, 50.9970182]]]}}, {"type": "Feature", "properties": {"id": "120203133_13733028", "height": 4.35777997970581, "type": null, "floors": null}, "geometry": {"type": "Polygon", "coordinates": [[[11.0386953, 50.9959297], [11.0383603, 50.9959245], [11.0383643, 50.9958216], [11.0386994, 50.9958268], [11.0386953, 50.9959297]]]}}, {"type": "Feature", "properties": {"id": "120203133_13778170", "height": 2.988969087600708, "type": null, "floors": null}, "geometry": {"type": "Polygon", "coordinates": [[[11.0386844, 50.9961018], [11.0383496, 50.9960938], [11.0383558, 50.995991], [11.0386906, 50.995999], [11.0386844, 50.9961018]]]}}, {"type": "Feature", "properties": {"id": "120203133_13728722", "height": 5.776693820953369, "type": null, "floors": null}, "geometry": {"type": "Polygon", "coordinates": [[[11.03936, 50.995929], [11.0394387, 50.9959701], [11.0394769, 50.9959411], [11.0396223, 50.996017], [11.0393684, 50.9962096], [11.0392135, 50.9961287], [11.0393005, 50.9960627], [11.0392314, 50.9960266], [11.03936, 50.995929]]]}}, {"type": "Feature", "properties": {"id": "120203133_13773035", "height": 3.258129596710205, "type": null, "floors": null}, "geometry": {"type": "Polygon", "coordinates": [[[11.038765, 50.9961705], [11.0387606, 50.9962717], [11.0383398, 50.9962644], [11.0383442, 50.9961632], [11.038765, 50.9961705]]]}}, {"type": "Feature", "properties": {"id": "120203133_13716824", "height": 3.527720928192138, "type": null, "floors": null}, "geometry": {"type": "Polygon", "coordinates": [[[11.0388448, 50.9963431], [11.0388403, 50.9964443], [11.0383378, 50.9964356], [11.0383422, 50.9963344], [11.0388448, 50.9963431]]]}}, {"type": "Feature", "properties": {"id": "120203133_13755981", "height": 3.108775615692138, "type": null, "floors": null}, "geometry": {"type": "Polygon", "coordinates": [[[11.0382793, 50.9966239], [11.0382833, 50.9965219], [11.0387899, 50.9965297], [11.038786, 50.9966316], [11.0382793, 50.9966239]]]}}, {"type": "Feature", "properties": {"id": "120203133_13827941", "height": 3.25104808807373, "type": null, "floors": null}, "geometry": {"type": "Polygon", "coordinates": [[[11.0385296, 50.9967967], [11.0382001, 50.9967888], [11.0382062, 50.9966886], [11.0386053, 50.9966982], [11.0386021, 50.9967512], [11.0385324, 50.9967495], [11.0385296, 50.9967967]]]}}, {"type": "Feature", "properties": {"id": "120203133_13697971", "height": 1.8808045387268064, "type": null, "floors": null}, "geometry": {"type": "Polygon", "coordinates": [[[11.0382869, 50.9968413], [11.0382782, 50.9970167], [11.0381911, 50.9970149], [11.0381998, 50.9968396], [11.0382869, 50.9968413]]]}}, {"type": "Feature", "properties": {"id": "120203133_13838438", "height": 5.412981510162353, "type": null, "floors": null}, "geometry": {"type": "Polygon", "coordinates": [[[11.0395635, 50.9971627], [11.0395031, 50.997307], [11.0392874, 50.9972712], [11.0393478, 50.9971269], [11.0395635, 50.9971627]]]}}, {"type": "Feature", "properties": {"id": "120203133_13670987", "height": 2.855737686157226, "type": null, "floors": null}, "geometry": {"type": "Polygon", "coordinates": [[[11.0393325, 50.9972817], [11.039421, 50.9972985], [11.0393935, 50.9973557], [11.039305, 50.9973389], [11.0393325, 50.9972817]]]}}, {"type": "Feature", "properties": {"id": "120203133_13815104", "height": 2.065306186676025, "type": null, "floors": null}, "geometry": {"type": "Polygon", "coordinates": [[[11.0420977, 50.9968623], [11.0420065, 50.9968629], [11.0420057, 50.996815], [11.0420969, 50.9968144], [11.0420977, 50.9968623]]]}}, {"type": "Feature", "properties": {"id": "120203133_13733854", "height": 2.962726354598999, "type": null, "floors": null}, "geometry": {"type": "Polygon", "coordinates": [[[11.0417313, 50.9969513], [11.041805, 50.9969505], [11.0418066, 50.9970079], [11.0417329, 50.9970087], [11.0417313, 50.9969513]]]}}, {"type": "Feature", "properties": {"id": "120203133_13805733", "height": 3.872195959091186, "type": null, "floors": null}, "geometry": {"type": "Polygon", "coordinates": [[[11.0423846, 50.9970303], [11.0421331, 50.9970484], [11.0421208, 50.9969807], [11.042175, 50.9969768], [11.0421795, 50.9970018], [11.0422457, 50.996997], [11.0422324, 50.9969237], [11.0423635, 50.9969143], [11.0423846, 50.9970303]]]}}, {"type": "Feature", "properties": {"id": "120203133_13764506", "height": 2.440456867218017, "type": null, "floors": null}, "geometry": {"type": "Polygon", "coordinates": [[[11.0418547, 50.9970767], [11.0416982, 50.9970816], [11.0416955, 50.9970463], [11.0418519, 50.9970414], [11.0418547, 50.9970767]]]}}, {"type": "Feature", "properties": {"id": "120203133_13823747", "height": 3.51983380317688, "type": null, "floors": null}, "geometry": {"type": "Polygon", "coordinates": [[[11.0420133, 50.9971876], [11.0419391, 50.9971927], [11.041934, 50.9971633], [11.0418957, 50.9971659], [11.0418893, 50.9971292], [11.0418655, 50.9971308], [11.0418477, 50.9970274], [11.0418993, 50.9970239], [11.0418927, 50.9969855], [11.0419775, 50.9969797], [11.0420133, 50.9971876]]]}}, {"type": "Feature", "properties": {"id": "120203133_13832365", "height": 3.266968250274658, "type": null, "floors": null}, "geometry": {"type": "Polygon", "coordinates": [[[11.042375, 50.997035], [11.0423876, 50.9971221], [11.0423065, 50.9971267], [11.0422991, 50.9970758], [11.0422273, 50.9970799], [11.0422312, 50.9971067], [11.0421447, 50.9971117], [11.0421469, 50.9971274], [11.0420871, 50.9971308], [11.0420895, 50.9971469], [11.0420203, 50.9971509], [11.0420076, 50.9970628], [11.042239, 50.9970495], [11.0422381, 50.9970428], [11.042375, 50.997035]]]}}, {"type": "Feature", "properties": {"id": "120203133_13790143", "height": 2.0, "type": null, "floors": null}, "geometry": {"type": "Polygon", "coordinates": [[[11.0423149, 50.9971841], [11.0423898, 50.9971823], [11.0423919, 50.9972153], [11.042317, 50.9972172], [11.0423149, 50.9971841]]]}}, {"type": "Feature", "properties": {"id": "120203133_13717715", "height": 2.985607385635376, "type": null, "floors": null}, "geometry": {"type": "Polygon", "coordinates": [[[11.0423513, 50.997561], [11.0424303, 50.9975542], [11.0424517, 50.9976519], [11.0423727, 50.9976587], [11.0423513, 50.997561]]]}}, {"type": "Feature", "properties": {"id": "120203133_13786770", "height": 2.0, "type": null, "floors": null}, "geometry": {"type": "Polygon", "coordinates": [[[11.0420041, 50.997704], [11.0419372, 50.9977061], [11.0419302, 50.9976203], [11.0419971, 50.9976181], [11.0420041, 50.997704]]]}}, {"type": "Feature", "properties": {"id": "120203133_13733041", "height": 2.391952276229858, "type": null, "floors": null}, "geometry": {"type": "Polygon", "coordinates": [[[11.0422481, 50.9977045], [11.04218, 50.9977154], [11.0421654, 50.9976789], [11.042106, 50.9976884], [11.0420834, 50.9976322], [11.0421565, 50.9976206], [11.0421644, 50.9976402], [11.0422187, 50.9976316], [11.0422481, 50.9977045]]]}}, {"type": "Feature", "properties": {"id": "120203133_13726249", "height": 3.285714387893676, "type": null, "floors": null}, "geometry": {"type": "Polygon", "coordinates": [[[11.0416904, 50.9970919], [11.0416153, 50.9970907], [11.0416171, 50.9970469], [11.0416922, 50.9970481], [11.0416904, 50.9970919]]]}}, {"type": "Feature", "properties": {"id": "120203133_13756787", "height": 2.89110779762268, "type": null, "floors": null}, "geometry": {"type": "Polygon", "coordinates": [[[11.0417186, 50.9971709], [11.0415568, 50.9971757], [11.0415512, 50.9971016], [11.041713, 50.9970968], [11.0417186, 50.9971709]]]}}, {"type": "Feature", "properties": {"id": "120203133_13739883", "height": 2.924379348754883, "type": null, "floors": null}, "geometry": {"type": "Polygon", "coordinates": [[[11.0403639, 50.9972172], [11.0403646, 50.9972335], [11.0404623, 50.9972317], [11.0404653, 50.9972941], [11.0402925, 50.9972973], [11.0402888, 50.9972186], [11.0403639, 50.9972172]]]}}, {"type": "Feature", "properties": {"id": "120203133_13727857", "height": 5.634165287017822, "type": null, "floors": null}, "geometry": {"type": "Polygon", "coordinates": [[[11.0404365, 50.9974092], [11.0406361, 50.9974058], [11.0406448, 50.9976082], [11.0404453, 50.9976116], [11.0404365, 50.9974092]]]}}, {"type": "Feature", "properties": {"id": "120203133_13837522", "height": 2.945420265197754, "type": null, "floors": null}, "geometry": {"type": "Polygon", "coordinates": [[[11.0406494, 50.9976273], [11.0406542, 50.9976913], [11.0405418, 50.9976946], [11.040537, 50.9976306], [11.0406494, 50.9976273]]]}}, {"type": "Feature", "properties": {"id": "120203133_13676348", "height": 2.183259963989258, "type": null, "floors": null}, "geometry": {"type": "Polygon", "coordinates": [[[11.0404835, 50.9977086], [11.0404011, 50.9977135], [11.0403918, 50.9976516], [11.0404742, 50.9976467], [11.0404835, 50.9977086]]]}}, {"type": "Feature", "properties": {"id": "120203133_13749294", "height": 2.349801301956176, "type": null, "floors": null}, "geometry": {"type": "Polygon", "coordinates": [[[11.0417308, 50.9977026], [11.0416638, 50.9977041], [11.041665, 50.997726], [11.0416167, 50.997727], [11.0416123, 50.997645], [11.0417275, 50.9976426], [11.0417308, 50.9977026]]]}}, {"type": "Feature", "properties": {"id": "120203133_13768802", "height": 2.0, "type": null, "floors": null}, "geometry": {"type": "Polygon", "coordinates": [[[11.0416044, 50.9977289], [11.0415277, 50.9977345], [11.0415181, 50.9976829], [11.0415948, 50.9976773], [11.0416044, 50.9977289]]]}}, {"type": "Feature", "properties": {"id": "120203133_13753476", "height": 2.347208976745605, "type": null, "floors": null}, "geometry": {"type": "Polygon", "coordinates": [[[11.0418168, 50.997764], [11.041819, 50.997823], [11.0417037, 50.9978247], [11.0417046, 50.9978483], [11.0416241, 50.9978495], [11.0416224, 50.9978016], [11.0416733, 50.9978009], [11.0416709, 50.9977357], [11.0417594, 50.9977344], [11.0417605, 50.9977648], [11.0418168, 50.997764]]]}}, {"type": "Feature", "properties": {"id": "120203133_13681580", "height": 3.818226814270019, "type": null, "floors": null}, "geometry": {"type": "Polygon", "coordinates": [[[11.0411707, 50.9980016], [11.0407542, 50.9980361], [11.0406955, 50.9977557], [11.0411121, 50.9977212], [11.0411707, 50.9980016]]]}}, {"type": "Feature", "properties": {"id": "120203133_13724536", "height": 2.774706363677978, "type": null, "floors": null}, "geometry": {"type": "Polygon", "coordinates": [[[11.0423697, 50.9977738], [11.0422534, 50.9977827], [11.0422426, 50.9977272], [11.0423589, 50.9977183], [11.0423697, 50.9977738]]]}}, {"type": "Feature", "properties": {"id": "120203133_13736484", "height": 2.935441255569458, "type": null, "floors": null}, "geometry": {"type": "Polygon", "coordinates": [[[11.0419876, 50.9977504], [11.0420947, 50.9977481], [11.0420981, 50.9978122], [11.041991, 50.9978144], [11.0419876, 50.9977504]]]}}, {"type": "Feature", "properties": {"id": "120203133_13780755", "height": 3.528850555419922, "type": null, "floors": null}, "geometry": {"type": "Polygon", "coordinates": [[[11.0418398, 50.9977384], [11.0419603, 50.9977418], [11.0419545, 50.9978243], [11.041834, 50.997821], [11.0418398, 50.9977384]]]}}, {"type": "Feature", "properties": {"id": "120203133_13764510", "height": 2.39305305480957, "type": null, "floors": null}, "geometry": {"type": "Polygon", "coordinates": [[[11.0425314, 50.9978762], [11.0424137, 50.9978801], [11.0424057, 50.9977831], [11.0424378, 50.9977821], [11.0424393, 50.9977999], [11.0425249, 50.9977971], [11.0425314, 50.9978762]]]}}, {"type": "Feature", "properties": {"id": "120203133_13728729", "height": 2.075181245803833, "type": null, "floors": null}, "geometry": {"type": "Polygon", "coordinates": [[[11.042336, 50.997877], [11.042276, 50.9978833], [11.0422544, 50.9978022], [11.0423144, 50.9977959], [11.042336, 50.997877]]]}}, {"type": "Feature", "properties": {"id": "120203133_13703992", "height": 2.012506246566772, "type": null, "floors": null}, "geometry": {"type": "Polygon", "coordinates": [[[11.0422545, 50.9978678], [11.0421292, 50.9978741], [11.0421344, 50.997916], [11.0421958, 50.997913], [11.0422014, 50.9979582], [11.0420708, 50.9979647], [11.0420632, 50.9979044], [11.0420381, 50.9979056], [11.0420281, 50.9978261], [11.0421241, 50.9978214], [11.0421168, 50.9977633], [11.0421579, 50.9977612], [11.0421598, 50.9977763], [11.0422425, 50.9977722], [11.0422545, 50.9978678]]]}}, {"type": "Feature", "properties": {"id": "120203133_13693677", "height": 2.3390133380889893, "type": null, "floors": null}, "geometry": {"type": "Polygon", "coordinates": [[[11.0418299, 50.9978816], [11.0416959, 50.9978909], [11.0416894, 50.9978536], [11.0418234, 50.9978443], [11.0418299, 50.9978816]]]}}, {"type": "Feature", "properties": {"id": "120203133_13705709", "height": 1.991150498390197, "type": null, "floors": null}, "geometry": {"type": "Polygon", "coordinates": [[[11.0419853, 50.9979398], [11.0419215, 50.9979437], [11.0419118, 50.9978801], [11.0419756, 50.9978763], [11.0419853, 50.9979398]]]}}, {"type": "Feature", "properties": {"id": "120203133_13755149", "height": 2.0, "type": null, "floors": null}, "geometry": {"type": "Polygon", "coordinates": [[[11.0424076, 50.9983029], [11.0424434, 50.9983011], [11.0424478, 50.9983363], [11.042412, 50.9983381], [11.0424076, 50.9983029]]]}}, {"type": "Feature", "properties": {"id": "120203133_13784110", "height": 2.671682596206665, "type": null, "floors": null}, "geometry": {"type": "Polygon", "coordinates": [[[11.0424757, 50.9984362], [11.0424032, 50.9984417], [11.0423947, 50.9983968], [11.0424672, 50.9983913], [11.0424757, 50.9984362]]]}}, {"type": "Feature", "properties": {"id": "120203133_13743295", "height": 3.153988838195801, "type": null, "floors": null}, "geometry": {"type": "Polygon", "coordinates": [[[11.0423241, 50.9984437], [11.0423172, 50.9984105], [11.0423896, 50.9984046], [11.0423964, 50.9984378], [11.0423241, 50.9984437]]]}}, {"type": "Feature", "properties": {"id": "120203133_13690231", "height": 3.128452062606811, "type": null, "floors": null}, "geometry": {"type": "Polygon", "coordinates": [[[11.0426016, 50.9984201], [11.0426038, 50.9984893], [11.0425019, 50.9984906], [11.0424997, 50.9984214], [11.0426016, 50.9984201]]]}}, {"type": "Feature", "properties": {"id": "120203133_13787626", "height": 2.509278297424316, "type": null, "floors": null}, "geometry": {"type": "Polygon", "coordinates": [[[11.0424177, 50.998494], [11.0423493, 50.9984963], [11.0423466, 50.9984643], [11.042415, 50.998462], [11.0424177, 50.998494]]]}}, {"type": "Feature", "properties": {"id": "120203133_13821134", "height": 3.102722883224487, "type": null, "floors": null}, "geometry": {"type": "Polygon", "coordinates": [[[11.0421985, 50.9984905], [11.0422029, 50.9985511], [11.0420824, 50.9985545], [11.0420781, 50.9984939], [11.0421985, 50.9984905]]]}}, {"type": "Feature", "properties": {"id": "120203133_13716835", "height": 3.9351789951324463, "type": null, "floors": null}, "geometry": {"type": "Polygon", "coordinates": [[[11.0420562, 50.9984928], [11.0420591, 50.9985569], [11.0419546, 50.9985588], [11.0419517, 50.9984947], [11.0420562, 50.9984928]]]}}, {"type": "Feature", "properties": {"id": "120203133_13823746", "height": 3.776827812194824, "type": null, "floors": null}, "geometry": {"type": "Polygon", "coordinates": [[[11.0416631, 50.9985895], [11.0416577, 50.9985334], [11.0419303, 50.9985229], [11.0419357, 50.9985791], [11.0416631, 50.9985895]]]}}, {"type": "Feature", "properties": {"id": "120203133_13750137", "height": 2.734401941299438, "type": null, "floors": null}, "geometry": {"type": "Polygon", "coordinates": [[[11.0423614, 50.9985786], [11.0423638, 50.9986123], [11.0422915, 50.9986144], [11.0422865, 50.9985436], [11.0424338, 50.9985395], [11.0424364, 50.9985765], [11.0423614, 50.9985786]]]}}, {"type": "Feature", "properties": {"id": "120203133_13677813", "height": 3.380952358245849, "type": null, "floors": null}, "geometry": {"type": "Polygon", "coordinates": [[[11.0425032, 50.9985444], [11.0425972, 50.9985385], [11.0426014, 50.9985646], [11.0426321, 50.9985626], [11.04264, 50.9986117], [11.0425152, 50.9986196], [11.0425032, 50.9985444]]]}}, {"type": "Feature", "properties": {"id": "120203133_13797142", "height": 2.318181753158569, "type": null, "floors": null}, "geometry": {"type": "Polygon", "coordinates": [[[11.0422098, 50.9986207], [11.0421015, 50.9986256], [11.0420995, 50.9986089], [11.0420088, 50.998613], [11.042011, 50.9986315], [11.0419459, 50.9986345], [11.041939, 50.9985757], [11.0422031, 50.9985636], [11.0422098, 50.9986207]]]}}, {"type": "Feature", "properties": {"id": "120203133_13753477", "height": 3.6709485054016113, "type": null, "floors": null}, "geometry": {"type": "Polygon", "coordinates": [[[11.0419128, 50.9986331], [11.0418083, 50.9986356], [11.0418056, 50.9985918], [11.0419101, 50.9985892], [11.0419128, 50.9986331]]]}}, {"type": "Feature", "properties": {"id": "120203133_13783279", "height": 2.996062994003296, "type": null, "floors": null}, "geometry": {"type": "Polygon", "coordinates": [[[11.0424412, 50.9986333], [11.0423793, 50.9986389], [11.0423751, 50.9986207], [11.0424371, 50.9986151], [11.0424412, 50.9986333]]]}}, {"type": "Feature", "properties": {"id": "120203133_13696216", "height": 4.772878646850586, "type": null, "floors": null}, "geometry": {"type": "Polygon", "coordinates": [[[11.0417923, 50.9985903], [11.041807, 50.9986611], [11.0417331, 50.9986671], [11.0417398, 50.9986993], [11.0416739, 50.9987047], [11.0416525, 50.9986018], [11.0417923, 50.9985903]]]}}, {"type": "Feature", "properties": {"id": "120203133_13709093", "height": 2.746049642562866, "type": null, "floors": null}, "geometry": {"type": "Polygon", "coordinates": [[[11.0423755, 50.9986427], [11.0424455, 50.9986367], [11.0424577, 50.998693], [11.0423877, 50.998699], [11.0423755, 50.9986427]]]}}, {"type": "Feature", "properties": {"id": "120203133_13818517", "height": 1.0, "type": null, "floors": null}, "geometry": {"type": "Polygon", "coordinates": [[[11.0419528, 50.9989821], [11.0419664, 50.999033], [11.0418829, 50.9990418], [11.0418693, 50.9989909], [11.0419528, 50.9989821]]]}}, {"type": "Feature", "properties": {"id": "120203133_13801403", "height": 2.0, "type": null, "floors": null}, "geometry": {"type": "Polygon", "coordinates": [[[11.0422736, 50.999149], [11.042338, 50.999149], [11.042338, 50.9991828], [11.0422736, 50.9991828], [11.0422736, 50.999149]]]}}, {"type": "Feature", "properties": {"id": "120203133_13706521", "height": 2.636282444000244, "type": null, "floors": null}, "geometry": {"type": "Polygon", "coordinates": [[[11.0423516, 50.9991403], [11.0424454, 50.9991386], [11.042448, 50.9991925], [11.0423542, 50.9991943], [11.0423516, 50.9991403]]]}}, {"type": "Feature", "properties": {"id": "120203133_13773919", "height": 2.293571949005127, "type": null, "floors": null}, "geometry": {"type": "Polygon", "coordinates": [[[11.0425835, 50.9991295], [11.042763, 50.9991255], [11.042768, 50.9992149], [11.0426572, 50.9992173], [11.0426552, 50.9991826], [11.0425866, 50.9991841], [11.0425835, 50.9991295]]]}}, {"type": "Feature", "properties": {"id": "120203133_13708267", "height": 2.0, "type": null, "floors": null}, "geometry": {"type": "Polygon", "coordinates": [[[11.0421711, 50.9991636], [11.0421686, 50.9992108], [11.0421124, 50.9992097], [11.0421148, 50.9991625], [11.0421711, 50.9991636]]]}}, {"type": "Feature", "properties": {"id": "120203133_13676354", "height": 2.151020526885986, "type": null, "floors": null}, "geometry": {"type": "Polygon", "coordinates": [[[11.0421205, 50.9992173], [11.0421741, 50.9992165], [11.0421775, 50.9992991], [11.0421238, 50.9993], [11.0421205, 50.9992173]]]}}, {"type": "Feature", "properties": {"id": "120203133_13714234", "height": 2.878138780593872, "type": null, "floors": null}, "geometry": {"type": "Polygon", "coordinates": [[[11.0422474, 50.9992991], [11.042246, 50.9992384], [11.0423469, 50.9992374], [11.0423483, 50.9992982], [11.0422474, 50.9992991]]]}}, {"type": "Feature", "properties": {"id": "120203133_13741601", "height": 2.735172510147094, "type": null, "floors": null}, "geometry": {"type": "Polygon", "coordinates": [[[11.0416862, 50.9979517], [11.0415782, 50.9979608], [11.0415655, 50.9979011], [11.0416735, 50.997892], [11.0416862, 50.9979517]]]}}, {"type": "Feature", "properties": {"id": "120203133_13672669", "height": 2.252293586730957, "type": null, "floors": null}, "geometry": {"type": "Polygon", "coordinates": [[[11.0416442, 50.9979802], [11.0415949, 50.9979817], [11.0415933, 50.9979615], [11.0416427, 50.99796], [11.0416442, 50.9979802]]]}}, {"type": "Feature", "properties": {"id": "120203133_13683019", "height": 1.305248141288757, "type": null, "floors": null}, "geometry": {"type": "Polygon", "coordinates": [[[11.0410247, 50.9982034], [11.0408139, 50.9982347], [11.0407925, 50.9981778], [11.0410034, 50.9981464], [11.0410247, 50.9982034]]]}}, {"type": "Feature", "properties": {"id": "120203133_13834010", "height": 4.111241817474365, "type": null, "floors": null}, "geometry": {"type": "Polygon", "coordinates": [[[11.0410416, 50.9982358], [11.0411216, 50.9982285], [11.0411512, 50.9983575], [11.0412116, 50.998352], [11.0412318, 50.9984396], [11.0410914, 50.9984524], [11.0410416, 50.9982358]]]}}, {"type": "Feature", "properties": {"id": "120203133_13676065", "height": 3.820938110351562, "type": null, "floors": null}, "geometry": {"type": "Polygon", "coordinates": [[[11.04101, 50.9986107], [11.040617, 50.9986488], [11.0405919, 50.9985466], [11.0406166, 50.9985442], [11.0406017, 50.9984832], [11.0404381, 50.9984991], [11.0404113, 50.9983896], [11.0407886, 50.998353], [11.0408201, 50.9984816], [11.040786, 50.9984849], [11.0407967, 50.9985284], [11.0409853, 50.9985101], [11.04101, 50.9986107]]]}}, {"type": "Feature", "properties": {"id": "120203133_13699714", "height": 6.107929229736328, "type": null, "floors": null}, "geometry": {"type": "Polygon", "coordinates": [[[11.0406328, 50.9989029], [11.0409866, 50.9988748], [11.040994, 50.998912], [11.0412644, 50.9988905], [11.0412537, 50.9988373], [11.041279, 50.9988353], [11.0413533, 50.9992058], [11.0414088, 50.9992014], [11.0414201, 50.9992579], [11.0413762, 50.9992614], [11.0413909, 50.9993345], [11.0412579, 50.9993451], [11.0412589, 50.9993501], [11.0408005, 50.9993865], [11.0407485, 50.9991273], [11.0406789, 50.9991328], [11.0406328, 50.9989029]]]}}, {"type": "Feature", "properties": {"id": "120203133_13818511", "height": 5.40029764175415, "type": null, "floors": null}, "geometry": {"type": "Polygon", "coordinates": [[[11.0397372, 50.9993566], [11.0398772, 50.9989344], [11.0400828, 50.9989614], [11.0400562, 50.9990416], [11.0400125, 50.9990359], [11.0399867, 50.9991135], [11.0400124, 50.9991169], [11.0399248, 50.9993812], [11.0397372, 50.9993566]]]}}, {"type": "Feature", "properties": {"id": "120203133_13683021", "height": 5.4568772315979, "type": null, "floors": null}, "geometry": {"type": "Polygon", "coordinates": [[[11.0412663, 50.9994487], [11.0413318, 50.9997002], [11.0409374, 50.9997409], [11.0409207, 50.9996768], [11.0409625, 50.9996725], [11.0409351, 50.9995673], [11.0408985, 50.999571], [11.0408771, 50.9994888], [11.0412663, 50.9994487]]]}}, {"type": "Feature", "properties": {"id": "120203133_13725369", "height": 1.4421052932739251, "type": null, "floors": null}, "geometry": {"type": "Polygon", "coordinates": [[[11.0416636, 50.9997029], [11.0416648, 50.999735], [11.0416246, 50.9997356], [11.0416234, 50.9997035], [11.0416636, 50.9997029]]]}}, {"type": "Feature", "properties": {"id": "120203133_13834014", "height": 4.207441806793213, "type": null, "floors": null}, "geometry": {"type": "Polygon", "coordinates": [[[11.0420423, 50.9999946], [11.0415802, 51.0000393], [11.0415653, 50.9999782], [11.0414457, 50.9999898], [11.0414348, 50.9999453], [11.0410863, 50.999979], [11.0410423, 50.9997987], [11.0414684, 50.9997574], [11.041473, 50.9997762], [11.0416731, 50.9997568], [11.0416667, 50.9997304], [11.0418527, 50.9997124], [11.0418586, 50.9997366], [11.0419179, 50.9997308], [11.0419281, 50.9997727], [11.0419867, 50.999767], [11.0420423, 50.9999946]]]}}, {"type": "Feature", "properties": {"id": "120203133_13755147", "height": 1.7916145324707031, "type": null, "floors": null}, "geometry": {"type": "Polygon", "coordinates": [[[11.0420098, 50.9992374], [11.042016, 50.9993453], [11.0419491, 50.9993468], [11.0419428, 50.9992389], [11.0420098, 50.9992374]]]}}, {"type": "Feature", "properties": {"id": "120203133_13726253", "height": 3.374857187271118, "type": null, "floors": null}, "geometry": {"type": "Polygon", "coordinates": [[[11.0425395, 50.99934], [11.0423719, 50.9993449], [11.0423684, 50.9992978], [11.042536, 50.9992929], [11.0425395, 50.99934]]]}}, {"type": "Feature", "properties": {"id": "120203133_13819411", "height": 2.975308656692505, "type": null, "floors": null}, "geometry": {"type": "Polygon", "coordinates": [[[11.0422038, 50.999358], [11.0420349, 50.9993594], [11.0420339, 50.9993138], [11.0422029, 50.9993124], [11.0422038, 50.999358]]]}}, {"type": "Feature", "properties": {"id": "120203133_13691094", "height": 2.425449848175049, "type": null, "floors": null}, "geometry": {"type": "Polygon", "coordinates": [[[11.0428223, 50.9993759], [11.0426677, 50.9993908], [11.0426568, 50.9993463], [11.0428115, 50.9993314], [11.0428223, 50.9993759]]]}}, {"type": "Feature", "properties": {"id": "120203133_13750139", "height": 2.330555438995361, "type": null, "floors": null}, "geometry": {"type": "Polygon", "coordinates": [[[11.0426495, 50.9993512], [11.0426684, 50.9994017], [11.0426379, 50.9994062], [11.042619, 50.9993557], [11.0426495, 50.9993512]]]}}, {"type": "Feature", "properties": {"id": "120203133_13820242", "height": 2.191602230072021, "type": null, "floors": null}, "geometry": {"type": "Polygon", "coordinates": [[[11.0423781, 50.9994114], [11.0422147, 50.9994147], [11.0422118, 50.9993573], [11.0423752, 50.9993541], [11.0423781, 50.9994114]]]}}, {"type": "Feature", "properties": {"id": "120203133_13725371", "height": 2.105375289916992, "type": null, "floors": null}, "geometry": {"type": "Polygon", "coordinates": [[[11.0425015, 50.9994327], [11.0423942, 50.9994339], [11.0423921, 50.9993545], [11.0424994, 50.9993534], [11.0425015, 50.9994327]]]}}, {"type": "Feature", "properties": {"id": "120203133_13810780", "height": 2.586450338363647, "type": null, "floors": null}, "geometry": {"type": "Polygon", "coordinates": [[[11.0421419, 50.999407], [11.0421475, 50.9994277], [11.042086, 50.9994344], [11.0420694, 50.9993737], [11.0421934, 50.9993603], [11.0422044, 50.9994002], [11.0421419, 50.999407]]]}}, {"type": "Feature", "properties": {"id": "120203133_13703991", "height": 1.6047260761260982, "type": null, "floors": null}, "geometry": {"type": "Polygon", "coordinates": [[[11.0421025, 50.9995084], [11.0421567, 50.9995017], [11.0421801, 50.9995764], [11.0421259, 50.9995832], [11.0421025, 50.9995084]]]}}, {"type": "Feature", "properties": {"id": "120203133_13692839", "height": 2.671144485473633, "type": null, "floors": null}, "geometry": {"type": "Polygon", "coordinates": [[[11.042996, 50.9998087], [11.0430181, 50.9998785], [11.042902, 50.999893], [11.0428799, 50.9998232], [11.042996, 50.9998087]]]}}, {"type": "Feature", "properties": {"id": "120203133_13685114", "height": 2.244258880615234, "type": null, "floors": null}, "geometry": {"type": "Polygon", "coordinates": [[[11.0428394, 50.9998999], [11.0427644, 50.999909], [11.0427388, 50.9998254], [11.0428137, 50.9998163], [11.0428394, 50.9998999]]]}}, {"type": "Feature", "properties": {"id": "120203133_13671072", "height": 3.133002758026123, "type": null, "floors": null}, "geometry": {"type": "Polygon", "coordinates": [[[11.0425905, 50.999965], [11.0427763, 50.999953], [11.042785, 51.0000065], [11.0425993, 51.0000185], [11.0425905, 50.999965]]]}}, {"type": "Feature", "properties": {"id": "120203133_13738175", "height": 3.436515808105468, "type": null, "floors": null}, "geometry": {"type": "Polygon", "coordinates": [[[11.0428042, 51.0000212], [11.0428793, 51.0000087], [11.0429126, 51.0000875], [11.0427748, 51.0001105], [11.0427568, 51.000068], [11.0428195, 51.0000575], [11.0428042, 51.0000212]]]}}, {"type": "Feature", "properties": {"id": "120203133_13805731", "height": 2.844672203063965, "type": null, "floors": null}, "geometry": {"type": "Polygon", "coordinates": [[[11.0420555, 51.0000799], [11.0420529, 51.0000316], [11.0421762, 51.0000291], [11.0421819, 51.000137], [11.0420961, 51.0001388], [11.042093, 51.0000791], [11.0420555, 51.0000799]]]}}, {"type": "Feature", "properties": {"id": "120203133_13776577", "height": 2.512572526931762, "type": null, "floors": null}, "geometry": {"type": "Polygon", "coordinates": [[[11.0428148, 51.0001067], [11.0429213, 51.0000945], [11.0429335, 51.000137], [11.042827, 51.0001492], [11.0428148, 51.0001067]]]}}, {"type": "Feature", "properties": {"id": "120203133_13779899", "height": 2.478978872299194, "type": null, "floors": null}, "geometry": {"type": "Polygon", "coordinates": [[[11.043056, 51.0001495], [11.0431335, 51.0001326], [11.0431526, 51.0001673], [11.043075, 51.0001842], [11.043056, 51.0001495]]]}}, {"type": "Feature", "properties": {"id": "120203133_13670991", "height": 4.144687175750732, "type": null, "floors": null}, "geometry": {"type": "Polygon", "coordinates": [[[11.0420537, 51.0002863], [11.0420687, 51.0003421], [11.0418627, 51.000364], [11.0418313, 51.0002475], [11.0422929, 51.0001983], [11.0423092, 51.000259], [11.0420537, 51.0002863]]]}}, {"type": "Feature", "properties": {"id": "120203133_13834015", "height": 4.279464244842529, "type": null, "floors": null}, "geometry": {"type": "Polygon", "coordinates": [[[11.0423729, 51.0003039], [11.0429726, 51.0007832], [11.0427408, 51.000898], [11.0423471, 51.0005834], [11.0423123, 51.0006006], [11.0421063, 51.0004359], [11.0423729, 51.0003039]]]}}, {"type": "Feature", "properties": {"id": "120203133_13793706", "height": 2.691468954086303, "type": null, "floors": null}, "geometry": {"type": "Polygon", "coordinates": [[[11.0424647, 51.0006863], [11.0426771, 51.0008468], [11.0426511, 51.0008604], [11.0424388, 51.0006999], [11.0424647, 51.0006863]]]}}, {"type": "Feature", "properties": {"id": "120203133_13796309", "height": 0.8974918127059931, "type": null, "floors": null}, "geometry": {"type": "Polygon", "coordinates": [[[11.0428417, 51.0010736], [11.0428844, 51.0010617], [11.0429414, 51.0011431], [11.0428987, 51.001155], [11.0428417, 51.0010736]]]}}, {"type": "Feature", "properties": {"id": "120203133_13688539", "height": 6.3817138671875, "type": null, "floors": null}, "geometry": {"type": "Polygon", "coordinates": [[[11.0360514, 50.9966712], [11.0360335, 50.9974028], [11.035906, 50.9974016], [11.0359053, 50.9974302], [11.035947, 50.9974306], [11.0359465, 50.9974518], [11.0359048, 50.9974513], [11.0359035, 50.9975062], [11.0358459, 50.9975056], [11.0358429, 50.9976271], [11.0357557, 50.9976263], [11.0357547, 50.9976634], [11.0357038, 50.9976629], [11.0357018, 50.9977431], [11.0358118, 50.9977442], [11.0358063, 50.9979669], [11.0356979, 50.9979659], [11.0356956, 50.998057], [11.0352088, 50.9980523], [11.03522, 50.9975958], [11.0350579, 50.9975942], [11.0350628, 50.9973942], [11.0348951, 50.9973926], [11.0349062, 50.9969395], [11.0354076, 50.9969443], [11.0354087, 50.9969004], [11.0354758, 50.9969011], [11.0354815, 50.9966656], [11.0360514, 50.9966712]]]}}, {"type": "Feature", "properties": {"id": "120203133_13790997", "height": 3.285845518112182, "type": null, "floors": null}, "geometry": {"type": "Polygon", "coordinates": [[[11.0350285, 50.9974739], [11.0350253, 50.9975295], [11.0349369, 50.9975275], [11.0349401, 50.9974719], [11.0350285, 50.9974739]]]}}, {"type": "Feature", "properties": {"id": "120203133_13743272", "height": 16.378175735473633, "type": null, "floors": null}, "geometry": {"type": "Polygon", "coordinates": [[[11.0331768, 50.9972074], [11.0331118, 50.9982862], [11.032844, 50.9982798], [11.0328568, 50.9980674], [11.0328606, 50.9980675], [11.0328838, 50.9976832], [11.0329026, 50.9976837], [11.0329004, 50.9977191], [11.0329781, 50.9977209], [11.032987, 50.9975743], [11.0328959, 50.9975721], [11.0329183, 50.9972013], [11.0331768, 50.9972074]]]}}, {"type": "Feature", "properties": {"id": "120203133_13669243", "height": 9.910319328308104, "type": null, "floors": null}, "geometry": {"type": "Polygon", "coordinates": [[[11.0336064, 50.9979479], [11.0342021, 50.9979656], [11.0341991, 50.9980043], [11.0343609, 50.9980092], [11.0343457, 50.9982113], [11.0341064, 50.9982041], [11.034104, 50.9982352], [11.0336624, 50.9982221], [11.0336701, 50.9981203], [11.0335952, 50.9981181], [11.0335979, 50.998081], [11.0336782, 50.9980834], [11.0336812, 50.9980437], [11.0335994, 50.9980413], [11.0336064, 50.9979479]]]}}, {"type": "Feature", "properties": {"id": "120203133_13837504", "height": 3.357531785964966, "type": null, "floors": null}, "geometry": {"type": "Polygon", "coordinates": [[[11.0339186, 50.9989127], [11.0340123, 50.9989147], [11.0340094, 50.9989677], [11.0339156, 50.9989657], [11.0339186, 50.9989127]]]}}, {"type": "Feature", "properties": {"id": "120203133_13821111", "height": 2.463016748428344, "type": null, "floors": null}, "geometry": {"type": "Polygon", "coordinates": [[[11.0350204, 50.9991446], [11.0350183, 50.9991919], [11.0345895, 50.9991845], [11.0345915, 50.9991373], [11.0350204, 50.9991446]]]}}, {"type": "Feature", "properties": {"id": "120203133_13810761", "height": 25.07536697387696, "type": null, "floors": null}, "geometry": {"type": "Polygon", "coordinates": [[[11.0335129, 50.9992491], [11.0341028, 50.9992554], [11.0341017, 50.9992976], [11.0342599, 50.9992993], [11.0342545, 50.9995001], [11.0340105, 50.9994975], [11.0340096, 50.9995296], [11.0335135, 50.9995243], [11.0335154, 50.9994534], [11.033502, 50.9994533], [11.0335037, 50.9993908], [11.0335842, 50.9993917], [11.0335852, 50.9993519], [11.0335101, 50.9993511], [11.0335129, 50.9992491]]]}}, {"type": "Feature", "properties": {"id": "120203133_13802266", "height": 5.918953895568848, "type": null, "floors": null}, "geometry": {"type": "Polygon", "coordinates": [[[11.0357945, 51.0003748], [11.0351809, 51.0002932], [11.0352126, 51.0001987], [11.0353307, 51.0002144], [11.0354278, 50.9999252], [11.0359234, 50.9999911], [11.0357945, 51.0003748]]]}}, {"type": "Feature", "properties": {"id": "120203133_13811618", "height": 4.525400161743164, "type": null, "floors": null}, "geometry": {"type": "Polygon", "coordinates": [[[11.0350742, 51.0000666], [11.035199, 51.0000805], [11.0351493, 51.0002564], [11.0350245, 51.0002424], [11.0350742, 51.0000666]]]}}, {"type": "Feature", "properties": {"id": "120203133_13750122", "height": 3.045866966247558, "type": null, "floors": null}, "geometry": {"type": "Polygon", "coordinates": [[[11.0355947, 51.0003853], [11.0355758, 51.0004437], [11.0352719, 51.0004047], [11.0352908, 51.0003463], [11.0355947, 51.0003853]]]}}, {"type": "Feature", "properties": {"id": "120203133_13705695", "height": 3.83132529258728, "type": null, "floors": null}, "geometry": {"type": "Polygon", "coordinates": [[[11.036432, 50.9981035], [11.0362861, 50.9981014], [11.0362883, 50.9980398], [11.0364342, 50.9980419], [11.036432, 50.9981035]]]}}, {"type": "Feature", "properties": {"id": "120203133_13763593", "height": 4.74069881439209, "type": null, "floors": null}, "geometry": {"type": "Polygon", "coordinates": [[[11.0362402, 50.9983156], [11.0359831, 50.9983098], [11.0359864, 50.9982517], [11.036012, 50.9982523], [11.0360183, 50.9981418], [11.0361174, 50.998144], [11.0361222, 50.9980581], [11.0362547, 50.998061], [11.0362402, 50.9983156]]]}}, {"type": "Feature", "properties": {"id": "120203133_13771326", "height": 2.489659309387207, "type": null, "floors": null}, "geometry": {"type": "Polygon", "coordinates": [[[11.0360715, 50.9984482], [11.0359777, 50.9984467], [11.0359808, 50.9983675], [11.0360746, 50.9983689], [11.0360715, 50.9984482]]]}}, {"type": "Feature", "properties": {"id": "120203133_13698850", "height": 2.707602262496948, "type": null, "floors": null}, "geometry": {"type": "Polygon", "coordinates": [[[11.0379038, 50.9987752], [11.0379095, 50.9987591], [11.0379555, 50.9987656], [11.0379497, 50.9987817], [11.0379038, 50.9987752]]]}}, {"type": "Feature", "properties": {"id": "120203133_13794599", "height": 5.611161708831787, "type": null, "floors": null}, "geometry": {"type": "Polygon", "coordinates": [[[11.0366779, 50.9992982], [11.0366213, 50.999482], [11.0365903, 50.9994783], [11.0365767, 50.9995222], [11.0363612, 50.9994959], [11.0363462, 50.9995447], [11.0366977, 50.9995876], [11.0366291, 50.9998105], [11.0363095, 50.9997715], [11.0362709, 50.9998967], [11.0360098, 50.9998649], [11.0359958, 50.9999104], [11.0358019, 50.9998867], [11.0358197, 50.999829], [11.0355793, 50.9997997], [11.0356226, 50.9996589], [11.0358527, 50.999687], [11.0359254, 50.9994511], [11.0359512, 50.9994543], [11.0359608, 50.9994234], [11.0360968, 50.99944], [11.0361599, 50.999235], [11.0366779, 50.9992982]]]}}, {"type": "Feature", "properties": {"id": "120203133_13761098", "height": 1.021154403686523, "type": null, "floors": null}, "geometry": {"type": "Polygon", "coordinates": [[[11.0373158, 51.0001473], [11.0372245, 51.0004187], [11.0371782, 51.0004125], [11.0372365, 51.0002397], [11.0371954, 51.0002342], [11.0372286, 51.0001357], [11.0373158, 51.0001473]]]}}, {"type": "Feature", "properties": {"id": "120203133_13676041", "height": 4.989120960235596, "type": null, "floors": null}, "geometry": {"type": "Polygon", "coordinates": [[[11.036459, 51.0005251], [11.0362066, 51.0004972], [11.0362686, 51.0002745], [11.0361349, 51.0002598], [11.036195, 51.0000436], [11.0365811, 51.0000861], [11.036459, 51.0005251]]]}}, {"type": "Feature", "properties": {"id": "120203133_13722865", "height": 5.965476989746094, "type": null, "floors": null}, "geometry": {"type": "Polygon", "coordinates": [[[11.0372051, 51.0004116], [11.0371608, 51.0005432], [11.036632, 51.0004728], [11.0366651, 51.0003742], [11.0367585, 51.0003867], [11.0367696, 51.0003536], [11.0372051, 51.0004116]]]}}, {"type": "Feature", "properties": {"id": "120203133_13719381", "height": 2.5892128944396973, "type": null, "floors": null}, "geometry": {"type": "Polygon", "coordinates": [[[11.0370549, 51.0006341], [11.0370726, 51.0005772], [11.0375428, 51.0006349], [11.0375252, 51.0006919], [11.0370549, 51.0006341]]]}}, {"type": "Feature", "properties": {"id": "120203133_13796296", "height": 3.897251605987549, "type": null, "floors": null}, "geometry": {"type": "Polygon", "coordinates": [[[11.0359788, 51.0005584], [11.036117, 51.0005732], [11.0361269, 51.0005363], [11.0361895, 51.000543], [11.0361793, 51.0005807], [11.0362288, 51.000586], [11.0362372, 51.0005549], [11.0363858, 51.0005708], [11.0363743, 51.0006134], [11.036403, 51.0006165], [11.036375, 51.0007198], [11.036388, 51.0007212], [11.0363743, 51.0007721], [11.0362023, 51.0007537], [11.0362178, 51.0006963], [11.0360327, 51.0006764], [11.0360192, 51.0007264], [11.0360635, 51.0007312], [11.0360007, 51.0009633], [11.035873, 51.0009496], [11.0359788, 51.0005584]]]}}, {"type": "Feature", "properties": {"id": "120203133_13745860", "height": 10.069988250732422, "type": null, "floors": null}, "geometry": {"type": "Polygon", "coordinates": [[[11.029847, 50.9996184], [11.0304065, 50.9996336], [11.0303999, 50.9997296], [11.0302678, 50.999726], [11.0302667, 50.9997412], [11.0300097, 50.9997342], [11.0300034, 50.9998269], [11.0302158, 50.9998327], [11.0302174, 50.9998091], [11.030271, 50.9998105], [11.0302715, 50.9998038], [11.0303759, 50.9998066], [11.0303722, 50.9998594], [11.0302669, 50.9998566], [11.0302658, 50.9998728], [11.0300418, 50.9998668], [11.030034, 50.9999813], [11.0298225, 50.9999756], [11.029847, 50.9996184]]]}}, {"type": "Feature", "properties": {"id": "120203133_13670957", "height": 3.381832122802734, "type": null, "floors": null}, "geometry": {"type": "Polygon", "coordinates": [[[11.0307239, 50.9997951], [11.0307256, 50.9998396], [11.0305926, 50.9998417], [11.0305909, 50.9997972], [11.0307239, 50.9997951]]]}}, {"type": "Feature", "properties": {"id": "120203133_13804823", "height": 8.038341522216797, "type": null, "floors": null}, "geometry": {"type": "Polygon", "coordinates": [[[11.0295907, 50.9997366], [11.0296898, 50.9997386], [11.0296869, 50.999797], [11.0297485, 50.9997982], [11.0297427, 50.9999135], [11.0295311, 50.9999093], [11.0295371, 50.9997896], [11.029588, 50.9997906], [11.0295907, 50.9997366]]]}}, {"type": "Feature", "properties": {"id": "120203133_13794583", "height": 4.89658260345459, "type": null, "floors": null}, "geometry": {"type": "Polygon", "coordinates": [[[11.0294089, 50.9998666], [11.0294061, 50.9999374], [11.0292382, 50.9999347], [11.0292423, 50.9998312], [11.0293432, 50.9998328], [11.0293419, 50.9998655], [11.0294089, 50.9998666]]]}}, {"type": "Feature", "properties": {"id": "120203133_13677779", "height": 3.121037483215332, "type": null, "floors": null}, "geometry": {"type": "Polygon", "coordinates": [[[11.0288948, 50.9998484], [11.0288907, 50.9999293], [11.0288523, 50.9999285], [11.0288563, 50.9998476], [11.0288948, 50.9998484]]]}}, {"type": "Feature", "properties": {"id": "120203133_13743267", "height": 1.9968454837799072, "type": null, "floors": null}, "geometry": {"type": "Polygon", "coordinates": [[[11.0301894, 51.0000045], [11.0300851, 51.0000008], [11.0300888, 50.9999598], [11.030193, 50.9999635], [11.0301894, 51.0000045]]]}}, {"type": "Feature", "properties": {"id": "120203133_13703965", "height": 7.162510395050049, "type": null, "floors": null}, "geometry": {"type": "Polygon", "coordinates": [[[11.030627, 51.0000356], [11.0304541, 51.0000302], [11.0304464, 51.0001261], [11.0304134, 51.0001251], [11.0304303, 50.9999119], [11.0306363, 50.9999184], [11.030627, 51.0000356]]]}}, {"type": "Feature", "properties": {"id": "120203133_13727836", "height": 2.556735515594482, "type": null, "floors": null}, "geometry": {"type": "Polygon", "coordinates": [[[11.0302584, 51.0000618], [11.0301056, 51.0000592], [11.0301079, 51.0000063], [11.0302607, 51.0000089], [11.0302584, 51.0000618]]]}}, {"type": "Feature", "properties": {"id": "120203133_13776547", "height": 5.556595802307129, "type": null, "floors": null}, "geometry": {"type": "Polygon", "coordinates": [[[11.0296999, 51.0000763], [11.0296971, 51.0001556], [11.0295255, 51.0001531], [11.0295291, 51.0000536], [11.0296675, 51.0000556], [11.0296668, 51.0000758], [11.0296999, 51.0000763]]]}}, {"type": "Feature", "properties": {"id": "120203133_13779867", "height": 2.661957025527954, "type": null, "floors": null}, "geometry": {"type": "Polygon", "coordinates": [[[11.0289791, 51.000116], [11.0292778, 51.0001178], [11.0292775, 51.0001371], [11.0292443, 51.0001369], [11.0292439, 51.0001632], [11.0291447, 51.0001626], [11.0291452, 51.0001322], [11.029055, 51.0001317], [11.0290548, 51.0001442], [11.0289787, 51.0001437], [11.0289791, 51.000116]]]}}, {"type": "Feature", "properties": {"id": "120203133_13693655", "height": 4.652081489562988, "type": null, "floors": null}, "geometry": {"type": "Polygon", "coordinates": [[[11.0317221, 50.9993786], [11.0314674, 50.9993761], [11.0314686, 50.9993255], [11.0315571, 50.9993263], [11.0315568, 50.9993398], [11.031723, 50.9993414], [11.0317221, 50.9993786]]]}}, {"type": "Feature", "properties": {"id": "120203133_13721138", "height": 10.504658699035645, "type": null, "floors": null}, "geometry": {"type": "Polygon", "coordinates": [[[11.0319067, 50.9994016], [11.031912, 50.9992988], [11.0331579, 50.9993246], [11.0331525, 50.9994274], [11.0319067, 50.9994016]]]}}, {"type": "Feature", "properties": {"id": "120203133_13724520", "height": 9.934082984924316, "type": null, "floors": null}, "geometry": {"type": "Polygon", "coordinates": [[[11.0318736, 50.9998084], [11.0318791, 50.9997065], [11.0331266, 50.9997335], [11.033121, 50.9998353], [11.0318736, 50.9998084]]]}}, {"type": "Feature", "properties": {"id": "120203133_13738154", "height": 5.999781131744385, "type": null, "floors": null}, "geometry": {"type": "Polygon", "coordinates": [[[11.0308729, 50.9996657], [11.0308659, 50.9998148], [11.0310025, 50.9998173], [11.030993, 51.0000197], [11.0307706, 51.0000155], [11.0307729, 50.9999666], [11.0306442, 50.9999642], [11.0306458, 50.9999305], [11.030686, 50.9999313], [11.030687, 50.999911], [11.0306012, 50.9999094], [11.0306037, 50.9998571], [11.0307698, 50.9998602], [11.030774, 50.9997708], [11.030699, 50.9997695], [11.030704, 50.9996626], [11.0308729, 50.9996657]]]}}, {"type": "Feature", "properties": {"id": "120203133_13691950", "height": 3.119830369949341, "type": null, "floors": null}, "geometry": {"type": "Polygon", "coordinates": [[[11.0314707, 50.9998844], [11.0315073, 50.9998836], [11.0315052, 50.9998458], [11.0316016, 50.9998437], [11.0316078, 50.9999539], [11.0314855, 50.9999566], [11.0314832, 50.9999145], [11.0314724, 50.9999147], [11.0314707, 50.9998844]]]}}, {"type": "Feature", "properties": {"id": "120203133_13696189", "height": 1.882211565971374, "type": null, "floors": null}, "geometry": {"type": "Polygon", "coordinates": [[[11.0316536, 51.0000327], [11.0316107, 51.0000324], [11.0316115, 50.9999885], [11.0316544, 50.9999889], [11.0316536, 51.0000327]]]}}, {"type": "Feature", "properties": {"id": "120203133_13825441", "height": 5.442423343658447, "type": null, "floors": null}, "geometry": {"type": "Polygon", "coordinates": [[[11.031368, 51.0000974], [11.0313728, 51.00003], [11.0313568, 51.0000296], [11.0313611, 50.9999689], [11.0316101, 50.999976], [11.0316009, 51.000104], [11.031368, 51.0000974]]]}}, {"type": "Feature", "properties": {"id": "120203133_13755123", "height": 12.06574821472168, "type": null, "floors": null}, "geometry": {"type": "Polygon", "coordinates": [[[11.0311659, 50.9996573], [11.0317031, 50.9996715], [11.0316946, 50.9997986], [11.0313635, 50.9997898], [11.0313546, 50.9999229], [11.0313536, 50.9999229], [11.0313464, 51.00003], [11.0313126, 51.0000291], [11.0313098, 51.0000702], [11.0313313, 51.0000708], [11.0313104, 51.0003819], [11.0312167, 51.0003794], [11.0312089, 51.0004956], [11.0310579, 51.0004916], [11.0310955, 50.9999322], [11.0311045, 50.9999325], [11.0311138, 50.9997943], [11.0311566, 50.9997954], [11.0311659, 50.9996573]]]}}, {"type": "Feature", "properties": {"id": "120203133_13755971", "height": 2.823408126831054, "type": null, "floors": null}, "geometry": {"type": "Polygon", "coordinates": [[[11.0330101, 51.0000688], [11.033004, 51.0001818], [11.0317421, 51.000155], [11.0317482, 51.0000421], [11.0330101, 51.0000688]]]}}, {"type": "Feature", "properties": {"id": "120203133_13705684", "height": 6.878170967102051, "type": null, "floors": null}, "geometry": {"type": "Polygon", "coordinates": [[[11.0305191, 51.0001192], [11.0307738, 51.0001165], [11.0307725, 51.0000675], [11.0309656, 51.0000655], [11.0309717, 51.0002933], [11.0307894, 51.0002952], [11.030786, 51.0001687], [11.0307592, 51.000169], [11.0307604, 51.0002145], [11.0305754, 51.0002165], [11.0305749, 51.0001979], [11.0305212, 51.0001985], [11.0305191, 51.0001192]]]}}, {"type": "Feature", "properties": {"id": "120203133_13784950", "height": 3.135143518447876, "type": null, "floors": null}, "geometry": {"type": "Polygon", "coordinates": [[[11.0316683, 51.0001778], [11.0316613, 51.0003498], [11.0315658, 51.0003483], [11.0315669, 51.0003223], [11.0314221, 51.00032], [11.0314244, 51.0002643], [11.0314861, 51.0002653], [11.0314927, 51.0001017], [11.0316696, 51.0001045], [11.0316675, 51.0001558], [11.0315844, 51.0001545], [11.0315835, 51.0001764], [11.0316683, 51.0001778]]]}}, {"type": "Feature", "properties": {"id": "120203133_13794589", "height": 2.800939083099365, "type": null, "floors": null}, "geometry": {"type": "Polygon", "coordinates": [[[11.0325607, 51.0003441], [11.0317435, 51.0003273], [11.0317492, 51.0002177], [11.0325664, 51.0002345], [11.0325607, 51.0003441]]]}}, {"type": "Feature", "properties": {"id": "120203133_13733837", "height": 2.641637086868286, "type": null, "floors": null}, "geometry": {"type": "Polygon", "coordinates": [[[11.0326202, 51.0002424], [11.0329954, 51.0002487], [11.0329929, 51.0003078], [11.0329875, 51.0003077], [11.0329852, 51.0003617], [11.0326153, 51.0003554], [11.0326202, 51.0002424]]]}}, {"type": "Feature", "properties": {"id": "120203133_13802263", "height": 2.236734628677368, "type": null, "floors": null}, "geometry": {"type": "Polygon", "coordinates": [[[11.0317414, 51.0003917], [11.0317399, 51.0004508], [11.031646, 51.0004498], [11.0316476, 51.0003907], [11.0317414, 51.0003917]]]}}, {"type": "Feature", "properties": {"id": "120203133_13703077", "height": 2.6741762161254883, "type": null, "floors": null}, "geometry": {"type": "Polygon", "coordinates": [[[11.0318022, 51.0003953], [11.032986, 51.0004238], [11.032979, 51.0005377], [11.0317952, 51.0005092], [11.0318022, 51.0003953]]]}}, {"type": "Feature", "properties": {"id": "120203133_13685940", "height": 9.231303215026855, "type": null, "floors": null}, "geometry": {"type": "Polygon", "coordinates": [[[11.0312439, 51.0006313], [11.0312534, 51.0004722], [11.0313241, 51.0004738], [11.0313212, 51.0005234], [11.0318006, 51.0005347], [11.0317941, 51.0006443], [11.0312439, 51.0006313]]]}}, {"type": "Feature", "properties": {"id": "120203133_13806569", "height": 6.17254638671875, "type": null, "floors": null}, "geometry": {"type": "Polygon", "coordinates": [[[11.0310546, 51.0005265], [11.031202, 51.000529], [11.0311979, 51.0006245], [11.0310505, 51.000622], [11.0310546, 51.0005265]]]}}, {"type": "Feature", "properties": {"id": "120203133_13699699", "height": 1.04411768913269, "type": null, "floors": null}, "geometry": {"type": "Polygon", "coordinates": [[[11.0317952, 51.0008915], [11.0318359, 51.0008947], [11.0318269, 51.0009395], [11.0317862, 51.0009363], [11.0317952, 51.0008915]]]}}, {"type": "Feature", "properties": {"id": "120203133_13740717", "height": 4.471256732940674, "type": null, "floors": null}, "geometry": {"type": "Polygon", "coordinates": [[[11.0322537, 51.0009619], [11.0321722, 51.0009611], [11.0321742, 51.0008784], [11.0322557, 51.0008792], [11.0322537, 51.0009619]]]}}, {"type": "Feature", "properties": {"id": "120203133_13678000", "height": 5.809383392333984, "type": null, "floors": null}, "geometry": {"type": "Polygon", "coordinates": [[[11.0319003, 51.000903], [11.0319459, 51.0009036], [11.0319462, 51.0008959], [11.0320684, 51.0008976], [11.032064, 51.0010201], [11.0319461, 51.0010184], [11.0319474, 51.000983], [11.0318975, 51.0009823], [11.0319003, 51.000903]]]}}, {"type": "Feature", "properties": {"id": "120203133_13753453", "height": 3.037129640579223, "type": null, "floors": null}, "geometry": {"type": "Polygon", "coordinates": [[[11.0294085, 51.0006387], [11.0296061, 51.0006577], [11.0295909, 51.0007203], [11.0293933, 51.0007013], [11.0294085, 51.0006387]]]}}, {"type": "Feature", "properties": {"id": "120203133_13695326", "height": 6.668406486511231, "type": null, "floors": null}, "geometry": {"type": "Polygon", "coordinates": [[[11.0296581, 51.0007402], [11.0296891, 51.0006624], [11.0298885, 51.0006939], [11.0298574, 51.0007717], [11.0296581, 51.0007402]]]}}, {"type": "Feature", "properties": {"id": "120203133_13816751", "height": 2.726866722106933, "type": null, "floors": null}, "geometry": {"type": "Polygon", "coordinates": [[[11.029844, 51.0008422], [11.0298319, 51.0009157], [11.0297364, 51.0009094], [11.0297485, 51.0008359], [11.029844, 51.0008422]]]}}, {"type": "Feature", "properties": {"id": "120203133_13719365", "height": 4.8450703620910645, "type": null, "floors": null}, "geometry": {"type": "Polygon", "coordinates": [[[11.0301472, 51.0009103], [11.0301889, 51.0009301], [11.0301652, 51.0009498], [11.0301235, 51.00093], [11.0301472, 51.0009103]]]}}, {"type": "Feature", "properties": {"id": "120203133_13837498", "height": 6.882003784179688, "type": null, "floors": null}, "geometry": {"type": "Polygon", "coordinates": [[[11.0288458, 51.0014126], [11.0285149, 51.0009703], [11.0291063, 51.0009867], [11.0291141, 51.0008766], [11.028659, 51.0008639], [11.0286805, 51.000558], [11.0291516, 51.0005711], [11.0291441, 51.0006789], [11.0288587, 51.000671], [11.0288512, 51.0007764], [11.0295936, 51.0007971], [11.0294251, 51.0009224], [11.0292812, 51.0009184], [11.029269, 51.0010919], [11.0288421, 51.00108], [11.0289961, 51.0012858], [11.030014, 51.0013141], [11.0300507, 51.0007931], [11.0300889, 51.0007647], [11.0303294, 51.0008928], [11.0300805, 51.0009666], [11.0305559, 51.0009798], [11.0301006, 51.0013182], [11.0307497, 51.0013362], [11.0305028, 51.0012047], [11.0304327, 51.0012568], [11.0305291, 51.0013082], [11.0302971, 51.0013017], [11.0306654, 51.001028], [11.030875, 51.0011397], [11.0308519, 51.0014685], [11.0288458, 51.0014126]]]}}, {"type": "Feature", "properties": {"id": "120203133_13745857", "height": 3.82852554321289, "type": null, "floors": null}, "geometry": {"type": "Polygon", "coordinates": [[[11.0289402, 51.0011775], [11.0289424, 51.0011353], [11.0290093, 51.0011367], [11.0290072, 51.0011788], [11.0289402, 51.0011775]]]}}, {"type": "Feature", "properties": {"id": "120203133_13709993", "height": 3.623991966247558, "type": null, "floors": null}, "geometry": {"type": "Polygon", "coordinates": [[[11.0291698, 51.0012377], [11.0291729, 51.0011973], [11.029395, 51.0012042], [11.0293919, 51.0012446], [11.0291698, 51.0012377]]]}}, {"type": "Feature", "properties": {"id": "120203133_13762743", "height": 2.988333225250244, "type": null, "floors": null}, "geometry": {"type": "Polygon", "coordinates": [[[11.0295104, 51.001218], [11.0296106, 51.0012205], [11.0296072, 51.0012744], [11.029507, 51.0012719], [11.0295104, 51.001218]]]}}, {"type": "Feature", "properties": {"id": "120203133_13736463", "height": 4.307198524475098, "type": null, "floors": null}, "geometry": {"type": "Polygon", "coordinates": [[[11.0297842, 51.0016302], [11.0297962, 51.0015464], [11.0303895, 51.00158], [11.0303776, 51.0016638], [11.0297842, 51.0016302]]]}}, {"type": "Feature", "properties": {"id": "120203133_13727835", "height": 2.15643572807312, "type": null, "floors": null}, "geometry": {"type": "Polygon", "coordinates": [[[11.0299836, 51.0016661], [11.0299848, 51.0016448], [11.030092, 51.0016473], [11.0300907, 51.0016686], [11.0299836, 51.0016661]]]}}, {"type": "Feature", "properties": {"id": "120203133_13733843", "height": 5.891341686248779, "type": null, "floors": null}, "geometry": {"type": "Polygon", "coordinates": [[[11.0356459, 51.0005147], [11.0355956, 51.0006844], [11.0351731, 51.0006348], [11.0351658, 51.0006592], [11.0352601, 51.0006703], [11.0352161, 51.0008187], [11.034816, 51.0007717], [11.0349176, 51.0004292], [11.0356459, 51.0005147]]]}}, {"type": "Feature", "properties": {"id": "120203133_13704890", "height": 2.915609121322632, "type": null, "floors": null}, "geometry": {"type": "Polygon", "coordinates": [[[11.0345971, 51.0011442], [11.0346548, 51.0010532], [11.0358626, 51.0013565], [11.0358681, 51.0013477], [11.0359421, 51.0013663], [11.0359191, 51.0014027], [11.0359723, 51.0014161], [11.0359321, 51.0014794], [11.0345971, 51.0011442]]]}}, {"type": "Feature", "properties": {"id": "120203133_13763583", "height": 3.316220760345459, "type": null, "floors": null}, "geometry": {"type": "Polygon", "coordinates": [[[11.0336048, 51.001489], [11.0336343, 51.0014486], [11.0338036, 51.0014975], [11.0337742, 51.0015379], [11.0336048, 51.001489]]]}}, {"type": "Feature", "properties": {"id": "120203133_13737335", "height": 5.119061470031738, "type": null, "floors": null}, "geometry": {"type": "Polygon", "coordinates": [[[11.0334289, 51.0014971], [11.0333594, 51.001598], [11.0330342, 51.0015094], [11.0331036, 51.0014085], [11.0334289, 51.0014971]]]}}, {"type": "Feature", "properties": {"id": "120203133_13785863", "height": 8.232442855834961, "type": null, "floors": null}, "geometry": {"type": "Polygon", "coordinates": [[[11.0338129, 51.0010807], [11.0346865, 51.0013294], [11.0346704, 51.0013519], [11.0350282, 51.0014538], [11.0350872, 51.0014554], [11.0350855, 51.0014785], [11.0353761, 51.0015613], [11.0354516, 51.0015634], [11.03577, 51.0016541], [11.0355197, 51.0020022], [11.0352449, 51.0019239], [11.0352801, 51.0018749], [11.0352232, 51.0018587], [11.0351931, 51.0019006], [11.0350644, 51.001897], [11.0349186, 51.0018555], [11.034904, 51.0018757], [11.034851, 51.0018742], [11.0348435, 51.0018721], [11.0348696, 51.0018357], [11.0341528, 51.0016315], [11.0341306, 51.0016623], [11.034076, 51.0016468], [11.034079, 51.0016045], [11.0339271, 51.0015612], [11.0339456, 51.0015354], [11.0335735, 51.0014294], [11.0335748, 51.0014118], [11.0338129, 51.0010807]]]}}, {"type": "Feature", "properties": {"id": "120203133_13689366", "height": 6.792708396911621, "type": null, "floors": null}, "geometry": {"type": "Polygon", "coordinates": [[[11.0329592, 51.0016371], [11.0331234, 51.0016958], [11.0331545, 51.0016614], [11.0333471, 51.0017303], [11.0333068, 51.0017749], [11.0331863, 51.0017318], [11.0331246, 51.0018002], [11.0331944, 51.0018251], [11.033131, 51.0018953], [11.0325248, 51.0016785], [11.0326027, 51.0015923], [11.0329028, 51.0016996], [11.0329592, 51.0016371]]]}}, {"type": "Feature", "properties": {"id": "120203133_13733839", "height": 4.021173477172852, "type": null, "floors": null}, "geometry": {"type": "Polygon", "coordinates": [[[11.0334938, 51.0017895], [11.0335322, 51.0017478], [11.0335793, 51.0017649], [11.0335071, 51.0018433], [11.0334078, 51.0018071], [11.0334416, 51.0017704], [11.0334938, 51.0017895]]]}}, {"type": "Feature", "properties": {"id": "120203133_13693658", "height": 11.50847053527832, "type": null, "floors": null}, "geometry": {"type": "Polygon", "coordinates": [[[11.0336506, 51.0018972], [11.0335825, 51.0020208], [11.0331539, 51.0019273], [11.0332219, 51.0018037], [11.0336506, 51.0018972]]]}}, {"type": "Feature", "properties": {"id": "120203133_13837508", "height": 5.290945053100586, "type": null, "floors": null}, "geometry": {"type": "Polygon", "coordinates": [[[11.0349782, 51.0020539], [11.0350914, 51.0022008], [11.0350035, 51.0022276], [11.0348904, 51.0020807], [11.0349782, 51.0020539]]]}}, {"type": "Feature", "properties": {"id": "120203133_13815085", "height": 6.56285285949707, "type": null, "floors": null}, "geometry": {"type": "Polygon", "coordinates": [[[11.035213, 51.0022355], [11.035308, 51.0022592], [11.0352574, 51.0023394], [11.0351624, 51.0023157], [11.035213, 51.0022355]]]}}, {"type": "Feature", "properties": {"id": "120203133_13826256", "height": 8.933601379394531, "type": null, "floors": null}, "geometry": {"type": "Polygon", "coordinates": [[[11.0310462, 51.000723], [11.0324283, 51.0007633], [11.0324233, 51.0008313], [11.0323961, 51.0008629], [11.0317131, 51.000843], [11.031703, 51.0008548], [11.031588, 51.0008158], [11.0312396, 51.0008056], [11.0312347, 51.0008728], [11.0312504, 51.0008781], [11.0312391, 51.0010313], [11.0313981, 51.0010854], [11.0314415, 51.0010866], [11.0316423, 51.0011549], [11.0316806, 51.001156], [11.0316824, 51.0011308], [11.0317671, 51.0011332], [11.0317994, 51.0011442], [11.0317961, 51.0011899], [11.0317688, 51.0012216], [11.0318865, 51.0012616], [11.0319187, 51.0012626], [11.0320078, 51.0011588], [11.0320837, 51.001161], [11.0321078, 51.001133], [11.0321199, 51.0011334], [11.0322224, 51.0011682], [11.0320047, 51.0014217], [11.0310194, 51.0010865], [11.0310462, 51.000723]]]}}, {"type": "Feature", "properties": {"id": "120203133_13781579", "height": 2.75452184677124, "type": null, "floors": null}, "geometry": {"type": "Polygon", "coordinates": [[[11.0320882, 51.0011245], [11.0320123, 51.0010974], [11.0320595, 51.0010451], [11.0321354, 51.0010722], [11.0320882, 51.0011245]]]}}, {"type": "Feature", "properties": {"id": "120203133_13774771", "height": 3.341370344161987, "type": null, "floors": null}, "geometry": {"type": "Polygon", "coordinates": [[[11.0311026, 51.001235], [11.0310262, 51.0017787], [11.0309662, 51.0017753], [11.0309776, 51.0016939], [11.0309616, 51.001693], [11.0310265, 51.0012307], [11.0311026, 51.001235]]]}}, {"type": "Feature", "properties": {"id": "120203133_13793682", "height": 6.926323413848877, "type": null, "floors": null}, "geometry": {"type": "Polygon", "coordinates": [[[11.0312094, 51.0014144], [11.0312008, 51.0015913], [11.0312279, 51.0016097], [11.0311967, 51.0016575], [11.0311101, 51.0016351], [11.0311212, 51.0014097], [11.0312004, 51.0012882], [11.0313039, 51.0013149], [11.0312376, 51.0013136], [11.0317645, 51.0014497], [11.0317602, 51.001537], [11.031625, 51.0016159], [11.0315853, 51.0016151], [11.0315655, 51.0016455], [11.0314919, 51.0016884], [11.0314819, 51.0017037], [11.0313903, 51.0017571], [11.0313272, 51.0017559], [11.0312622, 51.0018555], [11.0311632, 51.0019132], [11.0311351, 51.001906], [11.0310861, 51.0019346], [11.0310606, 51.0019341], [11.0309503, 51.0018591], [11.0310759, 51.0017859], [11.031076, 51.0017835], [11.0315278, 51.00152], [11.0315259, 51.0015228], [11.0316446, 51.0015251], [11.0314601, 51.0014774], [11.0314581, 51.0014786], [11.0312094, 51.0014144]]]}}, {"type": "Feature", "properties": {"id": "120203133_13676310", "height": 2.693838834762573, "type": null, "floors": null}, "geometry": {"type": "Polygon", "coordinates": [[[11.0327655, 51.0015815], [11.0328629, 51.0016124], [11.0328317, 51.0016514], [11.0327342, 51.0016205], [11.0327655, 51.0015815]]]}}, {"type": "Feature", "properties": {"id": "120203133_13697958", "height": 2.054852247238159, "type": null, "floors": null}, "geometry": {"type": "Polygon", "coordinates": [[[11.0310497, 51.0016421], [11.0310556, 51.0016191], [11.0311012, 51.0016237], [11.0310953, 51.0016467], [11.0310497, 51.0016421]]]}}, {"type": "Feature", "properties": {"id": "120203133_13779872", "height": 3.513120651245117, "type": null, "floors": null}, "geometry": {"type": "Polygon", "coordinates": [[[11.0314074, 51.0018875], [11.0310654, 51.0021257], [11.031063, 51.002134], [11.0309885, 51.002186], [11.0308697, 51.0021725], [11.0309129, 51.0020211], [11.0310908, 51.0020412], [11.0310932, 51.0020327], [11.0313492, 51.0018544], [11.0314074, 51.0018875]]]}}, {"type": "Feature", "properties": {"id": "120203133_13681299", "height": 7.7410712242126465, "type": null, "floors": null}, "geometry": {"type": "Polygon", "coordinates": [[[11.0335752, 51.0023577], [11.0330751, 51.0027123], [11.0323353, 51.0022992], [11.032354, 51.002286], [11.0318693, 51.0020153], [11.0319532, 51.0019558], [11.0319862, 51.0019743], [11.0323838, 51.0016923], [11.0335752, 51.0023577]]]}}, {"type": "Feature", "properties": {"id": "120203133_13697092", "height": 9.832317352294922, "type": null, "floors": null}, "geometry": {"type": "Polygon", "coordinates": [[[11.0318934, 51.0021748], [11.0315176, 51.0024469], [11.0313709, 51.0023667], [11.0316609, 51.0021567], [11.0316839, 51.0021692], [11.0317697, 51.0021071], [11.0318934, 51.0021748]]]}}, {"type": "Feature", "properties": {"id": "120203133_13758466", "height": 10.470897674560549, "type": null, "floors": null}, "geometry": {"type": "Polygon", "coordinates": [[[11.0317586, 51.0026004], [11.0321539, 51.0023345], [11.0322798, 51.0024086], [11.0318845, 51.0026745], [11.0317586, 51.0026004]]]}}, {"type": "Feature", "properties": {"id": "120203133_13754258", "height": 6.276716709136963, "type": null, "floors": null}, "geometry": {"type": "Polygon", "coordinates": [[[11.0367917, 51.0006092], [11.0366646, 51.0010549], [11.0364864, 51.0010347], [11.0366134, 51.0005891], [11.0367917, 51.0006092]]]}}, {"type": "Feature", "properties": {"id": "120203133_13783264", "height": 4.817399501800537, "type": null, "floors": null}, "geometry": {"type": "Polygon", "coordinates": [[[11.0369486, 51.0009625], [11.0369766, 51.0008487], [11.0370122, 51.0008522], [11.037052, 51.0006907], [11.0372364, 51.0007087], [11.0372234, 51.0007614], [11.0372522, 51.0007642], [11.0372408, 51.0008104], [11.0371937, 51.0008058], [11.0371502, 51.0009821], [11.0369486, 51.0009625]]]}}, {"type": "Feature", "properties": {"id": "120203133_13756777", "height": 2.052009344100952, "type": null, "floors": null}, "geometry": {"type": "Polygon", "coordinates": [[[11.0362624, 51.0010142], [11.0364324, 51.0010472], [11.0364173, 51.001078], [11.0362473, 51.001045], [11.0362624, 51.0010142]]]}}, {"type": "Feature", "properties": {"id": "120203133_13793695", "height": 5.823861122131348, "type": null, "floors": null}, "geometry": {"type": "Polygon", "coordinates": [[[11.0376259, 51.0015572], [11.0374903, 51.0017673], [11.0368273, 51.0015977], [11.0369629, 51.0013877], [11.0376259, 51.0015572]]]}}, {"type": "Feature", "properties": {"id": "120203133_13722863", "height": 5.237845420837402, "type": null, "floors": null}, "geometry": {"type": "Polygon", "coordinates": [[[11.0366292, 51.001848], [11.0366687, 51.0017852], [11.03662, 51.0017731], [11.0366857, 51.0016688], [11.0367635, 51.0016882], [11.0367892, 51.0016474], [11.0367207, 51.0016303], [11.0367547, 51.0015763], [11.0370977, 51.0016619], [11.0370881, 51.0016772], [11.0374613, 51.0017703], [11.037306, 51.0020168], [11.0366292, 51.001848]]]}}, {"type": "Feature", "properties": {"id": "120203133_13780744", "height": 6.118667602539062, "type": null, "floors": null}, "geometry": {"type": "Polygon", "coordinates": [[[11.0373736, 51.0020699], [11.0377249, 51.0015432], [11.0381057, 51.0016438], [11.0377545, 51.0021705], [11.0373736, 51.0020699]]]}}, {"type": "Feature", "properties": {"id": "120203133_13811622", "height": 7.906375408172607, "type": null, "floors": null}, "geometry": {"type": "Polygon", "coordinates": [[[11.0374066, 51.0025456], [11.0359208, 51.0021522], [11.0361107, 51.0018683], [11.037724, 51.0022955], [11.0375361, 51.0025765], [11.0374085, 51.0025427], [11.0374066, 51.0025456]]]}}, {"type": "Feature", "properties": {"id": "120203133_13777345", "height": 1.0, "type": null, "floors": null}, "geometry": {"type": "Polygon", "coordinates": [[[11.0379069, 51.00229], [11.0379847, 51.0023104], [11.037959, 51.0023492], [11.0378812, 51.0023289], [11.0379069, 51.00229]]]}}, {"type": "Feature", "properties": {"id": "120203133_13749276", "height": 8.482937812805176, "type": null, "floors": null}, "geometry": {"type": "Polygon", "coordinates": [[[11.0354727, 51.0027753], [11.0355184, 51.0026997], [11.0355586, 51.0026731], [11.0355989, 51.0026063], [11.0356682, 51.0026229], [11.0356926, 51.0026068], [11.0357558, 51.0026219], [11.0357318, 51.0026617], [11.0367185, 51.0028977], [11.0366824, 51.0029574], [11.0368255, 51.0029916], [11.0371714, 51.002763], [11.0372453, 51.0027806], [11.037271, 51.0027637], [11.0374131, 51.0028488], [11.0369174, 51.0031764], [11.0367865, 51.0030979], [11.0367465, 51.0030884], [11.0366855, 51.0030518], [11.0366236, 51.003037], [11.0366022, 51.0030724], [11.0355791, 51.0028277], [11.035504, 51.0027828], [11.0354727, 51.0027753]]]}}, {"type": "Feature", "properties": {"id": "120203133_13716010", "height": 9.93053150177002, "type": null, "floors": null}, "geometry": {"type": "Polygon", "coordinates": [[[11.0325484, 51.0025743], [11.0321572, 51.0028381], [11.0320281, 51.0027623], [11.0324194, 51.0024985], [11.0325484, 51.0025743]]]}}, {"type": "Feature", "properties": {"id": "120203133_13787607", "height": 2.63685393333435, "type": null, "floors": null}, "geometry": {"type": "Polygon", "coordinates": [[[11.0311543, 51.0027298], [11.0311985, 51.0027005], [11.0313795, 51.0028088], [11.0313353, 51.002838], [11.0311543, 51.0027298]]]}}, {"type": "Feature", "properties": {"id": "120203133_13694484", "height": 2.784722328186035, "type": null, "floors": null}, "geometry": {"type": "Polygon", "coordinates": [[[11.0313452, 51.0029175], [11.0312876, 51.0029546], [11.0309549, 51.00275], [11.0310125, 51.0027128], [11.0313452, 51.0029175]]]}}, {"type": "Feature", "properties": {"id": "120203133_13833994", "height": 11.807008743286133, "type": null, "floors": null}, "geometry": {"type": "Polygon", "coordinates": [[[11.0327994, 51.0027278], [11.0329327, 51.0028028], [11.0325462, 51.0030747], [11.0324129, 51.0029996], [11.0327994, 51.0027278]]]}}, {"type": "Feature", "properties": {"id": "120203133_13774772", "height": 3.38531494140625, "type": null, "floors": null}, "geometry": {"type": "Polygon", "coordinates": [[[11.0313894, 51.0030235], [11.0315457, 51.0029282], [11.0316141, 51.0029726], [11.0314578, 51.0030679], [11.0313894, 51.0030235]]]}}, {"type": "Feature", "properties": {"id": "120203133_13815924", "height": 13.186471939086914, "type": null, "floors": null}, "geometry": {"type": "Polygon", "coordinates": [[[11.0312252, 51.0024166], [11.0324032, 51.0031371], [11.0324194, 51.0031379], [11.0325071, 51.0031915], [11.0311937, 51.004042], [11.0310898, 51.0040368], [11.0309521, 51.0038196], [11.030953, 51.0038133], [11.0309754, 51.0038076], [11.03096, 51.0037982], [11.0309184, 51.0037325], [11.0310804, 51.0036918], [11.0311215, 51.003717], [11.031234, 51.0036887], [11.031258, 51.0037266], [11.0311631, 51.0037504], [11.0312188, 51.0038382], [11.0322153, 51.003193], [11.0321985, 51.0031665], [11.0312295, 51.0025739], [11.0307562, 51.0028803], [11.0306762, 51.0029004], [11.0306309, 51.0028981], [11.0305109, 51.0028247], [11.0305602, 51.0027928], [11.0305973, 51.0027835], [11.0310038, 51.0025203], [11.0310046, 51.0025137], [11.0310445, 51.0024879], [11.0310981, 51.0024744], [11.0311015, 51.0024476], [11.0312252, 51.0024166]]]}}, {"type": "Feature", "properties": {"id": "120203133_13734786", "height": 2.253275156021118, "type": null, "floors": null}, "geometry": {"type": "Polygon", "coordinates": [[[11.0456497, 50.9998764], [11.0457126, 50.9998877], [11.0456988, 50.9999182], [11.0456359, 50.9999069], [11.0456497, 50.9998764]]]}}, {"type": "Feature", "properties": {"id": "120203133_13801414", "height": 2.607142925262451, "type": null, "floors": null}, "geometry": {"type": "Polygon", "coordinates": [[[11.0457147, 50.9998866], [11.0458189, 50.9998979], [11.0458104, 50.9999291], [11.0458468, 50.999933], [11.0458419, 50.999951], [11.0457012, 50.9999358], [11.0457147, 50.9998866]]]}}, {"type": "Feature", "properties": {"id": "120203133_13774808", "height": 1.038322448730468, "type": null, "floors": null}, "geometry": {"type": "Polygon", "coordinates": [[[11.0464625, 50.9999915], [11.0465748, 51.0000162], [11.0465472, 51.0000658], [11.0464349, 51.0000411], [11.0464625, 50.9999915]]]}}, {"type": "Feature", "properties": {"id": "120203133_13701451", "height": 2.998790740966797, "type": null, "floors": null}, "geometry": {"type": "Polygon", "coordinates": [[[11.0451133, 51.0001239], [11.0450869, 51.0001797], [11.0450253, 51.0001682], [11.0450517, 51.0001124], [11.0451133, 51.0001239]]]}}, {"type": "Feature", "properties": {"id": "120203133_13776584", "height": 4.420792102813721, "type": null, "floors": null}, "geometry": {"type": "Polygon", "coordinates": [[[11.0451006, 51.0001622], [11.0451185, 51.0001233], [11.0452052, 51.000139], [11.0451873, 51.0001779], [11.0451006, 51.0001622]]]}}, {"type": "Feature", "properties": {"id": "120203133_13671082", "height": 2.373664140701294, "type": null, "floors": null}, "geometry": {"type": "Polygon", "coordinates": [[[11.045449, 51.0002404], [11.0454853, 51.0001499], [11.0455518, 51.0001605], [11.0455445, 51.0001787], [11.0456192, 51.0001905], [11.0455932, 51.0002556], [11.0456991, 51.0002724], [11.045673, 51.0003375], [11.045558, 51.0003192], [11.0455614, 51.0003106], [11.045452, 51.0002932], [11.0454419, 51.0003186], [11.0452704, 51.0002914], [11.0453002, 51.0002168], [11.045449, 51.0002404]]]}}, {"type": "Feature", "properties": {"id": "120203133_13689400", "height": 2.171860933303833, "type": null, "floors": null}, "geometry": {"type": "Polygon", "coordinates": [[[11.0457057, 51.0003373], [11.0457388, 51.0002405], [11.0458115, 51.0002504], [11.0457985, 51.0002883], [11.0458488, 51.0002951], [11.0458406, 51.0003193], [11.0458979, 51.0003271], [11.0459045, 51.0003078], [11.0459677, 51.0003163], [11.045977, 51.0002889], [11.0460831, 51.0003032], [11.046063, 51.0003621], [11.04608, 51.0003644], [11.046059, 51.0004257], [11.0459446, 51.0004102], [11.0459532, 51.0003852], [11.0458907, 51.0003768], [11.0458769, 51.0004171], [11.0458025, 51.000407], [11.045821, 51.000353], [11.0457057, 51.0003373]]]}}, {"type": "Feature", "properties": {"id": "120203133_13702281", "height": 2.912280797958374, "type": null, "floors": null}, "geometry": {"type": "Polygon", "coordinates": [[[11.046194, 51.0003401], [11.0461779, 51.0003603], [11.0461372, 51.0003474], [11.0461534, 51.0003272], [11.046194, 51.0003401]]]}}, {"type": "Feature", "properties": {"id": "120203133_13733057", "height": 2.673018217086792, "type": null, "floors": null}, "geometry": {"type": "Polygon", "coordinates": [[[11.0450697, 51.0003243], [11.0452227, 51.0003463], [11.0452093, 51.0003832], [11.0450563, 51.0003612], [11.0450697, 51.0003243]]]}}, {"type": "Feature", "properties": {"id": "120203133_13739892", "height": 2.77315616607666, "type": null, "floors": null}, "geometry": {"type": "Polygon", "coordinates": [[[11.0462743, 51.0003464], [11.0462217, 51.0004525], [11.0460946, 51.0004276], [11.046132, 51.0003522], [11.0461873, 51.000363], [11.0462025, 51.0003323], [11.0462743, 51.0003464]]]}}, {"type": "Feature", "properties": {"id": "120203133_13733059", "height": 1.859437704086303, "type": null, "floors": null}, "geometry": {"type": "Polygon", "coordinates": [[[11.0468766, 51.0000479], [11.0468543, 51.0001159], [11.0466794, 51.0000931], [11.0467017, 51.0000251], [11.0468766, 51.0000479]]]}}, {"type": "Feature", "properties": {"id": "120203133_13785894", "height": 2.060352802276611, "type": null, "floors": null}, "geometry": {"type": "Polygon", "coordinates": [[[11.0470869, 51.0001346], [11.0470607, 51.0001932], [11.0468717, 51.0001599], [11.046917, 51.0000582], [11.0470796, 51.0000868], [11.0470604, 51.0001299], [11.0470869, 51.0001346]]]}}, {"type": "Feature", "properties": {"id": "120203133_13669309", "height": 1.336915254592895, "type": null, "floors": null}, "geometry": {"type": "Polygon", "coordinates": [[[11.047103, 51.0001728], [11.047105, 51.0001324], [11.0472819, 51.0001358], [11.0472799, 51.0001763], [11.047103, 51.0001728]]]}}, {"type": "Feature", "properties": {"id": "120203133_13747628", "height": 1.998063921928405, "type": null, "floors": null}, "geometry": {"type": "Polygon", "coordinates": [[[11.0474218, 51.0002443], [11.0474549, 51.0001898], [11.0475298, 51.0002078], [11.0474966, 51.0002623], [11.0474218, 51.0002443]]]}}, {"type": "Feature", "properties": {"id": "120203133_13709108", "height": 1.234188079833984, "type": null, "floors": null}, "geometry": {"type": "Polygon", "coordinates": [[[11.0476338, 51.000255], [11.0475988, 51.0002473], [11.0476209, 51.0002074], [11.0477381, 51.0002332], [11.0476997, 51.0003024], [11.0476175, 51.0002843], [11.0476338, 51.000255]]]}}, {"type": "Feature", "properties": {"id": "120203133_13669314", "height": 2.88325572013855, "type": null, "floors": null}, "geometry": {"type": "Polygon", "coordinates": [[[11.0477985, 51.0003366], [11.0478111, 51.000304], [11.0477614, 51.0002964], [11.0477789, 51.0002509], [11.0478271, 51.0002583], [11.0478363, 51.0002343], [11.0481672, 51.0002849], [11.0481395, 51.0003566], [11.0480341, 51.0003405], [11.0480286, 51.0003548], [11.0479348, 51.0003405], [11.0479287, 51.0003565], [11.0477985, 51.0003366]]]}}, {"type": "Feature", "properties": {"id": "120203133_13720289", "height": 2.300214529037475, "type": null, "floors": null}, "geometry": {"type": "Polygon", "coordinates": [[[11.0467401, 51.0004509], [11.0467267, 51.0004833], [11.0466312, 51.0004676], [11.0466626, 51.0003918], [11.0467279, 51.0004025], [11.0467099, 51.0004459], [11.0467401, 51.0004509]]]}}, {"type": "Feature", "properties": {"id": "120203133_13732222", "height": 2.784372568130493, "type": null, "floors": null}, "geometry": {"type": "Polygon", "coordinates": [[[11.0469371, 51.0004596], [11.0469091, 51.0005203], [11.0468176, 51.0005036], [11.0468456, 51.0004429], [11.0469371, 51.0004596]]]}}, {"type": "Feature", "properties": {"id": "120203133_13770495", "height": 2.745067119598388, "type": null, "floors": null}, "geometry": {"type": "Polygon", "coordinates": [[[11.0470808, 51.0004849], [11.0471658, 51.0004993], [11.0471389, 51.0005622], [11.0470538, 51.0005478], [11.0470808, 51.0004849]]]}}, {"type": "Feature", "properties": {"id": "120203133_13691106", "height": 2.469409227371216, "type": null, "floors": null}, "geometry": {"type": "Polygon", "coordinates": [[[11.0467278, 51.00049], [11.0467931, 51.0005035], [11.0467621, 51.0005629], [11.0466967, 51.0005494], [11.0467278, 51.00049]]]}}, {"type": "Feature", "properties": {"id": "120203133_13767968", "height": 2.111607074737549, "type": null, "floors": null}, "geometry": {"type": "Polygon", "coordinates": [[[11.046805, 51.0005574], [11.0468061, 51.0005169], [11.0468812, 51.0005177], [11.0468801, 51.0005582], [11.046805, 51.0005574]]]}}, {"type": "Feature", "properties": {"id": "120203133_13700582", "height": 1.966917276382446, "type": null, "floors": null}, "geometry": {"type": "Polygon", "coordinates": [[[11.0473946, 51.0005342], [11.0473885, 51.0006015], [11.0472993, 51.0005983], [11.0473054, 51.000531], [11.0473946, 51.0005342]]]}}, {"type": "Feature", "properties": {"id": "120203133_13697131", "height": 3.011146545410156, "type": null, "floors": null}, "geometry": {"type": "Polygon", "coordinates": [[[11.0469589, 51.0005299], [11.0471832, 51.0005833], [11.0471512, 51.0006365], [11.0470841, 51.0006205], [11.0470646, 51.0006529], [11.0469566, 51.0006272], [11.0469824, 51.0005844], [11.0469331, 51.0005727], [11.0469589, 51.0005299]]]}}, {"type": "Feature", "properties": {"id": "120203133_13676095", "height": 1.721115589141845, "type": null, "floors": null}, "geometry": {"type": "Polygon", "coordinates": [[[11.0473829, 51.0006098], [11.0473878, 51.0005857], [11.0474343, 51.0005894], [11.0474294, 51.0006135], [11.0473829, 51.0006098]]]}}, {"type": "Feature", "properties": {"id": "120203133_13727881", "height": 2.577974796295166, "type": null, "floors": null}, "geometry": {"type": "Polygon", "coordinates": [[[11.0472618, 51.0006405], [11.047226, 51.0006356], [11.0472423, 51.0005889], [11.0473344, 51.0006016], [11.0473086, 51.0006757], [11.0472523, 51.0006679], [11.0472618, 51.0006405]]]}}, {"type": "Feature", "properties": {"id": "120203133_13823758", "height": 2.420393466949463, "type": null, "floors": null}, "geometry": {"type": "Polygon", "coordinates": [[[11.0476337, 51.0006794], [11.0476805, 51.0005745], [11.0477923, 51.0005943], [11.0477456, 51.0006991], [11.0476337, 51.0006794]]]}}, {"type": "Feature", "properties": {"id": "120203133_13834950", "height": 2.616832017898559, "type": null, "floors": null}, "geometry": {"type": "Polygon", "coordinates": [[[11.0475091, 51.0006312], [11.0475282, 51.0005809], [11.047585, 51.0005895], [11.0475729, 51.0006214], [11.0476591, 51.0006344], [11.0476271, 51.0007183], [11.0474892, 51.0006974], [11.0474935, 51.0006863], [11.04736, 51.0006661], [11.0473807, 51.0006119], [11.0475091, 51.0006312]]]}}, {"type": "Feature", "properties": {"id": "120203133_13755168", "height": 1.9651740789413448, "type": null, "floors": null}, "geometry": {"type": "Polygon", "coordinates": [[[11.0478102, 51.0006884], [11.0478345, 51.0006364], [11.047883, 51.0006454], [11.0478586, 51.0006974], [11.0478102, 51.0006884]]]}}, {"type": "Feature", "properties": {"id": "120203133_13796319", "height": 2.66224193572998, "type": null, "floors": null}, "geometry": {"type": "Polygon", "coordinates": [[[11.0480826, 51.0006419], [11.0480562, 51.000704], [11.0479526, 51.0006866], [11.0479737, 51.000637], [11.0480297, 51.0006465], [11.0480351, 51.0006339], [11.0480826, 51.0006419]]]}}, {"type": "Feature", "properties": {"id": "120203133_13694513", "height": 2.17936110496521, "type": null, "floors": null}, "geometry": {"type": "Polygon", "coordinates": [[[11.048029, 51.0007028], [11.0480177, 51.0007288], [11.0479518, 51.0007175], [11.0479631, 51.0006915], [11.048029, 51.0007028]]]}}, {"type": "Feature", "properties": {"id": "120203133_13778181", "height": 1.986311793327331, "type": null, "floors": null}, "geometry": {"type": "Polygon", "coordinates": [[[11.0464425, 51.0003581], [11.0465354, 51.0003764], [11.0465064, 51.0004348], [11.0464135, 51.0004166], [11.0464425, 51.0003581]]]}}, {"type": "Feature", "properties": {"id": "120203133_13791027", "height": 2.827881336212158, "type": null, "floors": null}, "geometry": {"type": "Polygon", "coordinates": [[[11.0462362, 51.0004787], [11.0462642, 51.0004071], [11.0466487, 51.0004664], [11.0466245, 51.0005285], [11.0465233, 51.0005129], [11.0465295, 51.000497], [11.0463676, 51.000472], [11.0463577, 51.0004975], [11.0462362, 51.0004787]]]}}, {"type": "Feature", "properties": {"id": "120203133_13699733", "height": 2.90798282623291, "type": null, "floors": null}, "geometry": {"type": "Polygon", "coordinates": [[[11.0449607, 51.0004844], [11.0449736, 51.0004411], [11.0451395, 51.0004606], [11.0451266, 51.0005039], [11.0449607, 51.0004844]]]}}, {"type": "Feature", "properties": {"id": "120203133_13702277", "height": 3.688471317291259, "type": null, "floors": null}, "geometry": {"type": "Polygon", "coordinates": [[[11.0451546, 51.0006282], [11.0452012, 51.0004955], [11.0453812, 51.0005205], [11.0453346, 51.0006532], [11.0451546, 51.0006282]]]}}, {"type": "Feature", "properties": {"id": "120203133_13749301", "height": 2.0, "type": null, "floors": null}, "geometry": {"type": "Polygon", "coordinates": [[[11.0453022, 51.0006887], [11.0453774, 51.0007041], [11.0453557, 51.000746], [11.0452805, 51.0007306], [11.0453022, 51.0006887]]]}}, {"type": "Feature", "properties": {"id": "120203133_13678054", "height": 2.294301748275757, "type": null, "floors": null}, "geometry": {"type": "Polygon", "coordinates": [[[11.0454944, 51.0006529], [11.0454178, 51.0008185], [11.0452363, 51.0007853], [11.0452597, 51.0007348], [11.0453586, 51.0007529], [11.0454118, 51.0006377], [11.0454944, 51.0006529]]]}}, {"type": "Feature", "properties": {"id": "120203133_13745887", "height": 1.700882077217102, "type": null, "floors": null}, "geometry": {"type": "Polygon", "coordinates": [[[11.0452153, 51.0007941], [11.0452024, 51.0008503], [11.0451042, 51.0008414], [11.045117, 51.0007852], [11.0452153, 51.0007941]]]}}, {"type": "Feature", "properties": {"id": "120203133_13672689", "height": 2.466200828552246, "type": null, "floors": null}, "geometry": {"type": "Polygon", "coordinates": [[[11.0454637, 51.0007433], [11.0455656, 51.0007614], [11.0455502, 51.0007958], [11.0456098, 51.0008063], [11.0455706, 51.0008939], [11.0454563, 51.0008736], [11.0454514, 51.0008846], [11.0453495, 51.0008665], [11.0453579, 51.0008477], [11.0452312, 51.0008253], [11.0452431, 51.0007987], [11.0454245, 51.0008308], [11.0454637, 51.0007433]]]}}, {"type": "Feature", "properties": {"id": "120203133_13751004", "height": 1.740524768829345, "type": null, "floors": null}, "geometry": {"type": "Polygon", "coordinates": [[[11.0456431, 51.000854], [11.0456605, 51.0008094], [11.0457921, 51.0008297], [11.0457747, 51.0008743], [11.0456431, 51.000854]]]}}, {"type": "Feature", "properties": {"id": "120203133_13835780", "height": 2.581920862197876, "type": null, "floors": null}, "geometry": {"type": "Polygon", "coordinates": [[[11.0464542, 51.0008283], [11.04643, 51.0008922], [11.0463706, 51.0008833], [11.0463949, 51.0008194], [11.0464542, 51.0008283]]]}}, {"type": "Feature", "properties": {"id": "120203133_13827127", "height": 2.016620397567749, "type": null, "floors": null}, "geometry": {"type": "Polygon", "coordinates": [[[11.0448731, 51.0002831], [11.0448673, 51.0003096], [11.0448068, 51.0003044], [11.0448126, 51.0002779], [11.0448731, 51.0002831]]]}}, {"type": "Feature", "properties": {"id": "120203133_13802289", "height": 2.989715099334717, "type": null, "floors": null}, "geometry": {"type": "Polygon", "coordinates": [[[11.0448674, 51.0003621], [11.0449859, 51.0003867], [11.044963, 51.0004302], [11.0448446, 51.0004056], [11.0448674, 51.0003621]]]}}, {"type": "Feature", "properties": {"id": "120203133_13783286", "height": 3.126682996749878, "type": null, "floors": null}, "geometry": {"type": "Polygon", "coordinates": [[[11.0449692, 51.0004323], [11.0449407, 51.0005065], [11.0448226, 51.0004885], [11.0448168, 51.0005036], [11.0446647, 51.0004805], [11.0446773, 51.0004479], [11.0446063, 51.0004371], [11.0446281, 51.0003804], [11.0449692, 51.0004323]]]}}, {"type": "Feature", "properties": {"id": "120203133_13809108", "height": 2.455138683319092, "type": null, "floors": null}, "geometry": {"type": "Polygon", "coordinates": [[[11.044656, 51.0005374], [11.0446699, 51.0004935], [11.0447309, 51.0005012], [11.044717, 51.000545], [11.044656, 51.0005374]]]}}, {"type": "Feature", "properties": {"id": "120203133_13828829", "height": 1.930300116539001, "type": null, "floors": null}, "geometry": {"type": "Polygon", "coordinates": [[[11.0446774, 51.0008989], [11.044745, 51.0009145], [11.0447093, 51.0009755], [11.0446417, 51.0009598], [11.0446774, 51.0008989]]]}}, {"type": "Feature", "properties": {"id": "120203133_13765419", "height": 1.879823565483093, "type": null, "floors": null}, "geometry": {"type": "Polygon", "coordinates": [[[11.0447678, 51.0009238], [11.0448973, 51.0009492], [11.0448687, 51.001007], [11.0447392, 51.0009815], [11.0447678, 51.0009238]]]}}, {"type": "Feature", "properties": {"id": "120203133_13799686", "height": 2.300079584121704, "type": null, "floors": null}, "geometry": {"type": "Polygon", "coordinates": [[[11.0445144, 51.0009935], [11.0445361, 51.0009469], [11.044761, 51.0009882], [11.0447393, 51.0010349], [11.0445144, 51.0009935]]]}}, {"type": "Feature", "properties": {"id": "120203133_13839293", "height": 2.005350828170776, "type": null, "floors": null}, "geometry": {"type": "Polygon", "coordinates": [[[11.0446148, 51.0011513], [11.0446243, 51.0011168], [11.0446763, 51.0011225], [11.0446813, 51.0011045], [11.0447881, 51.0011161], [11.0447737, 51.0011685], [11.0446148, 51.0011513]]]}}, {"type": "Feature", "properties": {"id": "120203133_13736493", "height": 2.508877992630005, "type": null, "floors": null}, "geometry": {"type": "Polygon", "coordinates": [[[11.0445655, 51.0012415], [11.0445777, 51.0011937], [11.0447597, 51.001212], [11.0447661, 51.0011866], [11.0448864, 51.0011987], [11.0448915, 51.001179], [11.044949, 51.0011847], [11.0449365, 51.0012341], [11.0449652, 51.001237], [11.0449776, 51.0011884], [11.0450247, 51.0011931], [11.0449908, 51.0013264], [11.0448297, 51.0013102], [11.0448402, 51.0012691], [11.0445655, 51.0012415]]]}}, {"type": "Feature", "properties": {"id": "120203133_13798855", "height": 2.069752216339111, "type": null, "floors": null}, "geometry": {"type": "Polygon", "coordinates": [[[11.0442912, 51.0012481], [11.0444023, 51.0012655], [11.044379, 51.0013243], [11.0442679, 51.0013069], [11.0442912, 51.0012481]]]}}, {"type": "Feature", "properties": {"id": "120203133_13821144", "height": 2.482482433319092, "type": null, "floors": null}, "geometry": {"type": "Polygon", "coordinates": [[[11.0475402, 51.0007573], [11.0476326, 51.0007732], [11.0476128, 51.0008187], [11.0475204, 51.0008029], [11.0475402, 51.0007573]]]}}, {"type": "Feature", "properties": {"id": "120203133_13775709", "height": 1.202785015106201, "type": null, "floors": null}, "geometry": {"type": "Polygon", "coordinates": [[[11.0476009, 51.0009249], [11.0475275, 51.0009319], [11.0475106, 51.0008627], [11.047584, 51.0008556], [11.0476009, 51.0009249]]]}}, {"type": "Feature", "properties": {"id": "120203133_13780772", "height": 1.999039411544799, "type": null, "floors": null}, "geometry": {"type": "Polygon", "coordinates": [[[11.047388, 51.0010075], [11.0474003, 51.0009651], [11.0475078, 51.0009774], [11.0474955, 51.0010198], [11.047388, 51.0010075]]]}}, {"type": "Feature", "properties": {"id": "120203133_13769642", "height": 1.0, "type": null, "floors": null}, "geometry": {"type": "Polygon", "coordinates": [[[11.0476111, 51.0010102], [11.0476885, 51.0010199], [11.0476756, 51.0010605], [11.0475982, 51.0010508], [11.0476111, 51.0010102]]]}}, {"type": "Feature", "properties": {"id": "120203133_13717724", "height": 2.729367971420288, "type": null, "floors": null}, "geometry": {"type": "Polygon", "coordinates": [[[11.0467369, 51.0010701], [11.046759, 51.0010109], [11.0468566, 51.0010253], [11.0468345, 51.0010845], [11.0467369, 51.0010701]]]}}, {"type": "Feature", "properties": {"id": "120203133_13773056", "height": 1.0, "type": null, "floors": null}, "geometry": {"type": "Polygon", "coordinates": [[[11.0478114, 51.0010854], [11.04782, 51.0010516], [11.0479011, 51.0010598], [11.0478925, 51.0010936], [11.0478114, 51.0010854]]]}}, {"type": "Feature", "properties": {"id": "120203133_13769640", "height": 2.187784433364868, "type": null, "floors": null}, "geometry": {"type": "Polygon", "coordinates": [[[11.0466828, 51.0011025], [11.0466986, 51.0010664], [11.0468756, 51.0010971], [11.0468983, 51.0010453], [11.0470254, 51.0010673], [11.046987, 51.0011552], [11.0466828, 51.0011025]]]}}, {"type": "Feature", "properties": {"id": "120203133_13804857", "height": 2.150442361831665, "type": null, "floors": null}, "geometry": {"type": "Polygon", "coordinates": [[[11.0471477, 51.0010947], [11.0472161, 51.0011081], [11.0471924, 51.0011558], [11.047124, 51.0011423], [11.0471477, 51.0010947]]]}}, {"type": "Feature", "properties": {"id": "120203133_13671019", "height": 2.085421323776245, "type": null, "floors": null}, "geometry": {"type": "Polygon", "coordinates": [[[11.0470553, 51.0011388], [11.0471649, 51.0011482], [11.0471495, 51.0012194], [11.04704, 51.0012101], [11.0470553, 51.0011388]]]}}, {"type": "Feature", "properties": {"id": "120203133_13735658", "height": 2.361654758453369, "type": null, "floors": null}, "geometry": {"type": "Polygon", "coordinates": [[[11.0483243, 51.0013268], [11.0482942, 51.0013922], [11.0481507, 51.0013661], [11.0481808, 51.0013007], [11.0483243, 51.0013268]]]}}, {"type": "Feature", "properties": {"id": "120203133_13730492", "height": 2.124645948410034, "type": null, "floors": null}, "geometry": {"type": "Polygon", "coordinates": [[[11.0459591, 51.0008688], [11.0459543, 51.0009159], [11.0459206, 51.0009145], [11.0459254, 51.0008674], [11.0459591, 51.0008688]]]}}, {"type": "Feature", "properties": {"id": "120203133_13779066", "height": 2.5761702060699463, "type": null, "floors": null}, "geometry": {"type": "Polygon", "coordinates": [[[11.0458046, 51.000951], [11.0458203, 51.0008901], [11.0458124, 51.0008893], [11.0458218, 51.0008531], [11.0459237, 51.0008636], [11.0459105, 51.0009145], [11.0459314, 51.0009167], [11.0459195, 51.0009627], [11.0458046, 51.000951]]]}}, {"type": "Feature", "properties": {"id": "120203133_13678056", "height": 1.584134578704834, "type": null, "floors": null}, "geometry": {"type": "Polygon", "coordinates": [[[11.0456343, 51.0009306], [11.0456571, 51.0008743], [11.0457513, 51.0008893], [11.0457285, 51.0009457], [11.0456343, 51.0009306]]]}}, {"type": "Feature", "properties": {"id": "120203133_13697987", "height": 2.370661497116089, "type": null, "floors": null}, "geometry": {"type": "Polygon", "coordinates": [[[11.0459945, 51.0009762], [11.0460164, 51.0009251], [11.0459839, 51.0009196], [11.0460212, 51.0008322], [11.0460912, 51.000844], [11.0460684, 51.0008976], [11.0461569, 51.0009125], [11.0461206, 51.0009975], [11.0459945, 51.0009762]]]}}, {"type": "Feature", "properties": {"id": "120203133_13786785", "height": 2.807241678237915, "type": null, "floors": null}, "geometry": {"type": "Polygon", "coordinates": [[[11.0463112, 51.0009842], [11.0462051, 51.0009677], [11.0462232, 51.0009215], [11.0462763, 51.0009298], [11.0462697, 51.0009465], [11.0463228, 51.0009548], [11.0463112, 51.0009842]]]}}, {"type": "Feature", "properties": {"id": "120203133_13769639", "height": 3.055935621261596, "type": null, "floors": null}, "geometry": {"type": "Polygon", "coordinates": [[[11.046348, 51.0009984], [11.0463628, 51.0009703], [11.0463337, 51.0009642], [11.0463517, 51.00093], [11.0465273, 51.0009665], [11.0464946, 51.0010289], [11.046348, 51.0009984]]]}}, {"type": "Feature", "properties": {"id": "120203133_13716032", "height": 2.743638038635254, "type": null, "floors": null}, "geometry": {"type": "Polygon", "coordinates": [[[11.0462972, 51.0009872], [11.0462728, 51.0010501], [11.0462009, 51.0010391], [11.0462253, 51.0009761], [11.0462972, 51.0009872]]]}}, {"type": "Feature", "properties": {"id": "120203133_13743300", "height": 2.85654878616333, "type": null, "floors": null}, "geometry": {"type": "Polygon", "coordinates": [[[11.0463764, 51.0010165], [11.0464854, 51.0010344], [11.0464621, 51.0010905], [11.0463532, 51.0010726], [11.0463764, 51.0010165]]]}}, {"type": "Feature", "properties": {"id": "120203133_13730495", "height": 1.454867839813232, "type": null, "floors": null}, "geometry": {"type": "Polygon", "coordinates": [[[11.0464841, 51.0010868], [11.0465073, 51.001028], [11.0465528, 51.0010351], [11.0465679, 51.000997], [11.0466765, 51.001014], [11.0466595, 51.0010569], [11.0466469, 51.001055], [11.0466343, 51.0010868], [11.0466661, 51.0010917], [11.0466573, 51.001114], [11.0464841, 51.0010868]]]}}, {"type": "Feature", "properties": {"id": "120203133_13774802", "height": 1.983816027641296, "type": null, "floors": null}, "geometry": {"type": "Polygon", "coordinates": [[[11.0450182, 51.0013169], [11.0450428, 51.0012496], [11.0451177, 51.0012604], [11.0450932, 51.0013277], [11.0450182, 51.0013169]]]}}, {"type": "Feature", "properties": {"id": "120203133_13729632", "height": 2.227522850036621, "type": null, "floors": null}, "geometry": {"type": "Polygon", "coordinates": [[[11.0451912, 51.0012956], [11.0452995, 51.0013175], [11.0452784, 51.0013588], [11.0451701, 51.0013369], [11.0451912, 51.0012956]]]}}, {"type": "Feature", "properties": {"id": "120203133_13830626", "height": 2.402941226959228, "type": null, "floors": null}, "geometry": {"type": "Polygon", "coordinates": [[[11.0454274, 51.0013947], [11.0454371, 51.0013483], [11.0455346, 51.0013564], [11.0455249, 51.0014028], [11.0454274, 51.0013947]]]}}, {"type": "Feature", "properties": {"id": "120203133_13762776", "height": 3.021800279617309, "type": null, "floors": null}, "geometry": {"type": "Polygon", "coordinates": [[[11.0450733, 51.0013335], [11.0452626, 51.0013612], [11.0452158, 51.0014877], [11.0451064, 51.0014717], [11.0451325, 51.0014012], [11.0450525, 51.0013895], [11.0450733, 51.0013335]]]}}, {"type": "Feature", "properties": {"id": "120203133_13808272", "height": 2.094377517700195, "type": null, "floors": null}, "geometry": {"type": "Polygon", "coordinates": [[[11.0455337, 51.0013872], [11.0457156, 51.0014096], [11.0457045, 51.0014454], [11.0456554, 51.0014393], [11.0456493, 51.0014589], [11.045453, 51.0014347], [11.0454616, 51.001407], [11.0455251, 51.0014148], [11.0455337, 51.0013872]]]}}, {"type": "Feature", "properties": {"id": "120203133_13689401", "height": 1.638532161712646, "type": null, "floors": null}, "geometry": {"type": "Polygon", "coordinates": [[[11.045713, 51.0014465], [11.0457321, 51.0014071], [11.0459039, 51.00144], [11.0458849, 51.0014794], [11.045713, 51.0014465]]]}}, {"type": "Feature", "properties": {"id": "120203133_13718570", "height": 3.001688241958618, "type": null, "floors": null}, "geometry": {"type": "Polygon", "coordinates": [[[11.0454586, 51.0014073], [11.0454465, 51.0014301], [11.0453958, 51.0014195], [11.0453838, 51.0014424], [11.0454272, 51.0014514], [11.0453912, 51.0015199], [11.0452569, 51.0014918], [11.045317, 51.0013778], [11.0454586, 51.0014073]]]}}, {"type": "Feature", "properties": {"id": "120203133_13801416", "height": 2.820474863052368, "type": null, "floors": null}, "geometry": {"type": "Polygon", "coordinates": [[[11.0459799, 51.001446], [11.0460622, 51.0014512], [11.0460564, 51.001488], [11.0459741, 51.0014828], [11.0459799, 51.001446]]]}}, {"type": "Feature", "properties": {"id": "120203133_13715129", "height": 2.767421245574951, "type": null, "floors": null}, "geometry": {"type": "Polygon", "coordinates": [[[11.0460617, 51.0015389], [11.0461002, 51.0014474], [11.0462882, 51.0014787], [11.0462571, 51.0015528], [11.0460952, 51.0015259], [11.0460879, 51.0015433], [11.0460617, 51.0015389]]]}}, {"type": "Feature", "properties": {"id": "120203133_13797151", "height": 3.114861965179443, "type": null, "floors": null}, "geometry": {"type": "Polygon", "coordinates": [[[11.0455411, 51.0014872], [11.0455853, 51.0014938], [11.045563, 51.0015529], [11.045431, 51.0015332], [11.0454617, 51.0014517], [11.0455495, 51.0014648], [11.0455411, 51.0014872]]]}}, {"type": "Feature", "properties": {"id": "120203133_13830627", "height": 3.510678291320801, "type": null, "floors": null}, "geometry": {"type": "Polygon", "coordinates": [[[11.0455949, 51.0015921], [11.0456356, 51.0014869], [11.0458103, 51.0015137], [11.0458007, 51.0015384], [11.0459552, 51.001562], [11.0459314, 51.0016234], [11.0457441, 51.0015947], [11.0457367, 51.0016138], [11.0455949, 51.0015921]]]}}, {"type": "Feature", "properties": {"id": "120203133_13767120", "height": 1.5623722076416011, "type": null, "floors": null}, "geometry": {"type": "Polygon", "coordinates": [[[11.0446281, 51.0012988], [11.0446023, 51.0013675], [11.0444803, 51.0013494], [11.0445061, 51.0012807], [11.0446281, 51.0012988]]]}}, {"type": "Feature", "properties": {"id": "120203133_13720284", "height": 2.771391153335572, "type": null, "floors": null}, "geometry": {"type": "Polygon", "coordinates": [[[11.0446805, 51.001327], [11.0447858, 51.001341], [11.0447647, 51.001404], [11.0446594, 51.0013901], [11.0446805, 51.001327]]]}}, {"type": "Feature", "properties": {"id": "120203133_13778178", "height": 2.770646810531616, "type": null, "floors": null}, "geometry": {"type": "Polygon", "coordinates": [[[11.0448538, 51.0013321], [11.0449528, 51.0013518], [11.0449109, 51.0014354], [11.0448119, 51.0014157], [11.0448538, 51.0013321]]]}}, {"type": "Feature", "properties": {"id": "120203133_13685117", "height": 3.276583194732666, "type": null, "floors": null}, "geometry": {"type": "Polygon", "coordinates": [[[11.044162, 51.0017552], [11.0442285, 51.0015867], [11.0443447, 51.0016048], [11.0443252, 51.0016541], [11.0443516, 51.0016582], [11.0443349, 51.0017005], [11.0444248, 51.0017145], [11.0444069, 51.0017597], [11.0443791, 51.0017554], [11.0443666, 51.0017872], [11.044162, 51.0017552]]]}}, {"type": "Feature", "properties": {"id": "120203133_13761939", "height": 3.208412885665893, "type": null, "floors": null}, "geometry": {"type": "Polygon", "coordinates": [[[11.0447629, 51.0016785], [11.044743, 51.0017304], [11.0446568, 51.0017173], [11.0446768, 51.0016654], [11.0447629, 51.0016785]]]}}, {"type": "Feature", "properties": {"id": "120203133_13814228", "height": 4.201382160186768, "type": null, "floors": null}, "geometry": {"type": "Polygon", "coordinates": [[[11.0445831, 51.0016509], [11.0445483, 51.0017291], [11.0446005, 51.0017383], [11.0445783, 51.0017884], [11.0444091, 51.0017587], [11.0444662, 51.0016303], [11.0445831, 51.0016509]]]}}, {"type": "Feature", "properties": {"id": "120203133_13711713", "height": 2.182931900024414, "type": null, "floors": null}, "geometry": {"type": "Polygon", "coordinates": [[[11.0449078, 51.0017141], [11.0448836, 51.0017689], [11.0449459, 51.0017798], [11.0449128, 51.001855], [11.0447309, 51.0018234], [11.0447882, 51.0016932], [11.0449078, 51.0017141]]]}}, {"type": "Feature", "properties": {"id": "120203133_13722891", "height": 2.276968002319336, "type": null, "floors": null}, "geometry": {"type": "Polygon", "coordinates": [[[11.044217, 51.0017985], [11.0442222, 51.0017771], [11.044293, 51.0017838], [11.0442878, 51.0018053], [11.044217, 51.0017985]]]}}, {"type": "Feature", "properties": {"id": "120203133_13771339", "height": 3.076923131942749, "type": null, "floors": null}, "geometry": {"type": "Polygon", "coordinates": [[[11.0442037, 51.001798], [11.0443091, 51.0018119], [11.0442817, 51.0018944], [11.0441763, 51.0018805], [11.0442037, 51.001798]]]}}, {"type": "Feature", "properties": {"id": "120203133_13836671", "height": 3.026840209960937, "type": null, "floors": null}, "geometry": {"type": "Polygon", "coordinates": [[[11.0444701, 51.0018034], [11.0444322, 51.0019288], [11.0443856, 51.0019232], [11.0443964, 51.0018874], [11.0443291, 51.0018793], [11.0443488, 51.0018142], [11.0443954, 51.0018197], [11.0444028, 51.0017953], [11.0444701, 51.0018034]]]}}, {"type": "Feature", "properties": {"id": "120203133_13739896", "height": 1.0, "type": null, "floors": null}, "geometry": {"type": "Polygon", "coordinates": [[[11.0478702, 51.0015839], [11.0478518, 51.0016245], [11.0477859, 51.0016127], [11.0478043, 51.0015721], [11.0478702, 51.0015839]]]}}, {"type": "Feature", "properties": {"id": "120203133_13743304", "height": 1.965136051177978, "type": null, "floors": null}, "geometry": {"type": "Polygon", "coordinates": [[[11.0473125, 51.0016276], [11.0473337, 51.0015845], [11.0474463, 51.0016064], [11.0474252, 51.0016495], [11.0473125, 51.0016276]]]}}, {"type": "Feature", "properties": {"id": "120203133_13681600", "height": 1.388070940971374, "type": null, "floors": null}, "geometry": {"type": "Polygon", "coordinates": [[[11.0466932, 51.0016654], [11.0467035, 51.0016347], [11.0466393, 51.0016261], [11.0466562, 51.001576], [11.0467922, 51.0015942], [11.0467732, 51.0016507], [11.0468143, 51.0016562], [11.0467974, 51.0017063], [11.0467409, 51.0016987], [11.0467496, 51.0016729], [11.0466932, 51.0016654]]]}}, {"type": "Feature", "properties": {"id": "120203133_13753489", "height": 1.298171639442443, "type": null, "floors": null}, "geometry": {"type": "Polygon", "coordinates": [[[11.0469722, 51.0016886], [11.0468717, 51.001663], [11.0469071, 51.0016079], [11.0470076, 51.0016334], [11.0469722, 51.0016886]]]}}, {"type": "Feature", "properties": {"id": "120203133_13791031", "height": 3.315573692321777, "type": null, "floors": null}, "geometry": {"type": "Polygon", "coordinates": [[[11.0482742, 51.0016993], [11.0483005, 51.0016398], [11.0485071, 51.001676], [11.0484808, 51.0017355], [11.0482742, 51.0016993]]]}}, {"type": "Feature", "properties": {"id": "120203133_13799690", "height": 2.727554082870483, "type": null, "floors": null}, "geometry": {"type": "Polygon", "coordinates": [[[11.0472421, 51.0016939], [11.0472291, 51.0017318], [11.0471332, 51.0017188], [11.0471398, 51.0016995], [11.0470936, 51.0016932], [11.0471079, 51.0016513], [11.0472142, 51.0016657], [11.0472062, 51.0016891], [11.0472421, 51.0016939]]]}}, {"type": "Feature", "properties": {"id": "120203133_13837544", "height": 2.214540243148803, "type": null, "floors": null}, "geometry": {"type": "Polygon", "coordinates": [[[11.0480584, 51.0016706], [11.0481547, 51.0016883], [11.0481699, 51.0016556], [11.0482811, 51.0016761], [11.0482479, 51.0017476], [11.0480403, 51.0017094], [11.0480584, 51.0016706]]]}}, {"type": "Feature", "properties": {"id": "120203133_13683041", "height": 2.313060760498047, "type": null, "floors": null}, "geometry": {"type": "Polygon", "coordinates": [[[11.0470024, 51.0017398], [11.0470161, 51.0017021], [11.0471308, 51.0017187], [11.047117, 51.0017563], [11.0470024, 51.0017398]]]}}, {"type": "Feature", "properties": {"id": "120203133_13800544", "height": 1.868506550788879, "type": null, "floors": null}, "geometry": {"type": "Polygon", "coordinates": [[[11.0475364, 51.0017463], [11.0475518, 51.0017165], [11.0476366, 51.0017339], [11.0476212, 51.0017637], [11.0475364, 51.0017463]]]}}, {"type": "Feature", "properties": {"id": "120203133_13838458", "height": 2.620199203491211, "type": null, "floors": null}, "geometry": {"type": "Polygon", "coordinates": [[[11.0473884, 51.0017655], [11.0473802, 51.0017915], [11.0472667, 51.0017773], [11.0472867, 51.001714], [11.0473718, 51.0017246], [11.04736, 51.001762], [11.0473884, 51.0017655]]]}}, {"type": "Feature", "properties": {"id": "120203133_13724544", "height": 2.529662847518921, "type": null, "floors": null}, "geometry": {"type": "Polygon", "coordinates": [[[11.0464269, 51.0015921], [11.046419, 51.0016156], [11.046284, 51.0015976], [11.0463043, 51.0015371], [11.0463274, 51.0015401], [11.0463382, 51.0015078], [11.0465873, 51.0015408], [11.0465641, 51.0016103], [11.0464269, 51.0015921]]]}}, {"type": "Feature", "properties": {"id": "120203133_13708276", "height": 1.754932522773742, "type": null, "floors": null}, "geometry": {"type": "Polygon", "coordinates": [[[11.0462665, 51.0016083], [11.0462547, 51.0016367], [11.04633, 51.0016491], [11.0463096, 51.0016981], [11.0461766, 51.0016761], [11.0462088, 51.0015987], [11.0462665, 51.0016083]]]}}, {"type": "Feature", "properties": {"id": "120203133_13678060", "height": 3.117566108703613, "type": null, "floors": null}, "geometry": {"type": "Polygon", "coordinates": [[[11.0464123, 51.0016514], [11.0465958, 51.0016923], [11.0465583, 51.0017591], [11.0464463, 51.0017341], [11.0464505, 51.0017266], [11.046379, 51.0017107], [11.0464123, 51.0016514]]]}}, {"type": "Feature", "properties": {"id": "120203133_13806606", "height": 3.010374546051025, "type": null, "floors": null}, "geometry": {"type": "Polygon", "coordinates": [[[11.0467246, 51.001713], [11.0467011, 51.0017753], [11.0465817, 51.0017575], [11.0466052, 51.0016952], [11.0467246, 51.001713]]]}}, {"type": "Feature", "properties": {"id": "120203133_13754279", "height": 3.2960751056671143, "type": null, "floors": null}, "geometry": {"type": "Polygon", "coordinates": [[[11.0449754, 51.0017238], [11.0450786, 51.001746], [11.0450536, 51.001792], [11.0449504, 51.0017698], [11.0449754, 51.0017238]]]}}, {"type": "Feature", "properties": {"id": "120203133_13695358", "height": 1.914168953895568, "type": null, "floors": null}, "geometry": {"type": "Polygon", "coordinates": [[[11.0453159, 51.0017835], [11.0452944, 51.0018385], [11.0452373, 51.0018296], [11.0452589, 51.0017747], [11.0453159, 51.0017835]]]}}, {"type": "Feature", "properties": {"id": "120203133_13671011", "height": 2.373316049575805, "type": null, "floors": null}, "geometry": {"type": "Polygon", "coordinates": [[[11.0454548, 51.0018174], [11.0455641, 51.0018355], [11.0455267, 51.0019247], [11.0454175, 51.0019066], [11.0454548, 51.0018174]]]}}, {"type": "Feature", "properties": {"id": "120203133_13679601", "height": 2.777040719985962, "type": null, "floors": null}, "geometry": {"type": "Polygon", "coordinates": [[[11.0449388, 51.0019168], [11.0449644, 51.0018644], [11.0451188, 51.0018942], [11.0450933, 51.0019466], [11.0449388, 51.0019168]]]}}, {"type": "Feature", "properties": {"id": "120203133_13827131", "height": 2.605232715606689, "type": null, "floors": null}, "geometry": {"type": "Polygon", "coordinates": [[[11.0458565, 51.0018944], [11.0458368, 51.0019409], [11.0457467, 51.0019258], [11.045726, 51.0019746], [11.0456548, 51.0019627], [11.0456951, 51.0018674], [11.0458565, 51.0018944]]]}}, {"type": "Feature", "properties": {"id": "120203133_13779904", "height": 1.652416348457336, "type": null, "floors": null}, "geometry": {"type": "Polygon", "coordinates": [[[11.0451236, 51.0019277], [11.0451324, 51.0019029], [11.0452258, 51.001916], [11.045217, 51.0019409], [11.0451236, 51.0019277]]]}}, {"type": "Feature", "properties": {"id": "120203133_13730497", "height": 1.996527791023254, "type": null, "floors": null}, "geometry": {"type": "Polygon", "coordinates": [[[11.0468555, 51.001754], [11.046972, 51.0017766], [11.046952, 51.0018175], [11.0468355, 51.0017949], [11.0468555, 51.001754]]]}}, {"type": "Feature", "properties": {"id": "120203133_13795455", "height": 2.7636468410491943, "type": null, "floors": null}, "geometry": {"type": "Polygon", "coordinates": [[[11.0469567, 51.0018208], [11.0469939, 51.0017462], [11.0470891, 51.0017651], [11.0470519, 51.0018396], [11.0469567, 51.0018208]]]}}, {"type": "Feature", "properties": {"id": "120203133_13702286", "height": 2.602135181427002, "type": null, "floors": null}, "geometry": {"type": "Polygon", "coordinates": [[[11.0482197, 51.0017794], [11.0483412, 51.0018065], [11.048315, 51.001853], [11.0481935, 51.0018259], [11.0482197, 51.0017794]]]}}, {"type": "Feature", "properties": {"id": "120203133_13801420", "height": 3.269749402999878, "type": null, "floors": null}, "geometry": {"type": "Polygon", "coordinates": [[[11.0471373, 51.0018507], [11.0471685, 51.0017876], [11.0473044, 51.0018142], [11.0472732, 51.0018773], [11.0471373, 51.0018507]]]}}, {"type": "Feature", "properties": {"id": "120203133_13768816", "height": 4.188897132873535, "type": null, "floors": null}, "geometry": {"type": "Polygon", "coordinates": [[[11.0475608, 51.0017972], [11.0475065, 51.0019393], [11.0473812, 51.0019203], [11.0474354, 51.0017783], [11.0475608, 51.0017972]]]}}, {"type": "Feature", "properties": {"id": "120203133_13779914", "height": 2.665832996368408, "type": null, "floors": null}, "geometry": {"type": "Polygon", "coordinates": [[[11.0476798, 51.0018139], [11.0477738, 51.0018278], [11.0477397, 51.001919], [11.0476457, 51.0019051], [11.0476798, 51.0018139]]]}}, {"type": "Feature", "properties": {"id": "120203133_13679824", "height": 2.370215654373169, "type": null, "floors": null}, "geometry": {"type": "Polygon", "coordinates": [[[11.048156, 51.0018513], [11.0481315, 51.0019187], [11.0480398, 51.0019055], [11.0480642, 51.0018382], [11.048156, 51.0018513]]]}}, {"type": "Feature", "properties": {"id": "120203133_13837543", "height": 3.012820482254028, "type": null, "floors": null}, "geometry": {"type": "Polygon", "coordinates": [[[11.0480417, 51.0019743], [11.0480135, 51.0019676], [11.0480034, 51.0019846], [11.0478763, 51.0019548], [11.0479136, 51.0018918], [11.048069, 51.0019283], [11.0480417, 51.0019743]]]}}, {"type": "Feature", "properties": {"id": "120203133_13827968", "height": 2.6378204822540283, "type": null, "floors": null}, "geometry": {"type": "Polygon", "coordinates": [[[11.0479235, 51.0019726], [11.0479676, 51.0019794], [11.0479558, 51.0020096], [11.0479117, 51.0020028], [11.0479235, 51.0019726]]]}}, {"type": "Feature", "properties": {"id": "120203133_13728745", "height": 1.812345623970031, "type": null, "floors": null}, "geometry": {"type": "Polygon", "coordinates": [[[11.0476027, 51.001986], [11.0477038, 51.0020049], [11.0476882, 51.0020382], [11.0475871, 51.0020194], [11.0476027, 51.001986]]]}}, {"type": "Feature", "properties": {"id": "120203133_13770491", "height": 2.963623285293579, "type": null, "floors": null}, "geometry": {"type": "Polygon", "coordinates": [[[11.0453873, 51.0019941], [11.0453668, 51.0020466], [11.0453213, 51.0020396], [11.0453582, 51.0019449], [11.0455859, 51.0019801], [11.0455695, 51.0020222], [11.0453873, 51.0019941]]]}}, {"type": "Feature", "properties": {"id": "120203133_13712518", "height": 2.867655754089355, "type": null, "floors": null}, "geometry": {"type": "Polygon", "coordinates": [[[11.0450738, 51.0020278], [11.0450937, 51.0019602], [11.0452026, 51.0019729], [11.0451827, 51.0020405], [11.0450738, 51.0020278]]]}}, {"type": "Feature", "properties": {"id": "120203133_13818528", "height": 1.995188951492309, "type": null, "floors": null}, "geometry": {"type": "Polygon", "coordinates": [[[11.0462692, 51.0019721], [11.0462306, 51.0020525], [11.0461555, 51.0020382], [11.0461941, 51.0019578], [11.0462692, 51.0019721]]]}}, {"type": "Feature", "properties": {"id": "120203133_13716030", "height": 3.3636362552642822, "type": null, "floors": null}, "geometry": {"type": "Polygon", "coordinates": [[[11.0456273, 51.0019948], [11.0456442, 51.001997], [11.0456329, 51.002031], [11.045616, 51.0020287], [11.0456273, 51.0019948]]]}}, {"type": "Feature", "properties": {"id": "120203133_13755993", "height": 2.515297889709472, "type": null, "floors": null}, "geometry": {"type": "Polygon", "coordinates": [[[11.0464819, 51.0020126], [11.0464538, 51.0020788], [11.0463586, 51.0020628], [11.046374, 51.0020265], [11.0463215, 51.0020177], [11.0463342, 51.0019877], [11.0464819, 51.0020126]]]}}, {"type": "Feature", "properties": {"id": "120203133_13816775", "height": 3.565493583679199, "type": null, "floors": null}, "geometry": {"type": "Polygon", "coordinates": [[[11.0467026, 51.0020223], [11.0466598, 51.0021027], [11.0465561, 51.0020808], [11.046599, 51.0020004], [11.0467026, 51.0020223]]]}}, {"type": "Feature", "properties": {"id": "120203133_13813354", "height": 3.260554075241089, "type": null, "floors": null}, "geometry": {"type": "Polygon", "coordinates": [[[11.0456533, 51.0019976], [11.0457669, 51.0020213], [11.0457349, 51.0020822], [11.045701, 51.0020751], [11.0456754, 51.0021238], [11.0455739, 51.0021026], [11.0456112, 51.0020318], [11.0456329, 51.0020364], [11.0456533, 51.0019976]]]}}, {"type": "Feature", "properties": {"id": "120203133_13833179", "height": 3.010876417160034, "type": null, "floors": null}, "geometry": {"type": "Polygon", "coordinates": [[[11.0460475, 51.002045], [11.0460084, 51.0021631], [11.0458902, 51.0021476], [11.0459293, 51.0020295], [11.0460475, 51.002045]]]}}, {"type": "Feature", "properties": {"id": "120203133_13715130", "height": 2.26286244392395, "type": null, "floors": null}, "geometry": {"type": "Polygon", "coordinates": [[[11.0463896, 51.0020949], [11.0463765, 51.002131], [11.046249, 51.0021128], [11.046262, 51.0020767], [11.0463896, 51.0020949]]]}}, {"type": "Feature", "properties": {"id": "120203133_13834946", "height": 3.367103576660156, "type": null, "floors": null}, "geometry": {"type": "Polygon", "coordinates": [[[11.0460482, 51.0022224], [11.0460743, 51.0021583], [11.0461372, 51.0021684], [11.0461449, 51.0021494], [11.0462456, 51.0021656], [11.0462633, 51.002122], [11.0463565, 51.002137], [11.0463298, 51.0022028], [11.0462252, 51.0021859], [11.0462004, 51.0022469], [11.0460482, 51.0022224]]]}}, {"type": "Feature", "properties": {"id": "120203133_13761949", "height": 2.0, "type": null, "floors": null}, "geometry": {"type": "Polygon", "coordinates": [[[11.0479696, 51.002047], [11.0479838, 51.0020121], [11.0480668, 51.0020255], [11.0480527, 51.0020604], [11.0479696, 51.002047]]]}}, {"type": "Feature", "properties": {"id": "120203133_13831519", "height": 1.903179168701171, "type": null, "floors": null}, "geometry": {"type": "Polygon", "coordinates": [[[11.0469012, 51.002094], [11.046884, 51.0021267], [11.0467969, 51.0021087], [11.0468141, 51.0020759], [11.0469012, 51.002094]]]}}, {"type": "Feature", "properties": {"id": "120203133_13763628", "height": 3.634085178375244, "type": null, "floors": null}, "geometry": {"type": "Polygon", "coordinates": [[[11.0470172, 51.0020766], [11.0471083, 51.0020963], [11.047091, 51.002128], [11.0471509, 51.002141], [11.0471146, 51.0022074], [11.0469635, 51.0021747], [11.0470172, 51.0020766]]]}}, {"type": "Feature", "properties": {"id": "120203133_13837541", "height": 3.463869571685791, "type": null, "floors": null}, "geometry": {"type": "Polygon", "coordinates": [[[11.0479678, 51.0022011], [11.0480201, 51.0020764], [11.0481731, 51.0021019], [11.0481346, 51.0021934], [11.0481622, 51.002198], [11.0481483, 51.0022311], [11.0479678, 51.0022011]]]}}, {"type": "Feature", "properties": {"id": "120203133_13760231", "height": 2.207956552505493, "type": null, "floors": null}, "geometry": {"type": "Polygon", "coordinates": [[[11.0471837, 51.002208], [11.0472031, 51.0021471], [11.0472819, 51.0021571], [11.0472625, 51.002218], [11.0471837, 51.002208]]]}}, {"type": "Feature", "properties": {"id": "120203133_13725380", "height": 1.9233425855636592, "type": null, "floors": null}, "geometry": {"type": "Polygon", "coordinates": [[[11.0471096, 51.0022291], [11.0471157, 51.0022105], [11.0471646, 51.0022168], [11.0471477, 51.0022686], [11.0468505, 51.0022303], [11.0468679, 51.0021768], [11.0469566, 51.0021883], [11.04695, 51.0022085], [11.0471096, 51.0022291]]]}}, {"type": "Feature", "properties": {"id": "120203133_13716035", "height": 2.586529970169067, "type": null, "floors": null}, "geometry": {"type": "Polygon", "coordinates": [[[11.0475173, 51.0021595], [11.0476464, 51.0021825], [11.0475963, 51.0022934], [11.0474672, 51.0022703], [11.0475173, 51.0021595]]]}}, {"type": "Feature", "properties": {"id": "120203133_13755169", "height": 3.538461446762085, "type": null, "floors": null}, "geometry": {"type": "Polygon", "coordinates": [[[11.0478309, 51.0022753], [11.0477223, 51.0022583], [11.0477526, 51.002182], [11.0479571, 51.0022141], [11.0479156, 51.002319], [11.0478196, 51.0023039], [11.0478309, 51.0022753]]]}}, {"type": "Feature", "properties": {"id": "120203133_13793722", "height": 3.040499448776245, "type": null, "floors": null}, "geometry": {"type": "Polygon", "coordinates": [[[11.0468298, 51.0022386], [11.0468189, 51.0022692], [11.0468356, 51.0022715], [11.0468173, 51.002323], [11.0465977, 51.002292], [11.0466108, 51.002255], [11.0466849, 51.0022655], [11.0467009, 51.0022205], [11.0468298, 51.0022386]]]}}, {"type": "Feature", "properties": {"id": "120203133_13758495", "height": 1.939246654510498, "type": null, "floors": null}, "geometry": {"type": "Polygon", "coordinates": [[[11.0469362, 51.0023068], [11.0469654, 51.0022465], [11.0470218, 51.0022573], [11.0469927, 51.0023176], [11.0469362, 51.0023068]]]}}, {"type": "Feature", "properties": {"id": "120203133_13727873", "height": 2.213953495025634, "type": null, "floors": null}, "geometry": {"type": "Polygon", "coordinates": [[[11.0448015, 51.0018575], [11.0447252, 51.0018444], [11.0447313, 51.0018303], [11.0449075, 51.0018605], [11.0448925, 51.0018951], [11.0447926, 51.0018779], [11.0448015, 51.0018575]]]}}, {"type": "Feature", "properties": {"id": "120203133_13762774", "height": 4.529594898223877, "type": null, "floors": null}, "geometry": {"type": "Polygon", "coordinates": [[[11.0445893, 51.0018527], [11.0446992, 51.0018636], [11.0446798, 51.001941], [11.0445699, 51.0019301], [11.0445893, 51.0018527]]]}}, {"type": "Feature", "properties": {"id": "120203133_13785886", "height": 2.335829973220825, "type": null, "floors": null}, "geometry": {"type": "Polygon", "coordinates": [[[11.0437518, 51.0020176], [11.0438596, 51.0020355], [11.0437914, 51.002198], [11.0436836, 51.0021801], [11.0437518, 51.0020176]]]}}, {"type": "Feature", "properties": {"id": "120203133_13728735", "height": 4.88925838470459, "type": null, "floors": null}, "geometry": {"type": "Polygon", "coordinates": [[[11.044396, 51.0021407], [11.0443599, 51.0022312], [11.0441757, 51.0022022], [11.0442117, 51.0021117], [11.044396, 51.0021407]]]}}, {"type": "Feature", "properties": {"id": "120203133_13765418", "height": 3.212898969650268, "type": null, "floors": null}, "geometry": {"type": "Polygon", "coordinates": [[[11.0445357, 51.0021734], [11.0445123, 51.0022304], [11.0445274, 51.0022328], [11.0445093, 51.0022772], [11.0443735, 51.0022552], [11.0444149, 51.0021538], [11.0445357, 51.0021734]]]}}, {"type": "Feature", "properties": {"id": "120203133_13716027", "height": 2.0, "type": null, "floors": null}, "geometry": {"type": "Polygon", "coordinates": [[[11.0442899, 51.0022535], [11.0442674, 51.0022941], [11.0442111, 51.0022817], [11.0442337, 51.0022411], [11.0442899, 51.0022535]]]}}, {"type": "Feature", "properties": {"id": "120203133_13829726", "height": 3.450802564620971, "type": null, "floors": null}, "geometry": {"type": "Polygon", "coordinates": [[[11.0447896, 51.0022151], [11.0449279, 51.0022434], [11.0448842, 51.0023282], [11.0447459, 51.0023], [11.0447896, 51.0022151]]]}}, {"type": "Feature", "properties": {"id": "120203133_13834940", "height": 0.7857142686843871, "type": null, "floors": null}, "geometry": {"type": "Polygon", "coordinates": [[[11.0445499, 51.0025374], [11.0445506, 51.0024901], [11.0446579, 51.0024908], [11.0446572, 51.002538], [11.0445499, 51.0025374]]]}}, {"type": "Feature", "properties": {"id": "120203133_13672685", "height": 2.38102650642395, "type": null, "floors": null}, "geometry": {"type": "Polygon", "coordinates": [[[11.0442949, 51.0025964], [11.0443019, 51.0024565], [11.044385, 51.0024581], [11.044378, 51.0025981], [11.0442949, 51.0025964]]]}}, {"type": "Feature", "properties": {"id": "120203133_13731363", "height": 3.361209869384765, "type": null, "floors": null}, "geometry": {"type": "Polygon", "coordinates": [[[11.0436834, 51.0025381], [11.0436761, 51.002573], [11.0435549, 51.0025629], [11.0435708, 51.0024866], [11.0436499, 51.0024931], [11.0436412, 51.0025346], [11.0436834, 51.0025381]]]}}, {"type": "Feature", "properties": {"id": "120203133_13739042", "height": 3.079232692718506, "type": null, "floors": null}, "geometry": {"type": "Polygon", "coordinates": [[[11.0464342, 51.0022063], [11.0464515, 51.0021528], [11.0465571, 51.0021664], [11.0465282, 51.0022555], [11.0463943, 51.0022383], [11.0464058, 51.0022026], [11.0464342, 51.0022063]]]}}, {"type": "Feature", "properties": {"id": "120203133_13822847", "height": 2.900933265686035, "type": null, "floors": null}, "geometry": {"type": "Polygon", "coordinates": [[[11.0466638, 51.0021914], [11.0466292, 51.0022567], [11.0465423, 51.0022384], [11.0465769, 51.0021731], [11.0466638, 51.0021914]]]}}, {"type": "Feature", "properties": {"id": "120203133_13835778", "height": 3.265442132949829, "type": null, "floors": null}, "geometry": {"type": "Polygon", "coordinates": [[[11.0451804, 51.0023962], [11.0450386, 51.0023712], [11.0450757, 51.0022875], [11.0452847, 51.0023243], [11.0452257, 51.0024573], [11.0451585, 51.0024455], [11.0451804, 51.0023962]]]}}, {"type": "Feature", "properties": {"id": "120203133_13766255", "height": 3.426138401031494, "type": null, "floors": null}, "geometry": {"type": "Polygon", "coordinates": [[[11.0455564, 51.0023646], [11.0455061, 51.0024439], [11.0453729, 51.0024105], [11.0454232, 51.0023312], [11.0455564, 51.0023646]]]}}, {"type": "Feature", "properties": {"id": "120203133_13710015", "height": 2.848076820373535, "type": null, "floors": null}, "geometry": {"type": "Polygon", "coordinates": [[[11.0455604, 51.002465], [11.0455875, 51.0024171], [11.0455518, 51.0024091], [11.0455739, 51.0023702], [11.0456691, 51.0023915], [11.0456479, 51.002429], [11.0457264, 51.0024466], [11.0456984, 51.002496], [11.0455604, 51.002465]]]}}, {"type": "Feature", "properties": {"id": "120203133_13748436", "height": 3.658686637878418, "type": null, "floors": null}, "geometry": {"type": "Polygon", "coordinates": [[[11.0457904, 51.0024081], [11.0458993, 51.0024228], [11.0458794, 51.0024809], [11.0457706, 51.0024661], [11.0457904, 51.0024081]]]}}, {"type": "Feature", "properties": {"id": "120203133_13808275", "height": 1.9006623029708865, "type": null, "floors": null}, "geometry": {"type": "Polygon", "coordinates": [[[11.0459708, 51.0024857], [11.0459459, 51.0025347], [11.0458826, 51.002522], [11.0459075, 51.002473], [11.0459708, 51.0024857]]]}}, {"type": "Feature", "properties": {"id": "120203133_13782467", "height": 2.81652021408081, "type": null, "floors": null}, "geometry": {"type": "Polygon", "coordinates": [[[11.0465832, 51.0025067], [11.0465509, 51.0025645], [11.0465211, 51.0025579], [11.0464943, 51.002606], [11.0464023, 51.0025856], [11.0464615, 51.0024798], [11.0465832, 51.0025067]]]}}, {"type": "Feature", "properties": {"id": "120203133_13711715", "height": 3.034573316574096, "type": null, "floors": null}, "geometry": {"type": "Polygon", "coordinates": [[[11.0465663, 51.0025493], [11.0466797, 51.0025637], [11.0466516, 51.0026513], [11.0465382, 51.0026369], [11.0465663, 51.0025493]]]}}, {"type": "Feature", "properties": {"id": "120203133_13739893", "height": 2.025000095367431, "type": null, "floors": null}, "geometry": {"type": "Polygon", "coordinates": [[[11.0464901, 51.0026062], [11.0464822, 51.0026224], [11.0464209, 51.0026107], [11.0464287, 51.0025944], [11.0464901, 51.0026062]]]}}, {"type": "Feature", "properties": {"id": "120203133_13761116", "height": 1.935384631156921, "type": null, "floors": null}, "geometry": {"type": "Polygon", "coordinates": [[[11.0444162, 51.0025792], [11.044418, 51.0025573], [11.0444849, 51.0025594], [11.0444831, 51.0025813], [11.0444162, 51.0025792]]]}}, {"type": "Feature", "properties": {"id": "120203133_13727042", "height": 2.129562139511108, "type": null, "floors": null}, "geometry": {"type": "Polygon", "coordinates": [[[11.0441197, 51.0025585], [11.0441808, 51.0025623], [11.0441744, 51.0026024], [11.0441133, 51.0025986], [11.0441197, 51.0025585]]]}}, {"type": "Feature", "properties": {"id": "120203133_13711711", "height": 3.074243783950805, "type": null, "floors": null}, "geometry": {"type": "Polygon", "coordinates": [[[11.04418, 51.0025612], [11.0442925, 51.0025631], [11.0442888, 51.0026508], [11.0441762, 51.0026489], [11.04418, 51.0025612]]]}}, {"type": "Feature", "properties": {"id": "120203133_13795450", "height": 2.984238147735595, "type": null, "floors": null}, "geometry": {"type": "Polygon", "coordinates": [[[11.0448836, 51.0026605], [11.0448918, 51.002607], [11.0449874, 51.0026128], [11.0449793, 51.0026663], [11.0448836, 51.0026605]]]}}, {"type": "Feature", "properties": {"id": "120203133_13731367", "height": 3.127840995788574, "type": null, "floors": null}, "geometry": {"type": "Polygon", "coordinates": [[[11.0446119, 51.002659], [11.0446166, 51.0025875], [11.0447532, 51.0025911], [11.0447458, 51.002703], [11.0446334, 51.0027001], [11.044636, 51.0026597], [11.0446119, 51.002659]]]}}, {"type": "Feature", "properties": {"id": "120203133_13775695", "height": 1.357142806053161, "type": null, "floors": null}, "geometry": {"type": "Polygon", "coordinates": [[[11.0434933, 51.0027763], [11.043529, 51.0026966], [11.0435887, 51.0027072], [11.0435529, 51.0027869], [11.0434933, 51.0027763]]]}}, {"type": "Feature", "properties": {"id": "120203133_13688555", "height": 1.916967511177063, "type": null, "floors": null}, "geometry": {"type": "Polygon", "coordinates": [[[11.0435556, 51.0027766], [11.04364, 51.0027883], [11.0436152, 51.0028591], [11.0435308, 51.0028474], [11.0435556, 51.0027766]]]}}, {"type": "Feature", "properties": {"id": "120203133_13798852", "height": 1.528594732284546, "type": null, "floors": null}, "geometry": {"type": "Polygon", "coordinates": [[[11.043474, 51.0029368], [11.0435166, 51.0028563], [11.0435781, 51.0028692], [11.0435355, 51.0029497], [11.043474, 51.0029368]]]}}, {"type": "Feature", "properties": {"id": "120203133_13745017", "height": 2.739441156387329, "type": null, "floors": null}, "geometry": {"type": "Polygon", "coordinates": [[[11.0442226, 51.002941], [11.0441288, 51.0029396], [11.0441316, 51.0028654], [11.0442254, 51.0028667], [11.0442226, 51.002941]]]}}, {"type": "Feature", "properties": {"id": "120203133_13713373", "height": 1.0, "type": null, "floors": null}, "geometry": {"type": "Polygon", "coordinates": [[[11.0435444, 51.0029357], [11.0435802, 51.0029382], [11.0435769, 51.0029572], [11.043541, 51.0029547], [11.0435444, 51.0029357]]]}}, {"type": "Feature", "properties": {"id": "120203133_13672888", "height": 1.820328593254089, "type": null, "floors": null}, "geometry": {"type": "Polygon", "coordinates": [[[11.046303, 51.0026784], [11.0463409, 51.0026051], [11.0463954, 51.0026163], [11.0463575, 51.0026896], [11.046303, 51.0026784]]]}}, {"type": "Feature", "properties": {"id": "120203133_13778182", "height": 2.813673019409179, "type": null, "floors": null}, "geometry": {"type": "Polygon", "coordinates": [[[11.0466392, 51.0026604], [11.0466169, 51.0027248], [11.0465669, 51.002718], [11.0465892, 51.0026535], [11.0466392, 51.0026604]]]}}, {"type": "Feature", "properties": {"id": "120203133_13689399", "height": 2.681177139282226, "type": null, "floors": null}, "geometry": {"type": "Polygon", "coordinates": [[[11.0450179, 51.0026523], [11.045111, 51.0026577], [11.0450996, 51.0027363], [11.0450065, 51.002731], [11.0450179, 51.0026523]]]}}, {"type": "Feature", "properties": {"id": "120203133_13839294", "height": 2.937968015670776, "type": null, "floors": null}, "geometry": {"type": "Polygon", "coordinates": [[[11.0453428, 51.0026835], [11.0454393, 51.0026856], [11.0454345, 51.0027732], [11.045338, 51.0027712], [11.0453428, 51.0026835]]]}}, {"type": "Feature", "properties": {"id": "120203133_13751003", "height": 1.976796865463256, "type": null, "floors": null}, "geometry": {"type": "Polygon", "coordinates": [[[11.045589, 51.002779], [11.0455758, 51.0028574], [11.045475, 51.0028507], [11.0454882, 51.0027723], [11.045589, 51.002779]]]}}, {"type": "Feature", "properties": {"id": "120203133_13707422", "height": 4.2461256980896, "type": null, "floors": null}, "geometry": {"type": "Polygon", "coordinates": [[[11.0456545, 51.0029105], [11.045661, 51.002867], [11.0456371, 51.0028656], [11.0456478, 51.0027937], [11.0458047, 51.002803], [11.0457936, 51.0028774], [11.0457377, 51.0028741], [11.0457316, 51.0029151], [11.0456545, 51.0029105]]]}}, {"type": "Feature", "properties": {"id": "120203133_13801417", "height": 2.692637205123901, "type": null, "floors": null}, "geometry": {"type": "Polygon", "coordinates": [[[11.0460397, 51.0029138], [11.0460455, 51.0028177], [11.0461794, 51.0028209], [11.0461774, 51.0028546], [11.0462416, 51.0028562], [11.0462379, 51.0029185], [11.0460397, 51.0029138]]]}}, {"type": "Feature", "properties": {"id": "120203133_13828832", "height": 2.0, "type": null, "floors": null}, "geometry": {"type": "Polygon", "coordinates": [[[11.0455203, 51.0028681], [11.045518, 51.0029094], [11.0454739, 51.0029084], [11.0454761, 51.0028672], [11.0455203, 51.0028681]]]}}, {"type": "Feature", "properties": {"id": "120203133_13744188", "height": 3.995497941970825, "type": null, "floors": null}, "geometry": {"type": "Polygon", "coordinates": [[[11.0465771, 51.0030365], [11.0464391, 51.003034], [11.0464417, 51.0029758], [11.0465798, 51.0029783], [11.0465771, 51.0030365]]]}}, {"type": "Feature", "properties": {"id": "120203133_13734790", "height": 3.023109197616577, "type": null, "floors": null}, "geometry": {"type": "Polygon", "coordinates": [[[11.0466656, 51.00298], [11.0466621, 51.0030618], [11.0465831, 51.0030605], [11.0465865, 51.0029786], [11.0466656, 51.00298]]]}}, {"type": "Feature", "properties": {"id": "120203133_13777360", "height": 1.73340356349945, "type": null, "floors": null}, "geometry": {"type": "Polygon", "coordinates": [[[11.0467429, 51.0027297], [11.0468264, 51.0027457], [11.0468037, 51.0027928], [11.0467202, 51.0027769], [11.0467429, 51.0027297]]]}}, {"type": "Feature", "properties": {"id": "120203133_13742439", "height": 1.963488817214965, "type": null, "floors": null}, "geometry": {"type": "Polygon", "coordinates": [[[11.0470517, 51.002804], [11.0470405, 51.0028299], [11.0469606, 51.0028162], [11.0469718, 51.0027903], [11.0470517, 51.002804]]]}}, {"type": "Feature", "properties": {"id": "120203133_13777361", "height": 3.906123638153076, "type": null, "floors": null}, "geometry": {"type": "Polygon", "coordinates": [[[11.0476565, 51.0028826], [11.0476931, 51.002805], [11.0478657, 51.0028372], [11.0478291, 51.0029148], [11.0476565, 51.0028826]]]}}, {"type": "Feature", "properties": {"id": "120203133_13697133", "height": 3.514740943908691, "type": null, "floors": null}, "geometry": {"type": "Polygon", "coordinates": [[[11.0482337, 51.0028964], [11.0482635, 51.0028317], [11.0484255, 51.0028613], [11.0483957, 51.002926], [11.0482337, 51.0028964]]]}}, {"type": "Feature", "properties": {"id": "120203133_13778186", "height": 1.937185883522033, "type": null, "floors": null}, "geometry": {"type": "Polygon", "coordinates": [[[11.0486088, 51.0028852], [11.0485995, 51.0029161], [11.0484311, 51.0028962], [11.0484404, 51.0028652], [11.0486088, 51.0028852]]]}}, {"type": "Feature", "properties": {"id": "120203133_13832377", "height": 2.338195085525512, "type": null, "floors": null}, "geometry": {"type": "Polygon", "coordinates": [[[11.0475565, 51.0028637], [11.0476677, 51.0028772], [11.0476545, 51.0029203], [11.0475433, 51.0029068], [11.0475565, 51.0028637]]]}}, {"type": "Feature", "properties": {"id": "120203133_13701458", "height": 3.056261301040649, "type": null, "floors": null}, "geometry": {"type": "Polygon", "coordinates": [[[11.0482166, 51.0029198], [11.0483352, 51.0029416], [11.048342, 51.0029269], [11.0484359, 51.0029441], [11.048402, 51.0030172], [11.0481895, 51.0029781], [11.0482166, 51.0029198]]]}}, {"type": "Feature", "properties": {"id": "120203133_13670985", "height": 4.908849716186523, "type": null, "floors": null}, "geometry": {"type": "Polygon", "coordinates": [[[11.0388292, 50.9976606], [11.0388823, 50.9975539], [11.0389811, 50.9975734], [11.0389992, 50.9975372], [11.039324, 50.9976012], [11.0392937, 50.9976621], [11.0393816, 50.9976794], [11.0394092, 50.9976241], [11.0397109, 50.9976836], [11.0396425, 50.997821], [11.0388292, 50.9976606]]]}}, {"type": "Feature", "properties": {"id": "120203133_13768796", "height": 10.039813995361328, "type": null, "floors": null}, "geometry": {"type": "Polygon", "coordinates": [[[11.0397129, 50.9982406], [11.0396768, 50.9983577], [11.0388057, 50.9982514], [11.0388418, 50.9981343], [11.0397129, 50.9982406]]]}}, {"type": "Feature", "properties": {"id": "120203133_13750129", "height": 8.745268821716309, "type": null, "floors": null}, "geometry": {"type": "Polygon", "coordinates": [[[11.0395871, 50.9985284], [11.0395488, 50.9986502], [11.0387589, 50.998552], [11.0387971, 50.9984302], [11.0395871, 50.9985284]]]}}, {"type": "Feature", "properties": {"id": "120203133_13838433", "height": 5.876681804656982, "type": null, "floors": null}, "geometry": {"type": "Polygon", "coordinates": [[[11.0373607, 50.9986974], [11.0380297, 50.9987841], [11.038026, 50.9987955], [11.0380998, 50.998805], [11.0381463, 50.998882], [11.0384746, 50.9989245], [11.0384926, 50.9988695], [11.0386434, 50.998889], [11.0386694, 50.9988097], [11.0386929, 50.9988128], [11.0387539, 50.9989135], [11.039709, 50.9990374], [11.039586, 50.999413], [11.0401212, 50.9994824], [11.0399765, 50.9999245], [11.0394876, 50.9998611], [11.0395046, 50.9998093], [11.0395637, 50.9998169], [11.0395733, 50.9997878], [11.0394369, 50.9997701], [11.0393765, 50.9999547], [11.0389751, 50.9999026], [11.0389979, 50.999833], [11.0369755, 50.9995708], [11.0370317, 50.9993991], [11.0369587, 50.9993897], [11.0370255, 50.9991856], [11.0371314, 50.9991994], [11.0371736, 50.9992691], [11.0373607, 50.9986974]]]}}, {"type": "Feature", "properties": {"id": "120203133_13793701", "height": 8.005906105041504, "type": null, "floors": null}, "geometry": {"type": "Polygon", "coordinates": [[[11.0400728, 51.000393], [11.0399584, 51.0007428], [11.0400947, 51.0007604], [11.0400628, 51.0008582], [11.0399017, 51.0008373], [11.0397737, 51.0012286], [11.0395462, 51.0011991], [11.0395192, 51.0012817], [11.0394626, 51.0012744], [11.0394457, 51.0013262], [11.0383057, 51.0011785], [11.0384276, 51.0008061], [11.0380133, 51.0007524], [11.0381409, 51.0003622], [11.0382603, 51.0003776], [11.0382756, 51.0003307], [11.0384779, 51.0003569], [11.0384689, 51.0003844], [11.0386011, 51.0004015], [11.0386636, 51.0002104], [11.0400728, 51.000393]]]}}, {"type": "Feature", "properties": {"id": "120203133_13716020", "height": 7.713622093200684, "type": null, "floors": null}, "geometry": {"type": "Polygon", "coordinates": [[[11.0404248, 51.00258], [11.0402553, 51.0028968], [11.0388218, 51.0025932], [11.0389954, 51.0022687], [11.0391496, 51.0023014], [11.0392647, 51.0020861], [11.0393611, 51.0021065], [11.0394146, 51.0020065], [11.0395014, 51.0020248], [11.0395241, 51.0019824], [11.0399963, 51.0020824], [11.0399079, 51.0022477], [11.0399657, 51.0022599], [11.0398586, 51.0024601], [11.0404248, 51.00258]]]}}, {"type": "Feature", "properties": {"id": "120203133_13822822", "height": 6.289522171020508, "type": null, "floors": null}, "geometry": {"type": "Polygon", "coordinates": [[[11.0375212, 51.0032728], [11.0382097, 51.0028067], [11.0381956, 51.0028417], [11.0382524, 51.0028033], [11.0382049, 51.0027755], [11.038485, 51.0025859], [11.0385148, 51.0026033], [11.0385903, 51.0026154], [11.0386835, 51.0026699], [11.0386755, 51.0026898], [11.0387016, 51.002694], [11.0387674, 51.0027325], [11.0388333, 51.0027431], [11.0388469, 51.002751], [11.0388893, 51.0027578], [11.0388797, 51.0027817], [11.0385745, 51.0029883], [11.0384535, 51.0029175], [11.0384461, 51.0029163], [11.0382011, 51.0030822], [11.0382781, 51.0031272], [11.0379593, 51.003343], [11.0375212, 51.0032728]]]}}, {"type": "Feature", "properties": {"id": "120203133_13789279", "height": 6.407026767730713, "type": null, "floors": null}, "geometry": {"type": "Polygon", "coordinates": [[[11.0399562, 51.0039465], [11.0397998, 51.0039132], [11.0397713, 51.0039662], [11.0391373, 51.0038312], [11.0391866, 51.0037394], [11.0391746, 51.0037368], [11.0393073, 51.00349], [11.0393398, 51.0034969], [11.0393752, 51.0034312], [11.0393319, 51.003422], [11.0393478, 51.0033923], [11.0393972, 51.0034028], [11.039619, 51.0029903], [11.0396792, 51.0030031], [11.039689, 51.0029849], [11.0403628, 51.0031285], [11.0403372, 51.003176], [11.0403673, 51.0031824], [11.0399562, 51.0039465]]]}}, {"type": "Feature", "properties": {"id": "120203133_13797138", "height": 4.612903118133545, "type": null, "floors": null}, "geometry": {"type": "Polygon", "coordinates": [[[11.0411772, 51.0001448], [11.041477, 51.0001767], [11.0414209, 51.0003851], [11.0411211, 51.0003532], [11.0411772, 51.0001448]]]}}, {"type": "Feature", "properties": {"id": "120203133_13743296", "height": 5.501831531524658, "type": null, "floors": null}, "geometry": {"type": "Polygon", "coordinates": [[[11.0424073, 51.0007758], [11.0422733, 51.0012094], [11.0412628, 51.0010857], [11.0412638, 51.0010825], [11.0408281, 51.0010292], [11.0409727, 51.0005613], [11.0414368, 51.0006182], [11.0414253, 51.0006556], [11.0424073, 51.0007758]]]}}, {"type": "Feature", "properties": {"id": "120203133_13837523", "height": 1.8014096021652222, "type": null, "floors": null}, "geometry": {"type": "Polygon", "coordinates": [[[11.0406952, 51.0014421], [11.0407863, 51.0014438], [11.0407808, 51.0015635], [11.0406897, 51.0015618], [11.0406952, 51.0014421]]]}}, {"type": "Feature", "properties": {"id": "120203133_13814213", "height": 8.147201538085938, "type": null, "floors": null}, "geometry": {"type": "Polygon", "coordinates": [[[11.0402704, 51.0019103], [11.0402308, 51.0020342], [11.0396802, 51.0019647], [11.0397198, 51.0018407], [11.0402704, 51.0019103]]]}}, {"type": "Feature", "properties": {"id": "120203133_13834927", "height": 3.200469017028808, "type": null, "floors": null}, "geometry": {"type": "Polygon", "coordinates": [[[11.0399137, 51.0019994], [11.0400254, 51.002029], [11.039986, 51.0020878], [11.0398744, 51.0020582], [11.0399137, 51.0019994]]]}}, {"type": "Feature", "properties": {"id": "120203133_13761930", "height": 11.91571044921875, "type": null, "floors": null}, "geometry": {"type": "Polygon", "coordinates": [[[11.0419572, 51.0020913], [11.0419397, 51.0021777], [11.0419767, 51.0021806], [11.0419668, 51.0022294], [11.0419167, 51.0022254], [11.0419078, 51.0022696], [11.041467, 51.0022344], [11.0414645, 51.0022466], [11.0414184, 51.0022429], [11.0414242, 51.0022141], [11.0411735, 51.002194], [11.0411932, 51.0020966], [11.0411589, 51.0020938], [11.041179, 51.0019942], [11.0412503, 51.0019999], [11.0412491, 51.0020059], [11.0413071, 51.0020106], [11.0413014, 51.0020388], [11.0419572, 51.0020913]]]}}, {"type": "Feature", "properties": {"id": "120203133_13719387", "height": 6.042922973632812, "type": null, "floors": null}, "geometry": {"type": "Polygon", "coordinates": [[[11.0410594, 51.0021426], [11.041172, 51.0025645], [11.0407585, 51.0026082], [11.0406458, 51.0021864], [11.0410594, 51.0021426]]]}}, {"type": "Feature", "properties": {"id": "120203133_13835768", "height": 2.377476215362549, "type": null, "floors": null}, "geometry": {"type": "Polygon", "coordinates": [[[11.040767, 51.0027502], [11.0408909, 51.002737], [11.040917, 51.0028338], [11.040793, 51.002847], [11.040767, 51.0027502]]]}}, {"type": "Feature", "properties": {"id": "120203133_13785883", "height": 0.7336956262588501, "type": null, "floors": null}, "geometry": {"type": "Polygon", "coordinates": [[[11.0426212, 51.0014914], [11.0426339, 51.0015366], [11.0424909, 51.0015525], [11.0424782, 51.0015073], [11.0426212, 51.0014914]]]}}, {"type": "Feature", "properties": {"id": "120203133_13724537", "height": 1.457151412963867, "type": null, "floors": null}, "geometry": {"type": "Polygon", "coordinates": [[[11.0427722, 51.0014755], [11.0429361, 51.001463], [11.0429886, 51.0017365], [11.0428246, 51.001749], [11.0427722, 51.0014755]]]}}, {"type": "Feature", "properties": {"id": "120203133_13727869", "height": 1.0, "type": null, "floors": null}, "geometry": {"type": "Polygon", "coordinates": [[[11.0426568, 51.001636], [11.0425096, 51.0016492], [11.0424991, 51.0016029], [11.0426463, 51.0015897], [11.0426568, 51.001636]]]}}, {"type": "Feature", "properties": {"id": "120203133_13694506", "height": 2.110416650772094, "type": null, "floors": null}, "geometry": {"type": "Polygon", "coordinates": [[[11.0427081, 51.0017856], [11.0426276, 51.0017915], [11.0426178, 51.0017382], [11.0426983, 51.0017323], [11.0427081, 51.0017856]]]}}, {"type": "Feature", "properties": {"id": "120203133_13806596", "height": 5.840447902679443, "type": null, "floors": null}, "geometry": {"type": "Polygon", "coordinates": [[[11.0422578, 51.0018191], [11.0422239, 51.0019139], [11.041749, 51.0018467], [11.0417829, 51.001752], [11.0422578, 51.0018191]]]}}, {"type": "Feature", "properties": {"id": "120203133_13672872", "height": 3.316910743713379, "type": null, "floors": null}, "geometry": {"type": "Polygon", "coordinates": [[[11.0426597, 51.0019901], [11.0426735, 51.0019313], [11.0427301, 51.0019365], [11.0427162, 51.0019953], [11.0426597, 51.0019901]]]}}, {"type": "Feature", "properties": {"id": "120203133_13704912", "height": 3.559532880783081, "type": null, "floors": null}, "geometry": {"type": "Polygon", "coordinates": [[[11.0428537, 51.002412], [11.0428984, 51.0024161], [11.0428852, 51.0024723], [11.0427434, 51.0024591], [11.0427942, 51.0022427], [11.0428914, 51.0022518], [11.0428537, 51.002412]]]}}, {"type": "Feature", "properties": {"id": "120203133_13766250", "height": 3.683823585510254, "type": null, "floors": null}, "geometry": {"type": "Polygon", "coordinates": [[[11.0430332, 51.0024279], [11.0431063, 51.0024355], [11.0430955, 51.0024766], [11.0430224, 51.002469], [11.0430332, 51.0024279]]]}}, {"type": "Feature", "properties": {"id": "120203133_13686848", "height": 8.024962425231934, "type": null, "floors": null}, "geometry": {"type": "Polygon", "coordinates": [[[11.0500388, 50.9852267], [11.0499946, 50.9853699], [11.0487643, 50.9852195], [11.0487871, 50.9851455], [11.0487639, 50.9851427], [11.0487892, 50.9850604], [11.0489454, 50.9850795], [11.0489514, 50.98506], [11.0490082, 50.9850669], [11.0489982, 50.9850995], [11.0500388, 50.9852267]]]}}, {"type": "Feature", "properties": {"id": "120203133_13761950", "height": 9.78663730621338, "type": null, "floors": null}, "geometry": {"type": "Polygon", "coordinates": [[[11.0481509, 50.9855664], [11.0482609, 50.9852134], [11.0483115, 50.9851626], [11.0483946, 50.9851729], [11.0484755, 50.9852048], [11.0484691, 50.9852252], [11.0484301, 50.9852644], [11.0483886, 50.9853977], [11.048373, 50.9854134], [11.0483403, 50.9855182], [11.0483822, 50.9855234], [11.0484632, 50.9855553], [11.0484445, 50.985553], [11.048756, 50.9856759], [11.0487152, 50.9856709], [11.0487872, 50.9856992], [11.0487934, 50.9857], [11.0489118, 50.9857467], [11.0488391, 50.9858198], [11.0488403, 50.9858159], [11.0488242, 50.9858321], [11.0481509, 50.9855664]]]}}, {"type": "Feature", "properties": {"id": "120203133_13669310", "height": 8.321288108825684, "type": null, "floors": null}, "geometry": {"type": "Polygon", "coordinates": [[[11.0470488, 50.9855147], [11.0471522, 50.9854156], [11.0475738, 50.98559], [11.0474704, 50.985689], [11.0470488, 50.9855147]]]}}, {"type": "Feature", "properties": {"id": "120203133_13837539", "height": 9.619202613830566, "type": null, "floors": null}, "geometry": {"type": "Polygon", "coordinates": [[[11.0474433, 50.9857683], [11.0472135, 50.9860973], [11.0472405, 50.9861047], [11.0470966, 50.9863106], [11.0470824, 50.9863066], [11.0470068, 50.9864149], [11.0468412, 50.986369], [11.0472905, 50.985726], [11.0474433, 50.9857683]]]}}, {"type": "Feature", "properties": {"id": "120203133_13761128", "height": 5.73648738861084, "type": null, "floors": null}, "geometry": {"type": "Polygon", "coordinates": [[[11.0477109, 50.9865556], [11.0476227, 50.9865206], [11.0476529, 50.9864904], [11.0475685, 50.9864568], [11.0476315, 50.9863941], [11.047877, 50.9864916], [11.0477983, 50.9865701], [11.0477254, 50.9865411], [11.0477109, 50.9865556]]]}}, {"type": "Feature", "properties": {"id": "120203133_13797161", "height": 5.9170331954956055, "type": null, "floors": null}, "geometry": {"type": "Polygon", "coordinates": [[[11.0482753, 50.9862954], [11.048684, 50.9864945], [11.0485704, 50.9865869], [11.0484765, 50.9865411], [11.0483875, 50.9866135], [11.0484596, 50.9866486], [11.0484045, 50.9866934], [11.0480177, 50.986505], [11.0482753, 50.9862954]]]}}, {"type": "Feature", "properties": {"id": "120203133_13683316", "height": 5.79074764251709, "type": null, "floors": null}, "geometry": {"type": "Polygon", "coordinates": [[[11.0480412, 50.9865205], [11.0480145, 50.9865647], [11.0480488, 50.986573], [11.0480163, 50.9866267], [11.0479258, 50.9866051], [11.047985, 50.986507], [11.0480412, 50.9865205]]]}}, {"type": "Feature", "properties": {"id": "120203133_13816779", "height": 5.527272701263428, "type": null, "floors": null}, "geometry": {"type": "Polygon", "coordinates": [[[11.0478983, 50.9866134], [11.0479141, 50.9865977], [11.0479478, 50.9866112], [11.0479321, 50.9866268], [11.0478983, 50.9866134]]]}}, {"type": "Feature", "properties": {"id": "120203133_13679613", "height": 6.236074447631836, "type": null, "floors": null}, "geometry": {"type": "Polygon", "coordinates": [[[11.0475306, 50.9866035], [11.0475724, 50.986617], [11.0475464, 50.9866491], [11.0475046, 50.9866357], [11.0475306, 50.9866035]]]}}, {"type": "Feature", "properties": {"id": "120203133_13744190", "height": 3.744252443313598, "type": null, "floors": null}, "geometry": {"type": "Polygon", "coordinates": [[[11.0471784, 50.9870551], [11.0470725, 50.9870241], [11.0471972, 50.9868555], [11.0472444, 50.9868693], [11.0472664, 50.9868395], [11.0473251, 50.9868567], [11.0471784, 50.9870551]]]}}, {"type": "Feature", "properties": {"id": "120203133_13820258", "height": 4.219972133636475, "type": null, "floors": null}, "geometry": {"type": "Polygon", "coordinates": [[[11.0473342, 50.9868955], [11.0473817, 50.9868256], [11.0476914, 50.986909], [11.0476701, 50.9869404], [11.047748, 50.9869614], [11.0477262, 50.9869935], [11.0477479, 50.9869994], [11.0477247, 50.9870337], [11.0477618, 50.9870437], [11.0477327, 50.9870865], [11.0476035, 50.9870517], [11.0476516, 50.986981], [11.0473342, 50.9868955]]]}}, {"type": "Feature", "properties": {"id": "120203133_13674568", "height": 6.188189029693603, "type": null, "floors": null}, "geometry": {"type": "Polygon", "coordinates": [[[11.0489829, 50.9856689], [11.0488655, 50.9856174], [11.0490059, 50.9854906], [11.0490973, 50.9855307], [11.049123, 50.9855075], [11.049149, 50.9855189], [11.0489829, 50.9856689]]]}}, {"type": "Feature", "properties": {"id": "120203133_13822849", "height": 7.40980863571167, "type": null, "floors": null}, "geometry": {"type": "Polygon", "coordinates": [[[11.0492238, 50.985864], [11.049109, 50.985992], [11.0488784, 50.9859101], [11.0489623, 50.9858166], [11.0489854, 50.9858248], [11.0490164, 50.9857903], [11.0492238, 50.985864]]]}}, {"type": "Feature", "properties": {"id": "120203133_13836680", "height": 5.28202486038208, "type": null, "floors": null}, "geometry": {"type": "Polygon", "coordinates": [[[11.048596, 50.9863389], [11.048789, 50.9861595], [11.0489023, 50.9862078], [11.0488538, 50.9862529], [11.0488648, 50.9862576], [11.0487378, 50.9863757], [11.0487863, 50.9863964], [11.0487352, 50.9864439], [11.0485856, 50.9863801], [11.0486192, 50.9863488], [11.048596, 50.9863389]]]}}, {"type": "Feature", "properties": {"id": "120203133_13782470", "height": 5.809676170349121, "type": null, "floors": null}, "geometry": {"type": "Polygon", "coordinates": [[[11.0488466, 50.986499], [11.0489402, 50.9864232], [11.0490221, 50.9864633], [11.0488688, 50.9865876], [11.0487417, 50.9865254], [11.0488014, 50.986477], [11.0488466, 50.986499]]]}}, {"type": "Feature", "properties": {"id": "120203133_13824587", "height": 5.2052388191223145, "type": null, "floors": null}, "geometry": {"type": "Polygon", "coordinates": [[[11.0487232, 50.986522], [11.0488251, 50.9865709], [11.048657, 50.9867099], [11.0487623, 50.9867603], [11.0486744, 50.986833], [11.0484672, 50.9867337], [11.0487232, 50.986522]]]}}, {"type": "Feature", "properties": {"id": "120203133_13775711", "height": 5.801902770996094, "type": null, "floors": null}, "geometry": {"type": "Polygon", "coordinates": [[[11.049342, 50.986763], [11.0491595, 50.9869208], [11.0492033, 50.9869409], [11.0491586, 50.9869795], [11.0488571, 50.9868413], [11.0489107, 50.986795], [11.0489773, 50.9868255], [11.0491509, 50.9866754], [11.049342, 50.986763]]]}}, {"type": "Feature", "properties": {"id": "120203133_13785896", "height": 5.6905059814453125, "type": null, "floors": null}, "geometry": {"type": "Polygon", "coordinates": [[[11.0486515, 50.9871934], [11.0487122, 50.9870991], [11.048679, 50.9870906], [11.0487579, 50.986968], [11.049675, 50.9872018], [11.0495737, 50.9873593], [11.0495069, 50.9873422], [11.0494686, 50.9874017], [11.0486515, 50.9871934]]]}}, {"type": "Feature", "properties": {"id": "120203133_13770498", "height": 6.188466072082519, "type": null, "floors": null}, "geometry": {"type": "Polygon", "coordinates": [[[11.0489952, 50.9874178], [11.048853, 50.9876329], [11.0486211, 50.9875721], [11.0486035, 50.9875988], [11.0483438, 50.9875307], [11.0485037, 50.987289], [11.0489952, 50.9874178]]]}}, {"type": "Feature", "properties": {"id": "120203133_13722037", "height": 4.879826068878174, "type": null, "floors": null}, "geometry": {"type": "Polygon", "coordinates": [[[11.0494003, 50.9876524], [11.0492594, 50.9876858], [11.0492983, 50.9877509], [11.0490573, 50.987808], [11.0489887, 50.9876932], [11.0493706, 50.9876027], [11.0494003, 50.9876524]]]}}, {"type": "Feature", "properties": {"id": "120203133_13696237", "height": 4.797039985656738, "type": null, "floors": null}, "geometry": {"type": "Polygon", "coordinates": [[[11.048788, 50.9929758], [11.0488336, 50.992876], [11.0489922, 50.9929047], [11.0489466, 50.9930045], [11.048788, 50.9929758]]]}}, {"type": "Feature", "properties": {"id": "120203133_13733063", "height": 4.916130065917969, "type": null, "floors": null}, "geometry": {"type": "Polygon", "coordinates": [[[11.0485469, 50.9946348], [11.0485952, 50.9945169], [11.04916, 50.9946085], [11.0491118, 50.9947264], [11.0485469, 50.9946348]]]}}, {"type": "Feature", "properties": {"id": "120203133_13834033", "height": 5.14904260635376, "type": null, "floors": null}, "geometry": {"type": "Polygon", "coordinates": [[[11.0483498, 50.994214], [11.0483889, 50.9941263], [11.0485515, 50.994155], [11.0485124, 50.9942427], [11.0483498, 50.994214]]]}}, {"type": "Feature", "properties": {"id": "120203133_13797158", "height": 5.425156593322754, "type": null, "floors": null}, "geometry": {"type": "Polygon", "coordinates": [[[11.0477408, 50.9944168], [11.0477215, 50.9944688], [11.0475689, 50.9944463], [11.0476115, 50.9943319], [11.0479014, 50.9943746], [11.0478782, 50.994437], [11.0477408, 50.9944168]]]}}, {"type": "Feature", "properties": {"id": "120203133_13797160", "height": 5.038194179534912, "type": null, "floors": null}, "geometry": {"type": "Polygon", "coordinates": [[[11.0480102, 50.9946901], [11.0481178, 50.9944201], [11.0484343, 50.99447], [11.0483894, 50.9945828], [11.0483075, 50.9945699], [11.0482205, 50.9947882], [11.0481827, 50.9947822], [11.0481627, 50.9948323], [11.047981, 50.9948036], [11.0479912, 50.9947782], [11.0476152, 50.9947189], [11.0476493, 50.9946331], [11.0480102, 50.9946901]]]}}, {"type": "Feature", "properties": {"id": "120203133_13696233", "height": 5.049625396728516, "type": null, "floors": null}, "geometry": {"type": "Polygon", "coordinates": [[[11.0479027, 50.9956933], [11.0478582, 50.9958815], [11.0476666, 50.9958636], [11.0477112, 50.9956753], [11.0479027, 50.9956933]]]}}, {"type": "Feature", "properties": {"id": "120203133_13705720", "height": 8.895599365234375, "type": null, "floors": null}, "geometry": {"type": "Polygon", "coordinates": [[[11.0468975, 50.9959733], [11.0469521, 50.9958332], [11.0471165, 50.9958585], [11.047101, 50.9958983], [11.0472098, 50.9959151], [11.0472446, 50.995826], [11.047452, 50.995858], [11.0473776, 50.9960491], [11.04716, 50.9960155], [11.0471786, 50.9959677], [11.0470749, 50.9959517], [11.0470569, 50.9959979], [11.0468975, 50.9959733]]]}}, {"type": "Feature", "properties": {"id": "120203133_13774814", "height": 5.081149578094482, "type": null, "floors": null}, "geometry": {"type": "Polygon", "coordinates": [[[11.047787, 50.9960762], [11.0476371, 50.9960724], [11.0476431, 50.9959797], [11.0476832, 50.9959807], [11.0476845, 50.9959613], [11.0477943, 50.9959641], [11.047787, 50.9960762]]]}}, {"type": "Feature", "properties": {"id": "120203133_13790160", "height": 2.112782001495361, "type": null, "floors": null}, "geometry": {"type": "Polygon", "coordinates": [[[11.0485247, 50.9961482], [11.0485297, 50.9961215], [11.0486633, 50.9961314], [11.0486583, 50.9961581], [11.0485247, 50.9961482]]]}}, {"type": "Feature", "properties": {"id": "120203133_13815116", "height": 2.8995251655578613, "type": null, "floors": null}, "geometry": {"type": "Polygon", "coordinates": [[[11.0478324, 50.996365], [11.0478653, 50.9962099], [11.0480062, 50.9962217], [11.047957, 50.9964539], [11.0476329, 50.9964267], [11.0476492, 50.9963496], [11.0478324, 50.996365]]]}}, {"type": "Feature", "properties": {"id": "120203133_13792843", "height": 3.959277868270874, "type": null, "floors": null}, "geometry": {"type": "Polygon", "coordinates": [[[11.0476581, 50.9962982], [11.0472556, 50.996461], [11.0471574, 50.9963648], [11.047222, 50.9963387], [11.0472445, 50.9963608], [11.0475825, 50.9962242], [11.0476581, 50.9962982]]]}}, {"type": "Feature", "properties": {"id": "120203133_13687695", "height": 5.526485443115234, "type": null, "floors": null}, "geometry": {"type": "Polygon", "coordinates": [[[11.0471513, 50.9964394], [11.0471266, 50.9964818], [11.0472165, 50.9965025], [11.0471399, 50.9966343], [11.0469601, 50.9965929], [11.0470008, 50.9965229], [11.0469913, 50.9965207], [11.0470519, 50.9964165], [11.0471513, 50.9964394]]]}}, {"type": "Feature", "properties": {"id": "120203133_13722906", "height": 4.50850248336792, "type": null, "floors": null}, "geometry": {"type": "Polygon", "coordinates": [[[11.0490762, 50.99992], [11.0490266, 51.0000606], [11.0488809, 51.0000403], [11.0489197, 50.9999302], [11.0489095, 50.9999288], [11.0489203, 50.9998982], [11.0490762, 50.99992]]]}}, {"type": "Feature", "properties": {"id": "120203133_13739046", "height": 4.329041004180908, "type": null, "floors": null}, "geometry": {"type": "Polygon", "coordinates": [[[11.0492946, 51.0000127], [11.049267, 51.0000968], [11.0493004, 51.0001012], [11.0492847, 51.0001491], [11.0492323, 51.0001422], [11.0492236, 51.0001689], [11.0489689, 51.0001358], [11.0489694, 51.0001341], [11.0488228, 51.0001151], [11.0488403, 51.0000617], [11.049059, 51.0000901], [11.0490712, 51.0000528], [11.0491124, 51.0000582], [11.0491342, 50.9999918], [11.0492946, 51.0000127]]]}}, {"type": "Feature", "properties": {"id": "120203133_13817662", "height": 2.769007921218872, "type": null, "floors": null}, "geometry": {"type": "Polygon", "coordinates": [[[11.0491253, 51.0014769], [11.0491, 51.0015276], [11.0489877, 51.0015054], [11.049013, 51.0014547], [11.0491253, 51.0014769]]]}}, {"type": "Feature", "properties": {"id": "120203133_13732224", "height": 2.923076868057251, "type": null, "floors": null}, "geometry": {"type": "Polygon", "coordinates": [[[11.0489408, 51.0016027], [11.0489636, 51.0016062], [11.048952, 51.0016357], [11.0489292, 51.0016322], [11.0489408, 51.0016027]]]}}, {"type": "Feature", "properties": {"id": "120203133_13671027", "height": 3.770962238311767, "type": null, "floors": null}, "geometry": {"type": "Polygon", "coordinates": [[[11.0489472, 51.001671], [11.0489652, 51.0016019], [11.0490786, 51.0016136], [11.0490607, 51.0016827], [11.0489472, 51.001671]]]}}, {"type": "Feature", "properties": {"id": "120203133_13719399", "height": 1.956430077552795, "type": null, "floors": null}, "geometry": {"type": "Polygon", "coordinates": [[[11.0473872, 51.0013596], [11.0473579, 51.0014112], [11.0472318, 51.0013828], [11.0472484, 51.0013536], [11.0472841, 51.0013617], [11.0472969, 51.0013392], [11.0473872, 51.0013596]]]}}, {"type": "Feature", "properties": {"id": "120203133_13783289", "height": 2.159353256225586, "type": null, "floors": null}, "geometry": {"type": "Polygon", "coordinates": [[[11.0473788, 51.0014037], [11.0474024, 51.0013607], [11.0474431, 51.0013696], [11.0474195, 51.0014125], [11.0473788, 51.0014037]]]}}, {"type": "Feature", "properties": {"id": "120203133_13775708", "height": 2.731707334518432, "type": null, "floors": null}, "geometry": {"type": "Polygon", "coordinates": [[[11.0474503, 51.0013656], [11.0475334, 51.0013789], [11.0475123, 51.0014312], [11.0474291, 51.0014179], [11.0474503, 51.0013656]]]}}, {"type": "Feature", "properties": {"id": "120203133_13707429", "height": 2.530303001403808, "type": null, "floors": null}, "geometry": {"type": "Polygon", "coordinates": [[[11.0477055, 51.0014228], [11.0476914, 51.001477], [11.0475947, 51.0014671], [11.0476088, 51.0014128], [11.0477055, 51.0014228]]]}}, {"type": "Feature", "properties": {"id": "120203133_13806609", "height": 1.207455396652221, "type": null, "floors": null}, "geometry": {"type": "Polygon", "coordinates": [[[11.0474951, 51.0014378], [11.047482, 51.0014721], [11.0474049, 51.0014603], [11.0474181, 51.0014261], [11.0474951, 51.0014378]]]}}, {"type": "Feature", "properties": {"id": "120203133_13698880", "height": 2.877592086791992, "type": null, "floors": null}, "geometry": {"type": "Polygon", "coordinates": [[[11.0484292, 51.001439], [11.0483978, 51.0014963], [11.0482923, 51.0014734], [11.0483237, 51.0014161], [11.0484292, 51.001439]]]}}, {"type": "Feature", "properties": {"id": "120203133_13750148", "height": 2.113241910934448, "type": null, "floors": null}, "geometry": {"type": "Polygon", "coordinates": [[[11.0475891, 51.0014662], [11.0476838, 51.0014843], [11.0476607, 51.0015322], [11.047566, 51.0015141], [11.0475891, 51.0014662]]]}}, {"type": "Feature", "properties": {"id": "120203133_13760235", "height": 1.791977643966674, "type": null, "floors": null}, "geometry": {"type": "Polygon", "coordinates": [[[11.0479382, 51.0015101], [11.0479229, 51.0015571], [11.0478236, 51.0015443], [11.047839, 51.0014973], [11.0479382, 51.0015101]]]}}, {"type": "Feature", "properties": {"id": "120203133_13745895", "height": 3.518089771270752, "type": null, "floors": null}, "geometry": {"type": "Polygon", "coordinates": [[[11.048411, 51.0015014], [11.0483638, 51.0016241], [11.0482675, 51.0016095], [11.0483148, 51.0014867], [11.048411, 51.0015014]]]}}, {"type": "Feature", "properties": {"id": "120203133_13774811", "height": 2.342438459396362, "type": null, "floors": null}, "geometry": {"type": "Polygon", "coordinates": [[[11.0473723, 51.0015442], [11.0475369, 51.0015727], [11.0475201, 51.0016111], [11.0473556, 51.0015826], [11.0473723, 51.0015442]]]}}, {"type": "Feature", "properties": {"id": "120203133_13695369", "height": 3.602961063385009, "type": null, "floors": null}, "geometry": {"type": "Polygon", "coordinates": [[[11.0490052, 51.0017349], [11.0489942, 51.0017618], [11.049052, 51.0017712], [11.0490387, 51.0018037], [11.0489808, 51.0017943], [11.0489724, 51.0018149], [11.0488693, 51.0017981], [11.0488911, 51.0017451], [11.0489162, 51.0017491], [11.0489273, 51.0017222], [11.0490052, 51.0017349]]]}}, {"type": "Feature", "properties": {"id": "120203133_13794624", "height": 3.764302015304565, "type": null, "floors": null}, "geometry": {"type": "Polygon", "coordinates": [[[11.0488209, 51.0018311], [11.0490883, 51.0018748], [11.0490625, 51.0019372], [11.0487951, 51.0018935], [11.0488209, 51.0018311]]]}}, {"type": "Feature", "properties": {"id": "120203133_13727884", "height": 2.9129433631896973, "type": null, "floors": null}, "geometry": {"type": "Polygon", "coordinates": [[[11.0487939, 51.0019205], [11.0489881, 51.001953], [11.0489681, 51.0020003], [11.0487739, 51.0019677], [11.0487939, 51.0019205]]]}}, {"type": "Feature", "properties": {"id": "120203133_13733064", "height": 2.9743728637695312, "type": null, "floors": null}, "geometry": {"type": "Polygon", "coordinates": [[[11.048964, 51.0020077], [11.048934, 51.002075], [11.0488196, 51.0020548], [11.0488496, 51.0019875], [11.048964, 51.0020077]]]}}, {"type": "Feature", "properties": {"id": "120203133_13705726", "height": 3.364268064498901, "type": null, "floors": null}, "geometry": {"type": "Polygon", "coordinates": [[[11.0488261, 51.0020706], [11.0489628, 51.0020859], [11.0489444, 51.0021506], [11.0488078, 51.0021353], [11.0488261, 51.0020706]]]}}, {"type": "Feature", "properties": {"id": "120203133_13761951", "height": 3.245472908020019, "type": null, "floors": null}, "geometry": {"type": "Polygon", "coordinates": [[[11.0488446, 51.0021492], [11.0489064, 51.0021542], [11.048899, 51.00219], [11.0488372, 51.0021849], [11.0488446, 51.0021492]]]}}, {"type": "Feature", "properties": {"id": "120203133_13708284", "height": 2.879786252975464, "type": null, "floors": null}, "geometry": {"type": "Polygon", "coordinates": [[[11.0487287, 51.0021967], [11.0487021, 51.0022487], [11.0486135, 51.0022307], [11.0486402, 51.0021787], [11.0487287, 51.0021967]]]}}, {"type": "Feature", "properties": {"id": "120203133_13784989", "height": 1.695473194122314, "type": null, "floors": null}, "geometry": {"type": "Polygon", "coordinates": [[[11.0472391, 51.0022948], [11.0472511, 51.0022692], [11.0472906, 51.0022765], [11.0472786, 51.0023021], [11.0472391, 51.0022948]]]}}, {"type": "Feature", "properties": {"id": "120203133_13721170", "height": 2.724916696548462, "type": null, "floors": null}, "geometry": {"type": "Polygon", "coordinates": [[[11.0473393, 51.002314], [11.047296, 51.0024273], [11.0471655, 51.0024075], [11.0472021, 51.0023118], [11.0471438, 51.002303], [11.0471627, 51.0022535], [11.0472311, 51.0022639], [11.0472189, 51.0022958], [11.0473393, 51.002314]]]}}, {"type": "Feature", "properties": {"id": "120203133_13737360", "height": 1.901915311813354, "type": null, "floors": null}, "geometry": {"type": "Polygon", "coordinates": [[[11.0474235, 51.0023492], [11.0475583, 51.002369], [11.0475458, 51.0024026], [11.0474924, 51.0023948], [11.0474793, 51.00243], [11.0473979, 51.002418], [11.0474235, 51.0023492]]]}}, {"type": "Feature", "properties": {"id": "120203133_13830632", "height": 2.9509940147399902, "type": null, "floors": null}, "geometry": {"type": "Polygon", "coordinates": [[[11.0478013, 51.0024828], [11.0478536, 51.0023573], [11.0479654, 51.0023757], [11.0479575, 51.0023947], [11.0480339, 51.0024073], [11.0480109, 51.0024626], [11.0480875, 51.0024752], [11.0480763, 51.0025021], [11.0480022, 51.0024898], [11.047992, 51.0025143], [11.0478013, 51.0024828]]]}}, {"type": "Feature", "properties": {"id": "120203133_13825467", "height": 1.941434860229492, "type": null, "floors": null}, "geometry": {"type": "Polygon", "coordinates": [[[11.0472907, 51.0024449], [11.0472793, 51.0024788], [11.047192, 51.0024672], [11.0472035, 51.0024333], [11.0472907, 51.0024449]]]}}, {"type": "Feature", "properties": {"id": "120203133_13685970", "height": 0.9239842891693112, "type": null, "floors": null}, "geometry": {"type": "Polygon", "coordinates": [[[11.0473769, 51.0024697], [11.0474972, 51.0024898], [11.0474859, 51.0025166], [11.0473656, 51.0024965], [11.0473769, 51.0024697]]]}}, {"type": "Feature", "properties": {"id": "120203133_13686846", "height": 3.269789934158325, "type": null, "floors": null}, "geometry": {"type": "Polygon", "coordinates": [[[11.0477892, 51.0025024], [11.0477569, 51.0025762], [11.047545, 51.0025395], [11.0475772, 51.0024657], [11.0477892, 51.0025024]]]}}, {"type": "Feature", "properties": {"id": "120203133_13767128", "height": 2.332589387893676, "type": null, "floors": null}, "geometry": {"type": "Polygon", "coordinates": [[[11.0485611, 51.0025147], [11.0486873, 51.0025377], [11.0486668, 51.0025822], [11.0485406, 51.0025592], [11.0485611, 51.0025147]]]}}, {"type": "Feature", "properties": {"id": "120203133_13751841", "height": 1.930043697357177, "type": null, "floors": null}, "geometry": {"type": "Polygon", "coordinates": [[[11.0479113, 51.0026017], [11.04782, 51.0025861], [11.0478518, 51.0025122], [11.0479431, 51.0025278], [11.0479113, 51.0026017]]]}}, {"type": "Feature", "properties": {"id": "120203133_13759341", "height": 1.877966046333313, "type": null, "floors": null}, "geometry": {"type": "Polygon", "coordinates": [[[11.0470133, 51.0025721], [11.0470614, 51.0025738], [11.0470589, 51.0026015], [11.0470108, 51.0025998], [11.0470133, 51.0025721]]]}}, {"type": "Feature", "properties": {"id": "120203133_13749305", "height": 1.971781253814697, "type": null, "floors": null}, "geometry": {"type": "Polygon", "coordinates": [[[11.0487379, 51.0023136], [11.0487226, 51.0023452], [11.0486479, 51.0023307], [11.0486633, 51.0022992], [11.0487379, 51.0023136]]]}}, {"type": "Feature", "properties": {"id": "120203133_13777366", "height": 1.317073225975036, "type": null, "floors": null}, "geometry": {"type": "Polygon", "coordinates": [[[11.0488763, 51.0024146], [11.0488697, 51.0024304], [11.0487844, 51.0024162], [11.0488049, 51.0023673], [11.0489529, 51.0023919], [11.048939, 51.002425], [11.0488763, 51.0024146]]]}}, {"type": "Feature", "properties": {"id": "120203133_13784129", "height": 1.828850865364074, "type": null, "floors": null}, "geometry": {"type": "Polygon", "coordinates": [[[11.0486742, 51.0025336], [11.0486864, 51.002509], [11.0487548, 51.0025224], [11.0487426, 51.0025471], [11.0486742, 51.0025336]]]}}, {"type": "Feature", "properties": {"id": "120203133_13690244", "height": 1.4931349754333492, "type": null, "floors": null}, "geometry": {"type": "Polygon", "coordinates": [[[11.0489188, 51.0025409], [11.048939, 51.0025108], [11.0490504, 51.0025405], [11.0490302, 51.0025706], [11.0489188, 51.0025409]]]}}, {"type": "Feature", "properties": {"id": "120203133_13802291", "height": 2.419094800949096, "type": null, "floors": null}, "geometry": {"type": "Polygon", "coordinates": [[[11.0486008, 51.0026231], [11.0485131, 51.0026085], [11.0485031, 51.0026321], [11.0484343, 51.0026207], [11.0484581, 51.0025639], [11.0486147, 51.0025899], [11.0486008, 51.0026231]]]}}, {"type": "Feature", "properties": {"id": "120203133_13830629", "height": 3.329002141952514, "type": null, "floors": null}, "geometry": {"type": "Polygon", "coordinates": [[[11.0470135, 51.0025582], [11.0469881, 51.0026412], [11.0469364, 51.0026349], [11.0469276, 51.0026634], [11.0467725, 51.0026446], [11.0467892, 51.0025901], [11.0468423, 51.0025965], [11.046853, 51.0025615], [11.0469332, 51.0025713], [11.0469399, 51.0025493], [11.0470135, 51.0025582]]]}}, {"type": "Feature", "properties": {"id": "120203133_13736503", "height": 2.91574764251709, "type": null, "floors": null}, "geometry": {"type": "Polygon", "coordinates": [[[11.0478381, 51.002597], [11.0478077, 51.0026641], [11.0476663, 51.0026388], [11.0476967, 51.0025716], [11.0478381, 51.002597]]]}}, {"type": "Feature", "properties": {"id": "120203133_13819426", "height": 2.0, "type": null, "floors": null}, "geometry": {"type": "Polygon", "coordinates": [[[11.0485106, 51.0026352], [11.0485141, 51.0026168], [11.048592, 51.0026227], [11.0485886, 51.002641], [11.0485106, 51.0026352]]]}}, {"type": "Feature", "properties": {"id": "120203133_13812505", "height": 2.891623020172119, "type": null, "floors": null}, "geometry": {"type": "Polygon", "coordinates": [[[11.0475822, 51.0026332], [11.0477246, 51.002645], [11.0477121, 51.0027048], [11.0475697, 51.002693], [11.0475822, 51.0026332]]]}}, {"type": "Feature", "properties": {"id": "120203133_13686843", "height": 2.449350595474243, "type": null, "floors": null}, "geometry": {"type": "Polygon", "coordinates": [[[11.0468845, 51.0026615], [11.0468912, 51.0026887], [11.0468283, 51.0026948], [11.0468216, 51.0026676], [11.0468845, 51.0026615]]]}}, {"type": "Feature", "properties": {"id": "120203133_13710020", "height": 2.604597806930542, "type": null, "floors": null}, "geometry": {"type": "Polygon", "coordinates": [[[11.0485415, 51.0026702], [11.0485171, 51.0027202], [11.0484093, 51.0026993], [11.0484337, 51.0026493], [11.0485415, 51.0026702]]]}}, {"type": "Feature", "properties": {"id": "120203133_13685121", "height": 3.284302949905395, "type": null, "floors": null}, "geometry": {"type": "Polygon", "coordinates": [[[11.047117, 51.0026693], [11.0471584, 51.0026761], [11.0471215, 51.0027646], [11.0470086, 51.002746], [11.0470546, 51.0026354], [11.0471262, 51.0026472], [11.047117, 51.0026693]]]}}, {"type": "Feature", "properties": {"id": "120203133_13760233", "height": 2.426691770553589, "type": null, "floors": null}, "geometry": {"type": "Polygon", "coordinates": [[[11.0477, 51.0027274], [11.0476793, 51.0027835], [11.0475979, 51.0027716], [11.0476186, 51.0027155], [11.0477, 51.0027274]]]}}, {"type": "Feature", "properties": {"id": "120203133_13786786", "height": 3.319051265716552, "type": null, "floors": null}, "geometry": {"type": "Polygon", "coordinates": [[[11.047266, 51.0027189], [11.047387, 51.0027426], [11.047365, 51.0027872], [11.047244, 51.0027635], [11.047266, 51.0027189]]]}}, {"type": "Feature", "properties": {"id": "120203133_13695365", "height": 1.4446130990982051, "type": null, "floors": null}, "geometry": {"type": "Polygon", "coordinates": [[[11.0485868, 51.0027717], [11.0486026, 51.0027346], [11.0486777, 51.0027473], [11.0486619, 51.0027844], [11.0485868, 51.0027717]]]}}, {"type": "Feature", "properties": {"id": "120203133_13836681", "height": 1.960476040840149, "type": null, "floors": null}, "geometry": {"type": "Polygon", "coordinates": [[[11.0489615, 51.0030413], [11.0490233, 51.0029111], [11.0490985, 51.0029253], [11.0490367, 51.0030554], [11.0489615, 51.0030413]]]}}, {"type": "Feature", "properties": {"id": "120203133_13678070", "height": 2.419724702835083, "type": null, "floors": null}, "geometry": {"type": "Polygon", "coordinates": [[[11.0489851, 51.0029702], [11.0489649, 51.0030192], [11.0488518, 51.0030008], [11.0488719, 51.0029518], [11.0489851, 51.0029702]]]}}, {"type": "Feature", "properties": {"id": "120203133_13741559", "height": 3.482117414474487, "type": null, "floors": null}, "geometry": {"type": "Polygon", "coordinates": [[[11.0206208, 50.996507], [11.0206901, 50.9965222], [11.0206676, 50.9965629], [11.0205983, 50.9965476], [11.0206208, 50.996507]]]}}, {"type": "Feature", "properties": {"id": "120203133_13802249", "height": 5.315979480743408, "type": null, "floors": null}, "geometry": {"type": "Polygon", "coordinates": [[[11.0202731, 50.9964369], [11.0201024, 50.9968338], [11.019955, 50.9968087], [11.019984, 50.9967411], [11.0199253, 50.9967311], [11.0199418, 50.9966927], [11.0199668, 50.996697], [11.0199769, 50.9966734], [11.0200194, 50.9966806], [11.0200347, 50.996645], [11.020001, 50.9966393], [11.0200902, 50.9964317], [11.020144, 50.9964408], [11.0201638, 50.9963946], [11.0202063, 50.9964019], [11.0201969, 50.9964239], [11.0202731, 50.9964369]]]}}, {"type": "Feature", "properties": {"id": "120203133_13752607", "height": 5.074872493743896, "type": null, "floors": null}, "geometry": {"type": "Polygon", "coordinates": [[[11.0202432, 50.996863], [11.0203272, 50.9966518], [11.02035, 50.9966553], [11.020417, 50.996487], [11.0205482, 50.9965077], [11.0205185, 50.9965823], [11.0205513, 50.9965875], [11.0205033, 50.9967082], [11.0204604, 50.9967014], [11.020387, 50.9968857], [11.0202432, 50.996863]]]}}, {"type": "Feature", "properties": {"id": "120203133_13760187", "height": 4.436018943786621, "type": null, "floors": null}, "geometry": {"type": "Polygon", "coordinates": [[[11.0205669, 50.9967178], [11.0205417, 50.9967796], [11.0204838, 50.9967703], [11.020509, 50.9967085], [11.0205669, 50.9967178]]]}}, {"type": "Feature", "properties": {"id": "120203133_13786736", "height": 2.845628499984741, "type": null, "floors": null}, "geometry": {"type": "Polygon", "coordinates": [[[11.0204488, 50.9968304], [11.020485, 50.996773], [11.0205348, 50.9967854], [11.0204986, 50.9968429], [11.0204488, 50.9968304]]]}}, {"type": "Feature", "properties": {"id": "120203133_13796271", "height": 10.02055549621582, "type": null, "floors": null}, "geometry": {"type": "Polygon", "coordinates": [[[11.0231477, 50.9968605], [11.0229292, 50.9967915], [11.0230798, 50.9966027], [11.0232983, 50.9966718], [11.0231477, 50.9968605]]]}}, {"type": "Feature", "properties": {"id": "120203133_13833140", "height": 2.732383728027343, "type": null, "floors": null}, "geometry": {"type": "Polygon", "coordinates": [[[11.0235358, 50.9966937], [11.023564, 50.9967689], [11.0234878, 50.9967802], [11.0234596, 50.9967051], [11.0235358, 50.9966937]]]}}, {"type": "Feature", "properties": {"id": "120203133_13785839", "height": 3.81739854812622, "type": null, "floors": null}, "geometry": {"type": "Polygon", "coordinates": [[[11.0210969, 50.9969054], [11.0209911, 50.9968854], [11.0210111, 50.9968436], [11.0212005, 50.9968795], [11.0211679, 50.9969476], [11.0210843, 50.9969317], [11.0210969, 50.9969054]]]}}, {"type": "Feature", "properties": {"id": "120203133_13721124", "height": 6.87646484375, "type": null, "floors": null}, "geometry": {"type": "Polygon", "coordinates": [[[11.0205602, 50.9969463], [11.0205952, 50.99685], [11.0207978, 50.9968792], [11.0208059, 50.9968568], [11.0209028, 50.9968707], [11.0208981, 50.9968836], [11.0209937, 50.9968973], [11.020985, 50.9969214], [11.0210971, 50.9969376], [11.0210673, 50.9970194], [11.0205602, 50.9969463]]]}}, {"type": "Feature", "properties": {"id": "120203133_13778142", "height": 2.749249219894409, "type": null, "floors": null}, "geometry": {"type": "Polygon", "coordinates": [[[11.0224301, 50.9969359], [11.0224896, 50.9969595], [11.0224532, 50.9969957], [11.0223938, 50.9969721], [11.0224301, 50.9969359]]]}}, {"type": "Feature", "properties": {"id": "120203133_13799642", "height": 7.579086780548096, "type": null, "floors": null}, "geometry": {"type": "Polygon", "coordinates": [[[11.0224785, 50.9971668], [11.0225121, 50.9971351], [11.0225275, 50.9970941], [11.0225174, 50.9970899], [11.022645, 50.9969699], [11.0226377, 50.9969893], [11.0227144, 50.9969172], [11.0227561, 50.9969234], [11.0227876, 50.9968939], [11.0231848, 50.9970612], [11.0231665, 50.99711], [11.023116, 50.9971575], [11.0230394, 50.9971461], [11.0229522, 50.9971093], [11.0229727, 50.9970546], [11.0228824, 50.9970165], [11.0228686, 50.9970532], [11.0228283, 50.9970472], [11.0227637, 50.9971079], [11.0227278, 50.9972037], [11.0224785, 50.9971668]]]}}, {"type": "Feature", "properties": {"id": "120203133_13700528", "height": 4.015872955322266, "type": null, "floors": null}, "geometry": {"type": "Polygon", "coordinates": [[[11.0219478, 50.9970938], [11.0219967, 50.9970607], [11.0220615, 50.9970986], [11.0220126, 50.9971317], [11.0219478, 50.9970938]]]}}, {"type": "Feature", "properties": {"id": "120203133_13755953", "height": 9.697168350219728, "type": null, "floors": null}, "geometry": {"type": "Polygon", "coordinates": [[[11.023115, 50.9973515], [11.0231525, 50.9972395], [11.0232303, 50.9972155], [11.0232461, 50.9971684], [11.0236184, 50.9970536], [11.0236275, 50.9970548], [11.0237019, 50.9971503], [11.0234173, 50.9972381], [11.0233957, 50.9973026], [11.0234419, 50.9973087], [11.0234143, 50.9973912], [11.023115, 50.9973515]]]}}, {"type": "Feature", "properties": {"id": "120203133_13832328", "height": 7.806512832641602, "type": null, "floors": null}, "geometry": {"type": "Polygon", "coordinates": [[[11.0224028, 50.9973165], [11.0223773, 50.9974013], [11.022455, 50.9974105], [11.0224618, 50.9973877], [11.0225823, 50.9974021], [11.0225752, 50.9974258], [11.0228068, 50.9974535], [11.0227732, 50.997565], [11.0224936, 50.9975316], [11.022499, 50.9975137], [11.0224058, 50.9975026], [11.0224131, 50.9974781], [11.0223291, 50.9974681], [11.0223438, 50.9974192], [11.0222156, 50.9974039], [11.0222475, 50.997298], [11.0224028, 50.9973165]]]}}, {"type": "Feature", "properties": {"id": "120203133_13769592", "height": 5.326189517974853, "type": null, "floors": null}, "geometry": {"type": "Polygon", "coordinates": [[[11.0221336, 50.997544], [11.0224857, 50.9975904], [11.0224685, 50.9976421], [11.0226792, 50.9976699], [11.0226585, 50.9977322], [11.0226108, 50.9977259], [11.0226006, 50.9977567], [11.0226443, 50.9977624], [11.0226274, 50.9978133], [11.0220686, 50.9977398], [11.0221336, 50.997544]]]}}, {"type": "Feature", "properties": {"id": "120203133_13784939", "height": 1.966931223869323, "type": null, "floors": null}, "geometry": {"type": "Polygon", "coordinates": [[[11.0204035, 50.9968905], [11.0204689, 50.996897], [11.020456, 50.9969481], [11.0203906, 50.9969415], [11.0204035, 50.9968905]]]}}, {"type": "Feature", "properties": {"id": "120203133_13736444", "height": 8.995615005493164, "type": null, "floors": null}, "geometry": {"type": "Polygon", "coordinates": [[[11.0200927, 50.9971922], [11.0201308, 50.9970969], [11.0208953, 50.9972177], [11.0208573, 50.997313], [11.0200927, 50.9971922]]]}}, {"type": "Feature", "properties": {"id": "120203133_13801369", "height": 3.055478096008301, "type": null, "floors": null}, "geometry": {"type": "Polygon", "coordinates": [[[11.0201088, 50.9974111], [11.0199925, 50.9976131], [11.0199071, 50.9975936], [11.0200234, 50.9973916], [11.0201088, 50.9974111]]]}}, {"type": "Feature", "properties": {"id": "120203133_13696174", "height": 4.554532051086426, "type": null, "floors": null}, "geometry": {"type": "Polygon", "coordinates": [[[11.0200944, 50.997637], [11.0202045, 50.9974441], [11.0202745, 50.9974599], [11.0201644, 50.9976528], [11.0200944, 50.997637]]]}}, {"type": "Feature", "properties": {"id": "120203133_13767927", "height": 10.773795127868652, "type": null, "floors": null}, "geometry": {"type": "Polygon", "coordinates": [[[11.0207553, 50.9974346], [11.0204659, 50.9978821], [11.0203199, 50.9978447], [11.0206092, 50.9973972], [11.0207553, 50.9974346]]]}}, {"type": "Feature", "properties": {"id": "120203133_13718524", "height": 2.994923830032348, "type": null, "floors": null}, "geometry": {"type": "Polygon", "coordinates": [[[11.0201697, 50.9977167], [11.0201436, 50.9977593], [11.0199614, 50.9977151], [11.0199876, 50.9976725], [11.0201697, 50.9977167]]]}}, {"type": "Feature", "properties": {"id": "120203133_13810745", "height": 9.073650360107422, "type": null, "floors": null}, "geometry": {"type": "Polygon", "coordinates": [[[11.0197565, 50.9978784], [11.0198174, 50.9977851], [11.0203178, 50.9979143], [11.0202569, 50.9980077], [11.0197565, 50.9978784]]]}}, {"type": "Feature", "properties": {"id": "120203133_13807379", "height": 11.932861328125, "type": null, "floors": null}, "geometry": {"type": "Polygon", "coordinates": [[[11.019928, 50.9984084], [11.0189293, 50.9982415], [11.0189679, 50.9981501], [11.0201294, 50.9983441], [11.0200549, 50.9985208], [11.0200149, 50.9985141], [11.0198326, 50.9989461], [11.0198311, 50.9989459], [11.0197659, 50.9991004], [11.0196221, 50.9990764], [11.0198569, 50.9985197], [11.0198794, 50.9985235], [11.019928, 50.9984084]]]}}, {"type": "Feature", "properties": {"id": "120203133_13808232", "height": 7.898199558258057, "type": null, "floors": null}, "geometry": {"type": "Polygon", "coordinates": [[[11.0217871, 50.9993024], [11.0211191, 50.9992872], [11.0211104, 50.999439], [11.0209577, 50.9994355], [11.020992, 50.998836], [11.0208687, 50.9988332], [11.0208221, 50.9996492], [11.0204605, 50.999641], [11.0204587, 50.9996723], [11.0202229, 50.999667], [11.0202203, 50.9997132], [11.0199775, 50.9997077], [11.0199869, 50.9995435], [11.0202119, 50.9995486], [11.0202426, 50.9990125], [11.0203391, 50.9990147], [11.0203414, 50.9989742], [11.0204164, 50.9989759], [11.0204141, 50.9990164], [11.020488, 50.9990181], [11.0204997, 50.9988131], [11.0210328, 50.9988251], [11.0210385, 50.998725], [11.0210825, 50.998726], [11.0210847, 50.9986872], [11.0211651, 50.998689], [11.0211831, 50.9983738], [11.0215356, 50.9983818], [11.0215151, 50.9987399], [11.0218189, 50.9987468], [11.0217871, 50.9993024]]]}}, {"type": "Feature", "properties": {"id": "120203133_13749258", "height": 2.518008232116699, "type": null, "floors": null}, "geometry": {"type": "Polygon", "coordinates": [[[11.0228417, 50.9989992], [11.0228291, 50.9990794], [11.0228626, 50.9990815], [11.0228532, 50.9991417], [11.0227629, 50.9991361], [11.0227671, 50.9991093], [11.0226236, 50.9991004], [11.0226338, 50.9990352], [11.0227066, 50.9990397], [11.0227142, 50.9989912], [11.0228417, 50.9989992]]]}}, {"type": "Feature", "properties": {"id": "120203133_13721126", "height": 4.795501232147217, "type": null, "floors": null}, "geometry": {"type": "Polygon", "coordinates": [[[11.0222377, 50.9991339], [11.0222474, 50.9990755], [11.0222103, 50.999073], [11.0222161, 50.9990379], [11.0224416, 50.9990528], [11.0224302, 50.9991213], [11.0223745, 50.9991176], [11.0223703, 50.9991426], [11.0222377, 50.9991339]]]}}, {"type": "Feature", "properties": {"id": "120203133_13724504", "height": 5.223544120788574, "type": null, "floors": null}, "geometry": {"type": "Polygon", "coordinates": [[[11.0231653, 50.9992814], [11.0231847, 50.9992249], [11.0231386, 50.9992186], [11.0231862, 50.99908], [11.023363, 50.999104], [11.0233364, 50.9991814], [11.0233262, 50.99918], [11.0233012, 50.9992526], [11.0233781, 50.999263], [11.0233626, 50.9993082], [11.0231653, 50.9992814]]]}}, {"type": "Feature", "properties": {"id": "120203133_13799640", "height": 5.395952701568603, "type": null, "floors": null}, "geometry": {"type": "Polygon", "coordinates": [[[11.0222284, 50.9991558], [11.0224238, 50.9991618], [11.0224179, 50.9992383], [11.0222225, 50.9992324], [11.0222284, 50.9991558]]]}}, {"type": "Feature", "properties": {"id": "120203133_13797937", "height": 4.186722755432129, "type": null, "floors": null}, "geometry": {"type": "Polygon", "coordinates": [[[11.0225886, 50.9992869], [11.0225936, 50.9992179], [11.0226783, 50.9992203], [11.0226816, 50.9991748], [11.0228271, 50.999179], [11.0228188, 50.9992935], [11.0225886, 50.9992869]]]}}, {"type": "Feature", "properties": {"id": "120203133_13691932", "height": 3.9052906036376953, "type": null, "floors": null}, "geometry": {"type": "Polygon", "coordinates": [[[11.0230915, 50.9992132], [11.0230832, 50.9993125], [11.0228906, 50.9993062], [11.0228989, 50.9992069], [11.0230915, 50.9992132]]]}}, {"type": "Feature", "properties": {"id": "120203133_13675993", "height": 5.221418380737305, "type": null, "floors": null}, "geometry": {"type": "Polygon", "coordinates": [[[11.0223958, 50.9993583], [11.0222056, 50.9993537], [11.0222095, 50.999288], [11.0223997, 50.9992925], [11.0223958, 50.9993583]]]}}, {"type": "Feature", "properties": {"id": "120203133_13709984", "height": 4.333808422088623, "type": null, "floors": null}, "geometry": {"type": "Polygon", "coordinates": [[[11.0230101, 50.9993838], [11.0230159, 50.9994833], [11.0228417, 50.9994873], [11.0228376, 50.9994165], [11.0228885, 50.9994153], [11.0228869, 50.9993867], [11.0230101, 50.9993838]]]}}, {"type": "Feature", "properties": {"id": "120203133_13752610", "height": 3.979936838150024, "type": null, "floors": null}, "geometry": {"type": "Polygon", "coordinates": [[[11.0226399, 50.9994019], [11.0227549, 50.9993976], [11.0227642, 50.9994968], [11.0225932, 50.9995032], [11.0225859, 50.9994258], [11.022642, 50.9994237], [11.0226399, 50.9994019]]]}}, {"type": "Feature", "properties": {"id": "120203133_13672796", "height": 2.820754766464233, "type": null, "floors": null}, "geometry": {"type": "Polygon", "coordinates": [[[11.0255115, 50.9973263], [11.0254406, 50.997325], [11.0254424, 50.9972846], [11.0255133, 50.9972858], [11.0255115, 50.9973263]]]}}, {"type": "Feature", "properties": {"id": "120203133_13719360", "height": 4.663065433502197, "type": null, "floors": null}, "geometry": {"type": "Polygon", "coordinates": [[[11.0260666, 50.9974034], [11.0259926, 50.9974117], [11.0259425, 50.997236], [11.0260165, 50.9972276], [11.0260666, 50.9974034]]]}}, {"type": "Feature", "properties": {"id": "120203133_13827090", "height": 3.516793489456176, "type": null, "floors": null}, "geometry": {"type": "Polygon", "coordinates": [[[11.0251297, 50.9973714], [11.0251346, 50.9973133], [11.0251881, 50.997315], [11.0251907, 50.9972831], [11.0252683, 50.9972857], [11.0252607, 50.9973757], [11.0251297, 50.9973714]]]}}, {"type": "Feature", "properties": {"id": "120203133_13693648", "height": 7.164509773254394, "type": null, "floors": null}, "geometry": {"type": "Polygon", "coordinates": [[[11.0259237, 50.9974171], [11.0258246, 50.9974298], [11.0257828, 50.9973009], [11.0258819, 50.9972882], [11.0259237, 50.9974171]]]}}, {"type": "Feature", "properties": {"id": "120203133_13833980", "height": 7.978374004364014, "type": null, "floors": null}, "geometry": {"type": "Polygon", "coordinates": [[[11.0240508, 50.9973947], [11.0239999, 50.9976111], [11.0238503, 50.9975971], [11.0239012, 50.9973807], [11.0240508, 50.9973947]]]}}, {"type": "Feature", "properties": {"id": "120203133_13801377", "height": 6.054054260253906, "type": null, "floors": null}, "geometry": {"type": "Polygon", "coordinates": [[[11.0239932, 50.9977595], [11.0240173, 50.9977597], [11.0240156, 50.9978222], [11.0239914, 50.9978219], [11.0239932, 50.9977595]]]}}, {"type": "Feature", "properties": {"id": "120203133_13762736", "height": 6.315585613250732, "type": null, "floors": null}, "geometry": {"type": "Polygon", "coordinates": [[[11.0239169, 50.9977571], [11.0239878, 50.9977582], [11.0239853, 50.9978248], [11.0239144, 50.9978237], [11.0239169, 50.9977571]]]}}, {"type": "Feature", "properties": {"id": "120203133_13777331", "height": 4.062029838562012, "type": null, "floors": null}, "geometry": {"type": "Polygon", "coordinates": [[[11.0243417, 50.9977777], [11.0243354, 50.9978187], [11.0242185, 50.9978116], [11.0242248, 50.9977706], [11.0243417, 50.9977777]]]}}, {"type": "Feature", "properties": {"id": "120203133_13744151", "height": 5.529676914215088, "type": null, "floors": null}, "geometry": {"type": "Polygon", "coordinates": [[[11.0240116, 50.9978343], [11.0240063, 50.9979557], [11.0239071, 50.997954], [11.0239124, 50.9978326], [11.0240116, 50.9978343]]]}}, {"type": "Feature", "properties": {"id": "120203133_13760194", "height": 14.268380165100098, "type": null, "floors": null}, "geometry": {"type": "Polygon", "coordinates": [[[11.0264953, 50.9977311], [11.0264561, 50.9980372], [11.0265707, 50.998043], [11.0265431, 50.9982585], [11.0263006, 50.9982462], [11.0263128, 50.9981506], [11.0262276, 50.9981463], [11.0262321, 50.998111], [11.0261095, 50.9981048], [11.0261125, 50.9980814], [11.0258818, 50.9980697], [11.0259003, 50.9979254], [11.0262162, 50.9979414], [11.0262216, 50.9978995], [11.0262269, 50.9978998], [11.0262317, 50.9978629], [11.0261304, 50.9978577], [11.0261332, 50.9978359], [11.0260559, 50.997832], [11.0260538, 50.997848], [11.0260017, 50.9978454], [11.0260044, 50.9978244], [11.0251025, 50.9977786], [11.0251175, 50.9976612], [11.0264953, 50.9977311]]]}}, {"type": "Feature", "properties": {"id": "120203133_13671016", "height": 6.497315883636475, "type": null, "floors": null}, "geometry": {"type": "Polygon", "coordinates": [[[11.0278936, 50.9975191], [11.027999, 50.9974554], [11.028111, 50.9975287], [11.0278851, 50.9976653], [11.0277846, 50.9975995], [11.0278738, 50.9975456], [11.02791, 50.9975693], [11.0279413, 50.9975503], [11.0278936, 50.9975191]]]}}, {"type": "Feature", "properties": {"id": "120203133_13740714", "height": 4.251959800720215, "type": null, "floors": null}, "geometry": {"type": "Polygon", "coordinates": [[[11.0276547, 50.9975482], [11.0277591, 50.9975514], [11.027756, 50.9975901], [11.0276517, 50.9975869], [11.0276547, 50.9975482]]]}}, {"type": "Feature", "properties": {"id": "120203133_13750970", "height": 3.262854099273681, "type": null, "floors": null}, "geometry": {"type": "Polygon", "coordinates": [[[11.0283005, 50.9976386], [11.0283139, 50.9976046], [11.0285525, 50.997642], [11.028539, 50.997676], [11.0283005, 50.9976386]]]}}, {"type": "Feature", "properties": {"id": "120203133_13827926", "height": 5.3285298347473145, "type": null, "floors": null}, "geometry": {"type": "Polygon", "coordinates": [[[11.0270402, 50.9976938], [11.0270495, 50.9976125], [11.0275951, 50.9976371], [11.0275902, 50.9976798], [11.0274049, 50.9976715], [11.0274005, 50.9977101], [11.0270402, 50.9976938]]]}}, {"type": "Feature", "properties": {"id": "120203133_13787601", "height": 6.519259929656982, "type": null, "floors": null}, "geometry": {"type": "Polygon", "coordinates": [[[11.0282986, 50.9976755], [11.0281666, 50.9977423], [11.0280788, 50.9976736], [11.0282108, 50.9976068], [11.0282986, 50.9976755]]]}}, {"type": "Feature", "properties": {"id": "120203133_13712475", "height": 6.114060878753662, "type": null, "floors": null}, "geometry": {"type": "Polygon", "coordinates": [[[11.0288804, 50.9976668], [11.0288629, 50.9978094], [11.0282976, 50.9977819], [11.0283073, 50.997703], [11.0285073, 50.9977128], [11.0285055, 50.9977279], [11.0286841, 50.9977366], [11.0286938, 50.9976577], [11.0288804, 50.9976668]]]}}, {"type": "Feature", "properties": {"id": "120203133_13801379", "height": 14.403393745422363, "type": null, "floors": null}, "geometry": {"type": "Polygon", "coordinates": [[[11.0269859, 50.9975408], [11.0270542, 50.9979574], [11.0270816, 50.9979607], [11.0270894, 50.9980081], [11.0270625, 50.9980242], [11.0270748, 50.9980992], [11.0271522, 50.998074], [11.0271184, 50.9980329], [11.0271606, 50.9980076], [11.0272458, 50.9980639], [11.0272596, 50.9980807], [11.0270147, 50.9982274], [11.0268917, 50.9982354], [11.0268875, 50.9982094], [11.0268979, 50.9981747], [11.0267858, 50.9974908], [11.0267986, 50.9974866], [11.0268094, 50.9974506], [11.0267611, 50.9974449], [11.0267412, 50.9974205], [11.0266933, 50.9974148], [11.0267238, 50.9973965], [11.0267135, 50.9973953], [11.0266628, 50.9973618], [11.0266513, 50.9972917], [11.0271012, 50.9973452], [11.027084, 50.9974024], [11.0269681, 50.99744], [11.0269551, 50.9974833], [11.0269703, 50.9974933], [11.0271418, 50.9975137], [11.0271286, 50.9975577], [11.0269859, 50.9975408]]]}}, {"type": "Feature", "properties": {"id": "120203133_13804820", "height": 10.932385444641112, "type": null, "floors": null}, "geometry": {"type": "Polygon", "coordinates": [[[11.0278538, 50.9976925], [11.0273865, 50.9979797], [11.0272659, 50.997902], [11.0277331, 50.9976147], [11.0278538, 50.9976925]]]}}, {"type": "Feature", "properties": {"id": "120203133_13674476", "height": 8.336960792541504, "type": null, "floors": null}, "geometry": {"type": "Polygon", "coordinates": [[[11.0276228, 50.9979384], [11.027939, 50.997765], [11.0280288, 50.9978298], [11.0277696, 50.997972], [11.027737, 50.9979484], [11.0276799, 50.9979797], [11.0276228, 50.9979384]]]}}, {"type": "Feature", "properties": {"id": "120203133_13839260", "height": 5.642993927001953, "type": null, "floors": null}, "geometry": {"type": "Polygon", "coordinates": [[[11.027985, 50.9980637], [11.0278819, 50.9980626], [11.0278834, 50.9980112], [11.0278413, 50.9979806], [11.0278416, 50.9979685], [11.0278825, 50.9979462], [11.0278831, 50.997924], [11.0279374, 50.9978944], [11.0279739, 50.9978948], [11.0281453, 50.9978015], [11.0281727, 50.9978018], [11.0282109, 50.997781], [11.0283203, 50.9977822], [11.0279878, 50.9979632], [11.027985, 50.9980637]]]}}, {"type": "Feature", "properties": {"id": "120203133_13803099", "height": 5.156968116760254, "type": null, "floors": null}, "geometry": {"type": "Polygon", "coordinates": [[[11.0228803, 50.9980464], [11.0230761, 50.997391], [11.0232082, 50.9974066], [11.0231931, 50.9974572], [11.0232588, 50.997465], [11.0231454, 50.9976031], [11.0231407, 50.9976187], [11.0232803, 50.9976642], [11.0233555, 50.9975726], [11.023471, 50.9975863], [11.0234175, 50.9977654], [11.0234333, 50.99778], [11.0234849, 50.9977172], [11.0236869, 50.997783], [11.0236135, 50.9978723], [11.0234141, 50.9978487], [11.0234047, 50.9978802], [11.0235245, 50.9979192], [11.0234916, 50.9980293], [11.0234254, 50.9980215], [11.0234446, 50.997957], [11.0233047, 50.9979405], [11.0233158, 50.9979036], [11.0232218, 50.997873], [11.0232073, 50.9979214], [11.02311, 50.9979099], [11.0231037, 50.9979312], [11.0230187, 50.9979675], [11.0230844, 50.9980284], [11.0231475, 50.9980359], [11.0231353, 50.9980766], [11.0228803, 50.9980464]]]}}, {"type": "Feature", "properties": {"id": "120203133_13827084", "height": 2.038167953491211, "type": null, "floors": null}, "geometry": {"type": "Polygon", "coordinates": [[[11.020953, 50.9977755], [11.0210169, 50.9977608], [11.0210359, 50.9977936], [11.0209719, 50.9978083], [11.020953, 50.9977755]]]}}, {"type": "Feature", "properties": {"id": "120203133_13804811", "height": 2.230969905853271, "type": null, "floors": null}, "geometry": {"type": "Polygon", "coordinates": [[[11.0227764, 50.9980392], [11.0226719, 50.9980373], [11.0226765, 50.9979378], [11.022781, 50.9979397], [11.0227764, 50.9980392]]]}}, {"type": "Feature", "properties": {"id": "120203133_13767080", "height": 3.333333253860473, "type": null, "floors": null}, "geometry": {"type": "Polygon", "coordinates": [[[11.0222254, 50.9980529], [11.0222323, 50.9981448], [11.0221077, 50.9981485], [11.0221008, 50.9980566], [11.0222254, 50.9980529]]]}}, {"type": "Feature", "properties": {"id": "120203133_13784943", "height": 7.540846824645996, "type": null, "floors": null}, "geometry": {"type": "Polygon", "coordinates": [[[11.0236276, 50.9980661], [11.0236208, 50.9980872], [11.0236775, 50.9980944], [11.0236514, 50.9981755], [11.0234648, 50.9981517], [11.0234815, 50.9980998], [11.0235161, 50.9981042], [11.0235323, 50.998054], [11.0236276, 50.9980661]]]}}, {"type": "Feature", "properties": {"id": "120203133_13703066", "height": 5.333396911621094, "type": null, "floors": null}, "geometry": {"type": "Polygon", "coordinates": [[[11.0210622, 50.9981891], [11.0210817, 50.9981291], [11.0208577, 50.9981003], [11.0208778, 50.9980387], [11.0211764, 50.9980772], [11.0211369, 50.9981987], [11.0210622, 50.9981891]]]}}, {"type": "Feature", "properties": {"id": "120203133_13669213", "height": 2.017274379730224, "type": null, "floors": null}, "geometry": {"type": "Polygon", "coordinates": [[[11.023311, 50.9981404], [11.0233208, 50.9981078], [11.0233907, 50.9981161], [11.0233809, 50.9981487], [11.023311, 50.9981404]]]}}, {"type": "Feature", "properties": {"id": "120203133_13790973", "height": 2.966386556625366, "type": null, "floors": null}, "geometry": {"type": "Polygon", "coordinates": [[[11.0221097, 50.998152], [11.0220697, 50.9981539], [11.0220664, 50.9981271], [11.0221064, 50.9981251], [11.0221097, 50.998152]]]}}, {"type": "Feature", "properties": {"id": "120203133_13826240", "height": 2.041733503341675, "type": null, "floors": null}, "geometry": {"type": "Polygon", "coordinates": [[[11.0215073, 50.9982879], [11.0216314, 50.998264], [11.0216408, 50.9982835], [11.0215928, 50.9982927], [11.0215939, 50.9982949], [11.0215178, 50.9983095], [11.0215073, 50.9982879]]]}}, {"type": "Feature", "properties": {"id": "120203133_13761076", "height": 4.997534275054932, "type": null, "floors": null}, "geometry": {"type": "Polygon", "coordinates": [[[11.022779, 50.9981072], [11.0228197, 50.9983005], [11.022672, 50.9983128], [11.0226637, 50.998273], [11.0224581, 50.9982902], [11.0224804, 50.9983963], [11.0228653, 50.9983642], [11.0228859, 50.9984621], [11.0226302, 50.9984834], [11.0226225, 50.9984469], [11.0221059, 50.99849], [11.0220926, 50.998427], [11.022285, 50.9984109], [11.0222661, 50.9983213], [11.0218866, 50.998353], [11.0218709, 50.9982783], [11.0220765, 50.9982612], [11.022066, 50.9982114], [11.0223164, 50.9981906], [11.0223227, 50.9982204], [11.0225652, 50.9982002], [11.0225584, 50.9981677], [11.0227192, 50.9981543], [11.0227104, 50.9981129], [11.022779, 50.9981072]]]}}, {"type": "Feature", "properties": {"id": "120203133_13691069", "height": 5.7418293952941895, "type": null, "floors": null}, "geometry": {"type": "Polygon", "coordinates": [[[11.0287728, 50.9975102], [11.0289211, 50.9975242], [11.0289035, 50.9975979], [11.0285716, 50.9975665], [11.0285801, 50.9975308], [11.0287637, 50.9975482], [11.0287728, 50.9975102]]]}}, {"type": "Feature", "properties": {"id": "120203133_13774766", "height": 3.239445447921753, "type": null, "floors": null}, "geometry": {"type": "Polygon", "coordinates": [[[11.0288891, 50.9977234], [11.0288965, 50.9976834], [11.0290738, 50.9976964], [11.0290664, 50.9977364], [11.0288891, 50.9977234]]]}}, {"type": "Feature", "properties": {"id": "120203133_13774768", "height": 11.9384126663208, "type": null, "floors": null}, "geometry": {"type": "Polygon", "coordinates": [[[11.0296477, 50.9981357], [11.0296489, 50.9981087], [11.0296355, 50.9981084], [11.0296543, 50.9976884], [11.0295766, 50.9976871], [11.0295863, 50.9974695], [11.0296641, 50.9974709], [11.0296699, 50.997341], [11.0296136, 50.99734], [11.0296178, 50.9972472], [11.0298509, 50.9972514], [11.0298483, 50.9973087], [11.0298832, 50.9973093], [11.0298805, 50.99737], [11.0298644, 50.9973698], [11.0298566, 50.9975435], [11.0298432, 50.9975433], [11.0298111, 50.9982601], [11.0273722, 50.9982168], [11.0273776, 50.9980954], [11.0296477, 50.9981357]]]}}, {"type": "Feature", "properties": {"id": "120203133_13768777", "height": 6.01291036605835, "type": null, "floors": null}, "geometry": {"type": "Polygon", "coordinates": [[[11.0290808, 50.9977822], [11.0290783, 50.9978226], [11.0288706, 50.9978175], [11.0288731, 50.997777], [11.0290808, 50.9977822]]]}}, {"type": "Feature", "properties": {"id": "120203133_13767943", "height": 9.785740852355955, "type": null, "floors": null}, "geometry": {"type": "Polygon", "coordinates": [[[11.0294155, 50.9979537], [11.0294129, 50.9980779], [11.0293137, 50.9980771], [11.0293163, 50.9979529], [11.0294155, 50.9979537]]]}}, {"type": "Feature", "properties": {"id": "120203133_13692805", "height": 7.101998805999756, "type": null, "floors": null}, "geometry": {"type": "Polygon", "coordinates": [[[11.0288717, 50.9979643], [11.0289307, 50.997965], [11.0289278, 50.9980763], [11.0288688, 50.9980757], [11.0288717, 50.9979643]]]}}, {"type": "Feature", "properties": {"id": "120203133_13725344", "height": 6.028519630432129, "type": null, "floors": null}, "geometry": {"type": "Polygon", "coordinates": [[[11.0286587, 50.9979853], [11.0287391, 50.9979871], [11.0287338, 50.9980798], [11.0286535, 50.998078], [11.0286587, 50.9979853]]]}}, {"type": "Feature", "properties": {"id": "120203133_13711677", "height": 4.846656799316406, "type": null, "floors": null}, "geometry": {"type": "Polygon", "coordinates": [[[11.0290586, 50.9980905], [11.0290552, 50.9979937], [11.0291839, 50.9979919], [11.0291873, 50.9980887], [11.0290586, 50.9980905]]]}}, {"type": "Feature", "properties": {"id": "120203133_13734755", "height": 10.074542999267578, "type": null, "floors": null}, "geometry": {"type": "Polygon", "coordinates": [[[11.0307724, 50.998157], [11.0307693, 50.9982515], [11.0304288, 50.9982471], [11.0304319, 50.9981526], [11.0307724, 50.998157]]]}}, {"type": "Feature", "properties": {"id": "120203133_13833150", "height": 6.374558925628662, "type": null, "floors": null}, "geometry": {"type": "Polygon", "coordinates": [[[11.0302165, 50.9984865], [11.0301904, 50.9988267], [11.0300218, 50.9988215], [11.0300375, 50.9986178], [11.0300214, 50.9986173], [11.0300379, 50.9984023], [11.0302707, 50.9984094], [11.0302734, 50.9983751], [11.0303322, 50.9983769], [11.0303215, 50.9985167], [11.0302733, 50.9985152], [11.0302754, 50.9984883], [11.0302165, 50.9984865]]]}}, {"type": "Feature", "properties": {"id": "120203133_13749262", "height": 4.229390621185303, "type": null, "floors": null}, "geometry": {"type": "Polygon", "coordinates": [[[11.0237131, 50.9982547], [11.0236656, 50.9982511], [11.0236756, 50.9981988], [11.0237231, 50.9982024], [11.0237131, 50.9982547]]]}}, {"type": "Feature", "properties": {"id": "120203133_13788417", "height": 6.277104377746582, "type": null, "floors": null}, "geometry": {"type": "Polygon", "coordinates": [[[11.0237278, 50.9981982], [11.0237309, 50.9981807], [11.023952, 50.9981959], [11.0239358, 50.9982893], [11.0238165, 50.9982811], [11.0238297, 50.9982052], [11.0237278, 50.9981982]]]}}, {"type": "Feature", "properties": {"id": "120203133_13687653", "height": 4.997646808624268, "type": null, "floors": null}, "geometry": {"type": "Polygon", "coordinates": [[[11.0242239, 50.9983567], [11.0242171, 50.9983812], [11.0241795, 50.9983771], [11.0241707, 50.998409], [11.024051, 50.9983958], [11.0240793, 50.9982943], [11.0244473, 50.9983349], [11.0244347, 50.9983799], [11.0242239, 50.9983567]]]}}, {"type": "Feature", "properties": {"id": "120203133_13821093", "height": 2.291970729827881, "type": null, "floors": null}, "geometry": {"type": "Polygon", "coordinates": [[[11.0242377, 50.9985101], [11.024257, 50.9984571], [11.024335, 50.9984684], [11.0243156, 50.9985213], [11.0242377, 50.9985101]]]}}, {"type": "Feature", "properties": {"id": "120203133_13782418", "height": 7.079034328460693, "type": null, "floors": null}, "geometry": {"type": "Polygon", "coordinates": [[[11.0241354, 50.9984446], [11.0241267, 50.9985557], [11.0240037, 50.9985519], [11.0240123, 50.9984408], [11.0241354, 50.9984446]]]}}, {"type": "Feature", "properties": {"id": "120203133_13704877", "height": 3.118349552154541, "type": null, "floors": null}, "geometry": {"type": "Polygon", "coordinates": [[[11.0241221, 50.9985603], [11.02414, 50.9985149], [11.024227, 50.9985285], [11.0242091, 50.9985739], [11.0241221, 50.9985603]]]}}, {"type": "Feature", "properties": {"id": "120203133_13790121", "height": 5.463925838470459, "type": null, "floors": null}, "geometry": {"type": "Polygon", "coordinates": [[[11.0257207, 50.9985407], [11.0259392, 50.9985458], [11.0259362, 50.9985972], [11.0257176, 50.9985921], [11.0257207, 50.9985407]]]}}, {"type": "Feature", "properties": {"id": "120203133_13712467", "height": 4.653112888336182, "type": null, "floors": null}, "geometry": {"type": "Polygon", "coordinates": [[[11.0239779, 50.9985707], [11.0241655, 50.9985992], [11.0241344, 50.9986805], [11.0239468, 50.9986521], [11.0239779, 50.9985707]]]}}, {"type": "Feature", "properties": {"id": "120203133_13786745", "height": 8.887459754943848, "type": null, "floors": null}, "geometry": {"type": "Polygon", "coordinates": [[[11.0249629, 50.99867], [11.0252348, 50.9986958], [11.0253218, 50.9986411], [11.0253535, 50.9987155], [11.0261117, 50.9987874], [11.0261365, 50.9986839], [11.0260643, 50.9986604], [11.0260842, 50.9986362], [11.0261848, 50.9986458], [11.0263756, 50.998414], [11.0265786, 50.9984333], [11.0261957, 50.9988983], [11.0247212, 50.9987585], [11.0247326, 50.9987107], [11.0246119, 50.9986992], [11.0246493, 50.9986538], [11.0246721, 50.998656], [11.0246933, 50.9987058], [11.0247791, 50.9986518], [11.0244738, 50.9986228], [11.0245857, 50.9986593], [11.0245623, 50.9986878], [11.0244247, 50.9986747], [11.0244145, 50.9987176], [11.0242849, 50.9987054], [11.024324, 50.998542], [11.0247893, 50.9985861], [11.0247747, 50.9986471], [11.0248601, 50.9986552], [11.0248929, 50.9985182], [11.0250959, 50.9985375], [11.0250685, 50.9986522], [11.0249629, 50.99867]]]}}, {"type": "Feature", "properties": {"id": "120203133_13768769", "height": 5.392971992492676, "type": null, "floors": null}, "geometry": {"type": "Polygon", "coordinates": [[[11.0259278, 50.9986382], [11.0261096, 50.9986744], [11.0260672, 50.9987588], [11.0258853, 50.9987226], [11.0259278, 50.9986382]]]}}, {"type": "Feature", "properties": {"id": "120203133_13750962", "height": 6.459068298339844, "type": null, "floors": null}, "geometry": {"type": "Polygon", "coordinates": [[[11.0233762, 50.998186], [11.0233244, 50.9982841], [11.0233854, 50.9982969], [11.0233903, 50.9983117], [11.0233335, 50.9984193], [11.0233608, 50.9984157], [11.0236747, 50.9984814], [11.0236831, 50.9985067], [11.0237473, 50.9984982], [11.023697, 50.9983469], [11.0236698, 50.9983412], [11.0236943, 50.9982948], [11.0238054, 50.998318], [11.0238219, 50.9982869], [11.0238998, 50.9983032], [11.0239441, 50.9984365], [11.0238381, 50.9986371], [11.0228901, 50.9984388], [11.0231118, 50.9984097], [11.0231236, 50.9983873], [11.0232627, 50.9984164], [11.0232707, 50.9984012], [11.0231992, 50.9983862], [11.0232514, 50.9982874], [11.0230317, 50.9982415], [11.0230561, 50.9983148], [11.0230001, 50.9984209], [11.0228882, 50.9980839], [11.0233762, 50.998186]]]}}, {"type": "Feature", "properties": {"id": "120203133_13742407", "height": 6.652981281280518, "type": null, "floors": null}, "geometry": {"type": "Polygon", "coordinates": [[[11.0207373, 50.9986156], [11.0207415, 50.9985661], [11.0206575, 50.9985633], [11.0206664, 50.9984579], [11.0207986, 50.9984624], [11.0208099, 50.9983294], [11.0207805, 50.9983284], [11.0207892, 50.9982257], [11.0208855, 50.998229], [11.02089, 50.9981751], [11.0210585, 50.9981808], [11.0210538, 50.9982363], [11.0211127, 50.9982383], [11.0210797, 50.9986271], [11.0207373, 50.9986156]]]}}, {"type": "Feature", "properties": {"id": "120203133_13808235", "height": 3.820852041244507, "type": null, "floors": null}, "geometry": {"type": "Polygon", "coordinates": [[[11.0229452, 50.9984817], [11.0230885, 50.9984972], [11.0230662, 50.9985792], [11.0231547, 50.9985887], [11.0231244, 50.9987002], [11.0230019, 50.998687], [11.0229828, 50.998757], [11.0229102, 50.9987733], [11.0227863, 50.99876], [11.0228573, 50.998744], [11.022644, 50.998721], [11.0226533, 50.9986865], [11.0226064, 50.9986815], [11.0226189, 50.9986356], [11.0226784, 50.9986222], [11.0226278, 50.9985331], [11.0226681, 50.998524], [11.0226769, 50.9984916], [11.0227418, 50.998477], [11.0228193, 50.9986133], [11.0228324, 50.9986147], [11.0228539, 50.9986525], [11.0229286, 50.9986605], [11.0229633, 50.9985335], [11.0229627, 50.9985326], [11.0229322, 50.9985293], [11.0229452, 50.9984817]]]}}, {"type": "Feature", "properties": {"id": "120203133_13793666", "height": 2.929032325744629, "type": null, "floors": null}, "geometry": {"type": "Polygon", "coordinates": [[[11.0224862, 50.9987607], [11.0226228, 50.9987637], [11.0226198, 50.9988201], [11.0224831, 50.9988171], [11.0224862, 50.9987607]]]}}, {"type": "Feature", "properties": {"id": "120203133_13835741", "height": 4.6405181884765625, "type": null, "floors": null}, "geometry": {"type": "Polygon", "coordinates": [[[11.0236798, 50.9988689], [11.0231841, 50.9988219], [11.0231972, 50.9987674], [11.0233336, 50.9987804], [11.023347, 50.9987242], [11.0235437, 50.9987429], [11.0235287, 50.9988056], [11.0236362, 50.9988159], [11.0236639, 50.9987003], [11.0238108, 50.9987143], [11.0237597, 50.9989272], [11.0236679, 50.9989185], [11.0236798, 50.9988689]]]}}, {"type": "Feature", "properties": {"id": "120203133_13815064", "height": 3.798196077346801, "type": null, "floors": null}, "geometry": {"type": "Polygon", "coordinates": [[[11.0222298, 50.9988008], [11.0224228, 50.9988041], [11.0224201, 50.9988665], [11.0222272, 50.9988633], [11.0222298, 50.9988008]]]}}, {"type": "Feature", "properties": {"id": "120203133_13748391", "height": 3.563602924346924, "type": null, "floors": null}, "geometry": {"type": "Polygon", "coordinates": [[[11.0226494, 50.9989331], [11.0226547, 50.9988657], [11.0227419, 50.9988684], [11.0227456, 50.998822], [11.0228671, 50.9988258], [11.0228581, 50.9989396], [11.0226494, 50.9989331]]]}}, {"type": "Feature", "properties": {"id": "120203133_13787593", "height": 3.521579027175903, "type": null, "floors": null}, "geometry": {"type": "Polygon", "coordinates": [[[11.0230075, 50.9989597], [11.0230326, 50.9988721], [11.0231277, 50.998883], [11.0231025, 50.9989705], [11.0230075, 50.9989597]]]}}, {"type": "Feature", "properties": {"id": "120203133_13728690", "height": 4.684229850769043, "type": null, "floors": null}, "geometry": {"type": "Polygon", "coordinates": [[[11.0224289, 50.998926], [11.0224247, 50.99899], [11.0222319, 50.9989849], [11.0222361, 50.9989209], [11.0224289, 50.998926]]]}}, {"type": "Feature", "properties": {"id": "120203133_13797935", "height": 3.577844381332397, "type": null, "floors": null}, "geometry": {"type": "Polygon", "coordinates": [[[11.0223046, 50.9989886], [11.0223761, 50.9989937], [11.0223723, 50.9990146], [11.0223008, 50.9990096], [11.0223046, 50.9989886]]]}}, {"type": "Feature", "properties": {"id": "120203133_13738151", "height": 5.121277332305908, "type": null, "floors": null}, "geometry": {"type": "Polygon", "coordinates": [[[11.0284548, 50.9978038], [11.0284523, 50.9978459], [11.0284122, 50.997845], [11.0284052, 50.9979664], [11.0284239, 50.9979668], [11.0284183, 50.9980646], [11.0283165, 50.9980623], [11.0283315, 50.997801], [11.0284548, 50.9978038]]]}}, {"type": "Feature", "properties": {"id": "120203133_13803940", "height": 3.565116167068481, "type": null, "floors": null}, "geometry": {"type": "Polygon", "coordinates": [[[11.0261315, 50.9985901], [11.0261195, 50.9986239], [11.0260097, 50.9986084], [11.0260217, 50.9985746], [11.0261315, 50.9985901]]]}}, {"type": "Feature", "properties": {"id": "120203133_13748400", "height": 2.820230722427368, "type": null, "floors": null}, "geometry": {"type": "Polygon", "coordinates": [[[11.0279369, 50.9989072], [11.0278109, 50.9989053], [11.0278135, 50.9988368], [11.0279395, 50.9988387], [11.0279369, 50.9989072]]]}}, {"type": "Feature", "properties": {"id": "120203133_13790985", "height": 2.18879771232605, "type": null, "floors": null}, "geometry": {"type": "Polygon", "coordinates": [[[11.0280317, 50.9988929], [11.0280341, 50.9988449], [11.0283798, 50.9988517], [11.0283774, 50.9988996], [11.0280317, 50.9988929]]]}}, {"type": "Feature", "properties": {"id": "120203133_13761908", "height": 2.570475339889526, "type": null, "floors": null}, "geometry": {"type": "Polygon", "coordinates": [[[11.0280097, 50.9989314], [11.0279427, 50.9989303], [11.0279462, 50.9988493], [11.0280132, 50.9988505], [11.0280097, 50.9989314]]]}}, {"type": "Feature", "properties": {"id": "120203133_13789255", "height": 11.099665641784668, "type": null, "floors": null}, "geometry": {"type": "Polygon", "coordinates": [[[11.0298336, 50.9984375], [11.0297805, 50.9994881], [11.0287955, 50.9994683], [11.0288013, 50.9993537], [11.029567, 50.999369], [11.0295402, 50.9993608], [11.0295507, 50.9991526], [11.0292533, 50.9991467], [11.0292453, 50.9993051], [11.0288544, 50.9991851], [11.0288707, 50.9988622], [11.0292013, 50.9988688], [11.0291969, 50.9989554], [11.0293754, 50.998959], [11.0293702, 50.9990612], [11.0294804, 50.9990634], [11.0295219, 50.999094], [11.0295656, 50.9990377], [11.0295898, 50.9985592], [11.0277731, 50.9985228], [11.0277585, 50.9988119], [11.0271402, 50.9987995], [11.0275645, 50.9991123], [11.0272588, 50.9990184], [11.0272572, 50.9990493], [11.0270573, 50.9990453], [11.0270753, 50.9986896], [11.0270965, 50.9986961], [11.0271123, 50.998383], [11.0298336, 50.9984375]]]}}, {"type": "Feature", "properties": {"id": "120203133_13769605", "height": 2.98180079460144, "type": null, "floors": null}, "geometry": {"type": "Polygon", "coordinates": [[[11.028489, 50.9988779], [11.0284832, 50.9989994], [11.0284055, 50.9989979], [11.0284113, 50.9988765], [11.028489, 50.9988779]]]}}, {"type": "Feature", "properties": {"id": "120203133_13762739", "height": 4.100788593292236, "type": null, "floors": null}, "geometry": {"type": "Polygon", "coordinates": [[[11.0276804, 50.9990277], [11.0274754, 50.999042], [11.027466, 50.9989886], [11.0274766, 50.9989879], [11.0274698, 50.9989495], [11.0275784, 50.998942], [11.0275743, 50.9989186], [11.0276602, 50.9989126], [11.0276804, 50.9990277]]]}}, {"type": "Feature", "properties": {"id": "120203133_13775664", "height": 1.747211456298828, "type": null, "floors": null}, "geometry": {"type": "Polygon", "coordinates": [[[11.0282774, 50.9991147], [11.0280092, 50.9991169], [11.0280073, 50.9990282], [11.0280438, 50.9990279], [11.0280433, 50.9990018], [11.0283742, 50.9989991], [11.0283755, 50.9990622], [11.0282763, 50.999063], [11.0282774, 50.9991147]]]}}, {"type": "Feature", "properties": {"id": "120203133_13699687", "height": 6.12299394607544, "type": null, "floors": null}, "geometry": {"type": "Polygon", "coordinates": [[[11.0272982, 50.9990654], [11.0273393, 50.9991485], [11.0272733, 50.9991615], [11.0273168, 50.9992492], [11.0272058, 50.9992709], [11.0271212, 50.9991001], [11.0272982, 50.9990654]]]}}, {"type": "Feature", "properties": {"id": "120203133_13789248", "height": 6.357509613037109, "type": null, "floors": null}, "geometry": {"type": "Polygon", "coordinates": [[[11.0234659, 50.9990076], [11.0234769, 50.9989476], [11.0237522, 50.9989675], [11.0237172, 50.9991591], [11.0235716, 50.9991486], [11.0235956, 50.999017], [11.0234659, 50.9990076]]]}}, {"type": "Feature", "properties": {"id": "120203133_13793671", "height": 3.957037925720215, "type": null, "floors": null}, "geometry": {"type": "Polygon", "coordinates": [[[11.0246381, 50.9990517], [11.0246537, 50.999003], [11.0250677, 50.9990554], [11.0250522, 50.999104], [11.0246381, 50.9990517]]]}}, {"type": "Feature", "properties": {"id": "120203133_13777329", "height": 8.588253021240234, "type": null, "floors": null}, "geometry": {"type": "Polygon", "coordinates": [[[11.0239485, 50.9987934], [11.0260983, 50.998973], [11.0261208, 50.9989856], [11.0260744, 50.9992056], [11.025766, 50.9991799], [11.0257495, 50.9992578], [11.0256494, 50.9992495], [11.0256739, 50.9991334], [11.0257719, 50.9991416], [11.0259236, 50.9990344], [11.0258406, 50.9990274], [11.0257957, 50.9990591], [11.0240361, 50.9989121], [11.0240312, 50.9989353], [11.0241999, 50.9989494], [11.0241985, 50.9989561], [11.0245939, 50.9989891], [11.0245774, 50.9990671], [11.0244957, 50.9990602], [11.0244463, 50.9992943], [11.0243157, 50.9993865], [11.0238491, 50.9991249], [11.0238544, 50.9990995], [11.0241722, 50.999126], [11.0241957, 50.9991094], [11.024216, 50.9990132], [11.0239946, 50.9989947], [11.0239809, 50.9990594], [11.0238939, 50.9990522], [11.0239485, 50.9987934]]]}}, {"type": "Feature", "properties": {"id": "120203133_13818480", "height": 5.408653736114502, "type": null, "floors": null}, "geometry": {"type": "Polygon", "coordinates": [[[11.0256461, 50.9991858], [11.0256231, 50.9992181], [11.0255502, 50.9991976], [11.0255732, 50.9991653], [11.0256461, 50.9991858]]]}}, {"type": "Feature", "properties": {"id": "120203133_13811604", "height": 4.799886703491211, "type": null, "floors": null}, "geometry": {"type": "Polygon", "coordinates": [[[11.0248962, 50.9993239], [11.0245902, 50.9992476], [11.0246614, 50.9991345], [11.0249674, 50.9992109], [11.0248962, 50.9993239]]]}}, {"type": "Feature", "properties": {"id": "120203133_13833143", "height": 6.659082412719727, "type": null, "floors": null}, "geometry": {"type": "Polygon", "coordinates": [[[11.025957, 50.9992264], [11.0259261, 50.9993033], [11.0257798, 50.99928], [11.0258107, 50.9992031], [11.025957, 50.9992264]]]}}, {"type": "Feature", "properties": {"id": "120203133_13812458", "height": 7.160755634307861, "type": null, "floors": null}, "geometry": {"type": "Polygon", "coordinates": [[[11.0237148, 50.9991929], [11.0236571, 50.99935], [11.0234611, 50.9993214], [11.0235005, 50.9992141], [11.0235199, 50.9992169], [11.0235382, 50.9991672], [11.0237148, 50.9991929]]]}}, {"type": "Feature", "properties": {"id": "120203133_13823711", "height": 2.655038833618164, "type": null, "floors": null}, "geometry": {"type": "Polygon", "coordinates": [[[11.0249837, 50.9992831], [11.0250071, 50.9992439], [11.0251637, 50.9992809], [11.0251404, 50.9993201], [11.0249837, 50.9992831]]]}}, {"type": "Feature", "properties": {"id": "120203133_13688517", "height": 6.4141998291015625, "type": null, "floors": null}, "geometry": {"type": "Polygon", "coordinates": [[[11.0237095, 50.9995241], [11.0237869, 50.9993596], [11.0239028, 50.9993812], [11.0238506, 50.9994922], [11.0240552, 50.9995304], [11.02406, 50.9995203], [11.0241143, 50.9995304], [11.0240902, 50.9995816], [11.0240103, 50.9995667], [11.0240045, 50.9995791], [11.0237095, 50.9995241]]]}}, {"type": "Feature", "properties": {"id": "120203133_13769595", "height": 6.625392436981201, "type": null, "floors": null}, "geometry": {"type": "Polygon", "coordinates": [[[11.0240662, 50.9994902], [11.024142, 50.9994135], [11.0243046, 50.999477], [11.0242288, 50.9995538], [11.0240662, 50.9994902]]]}}, {"type": "Feature", "properties": {"id": "120203133_13802261", "height": 2.037516117095947, "type": null, "floors": null}, "geometry": {"type": "Polygon", "coordinates": [[[11.0305992, 50.9990995], [11.0306707, 50.9991128], [11.0306495, 50.9991578], [11.030578, 50.9991445], [11.0305992, 50.9990995]]]}}, {"type": "Feature", "properties": {"id": "120203133_13744167", "height": 3.68074083328247, "type": null, "floors": null}, "geometry": {"type": "Polygon", "coordinates": [[[11.0293325, 50.999212], [11.0294666, 50.9992137], [11.0294651, 50.9992593], [11.0293311, 50.9992575], [11.0293325, 50.999212]]]}}, {"type": "Feature", "properties": {"id": "120203133_13838419", "height": 6.571304321289063, "type": null, "floors": null}, "geometry": {"type": "Polygon", "coordinates": [[[11.0288461, 50.999225], [11.0289104, 50.9992266], [11.0289053, 50.9993075], [11.028841, 50.9993059], [11.0288461, 50.999225]]]}}, {"type": "Feature", "properties": {"id": "120203133_13726221", "height": 2.211899757385254, "type": null, "floors": null}, "geometry": {"type": "Polygon", "coordinates": [[[11.0293431, 50.9993247], [11.0292771, 50.9993239], [11.0292793, 50.9992581], [11.0293453, 50.9992589], [11.0293431, 50.9993247]]]}}, {"type": "Feature", "properties": {"id": "120203133_13784949", "height": 3.800711631774902, "type": null, "floors": null}, "geometry": {"type": "Polygon", "coordinates": [[[11.0300147, 50.9994828], [11.0300604, 50.9993982], [11.0301278, 50.9993904], [11.030052, 50.9993742], [11.0301109, 50.9992653], [11.0302069, 50.9992103], [11.0301268, 50.9992195], [11.0301078, 50.9991539], [11.0301559, 50.9991264], [11.0302689, 50.9992044], [11.0302735, 50.9992201], [11.0303134, 50.9992155], [11.0303021, 50.9991763], [11.0304764, 50.9991562], [11.030632, 50.9991896], [11.0305818, 50.9992822], [11.0306937, 50.9992181], [11.0308082, 50.9992971], [11.0308371, 50.9993967], [11.0307027, 50.9994121], [11.0307024, 50.9994123], [11.0308291, 50.9994395], [11.0308391, 50.9994741], [11.0306626, 50.9994944], [11.0306471, 50.999441], [11.0304933, 50.999408], [11.030441, 50.9995047], [11.0304299, 50.9995059], [11.0304053, 50.9994212], [11.0303209, 50.9994031], [11.0302583, 50.999439], [11.0302492, 50.9994558], [11.0300147, 50.9994828]]]}}, {"type": "Feature", "properties": {"id": "120203133_13746704", "height": 8.306024551391602, "type": null, "floors": null}, "geometry": {"type": "Polygon", "coordinates": [[[11.0304323, 50.9996407], [11.0306308, 50.9996395], [11.0306321, 50.99973], [11.0304337, 50.9997312], [11.0304323, 50.9996407]]]}}, {"type": "Feature", "properties": {"id": "120203133_13758459", "height": 12.404552459716797, "type": null, "floors": null}, "geometry": {"type": "Polygon", "coordinates": [[[11.0275019, 50.9995507], [11.0275053, 50.9995499], [11.0297379, 50.9996067], [11.0297648, 50.9996537], [11.0297607, 50.9997187], [11.028992, 50.9996991], [11.029008, 50.9996955], [11.0278356, 50.9996657], [11.0278379, 50.9996293], [11.0277736, 50.9996277], [11.0277723, 50.9996479], [11.0278362, 50.9997592], [11.0279196, 50.9997613], [11.0279329, 50.9997846], [11.0277644, 50.9998228], [11.0278102, 50.9999026], [11.0276871, 50.9999306], [11.0276868, 50.9999353], [11.0275783, 50.9997461], [11.027579, 50.999735], [11.0276044, 50.9997292], [11.0275019, 50.9995507]]]}}, {"type": "Feature", "properties": {"id": "120203133_13822813", "height": 3.571592092514038, "type": null, "floors": null}, "geometry": {"type": "Polygon", "coordinates": [[[11.0305915, 50.99981], [11.0305138, 50.999809], [11.0305147, 50.9997797], [11.0305405, 50.99978], [11.0305416, 50.9997469], [11.0305935, 50.9997475], [11.0305915, 50.99981]]]}}, {"type": "Feature", "properties": {"id": "120203133_13696186", "height": 3.749668836593628, "type": null, "floors": null}, "geometry": {"type": "Polygon", "coordinates": [[[11.0293403, 50.9997634], [11.0293374, 50.9998106], [11.0292651, 50.9998088], [11.029268, 50.9997616], [11.0293403, 50.9997634]]]}}, {"type": "Feature", "properties": {"id": "120203133_13766224", "height": 6.412837505340576, "type": null, "floors": null}, "geometry": {"type": "Polygon", "coordinates": [[[11.0288504, 50.9997424], [11.028971, 50.9997449], [11.0289655, 50.9998478], [11.0288449, 50.9998453], [11.0288504, 50.9997424]]]}}, {"type": "Feature", "properties": {"id": "120203133_13828797", "height": 5.851471900939941, "type": null, "floors": null}, "geometry": {"type": "Polygon", "coordinates": [[[11.0274813, 50.9991214], [11.0274873, 50.9992266], [11.0273909, 50.9992288], [11.0273849, 50.9991235], [11.0274813, 50.9991214]]]}}, {"type": "Feature", "properties": {"id": "120203133_13702247", "height": 5.707942485809326, "type": null, "floors": null}, "geometry": {"type": "Polygon", "coordinates": [[[11.0285037, 50.9991231], [11.0286206, 50.9991252], [11.0286123, 50.9993107], [11.0284954, 50.9993086], [11.0285037, 50.9991231]]]}}, {"type": "Feature", "properties": {"id": "120203133_13774764", "height": 7.671306133270264, "type": null, "floors": null}, "geometry": {"type": "Polygon", "coordinates": [[[11.0280504, 50.9991598], [11.0284336, 50.9991672], [11.028428, 50.9992818], [11.0283342, 50.99928], [11.0283314, 50.9993374], [11.0286717, 50.9993439], [11.0286661, 50.9994603], [11.0283274, 50.9994538], [11.028327, 50.9994629], [11.0281672, 50.9994598], [11.0281707, 50.9993883], [11.0282457, 50.9993897], [11.0282515, 50.99927], [11.0280452, 50.999266], [11.0280504, 50.9991598]]]}}, {"type": "Feature", "properties": {"id": "120203133_13791895", "height": 5.06969404220581, "type": null, "floors": null}, "geometry": {"type": "Polygon", "coordinates": [[[11.0278846, 50.9992148], [11.0278946, 50.9994526], [11.0275729, 50.999458], [11.0275662, 50.999297], [11.0277119, 50.9992946], [11.027711, 50.9992717], [11.0274553, 50.9992759], [11.0274529, 50.9992169], [11.0277316, 50.9992122], [11.0277318, 50.9992173], [11.0278846, 50.9992148]]]}}, {"type": "Feature", "properties": {"id": "120203133_13764471", "height": 7.239923000335693, "type": null, "floors": null}, "geometry": {"type": "Polygon", "coordinates": [[[11.0273768, 50.9994737], [11.0272697, 50.9993341], [11.0274197, 50.9992885], [11.0275269, 50.9994281], [11.0273768, 50.9994737]]]}}, {"type": "Feature", "properties": {"id": "120203133_13811606", "height": 5.531848907470703, "type": null, "floors": null}, "geometry": {"type": "Polygon", "coordinates": [[[11.0268638, 50.999691], [11.027184, 50.9997371], [11.0271689, 50.9997788], [11.0272004, 50.9997834], [11.0272033, 50.9997753], [11.0272543, 50.9997827], [11.0272263, 50.9998597], [11.0268236, 50.9998017], [11.0268638, 50.999691]]]}}, {"type": "Feature", "properties": {"id": "120203133_13685085", "height": 7.158432483673096, "type": null, "floors": null}, "geometry": {"type": "Polygon", "coordinates": [[[11.026362, 50.9997671], [11.0265069, 50.9997999], [11.026483, 50.9998417], [11.0264046, 50.999824], [11.0263593, 50.9999032], [11.0265707, 50.999951], [11.0265647, 50.9999615], [11.026522, 50.9999518], [11.0265117, 50.9999697], [11.0264785, 50.9999622], [11.0264546, 51.0000041], [11.0264997, 51.0000143], [11.026486, 51.0000382], [11.02622, 50.999978], [11.0262482, 50.9999287], [11.0262672, 50.999933], [11.026362, 50.9997671]]]}}, {"type": "Feature", "properties": {"id": "120203133_13731338", "height": 11.198280334472656, "type": null, "floors": null}, "geometry": {"type": "Polygon", "coordinates": [[[11.0277343, 50.9999463], [11.0279133, 50.9999051], [11.0279418, 50.9999542], [11.0279915, 50.9999428], [11.0280806, 51.0000962], [11.0279126, 51.0001348], [11.0278486, 51.0000246], [11.0277879, 51.0000386], [11.0277343, 50.9999463]]]}}, {"type": "Feature", "properties": {"id": "120203133_13676011", "height": 2.494868040084839, "type": null, "floors": null}, "geometry": {"type": "Polygon", "coordinates": [[[11.0282428, 51.0001078], [11.028149, 51.0001063], [11.0281517, 51.0000405], [11.0282455, 51.000042], [11.0282428, 51.0001078]]]}}, {"type": "Feature", "properties": {"id": "120203133_13736459", "height": 8.889883041381836, "type": null, "floors": null}, "geometry": {"type": "Polygon", "coordinates": [[[11.0268876, 51.000119], [11.0269339, 50.999987], [11.0275989, 51.0000793], [11.0275527, 51.0002113], [11.0268876, 51.000119]]]}}, {"type": "Feature", "properties": {"id": "120203133_13681271", "height": 4.563277244567871, "type": null, "floors": null}, "geometry": {"type": "Polygon", "coordinates": [[[11.0232899, 50.9994097], [11.0232491, 50.9995094], [11.0230806, 50.9994821], [11.0231136, 50.9994014], [11.0231715, 50.9994107], [11.0231792, 50.9993917], [11.0232899, 50.9994097]]]}}, {"type": "Feature", "properties": {"id": "120203133_13681518", "height": 5.69541072845459, "type": null, "floors": null}, "geometry": {"type": "Polygon", "coordinates": [[[11.0223922, 50.9994235], [11.0223969, 50.9995145], [11.0222727, 50.9995171], [11.0222716, 50.9994968], [11.0222127, 50.9994981], [11.022209, 50.9994272], [11.0223922, 50.9994235]]]}}, {"type": "Feature", "properties": {"id": "120203133_13821088", "height": 6.12139081954956, "type": null, "floors": null}, "geometry": {"type": "Polygon", "coordinates": [[[11.0218583, 50.9997034], [11.0217317, 50.999733], [11.0216496, 50.9997304], [11.0216547, 50.9996681], [11.0216809, 50.999669], [11.0216951, 50.9996656], [11.0217067, 50.9995211], [11.0217571, 50.9995093], [11.021467, 50.9995001], [11.0214555, 50.9996432], [11.0215919, 50.9996476], [11.0215852, 50.9997317], [11.0213364, 50.9997238], [11.0213473, 50.9995874], [11.0212841, 50.9995854], [11.0212951, 50.999449], [11.0211416, 50.9994442], [11.0211502, 50.9993364], [11.0216184, 50.9993513], [11.0216121, 50.9994296], [11.0216202, 50.9994432], [11.021678, 50.9994451], [11.0216811, 50.9994056], [11.021832, 50.9994104], [11.0218164, 50.999603], [11.0218604, 50.9996775], [11.0218583, 50.9997034]]]}}, {"type": "Feature", "properties": {"id": "120203133_13691930", "height": 5.48662805557251, "type": null, "floors": null}, "geometry": {"type": "Polygon", "coordinates": [[[11.0224214, 50.999601], [11.0221863, 50.9996104], [11.0221793, 50.9995407], [11.0224144, 50.9995313], [11.0224214, 50.999601]]]}}, {"type": "Feature", "properties": {"id": "120203133_13784078", "height": 4.86340856552124, "type": null, "floors": null}, "geometry": {"type": "Polygon", "coordinates": [[[11.0225989, 50.9997105], [11.0226122, 50.9996133], [11.0233258, 50.9996519], [11.0233374, 50.9995665], [11.0233268, 50.9995659], [11.023335, 50.9995056], [11.0235081, 50.9995149], [11.0234749, 50.9997579], [11.0225989, 50.9997105]]]}}, {"type": "Feature", "properties": {"id": "120203133_13696180", "height": 5.932796001434326, "type": null, "floors": null}, "geometry": {"type": "Polygon", "coordinates": [[[11.0225682, 50.9997785], [11.0221146, 50.9998157], [11.0220957, 50.9997244], [11.0221695, 50.9997183], [11.0221656, 50.9996994], [11.0225454, 50.9996682], [11.0225682, 50.9997785]]]}}, {"type": "Feature", "properties": {"id": "120203133_13789247", "height": 1.999141216278076, "type": null, "floors": null}, "geometry": {"type": "Polygon", "coordinates": [[[11.0226422, 50.9999877], [11.0225548, 50.9999854], [11.0225626, 50.9998658], [11.0226509, 50.9998681], [11.0226468, 50.9999321], [11.0226458, 50.9999321], [11.0226422, 50.9999877]]]}}, {"type": "Feature", "properties": {"id": "120203133_13795413", "height": 6.269779205322266, "type": null, "floors": null}, "geometry": {"type": "Polygon", "coordinates": [[[11.0212983, 50.9998659], [11.0207779, 51.0001113], [11.0207001, 51.000046], [11.0207826, 51.0000072], [11.020753, 50.9999823], [11.0208286, 50.9999467], [11.0208221, 50.9999413], [11.0210231, 50.9998465], [11.0209889, 50.9998177], [11.0210249, 50.9998007], [11.0210502, 50.9998219], [11.0211755, 50.9997628], [11.0212983, 50.9998659]]]}}, {"type": "Feature", "properties": {"id": "120203133_13797098", "height": 4.74083137512207, "type": null, "floors": null}, "geometry": {"type": "Polygon", "coordinates": [[[11.0225644, 50.9999394], [11.0225656, 50.9999758], [11.0225147, 50.9999765], [11.0225134, 50.9999401], [11.0225644, 50.9999394]]]}}, {"type": "Feature", "properties": {"id": "120203133_13753447", "height": 7.383472919464111, "type": null, "floors": null}, "geometry": {"type": "Polygon", "coordinates": [[[11.0226664, 51.0000152], [11.0226943, 50.9999101], [11.0229144, 50.9999332], [11.0228866, 51.0000383], [11.0226664, 51.0000152]]]}}, {"type": "Feature", "properties": {"id": "120203133_13790968", "height": 4.012192726135254, "type": null, "floors": null}, "geometry": {"type": "Polygon", "coordinates": [[[11.0200063, 51.0000111], [11.020011, 50.99992], [11.0200619, 50.9999211], [11.0200667, 50.9998306], [11.0201801, 50.999833], [11.0201769, 50.9998954], [11.0202617, 50.9998971], [11.0202655, 50.9998246], [11.0203709, 50.9998268], [11.0203684, 50.999875], [11.0206711, 50.9998813], [11.0206729, 50.9998476], [11.0207175, 50.9998485], [11.0207163, 50.9998711], [11.020711, 50.999871], [11.0207079, 50.99993], [11.0206623, 50.999929], [11.0206594, 50.9999847], [11.0206621, 50.9999847], [11.0206591, 51.0000421], [11.0203439, 51.0000355], [11.0203447, 51.0000204], [11.0202446, 51.0000183], [11.0202447, 51.000016], [11.0200063, 51.0000111]]]}}, {"type": "Feature", "properties": {"id": "120203133_13760183", "height": 1.985042691230774, "type": null, "floors": null}, "geometry": {"type": "Polygon", "coordinates": [[[11.0202081, 51.0000275], [11.020276, 51.0000258], [11.020278, 51.0000572], [11.0202101, 51.0000589], [11.0202081, 51.0000275]]]}}, {"type": "Feature", "properties": {"id": "120203133_13731324", "height": 4.88246488571167, "type": null, "floors": null}, "geometry": {"type": "Polygon", "coordinates": [[[11.0199584, 51.0001502], [11.0201424, 51.0002265], [11.0200616, 51.0003038], [11.0200036, 51.0002797], [11.0199974, 51.0002856], [11.0198714, 51.0002334], [11.0199584, 51.0001502]]]}}, {"type": "Feature", "properties": {"id": "120203133_13833971", "height": 5.230381011962891, "type": null, "floors": null}, "geometry": {"type": "Polygon", "coordinates": [[[11.0198152, 51.0004911], [11.0198985, 51.0004528], [11.0198831, 51.0004396], [11.0200369, 51.0003689], [11.0201302, 51.0004491], [11.0198122, 51.0005955], [11.0197674, 51.000557], [11.0198485, 51.0005197], [11.0198152, 51.0004911]]]}}, {"type": "Feature", "properties": {"id": "120203133_13808228", "height": 9.433725357055664, "type": null, "floors": null}, "geometry": {"type": "Polygon", "coordinates": [[[11.0200728, 51.0008507], [11.0199397, 51.0007367], [11.0203786, 51.0005338], [11.0205117, 51.0006478], [11.0200728, 51.0008507]]]}}, {"type": "Feature", "properties": {"id": "120203133_13718525", "height": 5.997235298156738, "type": null, "floors": null}, "geometry": {"type": "Polygon", "coordinates": [[[11.020389, 51.0009582], [11.0204784, 51.0008271], [11.0208558, 51.0009289], [11.0207363, 51.0011043], [11.0207508, 51.0011082], [11.0206857, 51.0012037], [11.0205589, 51.0011695], [11.0206978, 51.0009656], [11.0205868, 51.0009356], [11.0205431, 51.0009998], [11.020389, 51.0009582]]]}}, {"type": "Feature", "properties": {"id": "120203133_13701417", "height": 11.357279777526855, "type": null, "floors": null}, "geometry": {"type": "Polygon", "coordinates": [[[11.0216391, 51.0003977], [11.0215196, 51.0002777], [11.021718, 51.0001995], [11.0218375, 51.0003195], [11.0216391, 51.0003977]]]}}, {"type": "Feature", "properties": {"id": "120203133_13780725", "height": 9.718709945678713, "type": null, "floors": null}, "geometry": {"type": "Polygon", "coordinates": [[[11.0204426, 51.0004791], [11.0208899, 51.0002798], [11.0210202, 51.0003956], [11.0205729, 51.0005949], [11.0204426, 51.0004791]]]}}, {"type": "Feature", "properties": {"id": "120203133_13723692", "height": 10.74384880065918, "type": null, "floors": null}, "geometry": {"type": "Polygon", "coordinates": [[[11.0214485, 51.0006077], [11.0213288, 51.000488], [11.0215248, 51.0004104], [11.0216445, 51.0005301], [11.0214485, 51.0006077]]]}}, {"type": "Feature", "properties": {"id": "120203133_13681522", "height": 5.310431957244873, "type": null, "floors": null}, "geometry": {"type": "Polygon", "coordinates": [[[11.0231236, 51.0005785], [11.0232573, 51.0003169], [11.0233462, 51.0003349], [11.0233534, 51.0003667], [11.0235472, 51.000406], [11.0237787, 51.0003853], [11.0238193, 51.000566], [11.0238177, 51.0005692], [11.0236833, 51.0005812], [11.023661, 51.0004822], [11.0234981, 51.0004493], [11.0234829, 51.000479], [11.0235923, 51.0005012], [11.0235614, 51.0005616], [11.023472, 51.0005436], [11.0234867, 51.000609], [11.0235738, 51.0006266], [11.0235515, 51.0006702], [11.0238281, 51.0007261], [11.0238365, 51.0007254], [11.023849, 51.000781], [11.0234649, 51.0007033], [11.0234909, 51.0006524], [11.0234893, 51.0006525], [11.0231236, 51.0005785]]]}}, {"type": "Feature", "properties": {"id": "120203133_13679521", "height": 10.49728012084961, "type": null, "floors": null}, "geometry": {"type": "Polygon", "coordinates": [[[11.0211166, 51.0007142], [11.0210008, 51.0005914], [11.0212012, 51.0005166], [11.021317, 51.0006394], [11.0211166, 51.0007142]]]}}, {"type": "Feature", "properties": {"id": "120203133_13682943", "height": 8.460128784179688, "type": null, "floors": null}, "geometry": {"type": "Polygon", "coordinates": [[[11.0207825, 51.0008187], [11.020684, 51.0007035], [11.020892, 51.0006331], [11.0209905, 51.0007483], [11.0207825, 51.0008187]]]}}, {"type": "Feature", "properties": {"id": "120203133_13776540", "height": 4.48935604095459, "type": null, "floors": null}, "geometry": {"type": "Polygon", "coordinates": [[[11.0234578, 51.001267], [11.0235359, 51.0012891], [11.0234907, 51.0013523], [11.0233212, 51.0013043], [11.0233904, 51.0012074], [11.0234819, 51.0012333], [11.0234578, 51.001267]]]}}, {"type": "Feature", "properties": {"id": "120203133_13797938", "height": 4.88663911819458, "type": null, "floors": null}, "geometry": {"type": "Polygon", "coordinates": [[[11.0232979, 51.0014246], [11.0233417, 51.0013714], [11.0234445, 51.0014048], [11.0233104, 51.001568], [11.0231919, 51.0015294], [11.0232385, 51.0014728], [11.0231484, 51.0014435], [11.0231921, 51.0013902], [11.0232979, 51.0014246]]]}}, {"type": "Feature", "properties": {"id": "120203133_13773007", "height": 4.382838249206543, "type": null, "floors": null}, "geometry": {"type": "Polygon", "coordinates": [[[11.0229752, 51.0015877], [11.0230028, 51.001542], [11.0231691, 51.0015819], [11.0231816, 51.0015612], [11.0232837, 51.0015857], [11.0232436, 51.001652], [11.0229752, 51.0015877]]]}}, {"type": "Feature", "properties": {"id": "120203133_13803934", "height": 6.080950736999512, "type": null, "floors": null}, "geometry": {"type": "Polygon", "coordinates": [[[11.0223881, 51.0014481], [11.0229898, 51.0015903], [11.0229713, 51.0016214], [11.023023, 51.0016336], [11.0230085, 51.0016579], [11.0231707, 51.0016963], [11.0230639, 51.0018753], [11.0229195, 51.0018411], [11.0230051, 51.0016976], [11.0228688, 51.0016654], [11.0227134, 51.0019257], [11.0222114, 51.0018071], [11.0222691, 51.0017103], [11.0222362, 51.0017025], [11.0223881, 51.0014481]]]}}, {"type": "Feature", "properties": {"id": "120203133_13744143", "height": 2.573269367218017, "type": null, "floors": null}, "geometry": {"type": "Polygon", "coordinates": [[[11.0205157, 51.0014042], [11.0208142, 51.0014748], [11.0207877, 51.0015192], [11.0204892, 51.0014486], [11.0205157, 51.0014042]]]}}, {"type": "Feature", "properties": {"id": "120203133_13810747", "height": 11.239229202270508, "type": null, "floors": null}, "geometry": {"type": "Polygon", "coordinates": [[[11.0202182, 51.0014276], [11.019918, 51.0018765], [11.0197504, 51.0018321], [11.0200505, 51.0013832], [11.0202182, 51.0014276]]]}}, {"type": "Feature", "properties": {"id": "120203133_13822799", "height": 11.284587860107422, "type": null, "floors": null}, "geometry": {"type": "Polygon", "coordinates": [[[11.020587, 51.0020591], [11.0203935, 51.0020119], [11.0206745, 51.0015555], [11.0208681, 51.0016027], [11.020587, 51.0020591]]]}}, {"type": "Feature", "properties": {"id": "120203133_13796276", "height": 11.55165958404541, "type": null, "floors": null}, "geometry": {"type": "Polygon", "coordinates": [[[11.024485, 50.9994616], [11.0245642, 50.9993392], [11.025045, 50.9994625], [11.0251008, 50.9993763], [11.0252319, 50.9994099], [11.0251921, 50.9994715], [11.0251636, 50.9994642], [11.025143, 50.999496], [11.0251783, 50.9995051], [11.0251558, 50.9995399], [11.0252916, 50.9995746], [11.0252747, 50.9996007], [11.0254947, 50.9996571], [11.0255237, 50.9996122], [11.0255421, 50.999617], [11.0255843, 50.9995518], [11.0255415, 50.9995408], [11.0256507, 50.9993721], [11.025699, 50.9993845], [11.0257407, 50.9993201], [11.0259224, 50.9993667], [11.0256651, 50.9997641], [11.024485, 50.9994616]]]}}, {"type": "Feature", "properties": {"id": "120203133_13804815", "height": 3.911725044250488, "type": null, "floors": null}, "geometry": {"type": "Polygon", "coordinates": [[[11.0240036, 50.999588], [11.0241551, 50.9996329], [11.0241008, 50.9997055], [11.0239493, 50.9996606], [11.0240036, 50.999588]]]}}, {"type": "Feature", "properties": {"id": "120203133_13721990", "height": 5.87883996963501, "type": null, "floors": null}, "geometry": {"type": "Polygon", "coordinates": [[[11.0243579, 50.9995707], [11.0242198, 50.9997873], [11.0243145, 50.9998113], [11.0242348, 50.9999363], [11.0240592, 50.999892], [11.0243169, 50.9994878], [11.0244832, 50.9995298], [11.0244433, 50.9995923], [11.0243579, 50.9995707]]]}}, {"type": "Feature", "properties": {"id": "120203133_13717695", "height": 8.932044982910156, "type": null, "floors": null}, "geometry": {"type": "Polygon", "coordinates": [[[11.0238869, 50.9995676], [11.0238259, 50.9996812], [11.023744, 50.9996638], [11.0236818, 50.9997798], [11.0237347, 50.999791], [11.0236978, 50.9998599], [11.0236328, 50.9998461], [11.023588, 50.9999294], [11.0234701, 50.9999043], [11.023549, 50.9997574], [11.0235803, 50.999764], [11.0237063, 50.9995292], [11.0238869, 50.9995676]]]}}, {"type": "Feature", "properties": {"id": "120203133_13793673", "height": 7.518214702606201, "type": null, "floors": null}, "geometry": {"type": "Polygon", "coordinates": [[[11.0254191, 50.9998723], [11.0252723, 51.000039], [11.0252723, 51.0000359], [11.0251965, 51.000122], [11.0251352, 51.0001215], [11.0250616, 51.0002051], [11.0247969, 51.0001127], [11.0248307, 51.0000744], [11.0248626, 51.0000747], [11.0248923, 51.000041], [11.0248927, 51.0000223], [11.0249548, 50.9999517], [11.0250184, 50.9999739], [11.0249559, 51.000045], [11.0249758, 51.0000519], [11.0250235, 51.0000523], [11.0250546, 51.0000171], [11.0250812, 51.0000173], [11.0251144, 50.9999795], [11.025174, 50.99998], [11.0252053, 50.9999444], [11.0252056, 50.9999296], [11.0250958, 50.9999288], [11.0251303, 50.9998895], [11.0251326, 50.9997763], [11.0251441, 50.9997764], [11.0254191, 50.9998723]]]}}, {"type": "Feature", "properties": {"id": "120203133_13696183", "height": 4.604818820953369, "type": null, "floors": null}, "geometry": {"type": "Polygon", "coordinates": [[[11.0238612, 50.999964], [11.0239782, 51.0001369], [11.0239305, 51.0001497], [11.0239194, 51.0001333], [11.023824, 51.0001588], [11.0238052, 51.0001309], [11.0237038, 51.0001581], [11.0236415, 51.0000659], [11.0237315, 51.0000418], [11.0237068, 51.0000053], [11.0238612, 50.999964]]]}}, {"type": "Feature", "properties": {"id": "120203133_13827091", "height": 3.781277179718017, "type": null, "floors": null}, "geometry": {"type": "Polygon", "coordinates": [[[11.0256039, 51.0000932], [11.0258387, 51.0001333], [11.0258119, 51.0001954], [11.0255771, 51.0001553], [11.0256039, 51.0000932]]]}}, {"type": "Feature", "properties": {"id": "120203133_13739849", "height": 2.799579620361328, "type": null, "floors": null}, "geometry": {"type": "Polygon", "coordinates": [[[11.0237899, 51.0001465], [11.023881, 51.0001761], [11.0238351, 51.0002321], [11.023744, 51.0002025], [11.0237899, 51.0001465]]]}}, {"type": "Feature", "properties": {"id": "120203133_13810753", "height": 2.413147687911987, "type": null, "floors": null}, "geometry": {"type": "Polygon", "coordinates": [[[11.0247996, 51.0002264], [11.0247585, 51.0002753], [11.0246076, 51.000225], [11.0246486, 51.0001762], [11.0247996, 51.0002264]]]}}, {"type": "Feature", "properties": {"id": "120203133_13835743", "height": 2.9520153999328613, "type": null, "floors": null}, "geometry": {"type": "Polygon", "coordinates": [[[11.024448, 51.0003381], [11.0244055, 51.0003755], [11.024322, 51.000338], [11.0243645, 51.0003005], [11.024448, 51.0003381]]]}}, {"type": "Feature", "properties": {"id": "120203133_13727829", "height": 3.88711404800415, "type": null, "floors": null}, "geometry": {"type": "Polygon", "coordinates": [[[11.0231434, 50.9999525], [11.0231142, 51.0000098], [11.0230469, 50.9999963], [11.0230761, 50.9999389], [11.0231434, 50.9999525]]]}}, {"type": "Feature", "properties": {"id": "120203133_13797936", "height": 6.677707672119141, "type": null, "floors": null}, "geometry": {"type": "Polygon", "coordinates": [[[11.022359, 51.0000299], [11.0222193, 51.0000467], [11.0221831, 50.9999279], [11.0223229, 50.999911], [11.022359, 51.0000299]]]}}, {"type": "Feature", "properties": {"id": "120203133_13769590", "height": 9.54271411895752, "type": null, "floors": null}, "geometry": {"type": "Polygon", "coordinates": [[[11.0215818, 51.0000554], [11.0216485, 50.9999456], [11.0218287, 50.9999889], [11.021762, 51.0000988], [11.0215818, 51.0000554]]]}}, {"type": "Feature", "properties": {"id": "120203133_13749257", "height": 7.720712184906006, "type": null, "floors": null}, "geometry": {"type": "Polygon", "coordinates": [[[11.0218508, 51.0000066], [11.0220357, 51.0000487], [11.0219958, 51.000118], [11.0218109, 51.0000758], [11.0218508, 51.0000066]]]}}, {"type": "Feature", "properties": {"id": "120203133_13726210", "height": 2.932616472244262, "type": null, "floors": null}, "geometry": {"type": "Polygon", "coordinates": [[[11.0223136, 51.0000471], [11.0224175, 51.0000417], [11.0224255, 51.0001021], [11.0223216, 51.0001075], [11.0223136, 51.0000471]]]}}, {"type": "Feature", "properties": {"id": "120203133_13771307", "height": 2.963060617446899, "type": null, "floors": null}, "geometry": {"type": "Polygon", "coordinates": [[[11.0229126, 51.0001006], [11.0229622, 51.0000457], [11.0230332, 51.0000711], [11.0229836, 51.000126], [11.0229126, 51.0001006]]]}}, {"type": "Feature", "properties": {"id": "120203133_13690196", "height": 4.409836292266846, "type": null, "floors": null}, "geometry": {"type": "Polygon", "coordinates": [[[11.0219628, 51.0001569], [11.0219497, 51.00018], [11.0218473, 51.000157], [11.0218804, 51.0000986], [11.0220217, 51.0001303], [11.0220017, 51.0001656], [11.0219628, 51.0001569]]]}}, {"type": "Feature", "properties": {"id": "120203133_13773008", "height": 8.249598503112793, "type": null, "floors": null}, "geometry": {"type": "Polygon", "coordinates": [[[11.0235462, 51.0000947], [11.0235366, 51.0001395], [11.0235744, 51.0001427], [11.0235629, 51.0001965], [11.0235207, 51.0001929], [11.0235145, 51.000222], [11.0232353, 51.0001982], [11.0232453, 51.0001518], [11.0231346, 51.0001424], [11.023146, 51.0000893], [11.0232461, 51.0000978], [11.0232522, 51.0000697], [11.0235462, 51.0000947]]]}}, {"type": "Feature", "properties": {"id": "120203133_13798809", "height": 3.241596698760986, "type": null, "floors": null}, "geometry": {"type": "Polygon", "coordinates": [[[11.0228188, 51.0001919], [11.0228864, 51.0001115], [11.0229493, 51.0001324], [11.0228816, 51.0002129], [11.0228188, 51.0001919]]]}}, {"type": "Feature", "properties": {"id": "120203133_13733005", "height": 10.611331939697266, "type": null, "floors": null}, "geometry": {"type": "Polygon", "coordinates": [[[11.021075, 51.000342], [11.0209462, 51.0002271], [11.0213963, 51.0000272], [11.0215251, 51.0001421], [11.021075, 51.000342]]]}}, {"type": "Feature", "properties": {"id": "120203133_13729590", "height": 9.13385772705078, "type": null, "floors": null}, "geometry": {"type": "Polygon", "coordinates": [[[11.0298178, 51.0002941], [11.0298201, 51.0000156], [11.0299864, 51.0000161], [11.029985, 51.0001765], [11.0300323, 51.0001766], [11.0300316, 51.0002694], [11.0299779, 51.0002693], [11.0299777, 51.0002946], [11.0298178, 51.0002941]]]}}, {"type": "Feature", "properties": {"id": "120203133_13755964", "height": 3.126637458801269, "type": null, "floors": null}, "geometry": {"type": "Polygon", "coordinates": [[[11.0295281, 51.0001543], [11.0296102, 51.0001558], [11.029609, 51.0001811], [11.0295269, 51.0001796], [11.0295281, 51.0001543]]]}}, {"type": "Feature", "properties": {"id": "120203133_13777336", "height": 2.640483379364013, "type": null, "floors": null}, "geometry": {"type": "Polygon", "coordinates": [[[11.029402, 51.0002593], [11.0294502, 51.0002606], [11.0294555, 51.0001797], [11.0295305, 51.0001816], [11.0295236, 51.0002861], [11.0294005, 51.0002829], [11.029402, 51.0002593]]]}}, {"type": "Feature", "properties": {"id": "120203133_13715084", "height": 4.657688140869141, "type": null, "floors": null}, "geometry": {"type": "Polygon", "coordinates": [[[11.0288885, 51.000238], [11.0287848, 51.0002276], [11.0287283, 51.0004515], [11.0285442, 51.0004331], [11.028568, 51.0003387], [11.0286378, 51.0003318], [11.0286679, 51.0002126], [11.0285754, 51.0002033], [11.02857, 51.0002247], [11.0283293, 51.0002007], [11.0283617, 51.0000722], [11.0287986, 51.0001159], [11.0287924, 51.0001406], [11.0292276, 51.0001841], [11.0291931, 51.0003207], [11.0290911, 51.0003105], [11.0291156, 51.0002133], [11.0290541, 51.0002194], [11.0290076, 51.0004035], [11.0291342, 51.0004161], [11.0291549, 51.0003343], [11.0292051, 51.0003293], [11.0292203, 51.0003897], [11.0292117, 51.0004239], [11.0293312, 51.0004358], [11.0293335, 51.000445], [11.0293163, 51.000513], [11.0287528, 51.0004567], [11.0287807, 51.0003462], [11.0288632, 51.000338], [11.0288885, 51.000238]]]}}, {"type": "Feature", "properties": {"id": "120203133_13814196", "height": 2.978775024414062, "type": null, "floors": null}, "geometry": {"type": "Polygon", "coordinates": [[[11.0299976, 51.0003685], [11.0300008, 51.0002943], [11.0302018, 51.0002977], [11.0301986, 51.0003719], [11.0299976, 51.0003685]]]}}, {"type": "Feature", "properties": {"id": "120203133_13760200", "height": 7.405055522918701, "type": null, "floors": null}, "geometry": {"type": "Polygon", "coordinates": [[[11.0299669, 51.0004136], [11.0298168, 51.0004106], [11.0298217, 51.0003128], [11.0299718, 51.0003158], [11.0299669, 51.0004136]]]}}, {"type": "Feature", "properties": {"id": "120203133_13748402", "height": 4.162392139434815, "type": null, "floors": null}, "geometry": {"type": "Polygon", "coordinates": [[[11.0293665, 51.0003387], [11.029387, 51.0003373], [11.0295156, 51.0003497], [11.0295222, 51.0003227], [11.0295841, 51.0003287], [11.029604, 51.0002472], [11.0296486, 51.0002441], [11.0296516, 51.0002611], [11.0296391, 51.0003121], [11.0296425, 51.0003312], [11.0296434, 51.0003272], [11.0296596, 51.0004189], [11.0296204, 51.0004216], [11.0296113, 51.0004586], [11.0295796, 51.0004555], [11.029482, 51.0004623], [11.0296786, 51.0004813], [11.0296829, 51.0005058], [11.02967, 51.0005588], [11.0293251, 51.0005254], [11.0293412, 51.0004597], [11.0295251, 51.0004469], [11.029364, 51.0004313], [11.0293607, 51.0004126], [11.0293717, 51.0003679], [11.0293665, 51.0003387]]]}}, {"type": "Feature", "properties": {"id": "120203133_13767944", "height": 7.17247724533081, "type": null, "floors": null}, "geometry": {"type": "Polygon", "coordinates": [[[11.0303002, 51.0006017], [11.030308, 51.0005142], [11.0307989, 51.0005315], [11.0308048, 51.0004653], [11.0306454, 51.0004597], [11.0306499, 51.0004092], [11.0307853, 51.0004139], [11.0307927, 51.0003304], [11.0309461, 51.0003359], [11.0309361, 51.0004486], [11.0308656, 51.0004461], [11.0308637, 51.0004663], [11.030945, 51.0004692], [11.0309312, 51.000624], [11.0303002, 51.0006017]]]}}, {"type": "Feature", "properties": {"id": "120203133_13693652", "height": 4.121921539306641, "type": null, "floors": null}, "geometry": {"type": "Polygon", "coordinates": [[[11.0299969, 51.0004288], [11.0300676, 51.0004302], [11.0300594, 51.0005887], [11.0299887, 51.0005873], [11.0299969, 51.0004288]]]}}, {"type": "Feature", "properties": {"id": "120203133_13710813", "height": 5.044020652770996, "type": null, "floors": null}, "geometry": {"type": "Polygon", "coordinates": [[[11.0298069, 51.0005815], [11.0298118, 51.0004381], [11.0299458, 51.0004399], [11.0299409, 51.0005834], [11.0298069, 51.0005815]]]}}, {"type": "Feature", "properties": {"id": "120203133_13704876", "height": 4.77530574798584, "type": null, "floors": null}, "geometry": {"type": "Polygon", "coordinates": [[[11.0241148, 51.0003337], [11.0242514, 51.0003634], [11.02421, 51.0004388], [11.0239392, 51.00038], [11.0239909, 51.0002858], [11.0240835, 51.0003059], [11.024095, 51.0002848], [11.0241367, 51.0002938], [11.0241148, 51.0003337]]]}}, {"type": "Feature", "properties": {"id": "120203133_13762737", "height": 2.648953199386596, "type": null, "floors": null}, "geometry": {"type": "Polygon", "coordinates": [[[11.024561, 51.0003281], [11.0244743, 51.0004156], [11.024428, 51.0003974], [11.0245147, 51.0003099], [11.024561, 51.0003281]]]}}, {"type": "Feature", "properties": {"id": "120203133_13715077", "height": 7.425473213195801, "type": null, "floors": null}, "geometry": {"type": "Polygon", "coordinates": [[[11.0250053, 51.0002661], [11.0246933, 51.0005184], [11.0245286, 51.0004378], [11.0246949, 51.0003032], [11.0247545, 51.0003323], [11.0248481, 51.0002566], [11.0248447, 51.000255], [11.0248967, 51.0002129], [11.0250053, 51.0002661]]]}}, {"type": "Feature", "properties": {"id": "120203133_13700534", "height": 5.946315765380859, "type": null, "floors": null}, "geometry": {"type": "Polygon", "coordinates": [[[11.0261923, 51.0003577], [11.0261581, 51.0004595], [11.0260657, 51.0004472], [11.0260446, 51.0005102], [11.0254077, 51.0004257], [11.0254202, 51.0003885], [11.0253534, 51.0003797], [11.0253778, 51.0003069], [11.0260763, 51.0003997], [11.0260947, 51.0003447], [11.0261923, 51.0003577]]]}}, {"type": "Feature", "properties": {"id": "120203133_13715996", "height": 7.8767008781433105, "type": null, "floors": null}, "geometry": {"type": "Polygon", "coordinates": [[[11.0252173, 51.0004459], [11.0251455, 51.0005753], [11.0249255, 51.000527], [11.0249973, 51.0003976], [11.0252173, 51.0004459]]]}}, {"type": "Feature", "properties": {"id": "120203133_13703955", "height": 4.070944786071777, "type": null, "floors": null}, "geometry": {"type": "Polygon", "coordinates": [[[11.0243288, 51.0005066], [11.0242825, 51.0004924], [11.0241904, 51.0006109], [11.0240475, 51.000567], [11.024111, 51.0004852], [11.0241854, 51.0005081], [11.0242859, 51.0003787], [11.0244007, 51.0004139], [11.0243288, 51.0005066]]]}}, {"type": "Feature", "properties": {"id": "120203133_13835742", "height": 3.942736864089966, "type": null, "floors": null}, "geometry": {"type": "Polygon", "coordinates": [[[11.0240659, 51.0004764], [11.024021, 51.0005519], [11.0238587, 51.0005137], [11.0239036, 51.0004382], [11.0240659, 51.0004764]]]}}, {"type": "Feature", "properties": {"id": "120203133_13737323", "height": 2.774331569671631, "type": null, "floors": null}, "geometry": {"type": "Polygon", "coordinates": [[[11.0246241, 51.0005251], [11.0245853, 51.0005736], [11.0244226, 51.0005221], [11.0244926, 51.0004345], [11.0245504, 51.0004528], [11.0245192, 51.0004919], [11.0246241, 51.0005251]]]}}, {"type": "Feature", "properties": {"id": "120203133_13703073", "height": 2.495431423187256, "type": null, "floors": null}, "geometry": {"type": "Polygon", "coordinates": [[[11.0252761, 51.0004739], [11.0253884, 51.0004995], [11.0253682, 51.0005346], [11.0252559, 51.000509], [11.0252761, 51.0004739]]]}}, {"type": "Feature", "properties": {"id": "120203133_13726996", "height": 2.731321811676025, "type": null, "floors": null}, "geometry": {"type": "Polygon", "coordinates": [[[11.0255499, 51.0005228], [11.0256225, 51.0005378], [11.0256022, 51.0005767], [11.0255296, 51.0005617], [11.0255499, 51.0005228]]]}}, {"type": "Feature", "properties": {"id": "120203133_13672627", "height": 5.468348026275635, "type": null, "floors": null}, "geometry": {"type": "Polygon", "coordinates": [[[11.0263095, 51.0002474], [11.026288, 51.0003094], [11.0261975, 51.0002969], [11.0262005, 51.0002881], [11.0261416, 51.00028], [11.0261601, 51.0002269], [11.0263095, 51.0002474]]]}}, {"type": "Feature", "properties": {"id": "120203133_13763573", "height": 3.978125095367431, "type": null, "floors": null}, "geometry": {"type": "Polygon", "coordinates": [[[11.0263594, 51.0002668], [11.0265504, 51.0002876], [11.0265362, 51.0003392], [11.0263452, 51.0003183], [11.0263594, 51.0002668]]]}}, {"type": "Feature", "properties": {"id": "120203133_13681287", "height": 10.989233016967772, "type": null, "floors": null}, "geometry": {"type": "Polygon", "coordinates": [[[11.0275921, 51.000329], [11.0275547, 51.0004369], [11.0273319, 51.0004064], [11.0273113, 51.000466], [11.027237, 51.0004558], [11.0272537, 51.0004075], [11.0270515, 51.0003797], [11.0270928, 51.0002605], [11.0275921, 51.000329]]]}}, {"type": "Feature", "properties": {"id": "120203133_13839261", "height": 3.574874639511108, "type": null, "floors": null}, "geometry": {"type": "Polygon", "coordinates": [[[11.028338, 51.0004125], [11.0283486, 51.0003337], [11.0285307, 51.0003434], [11.0285201, 51.0004222], [11.028338, 51.0004125]]]}}, {"type": "Feature", "properties": {"id": "120203133_13744164", "height": 3.419936418533325, "type": null, "floors": null}, "geometry": {"type": "Polygon", "coordinates": [[[11.0275684, 51.0003845], [11.0276344, 51.0003853], [11.0276324, 51.0004494], [11.0275664, 51.0004486], [11.0275684, 51.0003845]]]}}, {"type": "Feature", "properties": {"id": "120203133_13759298", "height": 3.619504451751709, "type": null, "floors": null}, "geometry": {"type": "Polygon", "coordinates": [[[11.0283653, 51.0005498], [11.0283759, 51.0005086], [11.0285101, 51.0005223], [11.0284995, 51.0005635], [11.0283653, 51.0005498]]]}}, {"type": "Feature", "properties": {"id": "120203133_13698836", "height": 5.646586418151856, "type": null, "floors": null}, "geometry": {"type": "Polygon", "coordinates": [[[11.0281743, 51.0005208], [11.0282856, 51.0004892], [11.0283521, 51.0005816], [11.0282407, 51.0006133], [11.0281743, 51.0005208]]]}}, {"type": "Feature", "properties": {"id": "120203133_13721132", "height": 2.907498598098755, "type": null, "floors": null}, "geometry": {"type": "Polygon", "coordinates": [[[11.0285622, 51.0005345], [11.0286393, 51.0005391], [11.0286232, 51.0006455], [11.0285461, 51.0006409], [11.0285622, 51.0005345]]]}}, {"type": "Feature", "properties": {"id": "120203133_13788421", "height": 2.6242117881774902, "type": null, "floors": null}, "geometry": {"type": "Polygon", "coordinates": [[[11.0266457, 51.0007298], [11.0267083, 51.0007508], [11.0266704, 51.0007955], [11.0266078, 51.0007744], [11.0266457, 51.0007298]]]}}, {"type": "Feature", "properties": {"id": "120203133_13755961", "height": 6.405779838562012, "type": null, "floors": null}, "geometry": {"type": "Polygon", "coordinates": [[[11.0276905, 51.0007358], [11.0276853, 51.000913], [11.0275244, 51.0009111], [11.027525, 51.0008908], [11.0274499, 51.00089], [11.0274512, 51.0008454], [11.027537, 51.0008464], [11.0275403, 51.000734], [11.0276905, 51.0007358]]]}}, {"type": "Feature", "properties": {"id": "120203133_13815065", "height": 3.097304821014404, "type": null, "floors": null}, "geometry": {"type": "Polygon", "coordinates": [[[11.0243308, 51.000589], [11.0242626, 51.0005507], [11.0243259, 51.000506], [11.0245097, 51.0006092], [11.0243911, 51.0006929], [11.0242755, 51.000628], [11.0243308, 51.000589]]]}}, {"type": "Feature", "properties": {"id": "120203133_13702244", "height": 5.080159664154053, "type": null, "floors": null}, "geometry": {"type": "Polygon", "coordinates": [[[11.0254399, 51.0006107], [11.0254182, 51.0007093], [11.025204, 51.0006907], [11.0252256, 51.0005921], [11.0254399, 51.0006107]]]}}, {"type": "Feature", "properties": {"id": "120203133_13688522", "height": 4.485683917999268, "type": null, "floors": null}, "geometry": {"type": "Polygon", "coordinates": [[[11.0249858, 51.0006285], [11.0251492, 51.0006326], [11.0251459, 51.0006848], [11.0249826, 51.0006808], [11.0249858, 51.0006285]]]}}, {"type": "Feature", "properties": {"id": "120203133_13718535", "height": 2.9153401851654053, "type": null, "floors": null}, "geometry": {"type": "Polygon", "coordinates": [[[11.0255348, 51.0006676], [11.0256673, 51.0006729], [11.0256625, 51.00072], [11.02553, 51.0007146], [11.0255348, 51.0006676]]]}}, {"type": "Feature", "properties": {"id": "120203133_13715075", "height": 7.980630874633789, "type": null, "floors": null}, "geometry": {"type": "Polygon", "coordinates": [[[11.0239427, 51.0008269], [11.0241827, 51.0006713], [11.0243181, 51.000754], [11.0240781, 51.0009096], [11.0239427, 51.0008269]]]}}, {"type": "Feature", "properties": {"id": "120203133_13709987", "height": 2.192010402679443, "type": null, "floors": null}, "geometry": {"type": "Polygon", "coordinates": [[[11.0259953, 51.0009264], [11.0260671, 51.0009456], [11.0260391, 51.0009871], [11.0259673, 51.0009679], [11.0259953, 51.0009264]]]}}, {"type": "Feature", "properties": {"id": "120203133_13773012", "height": 2.020942449569702, "type": null, "floors": null}, "geometry": {"type": "Polygon", "coordinates": [[[11.0260152, 51.0009849], [11.0259835, 51.001028], [11.025934, 51.0010136], [11.0259657, 51.0009705], [11.0260152, 51.0009849]]]}}, {"type": "Feature", "properties": {"id": "120203133_13712466", "height": 4.778290748596191, "type": null, "floors": null}, "geometry": {"type": "Polygon", "coordinates": [[[11.0236132, 51.0011043], [11.0236459, 51.0010813], [11.0236265, 51.0010704], [11.0238591, 51.000907], [11.023952, 51.0009593], [11.0236867, 51.0011458], [11.0236132, 51.0011043]]]}}, {"type": "Feature", "properties": {"id": "120203133_13692798", "height": 3.184563875198364, "type": null, "floors": null}, "geometry": {"type": "Polygon", "coordinates": [[[11.0240962, 51.0016377], [11.0241479, 51.0016511], [11.0241332, 51.0016734], [11.0240815, 51.00166], [11.0240962, 51.0016377]]]}}, {"type": "Feature", "properties": {"id": "120203133_13750106", "height": 4.056603908538818, "type": null, "floors": null}, "geometry": {"type": "Polygon", "coordinates": [[[11.0246517, 51.0018311], [11.0246687, 51.0018002], [11.0247238, 51.0018121], [11.0247068, 51.001843], [11.0246517, 51.0018311]]]}}, {"type": "Feature", "properties": {"id": "120203133_13802258", "height": 5.67191219329834, "type": null, "floors": null}, "geometry": {"type": "Polygon", "coordinates": [[[11.0264402, 51.0009509], [11.0264014, 51.0010199], [11.026264, 51.0009894], [11.0262897, 51.0009437], [11.0263341, 51.0009535], [11.0263471, 51.0009302], [11.0264402, 51.0009509]]]}}, {"type": "Feature", "properties": {"id": "120203133_13697951", "height": 6.26452112197876, "type": null, "floors": null}, "geometry": {"type": "Polygon", "coordinates": [[[11.0276441, 51.0009584], [11.0275951, 51.0010395], [11.0274709, 51.0010098], [11.0275199, 51.0009287], [11.0276441, 51.0009584]]]}}, {"type": "Feature", "properties": {"id": "120203133_13742419", "height": 4.131618976593018, "type": null, "floors": null}, "geometry": {"type": "Polygon", "coordinates": [[[11.0274087, 51.0010758], [11.0274249, 51.0010273], [11.0275431, 51.0010429], [11.0275269, 51.0010914], [11.0274087, 51.0010758]]]}}, {"type": "Feature", "properties": {"id": "120203133_13713332", "height": 4.623558521270752, "type": null, "floors": null}, "geometry": {"type": "Polygon", "coordinates": [[[11.0272538, 51.0011414], [11.0272091, 51.0012255], [11.0269172, 51.001164], [11.026935, 51.0011306], [11.0269036, 51.001124], [11.0269306, 51.0010733], [11.0272538, 51.0011414]]]}}, {"type": "Feature", "properties": {"id": "120203133_13724510", "height": 7.505338668823242, "type": null, "floors": null}, "geometry": {"type": "Polygon", "coordinates": [[[11.02813, 51.0012109], [11.0280255, 51.0012418], [11.0279422, 51.0011305], [11.0281345, 51.0010735], [11.0282069, 51.0011702], [11.028119, 51.0011963], [11.02813, 51.0012109]]]}}, {"type": "Feature", "properties": {"id": "120203133_13839258", "height": 3.284810066223144, "type": null, "floors": null}, "geometry": {"type": "Polygon", "coordinates": [[[11.0269093, 51.0011702], [11.0268746, 51.0012084], [11.0268181, 51.001188], [11.0268528, 51.0011499], [11.0269093, 51.0011702]]]}}, {"type": "Feature", "properties": {"id": "120203133_13800505", "height": 3.555040597915649, "type": null, "floors": null}, "geometry": {"type": "Polygon", "coordinates": [[[11.0272575, 51.0013258], [11.0272871, 51.0012773], [11.0273572, 51.0012942], [11.0273276, 51.0013428], [11.0272575, 51.0013258]]]}}, {"type": "Feature", "properties": {"id": "120203133_13754247", "height": 4.262021541595459, "type": null, "floors": null}, "geometry": {"type": "Polygon", "coordinates": [[[11.0270646, 51.0013375], [11.0270373, 51.0013823], [11.0269475, 51.0013606], [11.0269748, 51.0013158], [11.0270646, 51.0013375]]]}}, {"type": "Feature", "properties": {"id": "120203133_13772142", "height": 12.39542007446289, "type": null, "floors": null}, "geometry": {"type": "Polygon", "coordinates": [[[11.0280737, 51.0016405], [11.02793, 51.0014377], [11.0280284, 51.0014101], [11.0279895, 51.0013551], [11.028348, 51.0012545], [11.0284809, 51.0012578], [11.028499, 51.0012527], [11.0286052, 51.0014026], [11.0286286, 51.0014032], [11.0286932, 51.0014943], [11.0286494, 51.0015066], [11.0286841, 51.0015556], [11.0286838, 51.0015606], [11.0287441, 51.0016457], [11.028743, 51.0016643], [11.0286775, 51.0016826], [11.0286754, 51.001717], [11.0285745, 51.0017453], [11.0284692, 51.0015968], [11.0284222, 51.0015956], [11.0283558, 51.0016143], [11.0283281, 51.0016136], [11.0282197, 51.001644], [11.0280737, 51.0016405]]]}}, {"type": "Feature", "properties": {"id": "120203133_13755116", "height": 7.249226570129394, "type": null, "floors": null}, "geometry": {"type": "Polygon", "coordinates": [[[11.0269462, 51.0015871], [11.0268892, 51.0016865], [11.0263553, 51.0015652], [11.0264123, 51.0014658], [11.0269462, 51.0015871]]]}}, {"type": "Feature", "properties": {"id": "120203133_13832332", "height": 10.34418487548828, "type": null, "floors": null}, "geometry": {"type": "Polygon", "coordinates": [[[11.0237648, 51.0016416], [11.0240457, 51.0017045], [11.024052, 51.0016933], [11.0247815, 51.0018567], [11.0247408, 51.0019287], [11.0258882, 51.0021857], [11.0258598, 51.0022359], [11.0262359, 51.0023202], [11.0261745, 51.0024287], [11.0257211, 51.0023272], [11.0257563, 51.002265], [11.0247409, 51.0020375], [11.0247574, 51.0020083], [11.0234971, 51.001726], [11.0237238, 51.0013252], [11.023919, 51.001369], [11.0237648, 51.0016416]]]}}, {"type": "Feature", "properties": {"id": "120203133_13779862", "height": 4.217038631439209, "type": null, "floors": null}, "geometry": {"type": "Polygon", "coordinates": [[[11.0251446, 51.0019384], [11.0251701, 51.0018995], [11.025366, 51.0019503], [11.0253404, 51.0019893], [11.0251446, 51.0019384]]]}}, {"type": "Feature", "properties": {"id": "120203133_13686799", "height": 9.865703582763672, "type": null, "floors": null}, "geometry": {"type": "Polygon", "coordinates": [[[11.0233734, 51.0018699], [11.0239241, 51.0020044], [11.0239437, 51.0019889], [11.0239559, 51.0019691], [11.0240958, 51.0020033], [11.0240731, 51.00204], [11.024628, 51.0021754], [11.0245836, 51.0022474], [11.0245542, 51.0022705], [11.0241056, 51.002161], [11.0240208, 51.0021183], [11.0238774, 51.0020833], [11.0238496, 51.0021052], [11.0235841, 51.0020404], [11.0235024, 51.0019993], [11.0234504, 51.0019866], [11.0233437, 51.0021597], [11.0231722, 51.0021178], [11.0232368, 51.002013], [11.0232648, 51.0020198], [11.023299, 51.0019643], [11.0233303, 51.0019397], [11.0233734, 51.0018699]]]}}, {"type": "Feature", "properties": {"id": "120203133_13710807", "height": 6.966700077056885, "type": null, "floors": null}, "geometry": {"type": "Polygon", "coordinates": [[[11.0260614, 51.002068], [11.0259824, 51.0021844], [11.0258521, 51.0021494], [11.025931, 51.002033], [11.0260614, 51.002068]]]}}, {"type": "Feature", "properties": {"id": "120203133_13803101", "height": 4.737327098846436, "type": null, "floors": null}, "geometry": {"type": "Polygon", "coordinates": [[[11.0258509, 51.0021515], [11.0259438, 51.0021777], [11.0259313, 51.0021953], [11.0258384, 51.0021692], [11.0258509, 51.0021515]]]}}, {"type": "Feature", "properties": {"id": "120203133_13681524", "height": 7.803098678588867, "type": null, "floors": null}, "geometry": {"type": "Polygon", "coordinates": [[[11.0237541, 51.0026685], [11.0238554, 51.0024943], [11.02393, 51.0025115], [11.0239741, 51.0024355], [11.024155, 51.0024772], [11.0240096, 51.0027273], [11.0237541, 51.0026685]]]}}, {"type": "Feature", "properties": {"id": "120203133_13827921", "height": 3.085995197296142, "type": null, "floors": null}, "geometry": {"type": "Polygon", "coordinates": [[[11.0242177, 51.0028636], [11.0242659, 51.002875], [11.0242416, 51.0029157], [11.0241006, 51.0028823], [11.0244624, 51.0022767], [11.0245551, 51.0022986], [11.0242177, 51.0028636]]]}}, {"type": "Feature", "properties": {"id": "120203133_13784944", "height": 13.663305282592772, "type": null, "floors": null}, "geometry": {"type": "Polygon", "coordinates": [[[11.0251198, 51.0023602], [11.0247602, 51.0029224], [11.0245478, 51.0028686], [11.0246273, 51.0027444], [11.0246422, 51.0027482], [11.0246859, 51.0026799], [11.0247356, 51.0026925], [11.0248476, 51.0025174], [11.024806, 51.0025069], [11.024845, 51.0024459], [11.024852, 51.0024477], [11.0249375, 51.002314], [11.0251198, 51.0023602]]]}}, {"type": "Feature", "properties": {"id": "120203133_13782417", "height": 4.25771427154541, "type": null, "floors": null}, "geometry": {"type": "Polygon", "coordinates": [[[11.0236211, 51.0026913], [11.0238469, 51.0027331], [11.0238216, 51.0027874], [11.0235957, 51.0027457], [11.0236211, 51.0026913]]]}}, {"type": "Feature", "properties": {"id": "120203133_13684184", "height": 12.8991060256958, "type": null, "floors": null}, "geometry": {"type": "Polygon", "coordinates": [[[11.0257486, 51.0025331], [11.0253948, 51.0030997], [11.0251903, 51.0030491], [11.0255441, 51.0024826], [11.0257486, 51.0025331]]]}}, {"type": "Feature", "properties": {"id": "120203133_13686807", "height": 10.400691986083984, "type": null, "floors": null}, "geometry": {"type": "Polygon", "coordinates": [[[11.0285332, 51.0017177], [11.0283185, 51.0017852], [11.0282488, 51.0016974], [11.0283969, 51.0016509], [11.0283851, 51.001636], [11.0284516, 51.0016151], [11.0285332, 51.0017177]]]}}, {"type": "Feature", "properties": {"id": "120203133_13815914", "height": 20.182849884033203, "type": null, "floors": null}, "geometry": {"type": "Polygon", "coordinates": [[[11.0271635, 51.0019592], [11.027256, 51.0019341], [11.0272412, 51.0019331], [11.0275868, 51.0018394], [11.0276262, 51.0018422], [11.0276184, 51.0018856], [11.0276263, 51.0018861], [11.0277875, 51.0018424], [11.0278864, 51.0019868], [11.0278479, 51.0019972], [11.0278426, 51.0020266], [11.0278767, 51.0020763], [11.0278733, 51.0020949], [11.0279412, 51.0021941], [11.0275769, 51.0022928], [11.0274303, 51.0022824], [11.0273404, 51.002151], [11.0273893, 51.0021377], [11.0274239, 51.0021401], [11.0275127, 51.0021161], [11.0272586, 51.002098], [11.0271635, 51.0019592]]]}}, {"type": "Feature", "properties": {"id": "120203133_13739853", "height": 10.997148513793944, "type": null, "floors": null}, "geometry": {"type": "Polygon", "coordinates": [[[11.0264408, 51.0022493], [11.0265582, 51.002037], [11.0265377, 51.0020325], [11.0265734, 51.0019677], [11.0267936, 51.0020159], [11.0266405, 51.002293], [11.0264408, 51.0022493]]]}}, {"type": "Feature", "properties": {"id": "120203133_13732180", "height": 3.459505558013916, "type": null, "floors": null}, "geometry": {"type": "Polygon", "coordinates": [[[11.0260647, 51.0021734], [11.0261499, 51.0021971], [11.0261131, 51.0022493], [11.0260279, 51.0022256], [11.0260647, 51.0021734]]]}}, {"type": "Feature", "properties": {"id": "120203133_13788424", "height": 20.17615127563477, "type": null, "floors": null}, "geometry": {"type": "Polygon", "coordinates": [[[11.0277018, 51.0022584], [11.0278494, 51.002223], [11.0278613, 51.0022427], [11.0277138, 51.0022781], [11.0277018, 51.0022584]]]}}, {"type": "Feature", "properties": {"id": "120203133_13682971", "height": 17.230043411254883, "type": null, "floors": null}, "geometry": {"type": "Polygon", "coordinates": [[[11.0271751, 51.002727], [11.026984, 51.002291], [11.0269707, 51.0022933], [11.0269805, 51.002262], [11.0272849, 51.0022091], [11.0273521, 51.0023625], [11.0274769, 51.002378], [11.027514, 51.0024628], [11.0275445, 51.0023659], [11.0279347, 51.0022982], [11.0279722, 51.0021791], [11.0284468, 51.0022382], [11.0285515, 51.0024771], [11.0285603, 51.0024756], [11.0286165, 51.0026037], [11.0288349, 51.0026309], [11.0288839, 51.0027426], [11.0288563, 51.0028303], [11.0284235, 51.0029054], [11.0283234, 51.0028929], [11.0282269, 51.0026728], [11.0284975, 51.0026259], [11.0284376, 51.0024892], [11.0283872, 51.002483], [11.0280925, 51.0025341], [11.0281261, 51.0026108], [11.0279615, 51.0025903], [11.0279777, 51.0026273], [11.0278654, 51.0026468], [11.0278258, 51.0026419], [11.0272685, 51.0027386], [11.0271751, 51.002727]]]}}, {"type": "Feature", "properties": {"id": "120203133_13797945", "height": 3.199373006820678, "type": null, "floors": null}, "geometry": {"type": "Polygon", "coordinates": [[[11.0270022, 51.0026227], [11.026896, 51.0026507], [11.0268191, 51.002535], [11.0269253, 51.002507], [11.0270022, 51.0026227]]]}}, {"type": "Feature", "properties": {"id": "120203133_13683242", "height": 11.407918930053713, "type": null, "floors": null}, "geometry": {"type": "Polygon", "coordinates": [[[11.025854, 51.0032375], [11.0261595, 51.0026619], [11.0263694, 51.0027061], [11.026064, 51.0032816], [11.025854, 51.0032375]]]}}, {"type": "Feature", "properties": {"id": "120203133_13726217", "height": 10.744415283203123, "type": null, "floors": null}, "geometry": {"type": "Polygon", "coordinates": [[[11.0277509, 51.0030114], [11.0276164, 51.0032459], [11.0272201, 51.0031558], [11.027364, 51.002905], [11.02744, 51.0029222], [11.0274588, 51.0028894], [11.027651, 51.002933], [11.0276228, 51.0029823], [11.0277509, 51.0030114]]]}}, {"type": "Feature", "properties": {"id": "120203133_13767090", "height": 1.757097840309143, "type": null, "floors": null}, "geometry": {"type": "Polygon", "coordinates": [[[11.0300421, 51.0018462], [11.0300546, 51.0019111], [11.0299674, 51.0019178], [11.0299549, 51.0018529], [11.0300421, 51.0018462]]]}}, {"type": "Feature", "properties": {"id": "120203133_13827932", "height": 10.523663520812988, "type": null, "floors": null}, "geometry": {"type": "Polygon", "coordinates": [[[11.0290183, 51.0022419], [11.0288111, 51.002298], [11.0286553, 51.0020701], [11.0288625, 51.002014], [11.0290183, 51.0022419]]]}}, {"type": "Feature", "properties": {"id": "120203133_13674480", "height": 11.25464153289795, "type": null, "floors": null}, "geometry": {"type": "Polygon", "coordinates": [[[11.0286971, 51.0021862], [11.0287319, 51.0021756], [11.0287624, 51.0022152], [11.0287277, 51.0022258], [11.0286971, 51.0021862]]]}}, {"type": "Feature", "properties": {"id": "120203133_13709992", "height": 1.0, "type": null, "floors": null}, "geometry": {"type": "Polygon", "coordinates": [[[11.0290856, 51.0024234], [11.029092, 51.0023843], [11.0291622, 51.0023889], [11.0291558, 51.002428], [11.0290856, 51.0024234]]]}}, {"type": "Feature", "properties": {"id": "120203133_13819388", "height": 6.438094139099121, "type": null, "floors": null}, "geometry": {"type": "Polygon", "coordinates": [[[11.0298675, 51.0029333], [11.0296401, 51.0030908], [11.0295872, 51.0030605], [11.029431, 51.0031686], [11.0293179, 51.0031039], [11.0294287, 51.0030272], [11.0294317, 51.0030289], [11.0295759, 51.0029291], [11.0295318, 51.0029039], [11.0296605, 51.0028149], [11.0298675, 51.0029333]]]}}, {"type": "Feature", "properties": {"id": "120203133_13762744", "height": 12.240254402160645, "type": null, "floors": null}, "geometry": {"type": "Polygon", "coordinates": [[[11.030481, 51.0028998], [11.0306027, 51.0029822], [11.0305086, 51.0030372], [11.030534, 51.0030967], [11.0304846, 51.0031256], [11.0305542, 51.0031727], [11.0305673, 51.0032033], [11.0305993, 51.003225], [11.0306078, 51.0032449], [11.0305481, 51.0032798], [11.0304475, 51.0032968], [11.030424, 51.0032416], [11.0303505, 51.0031918], [11.0303431, 51.0031746], [11.0303966, 51.0031433], [11.030308, 51.0031582], [11.0302785, 51.0030889], [11.0303086, 51.0030839], [11.0302802, 51.0030173], [11.030481, 51.0028998]]]}}, {"type": "Feature", "properties": {"id": "120203133_13773004", "height": 4.907329082489014, "type": null, "floors": null}, "geometry": {"type": "Polygon", "coordinates": [[[11.0217742, 51.0018526], [11.0217959, 51.0017412], [11.0218619, 51.0017463], [11.0218402, 51.0018577], [11.0217742, 51.0018526]]]}}, {"type": "Feature", "properties": {"id": "120203133_13694470", "height": 13.154755592346191, "type": null, "floors": null}, "geometry": {"type": "Polygon", "coordinates": [[[11.0215324, 51.0018197], [11.0213599, 51.0022152], [11.0211529, 51.0021795], [11.0212155, 51.002036], [11.0212379, 51.0020399], [11.0213478, 51.0017878], [11.0215324, 51.0018197]]]}}, {"type": "Feature", "properties": {"id": "120203133_13721128", "height": 5.771875858306885, "type": null, "floors": null}, "geometry": {"type": "Polygon", "coordinates": [[[11.0233802, 51.0022747], [11.0234434, 51.0021508], [11.0235407, 51.0021704], [11.0234774, 51.0022944], [11.0233802, 51.0022747]]]}}, {"type": "Feature", "properties": {"id": "120203133_13715989", "height": 13.33238410949707, "type": null, "floors": null}, "geometry": {"type": "Polygon", "coordinates": [[[11.0216702, 51.0024684], [11.0218208, 51.0019935], [11.0220235, 51.002019], [11.0218728, 51.0024939], [11.0216702, 51.0024684]]]}}, {"type": "Feature", "properties": {"id": "120203133_13675997", "height": 7.009844779968262, "type": null, "floors": null}, "geometry": {"type": "Polygon", "coordinates": [[[11.0231091, 51.0022175], [11.0232529, 51.0022592], [11.0231428, 51.0024096], [11.022999, 51.0023679], [11.0231091, 51.0022175]]]}}, {"type": "Feature", "properties": {"id": "120203133_13744150", "height": 4.86712646484375, "type": null, "floors": null}, "geometry": {"type": "Polygon", "coordinates": [[[11.0236785, 51.0023503], [11.0236446, 51.0024131], [11.0232791, 51.002335], [11.0233129, 51.0022722], [11.0236785, 51.0023503]]]}}, {"type": "Feature", "properties": {"id": "120203133_13830581", "height": 11.263744354248049, "type": null, "floors": null}, "geometry": {"type": "Polygon", "coordinates": [[[11.0213236, 51.002336], [11.0213009, 51.0024369], [11.0204884, 51.0023643], [11.0205112, 51.0022634], [11.0213236, 51.002336]]]}}, {"type": "Feature", "properties": {"id": "120203133_13724503", "height": 4.902384281158447, "type": null, "floors": null}, "geometry": {"type": "Polygon", "coordinates": [[[11.0227174, 51.0025008], [11.0228238, 51.0023662], [11.0229432, 51.0024036], [11.0228368, 51.0025382], [11.0227174, 51.0025008]]]}}, {"type": "Feature", "properties": {"id": "120203133_13718531", "height": 5.312305927276611, "type": null, "floors": null}, "geometry": {"type": "Polygon", "coordinates": [[[11.0228726, 51.0024942], [11.0230399, 51.0025416], [11.0230087, 51.0025851], [11.0228415, 51.0025377], [11.0228726, 51.0024942]]]}}, {"type": "Feature", "properties": {"id": "120203133_13690200", "height": 4.925220012664795, "type": null, "floors": null}, "geometry": {"type": "Polygon", "coordinates": [[[11.023407, 51.0025891], [11.0233895, 51.0026168], [11.0236096, 51.0026719], [11.0235709, 51.0027331], [11.0231725, 51.0026335], [11.0232286, 51.0025445], [11.023407, 51.0025891]]]}}, {"type": "Feature", "properties": {"id": "120203133_13691055", "height": 11.643681526184082, "type": null, "floors": null}, "geometry": {"type": "Polygon", "coordinates": [[[11.0196225, 51.0021832], [11.019643, 51.0020836], [11.0204409, 51.0021484], [11.0204204, 51.0022481], [11.0196225, 51.0021832]]]}}, {"type": "Feature", "properties": {"id": "120203133_13739842", "height": 10.204667091369627, "type": null, "floors": null}, "geometry": {"type": "Polygon", "coordinates": [[[11.0197622, 51.0028393], [11.0198943, 51.0025374], [11.0200563, 51.0025655], [11.0200385, 51.0026063], [11.0201657, 51.0026283], [11.0201883, 51.0025766], [11.0202855, 51.0025934], [11.0202498, 51.002675], [11.0201501, 51.0026577], [11.0201261, 51.0027126], [11.0200513, 51.0026997], [11.0200012, 51.0028142], [11.0202742, 51.0028615], [11.0203227, 51.0027507], [11.0202529, 51.0027386], [11.0202896, 51.0026549], [11.0205426, 51.0026987], [11.020556, 51.0026679], [11.0209986, 51.0027446], [11.0209275, 51.0029072], [11.0205348, 51.0028391], [11.0205897, 51.0027136], [11.0205336, 51.0027039], [11.0204242, 51.002954], [11.0197622, 51.0028393]]]}}, {"type": "Feature", "properties": {"id": "120203133_13832330", "height": 4.265826225280762, "type": null, "floors": null}, "geometry": {"type": "Polygon", "coordinates": [[[11.0228812, 51.0028145], [11.0229065, 51.0027714], [11.0228794, 51.0027651], [11.0228881, 51.0027502], [11.0236286, 51.002923], [11.0235945, 51.0029808], [11.0228812, 51.0028145]]]}}, {"type": "Feature", "properties": {"id": "120203133_13739850", "height": 2.805727481842041, "type": null, "floors": null}, "geometry": {"type": "Polygon", "coordinates": [[[11.0239341, 51.0027651], [11.0240422, 51.0027883], [11.024016, 51.0028367], [11.0239079, 51.0028134], [11.0239341, 51.0027651]]]}}, {"type": "Feature", "properties": {"id": "120203133_13697080", "height": 3.265332460403442, "type": null, "floors": null}, "geometry": {"type": "Polygon", "coordinates": [[[11.023645, 51.0030316], [11.0236706, 51.0029867], [11.0236516, 51.0029824], [11.023658, 51.0029712], [11.0243947, 51.0031375], [11.0243627, 51.0031936], [11.023645, 51.0030316]]]}}, {"type": "Feature", "properties": {"id": "120203133_13822842", "height": 2.7912087440490723, "type": null, "floors": null}, "geometry": {"type": "Polygon", "coordinates": [[[11.0444065, 51.0029402], [11.0443845, 51.0029994], [11.0442459, 51.002979], [11.0442679, 51.0029198], [11.0444065, 51.0029402]]]}}, {"type": "Feature", "properties": {"id": "120203133_13681592", "height": 2.076691627502441, "type": null, "floors": null}, "geometry": {"type": "Polygon", "coordinates": [[[11.0447248, 51.003011], [11.0447275, 51.0029486], [11.0447757, 51.0029494], [11.0447731, 51.0030118], [11.0447248, 51.003011]]]}}, {"type": "Feature", "properties": {"id": "120203133_13774801", "height": 4.331623077392578, "type": null, "floors": null}, "geometry": {"type": "Polygon", "coordinates": [[[11.0447645, 51.002992], [11.0448683, 51.0029978], [11.0448636, 51.0030313], [11.04503, 51.0030406], [11.0450194, 51.0031152], [11.0447493, 51.0031001], [11.0447645, 51.002992]]]}}, {"type": "Feature", "properties": {"id": "120203133_13780764", "height": 3.424797534942627, "type": null, "floors": null}, "geometry": {"type": "Polygon", "coordinates": [[[11.0449298, 51.0031391], [11.0449152, 51.0032071], [11.0447664, 51.0031944], [11.044771, 51.0031728], [11.0446881, 51.0031657], [11.0446816, 51.0031956], [11.0445947, 51.0031882], [11.0446051, 51.0031401], [11.0445142, 51.0031324], [11.0445231, 51.0030909], [11.0443545, 51.0030765], [11.0443647, 51.0030292], [11.0444833, 51.0030393], [11.0444902, 51.0030071], [11.0444626, 51.0030047], [11.0444722, 51.00296], [11.0445209, 51.0029641], [11.0445275, 51.0029334], [11.044654, 51.0029442], [11.0446318, 51.0030469], [11.0445265, 51.0030379], [11.0445191, 51.003072], [11.0446008, 51.003079], [11.0446058, 51.0030558], [11.0447006, 51.0030639], [11.0446888, 51.0031185], [11.0449298, 51.0031391]]]}}, {"type": "Feature", "properties": {"id": "120203133_13713369", "height": 3.245402097702026, "type": null, "floors": null}, "geometry": {"type": "Polygon", "coordinates": [[[11.0426374, 51.0039498], [11.0423377, 51.0039592], [11.04233, 51.0038616], [11.0423996, 51.0038594], [11.0423246, 51.0029098], [11.0425092, 51.002904], [11.0425226, 51.0030741], [11.0425253, 51.003074], [11.0425658, 51.0035875], [11.0426087, 51.0035862], [11.0426374, 51.0039498]]]}}, {"type": "Feature", "properties": {"id": "120203133_13685945", "height": 7.68170166015625, "type": null, "floors": null}, "geometry": {"type": "Polygon", "coordinates": [[[11.0351771, 51.0025263], [11.0350578, 51.0026571], [11.034752, 51.0025467], [11.0347706, 51.0025264], [11.0335954, 51.0021019], [11.0336961, 51.0019915], [11.0351771, 51.0025263]]]}}, {"type": "Feature", "properties": {"id": "120203133_13761919", "height": 4.057628631591797, "type": null, "floors": null}, "geometry": {"type": "Polygon", "coordinates": [[[11.0354581, 51.0026699], [11.0353317, 51.0026384], [11.0357017, 51.0020505], [11.0358282, 51.002082], [11.0354581, 51.0026699]]]}}, {"type": "Feature", "properties": {"id": "120203133_13803953", "height": 10.08347225189209, "type": null, "floors": null}, "geometry": {"type": "Polygon", "coordinates": [[[11.0330689, 51.0030106], [11.0330985, 51.0029767], [11.0331844, 51.0029214], [11.0332086, 51.0028937], [11.0333497, 51.0028028], [11.0333964, 51.0027494], [11.0339425, 51.0023976], [11.0339342, 51.0024072], [11.0340743, 51.0024557], [11.0341685, 51.0025136], [11.0347471, 51.0027139], [11.0347028, 51.0027645], [11.0347168, 51.0027731], [11.034637, 51.0028245], [11.0346318, 51.0028305], [11.0338219, 51.0033521], [11.0337873, 51.0033916], [11.0337485, 51.0034166], [11.0336724, 51.0033698], [11.0335845, 51.0033394], [11.0331459, 51.0030697], [11.0331597, 51.003054], [11.0331135, 51.003038], [11.0330689, 51.0030106]]]}}]}